{
"type": "FeatureCollection",
"name": "Batas",
"crs": { "type": "name", "properties": { "name": "urn:ogc:def:crs:OGC:1.3:CRS84" } },
"features": [
{ "type": "Feature", "properties": { "NAMOBJ": "Batas Luar Aceh Tamiang", "WADMKK": "Aceh Tamiang", "WADMPR": "Aceh", "STSDRH": "Perda", "STSDAT": "Perda", "NOTHPR": "Perda No. 14 Tahun 2013" }, "geometry": { "type": "MultiPolygon", "coordinates": [ [ [ [ 98.085662, 4.522887 ], [ 98.085930000000104, 4.522887 ], [ 98.086056986000102, 4.52288985400005 ], [ 98.086197, 4.522893 ], [ 98.086465, 4.522907 ], [ 98.086732, 4.522927 ], [ 98.08695078100007, 4.522950030000044 ], [ 98.0869986310001, 4.522954980000089 ], [ 98.087072287000083, 4.522975389000067 ], [ 98.087259092000082, 4.523026511000106 ], [ 98.088015, 4.522969 ], [ 98.088989430000083, 4.522841096000039 ], [ 98.089173000000102, 4.522817 ], [ 98.089620959000072, 4.522777004000043 ], [ 98.090013, 4.522742 ], [ 98.090115091000101, 4.522719844000077 ], [ 98.090483, 4.52264 ], [ 98.090613, 4.522562 ], [ 98.09064329000006, 4.522539971000087 ], [ 98.0908, 4.522426 ], [ 98.090871, 4.522318 ], [ 98.090964, 4.522232 ], [ 98.091058, 4.522167 ], [ 98.091179, 4.522081 ], [ 98.091358, 4.522039 ], [ 98.091551, 4.522024 ], [ 98.091709, 4.522053 ], [ 98.091866, 4.522125 ], [ 98.092009729000068, 4.522208455000051 ], [ 98.092052, 4.522233 ], [ 98.092216, 4.522334 ], [ 98.092290938000076, 4.522377948000039 ], [ 98.092349, 4.522412 ], [ 98.092388, 4.522435 ], [ 98.092567, 4.522593 ], [ 98.092702, 4.522715 ], [ 98.092945, 4.522902 ], [ 98.093124233000097, 4.523003501000072 ], [ 98.093224, 4.52306 ], [ 98.093446, 4.523197 ], [ 98.0937610000001, 4.523255 ], [ 98.09404, 4.52327 ], [ 98.094149, 4.523271 ], [ 98.094705, 4.523278 ], [ 98.094940770000051, 4.523264936000025 ], [ 98.095084, 4.523257 ], [ 98.095166205000069, 4.523247502000062 ], [ 98.095335, 4.523228 ], [ 98.095492032000053, 4.523206759000039 ], [ 98.095542, 4.5232 ], [ 98.095588793000061, 4.523194853000053 ], [ 98.095742000000115, 4.523178 ], [ 98.096558, 4.523086 ], [ 98.097553, 4.522965 ], [ 98.098376, 4.522938 ], [ 98.098447421000074, 4.522934928000052 ], [ 98.099027, 4.52291 ], [ 98.0992770000001, 4.522953 ], [ 98.09952, 4.523011 ], [ 98.099878, 4.523054 ], [ 98.100130702000072, 4.523144973000051 ], [ 98.100178, 4.523162 ], [ 98.100407000000104, 4.523191 ], [ 98.100686, 4.523206 ], [ 98.100928673000041, 4.523198081000043 ], [ 98.101115, 4.523192 ], [ 98.101244906000048, 4.523182932000075 ], [ 98.101817, 4.523143 ], [ 98.101995976000083, 4.523154376000057 ], [ 98.102053, 4.523158 ], [ 98.10221, 4.5231 ], [ 98.102353, 4.523029 ], [ 98.102454, 4.523 ], [ 98.102604, 4.522979 ], [ 98.102647, 4.523022 ], [ 98.102704, 4.523079 ], [ 98.102788550000085, 4.52310635400006 ], [ 98.10284, 4.523123 ], [ 98.103147, 4.523188 ], [ 98.103237808000074, 4.523192797000072 ], [ 98.103412, 4.523202 ], [ 98.103634, 4.523195 ], [ 98.1038700000001, 4.523145 ], [ 98.103984, 4.523138 ], [ 98.104228, 4.523017 ], [ 98.104328, 4.522952 ], [ 98.104405395000086, 4.522886556000079 ], [ 98.104464, 4.522837 ], [ 98.104616598000078, 4.52280481500006 ], [ 98.104836, 4.522809 ], [ 98.104953303000059, 4.522911776000052 ], [ 98.105029586000072, 4.522978564000034 ], [ 98.105058, 4.523003 ], [ 98.10520780700007, 4.523103870000054 ], [ 98.105241982000052, 4.523108927000075 ], [ 98.105408, 4.523133 ], [ 98.105609661000074, 4.523077504000089 ], [ 98.105666, 4.523062 ], [ 98.105788, 4.522925 ], [ 98.105902, 4.522868 ], [ 98.10595055400006, 4.522834646000054 ], [ 98.106017, 4.522789 ], [ 98.106296, 4.522639 ], [ 98.106296824000097, 4.522638982000061 ], [ 98.106360749000032, 4.522637561000063 ], [ 98.106611, 4.522632 ], [ 98.106811, 4.522603 ], [ 98.10699, 4.52251 ], [ 98.107262, 4.522389 ], [ 98.107581438000096, 4.52232390100005 ], [ 98.107684, 4.522303 ], [ 98.107732017000046, 4.522274608000053 ], [ 98.107914, 4.522167 ], [ 98.108164, 4.522081000000112 ], [ 98.108231777000071, 4.522061461000043 ], [ 98.108386, 4.522017 ], [ 98.108424514000063, 4.522004891000051 ], [ 98.108615, 4.521945 ], [ 98.108822, 4.521902 ], [ 98.109252, 4.521817 ], [ 98.109452, 4.521824 ], [ 98.109731, 4.52176 ], [ 98.109953, 4.521667 ], [ 98.110096, 4.521602 ], [ 98.110182, 4.521617 ], [ 98.110289, 4.521617 ], [ 98.110375, 4.521646 ], [ 98.110511000000102, 4.521646 ], [ 98.11059, 4.521646 ], [ 98.110633, 4.521624 ], [ 98.110654, 4.521538 ], [ 98.110662, 4.521402 ], [ 98.110662, 4.521251 ], [ 98.110569, 4.521194 ], [ 98.11044, 4.521158 ], [ 98.110283, 4.521107 ], [ 98.110202157000074, 4.521066578000039 ], [ 98.110197, 4.521064 ], [ 98.110219, 4.521042 ], [ 98.110319, 4.521014 ], [ 98.110584, 4.520957000000107 ], [ 98.110741, 4.520842000000106 ], [ 98.110806, 4.520734 ], [ 98.110942, 4.520411 ], [ 98.110992, 4.520304 ], [ 98.1111, 4.520232 ], [ 98.111193, 4.520254 ], [ 98.1113280000001, 4.520398 ], [ 98.111407, 4.520513 ], [ 98.111485, 4.520656 ], [ 98.1116, 4.520778 ], [ 98.111857, 4.520987 ], [ 98.112372, 4.52121 ], [ 98.112808, 4.521534 ], [ 98.112915, 4.521785 ], [ 98.112978, 4.521952 ], [ 98.113008, 4.522029 ], [ 98.113058, 4.522245 ], [ 98.113129, 4.522439 ], [ 98.113148573000061, 4.522467368000044 ], [ 98.113300937000076, 4.522698860000046 ], [ 98.113305, 4.522705 ], [ 98.113350055000083, 4.522773 ], [ 98.113413, 4.522868 ], [ 98.113443, 4.522913 ], [ 98.113605, 4.523046 ], [ 98.113672, 4.5231 ], [ 98.113768147000101, 4.523120603000047 ], [ 98.114008, 4.523172 ], [ 98.114102635000052, 4.523172379000067 ], [ 98.114258, 4.523173 ], [ 98.114473, 4.523273 ], [ 98.114745, 4.52331 ], [ 98.114873, 4.523303 ], [ 98.114911553000084, 4.523272845000086 ], [ 98.114974, 4.523224 ], [ 98.114987419000059, 4.523222620000088 ], [ 98.115188, 4.523202 ], [ 98.11536, 4.523181 ], [ 98.115689, 4.523138 ], [ 98.115882, 4.523211 ], [ 98.11594, 4.523268 ], [ 98.116019661000067, 4.523281866000052 ], [ 98.116233, 4.523319000000103 ], [ 98.116891, 4.523434 ], [ 98.117535, 4.523457 ], [ 98.118179, 4.52345 ], [ 98.11872884900005, 4.523404179000072 ], [ 98.118851, 4.523394 ], [ 98.11898494000009, 4.523376514000039 ], [ 98.119617, 4.523294 ], [ 98.120447, 4.523094 ], [ 98.120636581000042, 4.523028619000066 ], [ 98.121256, 4.522815 ], [ 98.121893, 4.522543 ], [ 98.122222, 4.522421 ], [ 98.122365, 4.522357 ], [ 98.122587, 4.522328 ], [ 98.122652, 4.522407 ], [ 98.122690185000081, 4.522449228000045 ], [ 98.122737, 4.522501 ], [ 98.122766092000077, 4.522565043000034 ], [ 98.122796, 4.522579 ], [ 98.12283, 4.522594 ], [ 98.122927, 4.522587 ], [ 98.123059, 4.522501 ], [ 98.123174, 4.522394 ], [ 98.123331, 4.522279 ], [ 98.12341, 4.522214000000117 ], [ 98.123489, 4.522229 ], [ 98.123489416000055, 4.522229551000088 ], [ 98.123532109000067, 4.522285982000025 ], [ 98.123617262000053, 4.522272120000033 ], [ 98.123640955000056, 4.52226397400009 ], [ 98.123761, 4.522222 ], [ 98.123854, 4.522129 ], [ 98.124019, 4.522021 ], [ 98.1241330000001, 4.52195 ], [ 98.124269, 4.521835 ], [ 98.124434, 4.521742 ], [ 98.124505, 4.521713 ], [ 98.124563, 4.521634 ], [ 98.124606, 4.521541 ], [ 98.124742, 4.521426 ], [ 98.124914, 4.521347 ], [ 98.12515, 4.521262 ], [ 98.1253, 4.521147 ], [ 98.125365, 4.521082 ], [ 98.125444, 4.520917 ], [ 98.125451, 4.520716 ], [ 98.125465, 4.520587 ], [ 98.125473, 4.520429 ], [ 98.125487, 4.520321 ], [ 98.125493726000073, 4.520252775000079 ], [ 98.125494, 4.52025 ], [ 98.125552, 4.520171 ], [ 98.125609, 4.520149 ], [ 98.125709, 4.520142 ], [ 98.125755304000066, 4.520112694000058 ], [ 98.125788, 4.520092 ], [ 98.125795, 4.52002 ], [ 98.125795, 4.519898 ], [ 98.125799606000058, 4.519797276000071 ], [ 98.125819779000054, 4.519677348000056 ], [ 98.125824, 4.519647 ], [ 98.12581, 4.519546 ], [ 98.12586, 4.519424 ], [ 98.125946, 4.519424 ], [ 98.125947056000086, 4.519425871000087 ], [ 98.125947226000051, 4.519425875000017 ], [ 98.126005994000096, 4.519525264000078 ], [ 98.125975005000043, 4.519661138000066 ], [ 98.125976530000074, 4.519701297000074 ], [ 98.125981, 4.519819 ], [ 98.125996, 4.519963 ], [ 98.12606, 4.520085 ], [ 98.126131, 4.520222 ], [ 98.126424, 4.520416 ], [ 98.126583, 4.5205 ], [ 98.126739, 4.520581 ], [ 98.126855, 4.520582 ], [ 98.127025, 4.520582 ], [ 98.127333, 4.520496 ], [ 98.127926562000084, 4.520295740000062 ], [ 98.127991, 4.520274 ], [ 98.128057953000067, 4.520248191000086 ], [ 98.128528, 4.520067 ], [ 98.129874, 4.519501 ], [ 98.131284, 4.518835 ], [ 98.131857, 4.518577 ], [ 98.132694, 4.518155 ], [ 98.132795, 4.518119 ], [ 98.132837205000058, 4.518042903000076 ], [ 98.132861, 4.518 ], [ 98.132869749000065, 4.517970952000047 ], [ 98.132886, 4.5179170000001 ], [ 98.132902, 4.51786 ], [ 98.132967, 4.517738000000105 ], [ 98.133024, 4.517688 ], [ 98.133167, 4.517645 ], [ 98.133282, 4.517624000000108 ], [ 98.13336, 4.517624 ], [ 98.133403, 4.517624 ], [ 98.133468, 4.517624 ], [ 98.133561, 4.51756 ], [ 98.133625, 4.517452 ], [ 98.133654, 4.517402 ], [ 98.13369, 4.517337 ], [ 98.13379, 4.517129 ], [ 98.133805, 4.517072 ], [ 98.133812, 4.516957 ], [ 98.13377037700009, 4.516866010000071 ], [ 98.1337690000001, 4.516863 ], [ 98.133705, 4.516605 ], [ 98.133688765000059, 4.516561580000051 ], [ 98.133662, 4.51649 ], [ 98.13364146400005, 4.516410791000054 ], [ 98.133628758000057, 4.516368984000048 ], [ 98.133594426000073, 4.516301147000056 ], [ 98.133519, 4.516238 ], [ 98.133534, 4.516124 ], [ 98.133648, 4.51603 ], [ 98.133713, 4.516009 ], [ 98.133724541000063, 4.516008374000018 ], [ 98.133842, 4.516002 ], [ 98.134099, 4.516031 ], [ 98.134235, 4.516031 ], [ 98.134246207000061, 4.516031782000023 ], [ 98.134359228000051, 4.516039347000073 ], [ 98.134416975000093, 4.516043696000068 ], [ 98.13445, 4.516046 ], [ 98.134571, 4.516046 ], [ 98.134625430000085, 4.516038455000032 ], [ 98.134672000000108, 4.516032 ], [ 98.134786, 4.51601 ], [ 98.134958, 4.515953 ], [ 98.135115, 4.515953 ], [ 98.13523, 4.515968 ], [ 98.135288709000065, 4.516003916000087 ], [ 98.135315, 4.51602 ], [ 98.135559, 4.516169 ], [ 98.135623037000087, 4.516227013000067 ], [ 98.13578, 4.516284 ], [ 98.135852, 4.516327 ], [ 98.135949, 4.516328 ], [ 98.136088, 4.516328 ], [ 98.136231, 4.516313 ], [ 98.136682, 4.516178 ], [ 98.137054, 4.516042 ], [ 98.137262, 4.515905 ], [ 98.137534, 4.515769 ], [ 98.138078, 4.515504 ], [ 98.138343, 4.515361 ], [ 98.1384070000001, 4.515332 ], [ 98.139763175000056, 4.514690770000072 ], [ 98.140118000000101, 4.514523 ], [ 98.141285, 4.513914 ], [ 98.14228, 4.513262 ], [ 98.142700260000098, 4.512926813000051 ], [ 98.142774, 4.512868 ], [ 98.142827030000049, 4.512808804000032 ], [ 98.142903, 4.512724 ], [ 98.142911, 4.512538 ], [ 98.142911, 4.512423 ], [ 98.14295007200009, 4.512304874000089 ], [ 98.142954, 4.512293 ], [ 98.143061, 4.512179 ], [ 98.143161, 4.512071 ], [ 98.143297, 4.512021 ], [ 98.143398, 4.511985 ], [ 98.143434, 4.511935 ], [ 98.143562, 4.511878 ], [ 98.143623432000084, 4.511868092000022 ], [ 98.143655, 4.511863 ], [ 98.143813, 4.511842 ], [ 98.143927, 4.511821 ], [ 98.143992, 4.511778 ], [ 98.144013000000101, 4.511692 ], [ 98.143985, 4.511634 ], [ 98.14397, 4.511598 ], [ 98.143942, 4.511404 ], [ 98.143892, 4.511347 ], [ 98.143721, 4.511239 ], [ 98.143463, 4.511102 ], [ 98.143299, 4.510951 ], [ 98.143291075000064, 4.510857596000051 ], [ 98.143285, 4.510786 ], [ 98.143242, 4.510671 ], [ 98.143185, 4.510542 ], [ 98.143163000000101, 4.510362 ], [ 98.1432, 4.510154 ], [ 98.143343, 4.509982 ], [ 98.143586, 4.509738 ], [ 98.143909, 4.509494000000114 ], [ 98.144152, 4.509308 ], [ 98.144474, 4.509186 ], [ 98.14456, 4.509143 ], [ 98.144639, 4.509064 ], [ 98.14464773400006, 4.509063389000068 ], [ 98.14473906700006, 4.509055748000049 ], [ 98.144779990000075, 4.509090730000034 ], [ 98.144792445000078, 4.509120768000057 ], [ 98.144832, 4.509187 ], [ 98.144889955000053, 4.509229526000087 ], [ 98.145004, 4.509173 ], [ 98.145061, 4.509051 ], [ 98.145104, 4.508986 ], [ 98.145118, 4.508907 ], [ 98.145176, 4.508835 ], [ 98.145254, 4.508807 ], [ 98.145289573000071, 4.508804105000039 ], [ 98.14534, 4.5088 ], [ 98.145390651000085, 4.508797682000035 ], [ 98.145445555000052, 4.508906294000042 ], [ 98.145476, 4.508994 ], [ 98.145527367000057, 4.509065260000057 ], [ 98.145605, 4.50908 ], [ 98.145669, 4.509051 ], [ 98.145726, 4.508965 ], [ 98.145798, 4.508879 ], [ 98.145806137000108, 4.508878338000057 ], [ 98.145884, 4.508872 ], [ 98.14592, 4.508980000000107 ], [ 98.145938740000091, 4.509030865000033 ], [ 98.14597, 4.509052 ], [ 98.146048, 4.509052 ], [ 98.146127, 4.508994 ], [ 98.146184, 4.508908 ], [ 98.146211071000053, 4.508908 ], [ 98.146242063000074, 4.50890684900004 ], [ 98.146281209000065, 4.508982290000065 ], [ 98.146305140000052, 4.509003627000038 ], [ 98.146253, 4.509158 ], [ 98.146241, 4.509217 ], [ 98.146241, 4.509339 ], [ 98.146198, 4.509425 ], [ 98.146184, 4.509519 ], [ 98.146198, 4.509554 ], [ 98.146253, 4.509561 ], [ 98.146377, 4.50949 ], [ 98.146491, 4.509411 ], [ 98.14657, 4.509368 ], [ 98.146656, 4.509318 ], [ 98.146770472000085, 4.509271085000059 ], [ 98.146778, 4.509268 ], [ 98.146825761000059, 4.509253439000086 ], [ 98.146938171000059, 4.509219167000055 ], [ 98.146942, 4.509218 ], [ 98.147057, 4.509254 ], [ 98.147150296000063, 4.509243990000071 ], [ 98.147293, 4.509233 ], [ 98.147493, 4.509204 ], [ 98.147636, 4.509125 ], [ 98.147701, 4.509082 ], [ 98.14783, 4.509032 ], [ 98.147895222000059, 4.509027995000073 ], [ 98.147944, 4.509025 ], [ 98.148016, 4.509025 ], [ 98.148166, 4.508997 ], [ 98.14820504300009, 4.508970669000087 ], [ 98.148252, 4.508939 ], [ 98.148367, 4.508868 ], [ 98.14846, 4.50881 ], [ 98.148553, 4.508796 ], [ 98.148681, 4.508796 ], [ 98.148782, 4.50884 ], [ 98.148939, 4.508897 ], [ 98.149062230000084, 4.508938190000046 ], [ 98.149175, 4.508998 ], [ 98.149252030000071, 4.509025518000053 ], [ 98.149292, 4.50905 ], [ 98.149454, 4.509142 ], [ 98.149693670000048, 4.509168249000053 ], [ 98.149781201000067, 4.509209796000066 ], [ 98.1498670000001, 4.5091830000001 ], [ 98.149904, 4.509171 ], [ 98.149933, 4.509135000000108 ], [ 98.149988267000097, 4.509130501000053 ], [ 98.150019, 4.509128 ], [ 98.150119, 4.509128 ], [ 98.150222073000094, 4.50908268500008 ], [ 98.150305, 4.509006 ], [ 98.150307717000032, 4.509003757000074 ], [ 98.150391, 4.508935 ], [ 98.150477, 4.508892 ], [ 98.150577, 4.508885 ], [ 98.150699, 4.508885 ], [ 98.150785, 4.508885 ], [ 98.15089909700005, 4.508925547000048 ], [ 98.150906, 4.508928 ], [ 98.150966913000062, 4.508995473000046 ], [ 98.150970113000099, 4.508998773000024 ], [ 98.151039992000051, 4.509078301000065 ], [ 98.15107723300008, 4.509154327000027 ], [ 98.151085, 4.50918 ], [ 98.151113, 4.509259 ], [ 98.15112, 4.509338000000113 ], [ 98.151142, 4.509453 ], [ 98.151149, 4.509575 ], [ 98.15107, 4.509675 ], [ 98.150998, 4.509761 ], [ 98.150948, 4.509797 ], [ 98.15092, 4.509847 ], [ 98.15091900200008, 4.509919005000024 ], [ 98.150927, 4.509948000000106 ], [ 98.150926924000046, 4.509953501000046 ], [ 98.150936713000092, 4.510017604000064 ], [ 98.150900227000079, 4.51007743600009 ], [ 98.150891, 4.510098 ], [ 98.150805, 4.510199 ], [ 98.150855, 4.510256 ], [ 98.150912, 4.510285 ], [ 98.151019, 4.510285 ], [ 98.151136139000087, 4.510285 ], [ 98.151141, 4.510285 ], [ 98.151201223000058, 4.510311498000016 ], [ 98.151241, 4.510329 ], [ 98.15128, 4.510351 ], [ 98.151305, 4.510365 ], [ 98.151338529000043, 4.510378365000082 ], [ 98.151448, 4.510422 ], [ 98.151749, 4.510545 ], [ 98.151856, 4.510631 ], [ 98.152113, 4.510653 ], [ 98.152221, 4.510653 ], [ 98.152375787000054, 4.51069539400005 ], [ 98.152485, 4.510711 ], [ 98.152586, 4.510711 ], [ 98.152757, 4.510682 ], [ 98.152795, 4.510665 ], [ 98.152822, 4.510654 ], [ 98.152936, 4.510603 ], [ 98.153151, 4.510582 ], [ 98.153301, 4.510546 ], [ 98.153301927000101, 4.510545944000086 ], [ 98.153416, 4.510539 ], [ 98.153544, 4.510511 ], [ 98.153652, 4.510461 ], [ 98.153759, 4.510432 ], [ 98.15406, 4.510382 ], [ 98.15406030600009, 4.510382 ], [ 98.154231, 4.510382 ], [ 98.154267143000098, 4.510377760000052 ], [ 98.15441, 4.510361 ], [ 98.154511, 4.51034 ], [ 98.154876, 4.510189 ], [ 98.155119, 4.510046 ], [ 98.155276, 4.509967 ], [ 98.15542, 4.509852 ], [ 98.15625, 4.50943 ], [ 98.158254, 4.50852 ], [ 98.158446926000082, 4.508461300000032 ], [ 98.15877, 4.508363 ], [ 98.159801, 4.5078330000001 ], [ 98.160244, 4.507639 ], [ 98.160831000000101, 4.507389 ], [ 98.161569, 4.507031 ], [ 98.162528, 4.506572 ], [ 98.163151, 4.506307 ], [ 98.163322, 4.506207 ], [ 98.163463851000074, 4.506181594000047 ], [ 98.163523, 4.506171 ], [ 98.1637090830001, 4.506063866000057 ], [ 98.163745, 4.506006 ], [ 98.163731, 4.505935 ], [ 98.163842870000067, 4.505840610000089 ], [ 98.163859, 4.505827 ], [ 98.163866003000081, 4.505823350000083 ], [ 98.164024, 4.505741 ], [ 98.164253000000102, 4.505634 ], [ 98.165749, 4.504867 ], [ 98.167188, 4.504108 ], [ 98.167976, 4.503606 ], [ 98.168083, 4.503477 ], [ 98.168162, 4.503398 ], [ 98.168355, 4.503255 ], [ 98.168556750000064, 4.503156938000062 ], [ 98.168606, 4.503133 ], [ 98.168842, 4.503025 ], [ 98.168928, 4.503025 ], [ 98.169014, 4.503018 ], [ 98.169128, 4.502975 ], [ 98.169286, 4.502889 ], [ 98.16935, 4.502825 ], [ 98.169859, 4.502502 ], [ 98.170016, 4.502366 ], [ 98.170038, 4.502244 ], [ 98.170066, 4.502158 ], [ 98.170071275000069, 4.502154504000073 ], [ 98.170152000000101, 4.502101 ], [ 98.170224, 4.502072 ], [ 98.170229255000038, 4.502072 ], [ 98.170310000000114, 4.502072 ], [ 98.170383233000052, 4.502031885000084 ], [ 98.170467000000116, 4.501986 ], [ 98.170639, 4.501864000000102 ], [ 98.171183, 4.50147 ], [ 98.171284, 4.501398 ], [ 98.171298, 4.501341 ], [ 98.171298, 4.501262 ], [ 98.171348, 4.501169 ], [ 98.171456, 4.501118 ], [ 98.171649, 4.500968 ], [ 98.171764, 4.500832 ], [ 98.172057, 4.500545 ], [ 98.172186, 4.500394 ], [ 98.172315, 4.500301 ], [ 98.172401, 4.500251 ], [ 98.172465, 4.500193 ], [ 98.17253, 4.5001 ], [ 98.172573, 4.500014 ], [ 98.172637, 4.499921 ], [ 98.172723000000104, 4.499784 ], [ 98.172974, 4.499562 ], [ 98.173153, 4.499383 ], [ 98.173282, 4.499232000000104 ], [ 98.173483, 4.499067 ], [ 98.173748, 4.498866 ], [ 98.173955, 4.498766 ], [ 98.174034, 4.498709 ], [ 98.174213, 4.498551 ], [ 98.174299, 4.498472 ], [ 98.174378, 4.4984 ], [ 98.174972, 4.49797 ], [ 98.175359, 4.497669 ], [ 98.175509, 4.497447 ], [ 98.175789, 4.49698 ], [ 98.175968, 4.496622 ], [ 98.176298, 4.496127 ], [ 98.176513, 4.495875 ], [ 98.17672, 4.495696 ], [ 98.176921, 4.49551 ], [ 98.177465, 4.495151 ], [ 98.177723, 4.494943 ], [ 98.177909, 4.494771 ], [ 98.177945, 4.494707 ], [ 98.177952, 4.494585 ], [ 98.17794770200004, 4.494473025000057 ], [ 98.177952, 4.494384 ], [ 98.178066277000084, 4.493524723000069 ], [ 98.178066, 4.493525 ], [ 98.177415, 4.493675 ], [ 98.17806635400008, 4.493524150000062 ], [ 98.178262, 4.492065 ], [ 98.178334, 4.491713 ], [ 98.178349, 4.491548 ], [ 98.178371, 4.491325 ], [ 98.178326871000095, 4.491181415000045 ], [ 98.178314, 4.491139 ], [ 98.178299, 4.491002 ], [ 98.178242, 4.490923 ], [ 98.178185, 4.490837 ], [ 98.178185, 4.490779 ], [ 98.1782, 4.490643 ], [ 98.178264, 4.490543 ], [ 98.178288049000059, 4.490530976000082 ], [ 98.178336, 4.490507 ], [ 98.178374641000062, 4.490443079000055 ], [ 98.178389833000054, 4.490419594000044 ], [ 98.178429, 4.490356 ], [ 98.178429, 4.490227 ], [ 98.178415000000101, 4.490069 ], [ 98.17843, 4.489861 ], [ 98.178487, 4.489731 ], [ 98.178602, 4.489531 ], [ 98.178716, 4.48933 ], [ 98.178903, 4.4891 ], [ 98.179074, 4.489014 ], [ 98.179261, 4.488856 ], [ 98.179272510000047, 4.488850245000067 ], [ 98.179361, 4.488806 ], [ 98.179473653000059, 4.488667612000039 ], [ 98.179534371000045, 4.488595657000094 ], [ 98.17959, 4.488526 ], [ 98.179726, 4.488383 ], [ 98.179733273000082, 4.488377154000027 ], [ 98.179833000000102, 4.488297 ], [ 98.179894996000101, 4.48819841700004 ], [ 98.179955, 4.488103 ], [ 98.180091, 4.487967 ], [ 98.18012933600005, 4.487934782000043 ], [ 98.180185, 4.487888 ], [ 98.18027, 4.487795 ], [ 98.180378, 4.48768 ], [ 98.180442, 4.487587 ], [ 98.180539107000072, 4.487505701000028 ], [ 98.180614, 4.487443 ], [ 98.180729, 4.487379 ], [ 98.180822, 4.487372 ], [ 98.180943, 4.487379 ], [ 98.180993, 4.487422 ], [ 98.181129, 4.487422 ], [ 98.18128, 4.487444 ], [ 98.181544, 4.487444 ], [ 98.18173, 4.487437 ], [ 98.182017, 4.487438 ], [ 98.182288, 4.487359 ], [ 98.182424, 4.487316 ], [ 98.182553, 4.487252 ], [ 98.182682, 4.487194 ], [ 98.182976, 4.487001 ], [ 98.183183, 4.486807 ], [ 98.183391, 4.486606 ], [ 98.183563, 4.486506 ], [ 98.183821, 4.486377 ], [ 98.184021000000101, 4.486284000000108 ], [ 98.184343, 4.486105 ], [ 98.184422, 4.48589 ], [ 98.184465, 4.485832 ], [ 98.184601, 4.485761 ], [ 98.184701, 4.485674 ], [ 98.184902, 4.485553 ], [ 98.185274, 4.485316 ], [ 98.185424, 4.485201 ], [ 98.185603, 4.485108 ], [ 98.185725, 4.485058 ], [ 98.186004, 4.484944 ], [ 98.186133, 4.484865 ], [ 98.186198, 4.484779 ], [ 98.186262, 4.484685 ], [ 98.186434, 4.484434 ], [ 98.186464, 4.482607 ], [ 98.1864, 4.482452 ], [ 98.186245067000073, 4.482310882000054 ], [ 98.186243, 4.482309 ], [ 98.186192390000102, 4.482259613000096 ], [ 98.186036, 4.482107 ], [ 98.185729, 4.481841 ], [ 98.185728783000059, 4.48184076100008 ], [ 98.185695816000077, 4.481804421000076 ], [ 98.185514, 4.481604 ], [ 98.185501500000058, 4.481572140000042 ], [ 98.185422, 4.481367 ], [ 98.185386, 4.481051 ], [ 98.185458352000069, 4.480544535000048 ], [ 98.185465, 4.480498 ], [ 98.185659, 4.480046 ], [ 98.186103, 4.479652 ], [ 98.18665, 4.479382 ], [ 98.187127, 4.479294 ], [ 98.187491, 4.479294 ], [ 98.188121, 4.479324000000103 ], [ 98.188420817000065, 4.479284079000047 ], [ 98.188489, 4.479275 ], [ 98.188708, 4.479246 ], [ 98.189144, 4.479232 ], [ 98.189645, 4.479203 ], [ 98.189879, 4.479257 ], [ 98.189944924000102, 4.479266198000095 ], [ 98.190016, 4.479257 ], [ 98.190139, 4.47924 ], [ 98.190233, 4.479257 ], [ 98.190238044000068, 4.479257904000061 ], [ 98.190339, 4.479276 ], [ 98.190379381000071, 4.479343615000081 ], [ 98.190417, 4.479398 ], [ 98.190518, 4.479413 ], [ 98.19056, 4.479391 ], [ 98.190614, 4.479359 ], [ 98.190682, 4.479355 ], [ 98.190739, 4.479399 ], [ 98.190925, 4.479442 ], [ 98.19114, 4.4795 ], [ 98.191269, 4.479514 ], [ 98.191383, 4.479586 ], [ 98.191433, 4.479701 ], [ 98.191433, 4.479731901000043 ], [ 98.191433883000059, 4.47975149700005 ], [ 98.191497, 4.479787 ], [ 98.191529895000087, 4.479783802000049 ], [ 98.191562617000059, 4.479780621000056 ], [ 98.191569, 4.47978 ], [ 98.191647, 4.479794 ], [ 98.191762, 4.479924 ], [ 98.191869, 4.479967 ], [ 98.192019, 4.480075 ], [ 98.192098, 4.480147 ], [ 98.192184, 4.48019 ], [ 98.192191, 4.480312 ], [ 98.192269, 4.480463 ], [ 98.19232611700005, 4.480571103000066 ], [ 98.192454988000065, 4.480679 ], [ 98.192605, 4.480679 ], [ 98.192669, 4.480736 ], [ 98.192762000000101, 4.480901 ], [ 98.192812, 4.480959 ], [ 98.192912, 4.481088 ], [ 98.192991, 4.481218 ], [ 98.193119, 4.481404 ], [ 98.19322724400007, 4.481591345000032 ], [ 98.193334, 4.481742 ], [ 98.193440811000087, 4.481835834000052 ], [ 98.193534, 4.481778 ], [ 98.193538, 4.481738 ], [ 98.193541, 4.481706 ], [ 98.193577, 4.48162 ], [ 98.19362, 4.481556 ], [ 98.193677, 4.48152 ], [ 98.193735, 4.48147 ], [ 98.193792, 4.481463 ], [ 98.193835, 4.481506 ], [ 98.193871, 4.481563 ], [ 98.193935, 4.481535000000105 ], [ 98.193999, 4.481499 ], [ 98.194078, 4.481477 ], [ 98.194228, 4.481456 ], [ 98.19435, 4.48147 ], [ 98.194407, 4.481485 ], [ 98.194479, 4.481542 ], [ 98.194564, 4.481557 ], [ 98.194679, 4.4815 ], [ 98.194808000000108, 4.481442 ], [ 98.194894, 4.481414 ], [ 98.195158, 4.481378 ], [ 98.195287, 4.481378 ], [ 98.195387, 4.481378 ], [ 98.195495, 4.481378 ], [ 98.195496877000053, 4.481380882000046 ], [ 98.195523, 4.481421 ], [ 98.195595, 4.481407 ], [ 98.195645, 4.48135 ], [ 98.195738, 4.481336 ], [ 98.195802, 4.4814 ], [ 98.19591, 4.481472 ], [ 98.19600795100007, 4.481494192000097 ], [ 98.196038390000083, 4.481500770000031 ], [ 98.196132256000055, 4.481445373000048 ], [ 98.19616, 4.481429 ], [ 98.196211355000074, 4.481413538000059 ], [ 98.196253, 4.481401 ], [ 98.196339, 4.481394 ], [ 98.196453, 4.481315 ], [ 98.196530350000046, 4.481216110000037 ], [ 98.196532, 4.481214 ], [ 98.196661, 4.481171 ], [ 98.196726, 4.48115 ], [ 98.196755450000069, 4.481147575000026 ], [ 98.196847407000078, 4.481142575000018 ], [ 98.196954323000057, 4.481181723000043 ], [ 98.197061795000096, 4.481183418000069 ], [ 98.197104587000069, 4.481182961000096 ], [ 98.197806, 4.481223 ], [ 98.197931501000085, 4.481282199000034 ], [ 98.197965, 4.481298 ], [ 98.198035, 4.481331 ], [ 98.198081843000082, 4.481368006000042 ], [ 98.198135507000075, 4.481409794000064 ], [ 98.198218862000047, 4.481522395000074 ], [ 98.198249, 4.481611 ], [ 98.198356790000062, 4.481675710000056 ], [ 98.198492, 4.481626 ], [ 98.198539, 4.4816 ], [ 98.198571, 4.481583 ], [ 98.198628, 4.481568 ], [ 98.198721, 4.481561 ], [ 98.198793, 4.48159 ], [ 98.198943, 4.481583 ], [ 98.199015795000051, 4.481560012000046 ], [ 98.199057, 4.481547 ], [ 98.199161759000063, 4.481496508000043 ], [ 98.199279, 4.48144 ], [ 98.199329, 4.481411 ], [ 98.199566, 4.481333 ], [ 98.199566843000085, 4.481332971000048 ], [ 98.199766, 4.481326 ], [ 98.199803497000076, 4.481322418000088 ], [ 98.199923, 4.481311 ], [ 98.200059, 4.481247 ], [ 98.20026, 4.481147 ], [ 98.200432, 4.481053 ], [ 98.20061, 4.48096 ], [ 98.200825, 4.480817 ], [ 98.201147, 4.480688 ], [ 98.201412, 4.480595 ], [ 98.201591054000076, 4.480517549000065 ], [ 98.201627, 4.480502 ], [ 98.201687024000094, 4.480481992000036 ], [ 98.201885, 4.480416 ], [ 98.202257, 4.480287 ], [ 98.20255, 4.48023 ], [ 98.202786, 4.48013 ], [ 98.203051, 4.48003 ], [ 98.203395, 4.479865 ], [ 98.203526874000033, 4.479801642000035 ], [ 98.203753, 4.479693 ], [ 98.203792779000082, 4.479677818000021 ], [ 98.20396, 4.479614 ], [ 98.204175, 4.479564 ], [ 98.204525, 4.479478 ], [ 98.204704, 4.479392 ], [ 98.204941, 4.479271 ], [ 98.205019, 4.479184 ], [ 98.205091, 4.479062 ], [ 98.205199, 4.478941 ], [ 98.205313, 4.478826 ], [ 98.205399, 4.478754 ], [ 98.205528000000101, 4.478725 ], [ 98.205642, 4.478718 ], [ 98.205743, 4.478747 ], [ 98.205808637000075, 4.478788380000034 ], [ 98.205835, 4.478805 ], [ 98.20605, 4.478798 ], [ 98.206329, 4.478726 ], [ 98.206594, 4.478654999000083 ], [ 98.20659404900006, 4.478654981000051 ], [ 98.207145, 4.478447 ], [ 98.207796000000101, 4.478225 ], [ 98.208235417000097, 4.47806287000003 ], [ 98.208376, 4.478011 ], [ 98.20897, 4.477702 ], [ 98.20902652500007, 4.477670793000103 ], [ 98.20945, 4.477437 ], [ 98.209609, 4.477382 ], [ 98.210108, 4.477208 ], [ 98.210333, 4.477124 ], [ 98.210624, 4.477015 ], [ 98.21071087100006, 4.476927367000045 ], [ 98.210738, 4.4769 ], [ 98.210826591000057, 4.476849037000024 ], [ 98.210924, 4.476793 ], [ 98.211218000000102, 4.476685 ], [ 98.211394226000053, 4.476627696000063 ], [ 98.211504, 4.476592 ], [ 98.211639259000052, 4.476554446000035 ], [ 98.211911, 4.476479 ], [ 98.212019, 4.476449 ], [ 98.212055, 4.476432 ], [ 98.212442, 4.476249 ], [ 98.213043, 4.475991 ], [ 98.213644, 4.475632 ], [ 98.214088, 4.475281 ], [ 98.21474, 4.474686 ], [ 98.215291, 4.474141 ], [ 98.215699, 4.473825 ], [ 98.216107, 4.473546 ], [ 98.216501, 4.473259 ], [ 98.217203, 4.472793 ], [ 98.218119, 4.472241 ], [ 98.218957, 4.471782 ], [ 98.219472, 4.471424 ], [ 98.220417, 4.4708 ], [ 98.221241, 4.470219 ], [ 98.221921, 4.469818 ], [ 98.222966, 4.469101 ], [ 98.223775, 4.468607 ], [ 98.224548, 4.468119 ], [ 98.225293, 4.467546 ], [ 98.225744, 4.467194 ], [ 98.226123, 4.466929 ], [ 98.226511364000046, 4.466591633000064 ], [ 98.226717, 4.466413 ], [ 98.226765, 4.466359 ], [ 98.226898, 4.466212 ], [ 98.22704, 4.466054 ], [ 98.227283, 4.465731 ], [ 98.227627, 4.465171 ], [ 98.227691, 4.4650730000001 ], [ 98.227907, 4.464741 ], [ 98.228265, 4.464224 ], [ 98.2286617540001, 4.463886898000076 ], [ 98.228685504000069, 4.46387339900001 ], [ 98.228738, 4.46383 ], [ 98.229131, 4.463687 ], [ 98.229344000000111, 4.463629 ], [ 98.229417712000057, 4.463609065000074 ], [ 98.229503, 4.463586 ], [ 98.229579552000089, 4.463557976000085 ], [ 98.229615, 4.463545 ], [ 98.230119, 4.463357 ], [ 98.230434, 4.463221 ], [ 98.230607166000084, 4.463157990000083 ], [ 98.230827, 4.463078 ], [ 98.231307, 4.462834 ], [ 98.231894, 4.462533 ], [ 98.232567, 4.462254 ], [ 98.233304, 4.461874 ], [ 98.233805, 4.461616 ], [ 98.234184, 4.461473 ], [ 98.234464, 4.461387 ], [ 98.234721, 4.461309 ], [ 98.23505, 4.461108 ], [ 98.235502, 4.460778 ], [ 98.235738, 4.46062 ], [ 98.235881, 4.460527 ], [ 98.23606, 4.46029 ], [ 98.236132, 4.460089 ], [ 98.236154985000056, 4.459974367000046 ], [ 98.236211, 4.459695 ], [ 98.236226, 4.459336 ], [ 98.236283, 4.458797 ], [ 98.236284, 4.458445 ], [ 98.236281139000084, 4.458277847000053 ], [ 98.236277, 4.458036 ], [ 98.236272494000048, 4.457963692000027 ], [ 98.236256, 4.457699 ], [ 98.236092, 4.457074 ], [ 98.236040690000053, 4.456863796000066 ], [ 98.235999, 4.456693 ], [ 98.235963332000054, 4.456531146000051 ], [ 98.235893, 4.456212 ], [ 98.235721, 4.455616 ], [ 98.235493, 4.454976 ], [ 98.235372, 4.45489 ], [ 98.235294166000088, 4.454720296000082 ], [ 98.23525, 4.454624 ], [ 98.235143908000069, 4.454460088000085 ], [ 98.23505, 4.454315 ], [ 98.234997243000066, 4.454238285000046 ], [ 98.234843, 4.454014 ], [ 98.234768366000097, 4.453858900000097 ], [ 98.234709700000053, 4.453742922000075 ], [ 98.234675382000049, 4.453710540000026 ], [ 98.234572, 4.453611 ], [ 98.234457, 4.453575 ], [ 98.234390825000048, 4.453547971000036 ], [ 98.234178, 4.453467 ], [ 98.23405, 4.45341 ], [ 98.233907, 4.45328 ], [ 98.233800000000102, 4.453172 ], [ 98.233685, 4.453007 ], [ 98.233542, 4.452777 ], [ 98.233428, 4.452612 ], [ 98.233385, 4.452547 ], [ 98.233257, 4.452346 ], [ 98.233099, 4.452174 ], [ 98.232856, 4.451929 ], [ 98.232749, 4.45185 ], [ 98.232649, 4.451771 ], [ 98.232563, 4.451706 ], [ 98.232471414000045, 4.451699106000048 ], [ 98.23247, 4.451699000000106 ], [ 98.23240400400006, 4.451656695000068 ], [ 98.232392, 4.451649 ], [ 98.232335, 4.451527 ], [ 98.232335, 4.451498 ], [ 98.232306519000076, 4.451430850000085 ], [ 98.232242624000037, 4.451412136000044 ], [ 98.232242, 4.451412000000103 ], [ 98.232185, 4.451347 ], [ 98.232149, 4.451268 ], [ 98.232128, 4.451132 ], [ 98.232095, 4.450975 ], [ 98.232078, 4.450916 ], [ 98.232098875000077, 4.450801686000039 ], [ 98.232068699000095, 4.450779183000063 ], [ 98.232049, 4.450765 ], [ 98.232006, 4.450729 ], [ 98.231886, 4.450674 ], [ 98.231849, 4.450657 ], [ 98.231735, 4.450621 ], [ 98.231687860000079, 4.450605104000044 ], [ 98.231649, 4.450592 ], [ 98.231615985000076, 4.450590301000055 ], [ 98.231513, 4.450585 ], [ 98.231413, 4.450571 ], [ 98.231341, 4.450542 ], [ 98.231271389000099, 4.45047827200005 ], [ 98.23127, 4.450477 ], [ 98.23127, 4.450391 ], [ 98.231334, 4.450326 ], [ 98.231406, 4.450298 ], [ 98.231463, 4.450284 ], [ 98.231502732000095, 4.450279115000073 ], [ 98.231585, 4.450269 ], [ 98.231623515000095, 4.450250190000068 ], [ 98.231656, 4.450119 ], [ 98.231664, 4.450054 ], [ 98.231599, 4.449996 ], [ 98.231471, 4.449946 ], [ 98.231356, 4.449917 ], [ 98.231256000000101, 4.449873 ], [ 98.231013, 4.449766 ], [ 98.230741897000087, 4.449686781000049 ], [ 98.230705, 4.449676 ], [ 98.23062, 4.449651 ], [ 98.230533258000051, 4.449610427000043 ], [ 98.230434, 4.449564 ], [ 98.230373603000047, 4.449531126000084 ], [ 98.230276, 4.449478 ], [ 98.230241517000081, 4.449449265000063 ], [ 98.230198, 4.449413 ], [ 98.230169518000096, 4.449363893000049 ], [ 98.230169, 4.449363 ], [ 98.230191, 4.44927 ], [ 98.230210440000079, 4.449170021000059 ], [ 98.230212, 4.449162 ], [ 98.23026881300008, 4.449080713000082 ], [ 98.230277, 4.449069 ], [ 98.230305600000079, 4.449048408000085 ], [ 98.230377, 4.448997 ], [ 98.230465, 4.448972 ], [ 98.230527, 4.448947 ], [ 98.230567, 4.448916 ], [ 98.230599, 4.44889 ], [ 98.230606, 4.448818 ], [ 98.230649, 4.448768 ], [ 98.230742, 4.448739 ], [ 98.230835, 4.448739 ], [ 98.230847676000067, 4.448744306000074 ], [ 98.230921, 4.44877500000011 ], [ 98.231007252000055, 4.448774779000091 ], [ 98.231064, 4.448725 ], [ 98.2311, 4.448696 ], [ 98.231136, 4.448646 ], [ 98.231221026000085, 4.448528059000096 ], [ 98.231221047000091, 4.44852803200008 ], [ 98.231229, 4.448517 ], [ 98.231301, 4.44846 ], [ 98.231322, 4.448388 ], [ 98.231284452000082, 4.448349865000063 ], [ 98.231258, 4.448323 ], [ 98.231208, 4.448294 ], [ 98.231154384000035, 4.448276544000064 ], [ 98.231122719000041, 4.448266234000098 ], [ 98.231122, 4.448266 ], [ 98.23111151600007, 4.448158164000082 ], [ 98.231108, 4.448122 ], [ 98.231110671000067, 4.448086516000058 ], [ 98.231115, 4.448029 ], [ 98.231122, 4.447942 ], [ 98.231188, 4.44789 ], [ 98.231273, 4.447792 ], [ 98.231252, 4.44775 ], [ 98.231215, 4.447677 ], [ 98.231175703000076, 4.447649326000052 ], [ 98.2311440000001, 4.447627000000108 ], [ 98.23113, 4.44754 ], [ 98.231109, 4.447339 ], [ 98.231094, 4.447232 ], [ 98.230966, 4.446887 ], [ 98.230794, 4.446614 ], [ 98.230702, 4.446377 ], [ 98.230645, 4.446104 ], [ 98.230602179000087, 4.445865769000023 ], [ 98.230574, 4.445709 ], [ 98.230558880000046, 4.445630801000057 ], [ 98.23051, 4.445378 ], [ 98.230567, 4.445243816000066 ], [ 98.230565532000085, 4.445192 ], [ 98.23046, 4.445192 ], [ 98.230395, 4.445177 ], [ 98.230392889000086, 4.445165089000056 ], [ 98.230381, 4.445098 ], [ 98.230367, 4.445012 ], [ 98.230360015000088, 4.444833378000068 ], [ 98.23036, 4.444833 ], [ 98.23036, 4.44465300000011 ], [ 98.23036, 4.444524242000056 ], [ 98.230296, 4.444445 ], [ 98.230189, 4.444394 ], [ 98.230139, 4.444366 ], [ 98.230082022000033, 4.444287030000069 ], [ 98.230082, 4.444287 ], [ 98.230117, 4.444193 ], [ 98.230146, 4.44415 ], [ 98.230181124000069, 4.444097723000047 ], [ 98.230204, 4.443906 ], [ 98.230207730000075, 4.443865772000075 ], [ 98.230218, 4.443755 ], [ 98.230218, 4.443648 ], [ 98.230225, 4.443511 ], [ 98.230225, 4.443432 ], [ 98.23024, 4.443361 ], [ 98.230269, 4.443303 ], [ 98.230278640000051, 4.443303000000101 ], [ 98.230302811000058, 4.443301966000047 ], [ 98.230333146000078, 4.443301777000048 ], [ 98.230376, 4.443382 ], [ 98.230383, 4.44344 ], [ 98.230433, 4.443483 ], [ 98.230453, 4.443511 ], [ 98.230554, 4.443648 ], [ 98.230611, 4.443777 ], [ 98.230611, 4.443864 ], [ 98.230697, 4.44395 ], [ 98.23074, 4.444065 ], [ 98.230747, 4.444151 ], [ 98.230761, 4.444230000000103 ], [ 98.230794784000096, 4.444226362000051 ], [ 98.230826, 4.444223 ], [ 98.230854, 4.444151 ], [ 98.230904, 4.444086 ], [ 98.231012, 4.444058 ], [ 98.231014250000044, 4.444059362000101 ], [ 98.231014611000035, 4.444059275000037 ], [ 98.231083, 4.444101 ], [ 98.231155, 4.444173 ], [ 98.231187635000083, 4.444175509000043 ], [ 98.231219, 4.44418 ], [ 98.231262, 4.444159 ], [ 98.231285, 4.444103 ], [ 98.231312, 4.444037 ], [ 98.231319, 4.443972 ], [ 98.231327, 4.443857 ], [ 98.231348, 4.443778000000101 ], [ 98.231377, 4.443656 ], [ 98.231543, 4.443126 ], [ 98.231925, 4.442581 ], [ 98.232565, 4.442045 ], [ 98.232906621000055, 4.441956690000028 ], [ 98.2333, 4.441855 ], [ 98.2334339370001, 4.441833233000105 ], [ 98.234063, 4.4417310000001 ], [ 98.235007, 4.441703 ], [ 98.235297899000059, 4.44179035200006 ], [ 98.23536, 4.441809 ], [ 98.235566, 4.441981 ], [ 98.235589, 4.442001 ], [ 98.235618196000075, 4.442005332000084 ], [ 98.235693940000033, 4.442037838000046 ], [ 98.235751, 4.442068 ], [ 98.235913, 4.442173 ], [ 98.236094, 4.442346 ], [ 98.236168330000069, 4.442398765000076 ], [ 98.236256, 4.442461 ], [ 98.236357070000054, 4.442524169 ], [ 98.236456, 4.442586 ], [ 98.236676, 4.442681 ], [ 98.236857, 4.442806 ], [ 98.237076, 4.442902 ], [ 98.23709842500007, 4.442887837000039 ], [ 98.237151902000065, 4.442854062000035 ], [ 98.237114, 4.442806 ], [ 98.237057, 4.44272 ], [ 98.236994389000088, 4.442671222000075 ], [ 98.236971, 4.442653 ], [ 98.236952000000102, 4.442596 ], [ 98.23685316600006, 4.442410153000027 ], [ 98.236743, 4.442203 ], [ 98.23661, 4.441724 ], [ 98.236562, 4.441351 ], [ 98.236486, 4.441111 ], [ 98.236449, 4.440738 ], [ 98.236335, 4.440393 ], [ 98.236259, 4.440087 ], [ 98.236307, 4.43978 ], [ 98.236316, 4.43957 ], [ 98.236316, 4.439369 ], [ 98.236488, 4.43935 ], [ 98.236708575000094, 4.439499882000087 ], [ 98.236822, 4.43958 ], [ 98.236936, 4.43958 ], [ 98.236963306000064, 4.439571539000036 ], [ 98.237078, 4.439536 ], [ 98.237118, 4.439408 ], [ 98.237061, 4.439264 ], [ 98.237023, 4.439159 ], [ 98.237031959000035, 4.439044524000045 ], [ 98.237013, 4.4389 ], [ 98.236933277000063, 4.438840649000038 ], [ 98.236842, 4.438795 ], [ 98.236781, 4.438819 ], [ 98.236745947000045, 4.438836112000063 ], [ 98.236613, 4.438833 ], [ 98.23651295600007, 4.438738841000059 ], [ 98.23646, 4.438689 ], [ 98.236459838000101, 4.438688484000068 ], [ 98.236459494000087, 4.438687385000073 ], [ 98.236403, 4.438507 ], [ 98.236401255000033, 4.438495610000094 ], [ 98.236384, 4.438383 ], [ 98.236330274000082, 4.438301705000081 ], [ 98.236308, 4.438268 ], [ 98.236296996000078, 4.438229196000064 ], [ 98.23627, 4.438134 ], [ 98.236201100000088, 4.437838944000037 ], [ 98.236185055000092, 4.437770236000094 ], [ 98.236185, 4.43777 ], [ 98.236185, 4.437655 ], [ 98.236185, 4.437435 ], [ 98.236195, 4.437138 ], [ 98.236252, 4.436975 ], [ 98.236367000000101, 4.436851 ], [ 98.236449097000047, 4.436750765000062 ], [ 98.236453, 4.436746 ], [ 98.236527412000044, 4.436671288000081 ], [ 98.236700802000101, 4.436497199000031 ], [ 98.236712949000051, 4.436426129000058 ], [ 98.23673, 4.436325 ], [ 98.236734236000061, 4.436248282000094 ], [ 98.236739, 4.436162 ], [ 98.236759857000052, 4.43612246800008 ], [ 98.236825, 4.435999 ], [ 98.236917892000065, 4.435948854000078 ], [ 98.23695, 4.435932 ], [ 98.237121, 4.435885 ], [ 98.23712488700005, 4.435884345000054 ], [ 98.237293, 4.435856 ], [ 98.237419, 4.435856 ], [ 98.237482, 4.435856 ], [ 98.237525413000085, 4.435855870000085 ], [ 98.237588945000098, 4.435855020000075 ], [ 98.237642186000087, 4.435884494000071 ], [ 98.237655, 4.435914 ], [ 98.237663393000034, 4.435968050000048 ], [ 98.237662036000074, 4.435999772000082 ], [ 98.237667876000046, 4.43603734400006 ], [ 98.237693, 4.436211 ], [ 98.237731, 4.436307 ], [ 98.23776805600005, 4.436318660000045 ], [ 98.237802670000065, 4.436324592000073 ], [ 98.237891613000059, 4.436316134000049 ], [ 98.238008, 4.436383 ], [ 98.238036, 4.436422 ], [ 98.238113, 4.436652 ], [ 98.238189, 4.436738 ], [ 98.238313, 4.436843 ], [ 98.238398, 4.43691 ], [ 98.238456, 4.437006 ], [ 98.238494, 4.437092 ], [ 98.23857, 4.437236 ], [ 98.238627, 4.437322 ], [ 98.238732, 4.437437 ], [ 98.238766072000047, 4.437432029000071 ], [ 98.238796053000044, 4.437428396000022 ], [ 98.238799011000083, 4.437428010000086 ], [ 98.238856, 4.437476 ], [ 98.238856, 4.4376 ], [ 98.238894, 4.437744000000101 ], [ 98.238932, 4.437792 ], [ 98.238998, 4.437907 ], [ 98.239008, 4.437983 ], [ 98.239065, 4.438089 ], [ 98.239099194000062, 4.438087429000078 ], [ 98.239141, 4.438089 ], [ 98.239207430000107, 4.438086891000077 ], [ 98.239303, 4.438089 ], [ 98.239398490000042, 4.438050944000049 ], [ 98.239456, 4.437984 ], [ 98.239513, 4.437965 ], [ 98.239628, 4.437859 ], [ 98.239676, 4.437859 ], [ 98.239659860000089, 4.437705244000044 ], [ 98.239656867000065, 4.437677882000098 ], [ 98.239638790000072, 4.437661933000057 ], [ 98.239504, 4.437543 ], [ 98.239448114000098, 4.437479761 ], [ 98.239428, 4.437457 ], [ 98.239427895000077, 4.437456601000075 ], [ 98.23939, 4.437313 ], [ 98.239328375000071, 4.43722907300004 ], [ 98.239285, 4.43717 ], [ 98.23923635000007, 4.437114949000037 ], [ 98.239209558000084, 4.437084632000058 ], [ 98.239209, 4.437084 ], [ 98.239171, 4.436959 ], [ 98.239095000000106, 4.436834 ], [ 98.239095, 4.436748 ], [ 98.239124, 4.436633 ], [ 98.239171, 4.436576 ], [ 98.239238, 4.436538 ], [ 98.239305, 4.436480000000103 ], [ 98.239305506000065, 4.436479666000036 ], [ 98.23942, 4.436404 ], [ 98.239463216000047, 4.436404 ], [ 98.239505, 4.436404 ], [ 98.23963, 4.436398 ], [ 98.239696, 4.436395 ], [ 98.239954, 4.436395 ], [ 98.240135, 4.436414 ], [ 98.240917, 4.436568 ], [ 98.240950063000085, 4.43656109100005 ], [ 98.241045378000081, 4.436540045000052 ], [ 98.241047201000072, 4.43654079400007 ], [ 98.241051, 4.43654 ], [ 98.241184, 4.436597 ], [ 98.241261397000088, 4.436609346000069 ], [ 98.241375708000078, 4.43663369300002 ], [ 98.24167, 4.436847 ], [ 98.241813, 4.43699 ], [ 98.242013, 4.437125 ], [ 98.242051083000035, 4.437136309000054 ], [ 98.242194889000103, 4.437180058000029 ], [ 98.242261, 4.437202 ], [ 98.242388422000047, 4.437173074000066 ], [ 98.242557754000075, 4.43713465700007 ], [ 98.24259330600006, 4.437118489000056 ], [ 98.242822684000046, 4.43701417700003 ], [ 98.242977, 4.436944 ], [ 98.243178, 4.436599 ], [ 98.24333, 4.43637 ], [ 98.243412766000063, 4.436287234000095 ], [ 98.243445, 4.436255 ], [ 98.243517728000086, 4.436203372000024 ], [ 98.243607, 4.43614 ], [ 98.24376, 4.436102 ], [ 98.243865000000113, 4.436045 ], [ 98.24397044400007, 4.436061783000068 ], [ 98.244008, 4.436141 ], [ 98.24402, 4.436241 ], [ 98.244027, 4.436294 ], [ 98.243969, 4.436457 ], [ 98.243874, 4.43661 ], [ 98.243912, 4.436782 ], [ 98.244007, 4.437041 ], [ 98.244016, 4.43727 ], [ 98.244026, 4.437414 ], [ 98.244026000000105, 4.437548 ], [ 98.244016, 4.437864 ], [ 98.244073, 4.438065 ], [ 98.244215, 4.438324 ], [ 98.244301, 4.438448 ], [ 98.244377, 4.43863 ], [ 98.244444, 4.438755 ], [ 98.244501, 4.438937 ], [ 98.244558, 4.438994 ], [ 98.244594113000076, 4.43899339500006 ], [ 98.244603837000057, 4.438994 ], [ 98.244635, 4.438994 ], [ 98.244653889000077, 4.439003445000039 ], [ 98.244674022000083, 4.439010683000038 ], [ 98.244711, 4.439109 ], [ 98.244787, 4.439195 ], [ 98.244835, 4.43931 ], [ 98.244882, 4.439416 ], [ 98.244977, 4.439684 ], [ 98.245072, 4.439828 ], [ 98.245215, 4.439962 ], [ 98.24533, 4.440019 ], [ 98.245377, 4.440115 ], [ 98.245415, 4.44022 ], [ 98.245472, 4.440422 ], [ 98.245587, 4.440604 ], [ 98.245711, 4.440795 ], [ 98.245834, 4.440939 ], [ 98.245968, 4.441035 ], [ 98.246000527000049, 4.441034070000065 ], [ 98.246092, 4.441035 ], [ 98.246137, 4.441027 ], [ 98.246197709000072, 4.441015480000053 ], [ 98.246302, 4.440939 ], [ 98.246369, 4.440853 ], [ 98.246450576000086, 4.440771424000066 ], [ 98.246455, 4.440767 ], [ 98.246514610000091, 4.440738420000081 ], [ 98.24651604900005, 4.440737678000085 ], [ 98.246674, 4.440662 ], [ 98.246941, 4.440586 ], [ 98.247094, 4.440576 ], [ 98.247194155000045, 4.440576553000029 ], [ 98.247275, 4.440577 ], [ 98.247354691000069, 4.44058921100003 ], [ 98.247523, 4.440615 ], [ 98.247525968000062, 4.440615960000057 ], [ 98.247761000000111, 4.440692 ], [ 98.247962, 4.440769 ], [ 98.2482, 4.440846 ], [ 98.248233108000093, 4.44087608300004 ], [ 98.248397, 4.441025 ], [ 98.24852, 4.441184 ], [ 98.248909458000085, 4.441691885000068 ], [ 98.24901, 4.441823 ], [ 98.249124, 4.442196 ], [ 98.249124006000059, 4.442196081000019 ], [ 98.249143, 4.442455 ], [ 98.249057, 4.442694 ], [ 98.248866, 4.442905 ], [ 98.248722, 4.443077 ], [ 98.248608, 4.443259 ], [ 98.248608, 4.443469 ], [ 98.248426, 4.443766 ], [ 98.248296328000052, 4.443871645000067 ], [ 98.248178214000063, 4.443967364000073 ], [ 98.248159247000046, 4.444009517000034 ], [ 98.248054, 4.444244 ], [ 98.248053129000098, 4.444469494000025 ], [ 98.248053, 4.444503 ], [ 98.248167, 4.444828 ], [ 98.248253247000051, 4.444984209000054 ], [ 98.248310489000076, 4.445087260000056 ], [ 98.248491, 4.445183 ], [ 98.248613613000046, 4.445229366000059 ], [ 98.248729, 4.445273 ], [ 98.248757294000086, 4.445283217000074 ], [ 98.248765, 4.445286 ], [ 98.248797, 4.445298 ], [ 98.249037, 4.445317 ], [ 98.249292, 4.445337 ], [ 98.249653, 4.445343 ], [ 98.249884, 4.445347 ], [ 98.249915, 4.445343 ], [ 98.250122, 4.445318 ], [ 98.250172849000094, 4.445318222000036 ], [ 98.250351, 4.445319 ], [ 98.250584, 4.445402 ], [ 98.250647, 4.445424 ], [ 98.250824, 4.445425 ], [ 98.250933, 4.445425 ], [ 98.25121, 4.445358 ], [ 98.251849, 4.445081 ], [ 98.252298, 4.444775 ], [ 98.252937, 4.444287 ], [ 98.253558, 4.443618 ], [ 98.25437, 4.442757 ], [ 98.255821, 4.441227 ], [ 98.256814, 4.439897 ], [ 98.257474, 4.43895 ], [ 98.258104, 4.438204 ], [ 98.259326, 4.436664 ], [ 98.260444, 4.435353 ], [ 98.261465, 4.43432 ], [ 98.262296, 4.433507 ], [ 98.26347, 4.432484 ], [ 98.26432, 4.43192 ], [ 98.264635, 4.431643 ], [ 98.264749, 4.43149 ], [ 98.264893000000114, 4.431346 ], [ 98.264978, 4.431318 ], [ 98.265141, 4.431308 ], [ 98.265322, 4.431280000000112 ], [ 98.265455, 4.43128 ], [ 98.265491868000097, 4.43126771100003 ], [ 98.265616006000073, 4.431226331000059 ], [ 98.265656, 4.431213 ], [ 98.265904, 4.430974 ], [ 98.26619, 4.430744 ], [ 98.26641, 4.430572 ], [ 98.266868, 4.430247 ], [ 98.267489, 4.42974 ], [ 98.26808, 4.429281 ], [ 98.269063, 4.428698 ], [ 98.270581, 4.427896 ], [ 98.271459, 4.427456 ], [ 98.2727, 4.426797 ], [ 98.274436, 4.425966 ], [ 98.274618, 4.425755 ], [ 98.274761, 4.425593 ], [ 98.275038, 4.425449 ], [ 98.275353, 4.425258 ], [ 98.275744, 4.424942 ], [ 98.276031, 4.42456 ], [ 98.276212, 4.424263 ], [ 98.276347264000051, 4.424042865000057 ], [ 98.276365, 4.424014 ], [ 98.276590493000086, 4.42366575700003 ], [ 98.276718, 4.423469 ], [ 98.276986, 4.422991 ], [ 98.278082939000072, 4.421513943000032 ], [ 98.278123, 4.42146 ], [ 98.27885668800009, 4.420946419000098 ], [ 98.278943, 4.420886 ], [ 98.279246559000072, 4.420769760000039 ], [ 98.279641497000071, 4.420614987000041 ], [ 98.279712096000097, 4.420591495000066 ], [ 98.279716, 4.42059 ], [ 98.279771444000076, 4.420581607000054 ], [ 98.280259266000101, 4.420507759000052 ], [ 98.280403, 4.420486 ], [ 98.281128, 4.420477 ], [ 98.281328515000041, 4.420442260000066 ], [ 98.281786, 4.420363 ], [ 98.282377621000094, 4.420076184000049 ], [ 98.282378, 4.420076 ], [ 98.282559, 4.420009 ], [ 98.282683, 4.419942 ], [ 98.282684, 4.419799 ], [ 98.282722, 4.419626 ], [ 98.282865, 4.419464 ], [ 98.283056, 4.419349 ], [ 98.283161, 4.419272 ], [ 98.283485, 4.41911 ], [ 98.283667, 4.419081 ], [ 98.283915, 4.419043 ], [ 98.284096, 4.419024 ], [ 98.284382, 4.418996 ], [ 98.284583, 4.41892 ], [ 98.284678, 4.418853 ], [ 98.284764, 4.418661 ], [ 98.284793, 4.418259 ], [ 98.284774, 4.417771000000103 ], [ 98.284832, 4.416928 ], [ 98.284814, 4.416478 ], [ 98.284776, 4.416067 ], [ 98.284872, 4.415703 ], [ 98.284909345000074, 4.41554661900007 ], [ 98.284968, 4.415301 ], [ 98.284892, 4.414899 ], [ 98.284892, 4.414458 ], [ 98.284866599000054, 4.414327521000084 ], [ 98.284797, 4.41397 ], [ 98.284752258000097, 4.413168454000093 ], [ 98.284750000000102, 4.413128 ], [ 98.284674, 4.412802 ], [ 98.284661792000065, 4.412687709000108 ], [ 98.284627, 4.412362 ], [ 98.284666, 4.41196 ], [ 98.284609, 4.411452 ], [ 98.284564, 4.411244 ], [ 98.284514, 4.411012 ], [ 98.284323, 4.410839 ], [ 98.284199, 4.41082 ], [ 98.284132, 4.410935 ], [ 98.284113, 4.411069 ], [ 98.284105740000086, 4.411120199000037 ], [ 98.284094, 4.411203 ], [ 98.284093918000067, 4.411203164000038 ], [ 98.283998, 4.411394 ], [ 98.283998, 4.411518 ], [ 98.284008, 4.411672000000103 ], [ 98.284027, 4.411825 ], [ 98.283969, 4.412016 ], [ 98.283932, 4.412167 ], [ 98.283842383000035, 4.412353960000075 ], [ 98.283816, 4.412409 ], [ 98.283795866000048, 4.412444500000056 ], [ 98.283702, 4.41261 ], [ 98.283644, 4.412763 ], [ 98.283549, 4.412964 ], [ 98.283415, 4.413174 ], [ 98.283424, 4.413318 ], [ 98.283329, 4.41349 ], [ 98.283272411000041, 4.413471462000068 ], [ 98.283271, 4.413471 ], [ 98.283233, 4.413375 ], [ 98.283243, 4.413251 ], [ 98.283281, 4.412983 ], [ 98.283358788000058, 4.412710229000028 ], [ 98.283377, 4.4126 ], [ 98.283390393000062, 4.412511891000074 ], [ 98.283395904000088, 4.412475631000077 ], [ 98.283402707000064, 4.412369059000074 ], [ 98.283273787000041, 4.412332225000058 ], [ 98.283273, 4.412332 ], [ 98.283254, 4.412217 ], [ 98.283254, 4.412092 ], [ 98.283082, 4.411977 ], [ 98.28293, 4.411958 ], [ 98.2828820000001, 4.411948 ], [ 98.282787, 4.411862 ], [ 98.282634, 4.411747 ], [ 98.282558, 4.411737 ], [ 98.282448, 4.411823 ], [ 98.282386, 4.411766 ], [ 98.282415, 4.411594 ], [ 98.282358, 4.411459 ], [ 98.282272, 4.411421 ], [ 98.282243, 4.411364 ], [ 98.282205, 4.411249 ], [ 98.282215, 4.410961 ], [ 98.282225, 4.41076 ], [ 98.282235, 4.41054 ], [ 98.282273, 4.410397 ], [ 98.282197, 4.410272 ], [ 98.282063, 4.410253 ], [ 98.282006, 4.410157 ], [ 98.282054, 4.410004 ], [ 98.282083, 4.409918 ], [ 98.28213, 4.409784 ], [ 98.282121, 4.409659 ], [ 98.281988, 4.409429 ], [ 98.281911, 4.409343 ], [ 98.281816, 4.409152 ], [ 98.281683, 4.408912 ], [ 98.281607, 4.408673 ], [ 98.281569, 4.408539 ], [ 98.281510229000062, 4.40832847800003 ], [ 98.281502130000035, 4.40829946700008 ], [ 98.281426, 4.408299 ], [ 98.281283000000101, 4.408471 ], [ 98.281082, 4.408682 ], [ 98.280977, 4.408844 ], [ 98.280853641000107, 4.409006158000071 ], [ 98.280853, 4.409007 ], [ 98.280817224000032, 4.409001518000031 ], [ 98.280729, 4.408988 ], [ 98.280672, 4.408911 ], [ 98.28072, 4.408787 ], [ 98.280863, 4.408586 ], [ 98.28095559500008, 4.408421719000038 ], [ 98.280987, 4.408366 ], [ 98.281064, 4.408241 ], [ 98.2812067710001, 4.408012367000033 ], [ 98.281208004000078, 4.408005420000072 ], [ 98.281245, 4.407763 ], [ 98.28125303700007, 4.407751782000084 ], [ 98.281293, 4.407696 ], [ 98.281388, 4.407648 ], [ 98.281417, 4.407572 ], [ 98.281303, 4.407428 ], [ 98.281188, 4.407418 ], [ 98.281112, 4.407322 ], [ 98.281055, 4.407112 ], [ 98.281055, 4.406882 ], [ 98.281056, 4.406623 ], [ 98.281123, 4.406317 ], [ 98.28118, 4.406078 ], [ 98.281199, 4.405944 ], [ 98.2812, 4.405752 ], [ 98.281066, 4.405446 ], [ 98.281191, 4.405149 ], [ 98.281191, 4.405053 ], [ 98.281172, 4.404919 ], [ 98.281114, 4.404891 ], [ 98.280952, 4.404929 ], [ 98.280876, 4.404948 ], [ 98.280742, 4.404948 ], [ 98.280618, 4.404948 ], [ 98.280609, 4.404881 ], [ 98.280676, 4.404833 ], [ 98.280771, 4.404785 ], [ 98.280867, 4.404718 ], [ 98.2809910000001, 4.404632 ], [ 98.281153, 4.404469 ], [ 98.28123, 4.404278 ], [ 98.281354, 4.404221 ], [ 98.28143, 4.404211 ], [ 98.281506, 4.404144 ], [ 98.281591566000031, 4.404029581000062 ], [ 98.281573, 4.403924 ], [ 98.281524674000082, 4.403893164000068 ], [ 98.281468, 4.4038570000001 ], [ 98.281383, 4.403761 ], [ 98.281325, 4.403685 ], [ 98.281268, 4.403646 ], [ 98.281230767000068, 4.403479642000034 ], [ 98.281219228000069, 4.403431803000045 ], [ 98.281164443000094, 4.40330205000003 ], [ 98.281164, 4.403301 ], [ 98.28124, 4.403215 ], [ 98.281307, 4.403139000000106 ], [ 98.281355, 4.403062 ], [ 98.281364, 4.402967 ], [ 98.281345, 4.402871 ], [ 98.281345, 4.402804 ], [ 98.281326, 4.402698 ], [ 98.281324732000101, 4.402665728000065 ], [ 98.281317, 4.402469 ], [ 98.281224242000079, 4.402473519000086 ], [ 98.281182006000066, 4.402526403000032 ], [ 98.281180749000058, 4.402526579000054 ], [ 98.281174, 4.402536 ], [ 98.281120460000082, 4.402535061000059 ], [ 98.281117, 4.402535 ], [ 98.281099682000061, 4.402489614000071 ], [ 98.281088032000071, 4.402459084000045 ], [ 98.281088, 4.402459 ], [ 98.281107, 4.402344 ], [ 98.281146, 4.402306 ], [ 98.281184, 4.402267 ], [ 98.281212, 4.402229 ], [ 98.281174, 4.4022 ], [ 98.281136, 4.4022 ], [ 98.281069, 4.402162 ], [ 98.281069077000055, 4.402161744000058 ], [ 98.281098, 4.402066 ], [ 98.281127, 4.402028 ], [ 98.281127, 4.401990000000107 ], [ 98.281175, 4.401846 ], [ 98.281175, 4.401722 ], [ 98.281163754000048, 4.401676422000047 ], [ 98.281156, 4.401645 ], [ 98.281149, 4.401617 ], [ 98.281137, 4.401569 ], [ 98.281095860000065, 4.401555093000092 ], [ 98.281066, 4.401545 ], [ 98.281022, 4.40153 ], [ 98.280956, 4.401511 ], [ 98.280923052000063, 4.401439991000093 ], [ 98.280898, 4.401386 ], [ 98.280891409000063, 4.40128786900005 ], [ 98.280889052000077, 4.401252770000077 ], [ 98.280841649000095, 4.401208387000063 ], [ 98.280775, 4.401147 ], [ 98.280737, 4.401147 ], [ 98.280698, 4.401109 ], [ 98.280727, 4.401042 ], [ 98.280737, 4.400984 ], [ 98.280708, 4.400936 ], [ 98.280641, 4.400936 ], [ 98.280508, 4.400994 ], [ 98.280403, 4.401032 ], [ 98.280336, 4.400936 ], [ 98.280212, 4.400936 ], [ 98.280107, 4.400878 ], [ 98.280041, 4.40084 ], [ 98.279878, 4.400859 ], [ 98.279764, 4.400878 ], [ 98.2796400000001, 4.400811 ], [ 98.279564, 4.400763 ], [ 98.279545, 4.400705 ], [ 98.279545, 4.400543 ], [ 98.27965, 4.400447 ], [ 98.279764, 4.400418 ], [ 98.27985, 4.400418 ], [ 98.279946, 4.400419 ], [ 98.280079, 4.400409 ], [ 98.280165, 4.40038 ], [ 98.280251, 4.400371 ], [ 98.280356, 4.400371 ], [ 98.280442, 4.400371 ], [ 98.280537, 4.40041 ], [ 98.280539309000062, 4.400412619000077 ], [ 98.280604, 4.400486 ], [ 98.28067, 4.400486 ], [ 98.280699, 4.400419 ], [ 98.280699, 4.400304 ], [ 98.280699000000112, 4.400257 ], [ 98.280642, 4.400151 ], [ 98.280519872000085, 4.400098659000059 ], [ 98.280509, 4.400094 ], [ 98.280471103000096, 4.399998261000103 ], [ 98.280396153000098, 4.399972761000096 ], [ 98.280385, 4.399969 ], [ 98.280289, 4.399931 ], [ 98.280251468000074, 4.399931 ], [ 98.280194, 4.399978 ], [ 98.280060176000049, 4.400035924000072 ], [ 98.28006, 4.400036 ], [ 98.280013, 4.399978 ], [ 98.280108, 4.399777 ], [ 98.280137, 4.39971 ], [ 98.280097845000071, 4.399682386000063 ], [ 98.280042, 4.399643 ], [ 98.280023, 4.399605 ], [ 98.279918, 4.399298 ], [ 98.279796, 4.399142 ], [ 98.27975, 4.399082 ], [ 98.279565, 4.399001 ], [ 98.279413, 4.398972000000107 ], [ 98.279332188000083, 4.398972 ], [ 98.279327000000109, 4.398972 ], [ 98.279278456000043, 4.398948154000033 ], [ 98.27927, 4.398944 ], [ 98.279318, 4.398819 ], [ 98.279413, 4.398723 ], [ 98.279499, 4.398657 ], [ 98.279547, 4.398657 ], [ 98.27954800100008, 4.39865699800003 ], [ 98.279623, 4.398714 ], [ 98.27968, 4.398752 ], [ 98.279714606000113, 4.398748624000076 ], [ 98.279776311000035, 4.398742354000047 ], [ 98.279802, 4.398689 ], [ 98.279778083000053, 4.398594328000081 ], [ 98.27969, 4.398532 ], [ 98.279595, 4.398456 ], [ 98.279518, 4.398417 ], [ 98.279434301000038, 4.398388776000069 ], [ 98.279356, 4.398427 ], [ 98.279329304000044, 4.398453696000029 ], [ 98.279318, 4.398465 ], [ 98.27927923600005, 4.398434312000055 ], [ 98.27927, 4.398427 ], [ 98.279337, 4.398331 ], [ 98.279375, 4.398226 ], [ 98.279417996000063, 4.398137972000042 ], [ 98.279439, 4.39808 ], [ 98.27945184500004, 4.398044430000033 ], [ 98.279457795000042, 4.397999381000059 ], [ 98.279462, 4.397967 ], [ 98.279320185000074, 4.397952893000022 ], [ 98.279271, 4.397948 ], [ 98.279204267000082, 4.397988039000063 ], [ 98.279147, 4.398024 ], [ 98.279013, 4.398091 ], [ 98.27887, 4.398168 ], [ 98.278755, 4.398254 ], [ 98.278622, 4.39833 ], [ 98.278472135000072, 4.398292779000046 ], [ 98.278469, 4.398292 ], [ 98.278374, 4.398138 ], [ 98.278317, 4.398033 ], [ 98.278222, 4.398014 ], [ 98.278178499000035, 4.398023611000045 ], [ 98.278136, 4.398033 ], [ 98.278069, 4.398004 ], [ 98.277955, 4.397937 ], [ 98.277869372000083, 4.39792388000007 ], [ 98.277831, 4.397918 ], [ 98.27743, 4.398004 ], [ 98.277115, 4.398061 ], [ 98.276953, 4.39808 ], [ 98.276908153000079, 4.398074785000058 ], [ 98.276781, 4.39806 ], [ 98.276660628000059, 4.39800280700008 ], [ 98.2766, 4.397974 ], [ 98.276352, 4.397821 ], [ 98.276190081000053, 4.397643554000082 ], [ 98.276133, 4.397581 ], [ 98.276100471000063, 4.397480006 ], [ 98.276028, 4.397255 ], [ 98.275981, 4.396853 ], [ 98.275933810000097, 4.396644993000073 ], [ 98.275907213000039, 4.396528762000054 ], [ 98.275907200000063, 4.396527699000041 ], [ 98.275905, 4.396518 ], [ 98.275905, 4.396346 ], [ 98.27581, 4.396193 ], [ 98.275744604000067, 4.396133111000045 ], [ 98.275715, 4.396106 ], [ 98.275662, 4.396057 ], [ 98.2756, 4.396001 ], [ 98.275448, 4.395962 ], [ 98.275400020000077, 4.395959127000032 ], [ 98.275305, 4.395953 ], [ 98.275249805000044, 4.39597910500006 ], [ 98.275222062000083, 4.395989901000082 ], [ 98.275221195000086, 4.395990030000077 ], [ 98.275219, 4.395991 ], [ 98.275130537000067, 4.396003543000093 ], [ 98.275121612000078, 4.39600487400004 ], [ 98.275085, 4.39601 ], [ 98.275006437000087, 4.396175187000078 ], [ 98.274819745000059, 4.39623839700004 ], [ 98.274818, 4.396239 ], [ 98.27477, 4.396211 ], [ 98.274714743000075, 4.396155016000027 ], [ 98.274694331000035, 4.396134335000061 ], [ 98.274694, 4.396134 ], [ 98.274694, 4.396085 ], [ 98.274694, 4.396048 ], [ 98.274608, 4.39604 ], [ 98.274514026000077, 4.396030906000059 ], [ 98.274484, 4.396028 ], [ 98.274446, 4.396095 ], [ 98.274427, 4.396172 ], [ 98.274456, 4.396335 ], [ 98.274455, 4.396507 ], [ 98.274379, 4.39666 ], [ 98.274378605000038, 4.396660348000072 ], [ 98.274374845000082, 4.396667896000076 ], [ 98.274327510000049, 4.396709923000069 ], [ 98.274310567000043, 4.396731043000055 ], [ 98.274273901000086, 4.396798854000047 ], [ 98.2741690000001, 4.396928 ], [ 98.274035, 4.397072 ], [ 98.273959, 4.397206 ], [ 98.273901000000109, 4.397349000000101 ], [ 98.273844, 4.397464 ], [ 98.273840512000049, 4.397465744000065 ], [ 98.273839058000092, 4.397468550000041 ], [ 98.273806, 4.397483 ], [ 98.273711, 4.397454 ], [ 98.273681478000071, 4.397399362000031 ], [ 98.273644, 4.39733 ], [ 98.273682, 4.397234 ], [ 98.27372, 4.397081 ], [ 98.27372, 4.396995 ], [ 98.273721, 4.396861 ], [ 98.273702441000083, 4.396805323000063 ], [ 98.273673000000102, 4.396717 ], [ 98.273649116000072, 4.396673004000061 ], [ 98.273616, 4.396612 ], [ 98.273502, 4.396487 ], [ 98.273464, 4.396353 ], [ 98.273399141000098, 4.396252313000041 ], [ 98.273359, 4.39619 ], [ 98.273283, 4.396133 ], [ 98.273253354000076, 4.396054284000065 ], [ 98.273225, 4.395979 ], [ 98.273225892000085, 4.395876439000067 ], [ 98.273226, 4.395864000000105 ], [ 98.273283, 4.395759 ], [ 98.273369, 4.395692 ], [ 98.273417, 4.395683000000116 ], [ 98.273468795000056, 4.395734668000032 ], [ 98.273469093000074, 4.395735093000045 ], [ 98.273474, 4.39574 ], [ 98.27354, 4.395836 ], [ 98.273607, 4.395941 ], [ 98.273638521000066, 4.395943448000039 ], [ 98.27367872700006, 4.395957169000037 ], [ 98.273769, 4.395884 ], [ 98.273865, 4.395769 ], [ 98.273922, 4.395702 ], [ 98.273922, 4.395616 ], [ 98.273884, 4.395559 ], [ 98.27377, 4.395472 ], [ 98.273733118000067, 4.395446127000105 ], [ 98.273703, 4.395425 ], [ 98.273698301000096, 4.395420001000049 ], [ 98.273531, 4.395242 ], [ 98.273417, 4.395166 ], [ 98.273322, 4.395137 ], [ 98.273303150000075, 4.395012984000084 ], [ 98.273303, 4.395012 ], [ 98.27337, 4.394974 ], [ 98.273446, 4.394898 ], [ 98.273549621000086, 4.39483188000004 ], [ 98.273569804000047, 4.39473485100008 ], [ 98.273532, 4.394706 ], [ 98.273456578000051, 4.394717557000056 ], [ 98.273408, 4.394725 ], [ 98.27339607600004, 4.394725 ], [ 98.273351, 4.394725 ], [ 98.273328596000056, 4.394672330000042 ], [ 98.273294, 4.394591 ], [ 98.273297298000045, 4.394556186000059 ], [ 98.273303, 4.394496 ], [ 98.273303, 4.394409 ], [ 98.273276141000053, 4.394368476000094 ], [ 98.273246, 4.394323 ], [ 98.273208, 4.394179000000105 ], [ 98.27318, 4.394026 ], [ 98.2731593110001, 4.393927977000041 ], [ 98.273123167000051, 4.393863299000032 ], [ 98.273123, 4.393863 ], [ 98.273142, 4.393768 ], [ 98.27318, 4.393682 ], [ 98.27318, 4.393548281000084 ], [ 98.273161, 4.393461 ], [ 98.273114, 4.393251 ], [ 98.273076, 4.393145 ], [ 98.273083231000058, 4.393060634000063 ], [ 98.273085, 4.39304 ], [ 98.273107467000045, 4.39304 ], [ 98.273107855000049, 4.393039669000095 ], [ 98.273108429000047, 4.39304 ], [ 98.273123, 4.39304 ], [ 98.273209, 4.393098 ], [ 98.273316, 4.39316 ], [ 98.273400280000033, 4.393181209000043 ], [ 98.273443995000065, 4.393175973000035 ], [ 98.273457, 4.393136 ], [ 98.273457, 4.393098000000101 ], [ 98.273486, 4.393069 ], [ 98.273498165000063, 4.393074517000084 ], [ 98.273508093000046, 4.393068853000073 ], [ 98.273575043000051, 4.39310008100005 ], [ 98.273606521000048, 4.393106669000082 ], [ 98.273681, 4.393107 ], [ 98.273708798000101, 4.393084993000054 ], [ 98.273753, 4.39305 ], [ 98.273791, 4.393012 ], [ 98.273858, 4.392945 ], [ 98.273906, 4.39284 ], [ 98.273963, 4.392763 ], [ 98.274011000000101, 4.392754 ], [ 98.27402541700009, 4.392773057000069 ], [ 98.274068, 4.39283 ], [ 98.274106, 4.392907 ], [ 98.274173, 4.392974 ], [ 98.27423, 4.393032 ], [ 98.274373335000064, 4.393103296000062 ], [ 98.274554, 4.393204 ], [ 98.27483, 4.393281 ], [ 98.275059, 4.393358 ], [ 98.275298, 4.393435 ], [ 98.275488, 4.393492 ], [ 98.275651, 4.393512 ], [ 98.275746, 4.393512 ], [ 98.27587, 4.393512 ], [ 98.275935, 4.393466 ], [ 98.275918014000069, 4.393368078000051 ], [ 98.27588, 4.393311 ], [ 98.275823214000084, 4.393273795000059 ], [ 98.275822, 4.393273 ], [ 98.275842, 4.393091 ], [ 98.275918, 4.3930330000001 ], [ 98.276014, 4.392918 ], [ 98.276042, 4.392804 ], [ 98.276062, 4.392631 ], [ 98.27609, 4.392392 ], [ 98.2761, 4.392191 ], [ 98.276148, 4.392 ], [ 98.276196, 4.391837 ], [ 98.276227334000055, 4.391800989000065 ], [ 98.276268143000038, 4.39174851100007 ], [ 98.27631, 4.391655 ], [ 98.276311, 4.391588 ], [ 98.276368, 4.391435 ], [ 98.276391059000062, 4.391343247000064 ], [ 98.276397, 4.39132 ], [ 98.276378, 4.391205 ], [ 98.276330628000039, 4.391091504000048 ], [ 98.276330000000101, 4.39109 ], [ 98.276302, 4.390956 ], [ 98.27635, 4.390726 ], [ 98.276426, 4.390545 ], [ 98.276617, 4.390392 ], [ 98.27676, 4.390267 ], [ 98.277027, 4.390153 ], [ 98.277285, 4.390057 ], [ 98.27739561900006, 4.390027509000047 ], [ 98.277466, 4.390009 ], [ 98.277638, 4.389981 ], [ 98.277934, 4.389924 ], [ 98.278067, 4.389847 ], [ 98.278249, 4.389685 ], [ 98.278277, 4.389608 ], [ 98.278286, 4.389514 ], [ 98.27835, 4.389392 ], [ 98.278429, 4.38927 ], [ 98.278508, 4.389184 ], [ 98.278579, 4.389076 ], [ 98.278694, 4.388925 ], [ 98.278823, 4.388753 ], [ 98.278859, 4.388617 ], [ 98.278888, 4.388416 ], [ 98.278995, 4.388164 ], [ 98.279053, 4.387949 ], [ 98.279096, 4.387805 ], [ 98.279132, 4.387712 ], [ 98.279153, 4.387597 ], [ 98.27921, 4.38754 ], [ 98.279275, 4.387511000000101 ], [ 98.279302126000076, 4.387511 ], [ 98.279354, 4.387511 ], [ 98.279404, 4.38754 ], [ 98.279427257000066, 4.387523621000063 ], [ 98.279475, 4.38749 ], [ 98.279475, 4.387397 ], [ 98.279436933000042, 4.387295194000047 ], [ 98.279418033000084, 4.387246084000067 ], [ 98.279356223000022, 4.387229257000075 ], [ 98.279311, 4.387217 ], [ 98.279310815000088, 4.387216785000044 ], [ 98.279221661000079, 4.387113251000074 ], [ 98.279218, 4.387109 ], [ 98.279247, 4.387016 ], [ 98.279347, 4.386901 ], [ 98.279433, 4.3868580000001 ], [ 98.279497, 4.38675 ], [ 98.279497, 4.386679 ], [ 98.279483, 4.3866 ], [ 98.279355, 4.38647 ], [ 98.279197, 4.38637 ], [ 98.279018, 4.386254 ], [ 98.27899, 4.38614 ], [ 98.278963705000081, 4.386094446000077 ], [ 98.278919, 4.386017 ], [ 98.278848595000071, 4.385865630000061 ], [ 98.278818318000049, 4.385801490000086 ], [ 98.278704, 4.385716 ], [ 98.278619320000075, 4.385640359000055 ], [ 98.278526, 4.385557 ], [ 98.278447, 4.385478 ], [ 98.27834, 4.385392 ], [ 98.27824, 4.385313 ], [ 98.27799, 4.385004 ], [ 98.277868, 4.384882 ], [ 98.27784, 4.384817 ], [ 98.277826, 4.384781 ], [ 98.277782, 4.384746 ], [ 98.27751814800007, 4.384444169000057 ], [ 98.2775181250001, 4.384444143000061 ], [ 98.277518, 4.384444 ], [ 98.277414540000066, 4.384250259000049 ], [ 98.277361, 4.38415 ], [ 98.277360067000089, 4.384142894000028 ], [ 98.277311, 4.383769 ], [ 98.27729, 4.383274 ], [ 98.2772760000001, 4.382836 ], [ 98.277265401000093, 4.382596769000028 ], [ 98.277262, 4.38252 ], [ 98.277258401000054, 4.382472009000031 ], [ 98.277241, 4.38224 ], [ 98.277284, 4.381895 ], [ 98.277271041000063, 4.381290577000079 ], [ 98.27727, 4.381242 ], [ 98.277279624000059, 4.381140148000075 ], [ 98.277306, 4.380861 ], [ 98.277334039000039, 4.380562242000051 ], [ 98.27733213900008, 4.380525637000065 ], [ 98.277305564000073, 4.380280765000108 ], [ 98.277293, 4.380165 ], [ 98.277171, 4.379928 ], [ 98.277171281000051, 4.379863428000015 ], [ 98.277172, 4.379698 ], [ 98.277193, 4.379432 ], [ 98.277236, 4.379253 ], [ 98.277351, 4.379045 ], [ 98.277444, 4.378887 ], [ 98.277609, 4.378765 ], [ 98.277673774000064, 4.378700226000054 ], [ 98.277702, 4.378672 ], [ 98.277666, 4.378514 ], [ 98.277566, 4.378391 ], [ 98.277536093000037, 4.378349516000076 ], [ 98.277473, 4.378262 ], [ 98.277488, 4.37814 ], [ 98.277703, 4.378018 ], [ 98.277738, 4.377939 ], [ 98.277718594000092, 4.377882366000038 ], [ 98.277689, 4.377796 ], [ 98.277601213000096, 4.377703562000021 ], [ 98.277538, 4.377637 ], [ 98.277458165000056, 4.377551177000045 ], [ 98.277338, 4.377422 ], [ 98.277231, 4.377292 ], [ 98.277215421000065, 4.377255769000052 ], [ 98.277188, 4.377192 ], [ 98.277177176000066, 4.377151280000025 ], [ 98.277167, 4.377113 ], [ 98.277158695000097, 4.376971025000078 ], [ 98.277146, 4.376754 ], [ 98.277196, 4.376582 ], [ 98.277325, 4.376295 ], [ 98.277454, 4.376187 ], [ 98.277576, 4.37618 ], [ 98.277697913000054, 4.376206106000061 ], [ 98.277761, 4.376273 ], [ 98.277904, 4.376432 ], [ 98.278019, 4.37659 ], [ 98.278148007000084, 4.376646058000083 ], [ 98.278205, 4.376597 ], [ 98.278226, 4.376425 ], [ 98.278248, 4.376324 ], [ 98.278248, 4.37613 ], [ 98.278305, 4.375936 ], [ 98.27842, 4.375779 ], [ 98.278475, 4.375692 ], [ 98.278480313000045, 4.375684840000091 ], [ 98.278613, 4.375506 ], [ 98.278715753000085, 4.375239932000075 ], [ 98.278915, 4.374724000000114 ], [ 98.279058, 4.373984 ], [ 98.279216, 4.373683 ], [ 98.279178418000072, 4.373594725000051 ], [ 98.279112104000035, 4.373539115000046 ], [ 98.279102, 4.373532 ], [ 98.279083396000047, 4.373506161000046 ], [ 98.279066145000073, 4.373482202000062 ], [ 98.279066, 4.373482 ], [ 98.279073, 4.373388 ], [ 98.279073, 4.373288 ], [ 98.279031568000079, 4.373223879000027 ], [ 98.279031553000053, 4.37322385600003 ], [ 98.279031, 4.373223 ], [ 98.278995, 4.372964 ], [ 98.279045, 4.37257 ], [ 98.279096, 4.372297 ], [ 98.279096, 4.372067 ], [ 98.279103, 4.371809 ], [ 98.279061, 4.371586 ], [ 98.279068, 4.371335 ], [ 98.279068, 4.371098 ], [ 98.278976, 4.370803 ], [ 98.27889691500009, 4.370570491000017 ], [ 98.278876, 4.370509 ], [ 98.278856242000089, 4.370477620000027 ], [ 98.278740114000072, 4.370293182000073 ], [ 98.278554, 4.370178 ], [ 98.278491710000083, 4.37015319000009 ], [ 98.278318, 4.370084 ], [ 98.278196762000064, 4.370043283000022 ], [ 98.278106501000082, 4.370012842000055 ], [ 98.278106476000076, 4.370012833000051 ], [ 98.278104, 4.370012 ], [ 98.278083972000061, 4.36999986500005 ], [ 98.277868, 4.369869 ], [ 98.277739, 4.369711 ], [ 98.277747935000065, 4.369651225000072 ], [ 98.277768, 4.369517 ], [ 98.277854, 4.369366 ], [ 98.278026, 4.369208 ], [ 98.278205, 4.369115 ], [ 98.278477, 4.369058 ], [ 98.27867, 4.369001 ], [ 98.278773903000058, 4.368955254000094 ], [ 98.278963, 4.368872 ], [ 98.279214, 4.368793 ], [ 98.27945, 4.368628 ], [ 98.279629, 4.36847 ], [ 98.279794, 4.368241 ], [ 98.279850237000062, 4.36814969100007 ], [ 98.279887, 4.36809 ], [ 98.279899350000051, 4.368043810000103 ], [ 98.279937, 4.367903 ], [ 98.280281, 4.367494 ], [ 98.280331, 4.367394 ], [ 98.2803380000001, 4.367221 ], [ 98.28031, 4.367121 ], [ 98.280282573000093, 4.36710019400004 ], [ 98.280281, 4.367099 ], [ 98.280281, 4.366977 ], [ 98.280331, 4.366841 ], [ 98.280453, 4.366697 ], [ 98.280561, 4.366604 ], [ 98.280659988000082, 4.366464307000056 ], [ 98.280670834000048, 4.366421222000063 ], [ 98.280682, 4.366296 ], [ 98.280683, 4.366152 ], [ 98.280755463000048, 4.365989932000064 ], [ 98.280775597000058, 4.365944902000019 ], [ 98.280776, 4.365944 ], [ 98.280835485000068, 4.365848086000033 ], [ 98.280905, 4.365736 ], [ 98.280905433000058, 4.365735464000086 ], [ 98.280998, 4.365621 ], [ 98.281041, 4.365406 ], [ 98.281127, 4.36519 ], [ 98.281184722000049, 4.364983164000027 ], [ 98.281199, 4.364932 ], [ 98.281199, 4.364659 ], [ 98.281199, 4.364508 ], [ 98.281205146000062, 4.364420199000091 ], [ 98.281206, 4.364408 ], [ 98.281257, 4.364041 ], [ 98.281336, 4.36379 ], [ 98.281307, 4.363661 ], [ 98.281236, 4.36341 ], [ 98.281218289000037, 4.363366958000025 ], [ 98.28115, 4.363201000000102 ], [ 98.281124696000077, 4.363097075000056 ], [ 98.281122, 4.363086 ], [ 98.281151, 4.362814 ], [ 98.281158, 4.362591 ], [ 98.281137, 4.362368 ], [ 98.281066, 4.362117 ], [ 98.281109, 4.361894 ], [ 98.281216, 4.361686 ], [ 98.281223, 4.36155 ], [ 98.281231, 4.36132 ], [ 98.281152, 4.361184 ], [ 98.281059, 4.361105 ], [ 98.281131, 4.361018 ], [ 98.281171404000077, 4.360947115000051 ], [ 98.281188, 4.360918 ], [ 98.281188, 4.360774 ], [ 98.281185986000082, 4.360745230000035 ], [ 98.281181, 4.360674 ], [ 98.281120823000052, 4.360590679000049 ], [ 98.281103107000035, 4.360566148000027 ], [ 98.281103, 4.360566 ], [ 98.281103000000101, 4.360458 ], [ 98.281153, 4.360336 ], [ 98.281159733000038, 4.360283409000036 ], [ 98.281146, 4.36015 ], [ 98.281103, 4.359977 ], [ 98.281097622000061, 4.359942617000057 ], [ 98.281075, 4.359798 ], [ 98.281046, 4.35969 ], [ 98.281046565000054, 4.35967933000008 ], [ 98.281046648000085, 4.359677778000048 ], [ 98.281054, 4.359539 ], [ 98.281054478000044, 4.359536329000052 ], [ 98.28109, 4.359338 ], [ 98.281133, 4.359087 ], [ 98.281255, 4.358793 ], [ 98.281255, 4.358635 ], [ 98.281255, 4.35847 ], [ 98.281255, 4.358218 ], [ 98.28124714500008, 4.357936330000039 ], [ 98.281241, 4.357716 ], [ 98.281253158000084, 4.357529202000018 ], [ 98.281263, 4.357378 ], [ 98.281293662000067, 4.357196142000032 ], [ 98.281321, 4.357034 ], [ 98.281324628000064, 4.356995476000085 ], [ 98.281342, 4.356811 ], [ 98.281364, 4.356588 ], [ 98.281393, 4.356416 ], [ 98.281457, 4.356301 ], [ 98.2814860000001, 4.356172 ], [ 98.281501, 4.355957 ], [ 98.281542726000055, 4.355836213000052 ], [ 98.281558, 4.355792 ], [ 98.281596894000074, 4.355726571000045 ], [ 98.281665, 4.355612 ], [ 98.28178, 4.355497 ], [ 98.281787, 4.355411 ], [ 98.281795, 4.355246 ], [ 98.281845, 4.35521 ], [ 98.281851930000087, 4.35521752400008 ], [ 98.281852193000077, 4.355217392000052 ], [ 98.28188, 4.355248000000104 ], [ 98.281888744000085, 4.355216271000069 ], [ 98.281900061000059, 4.355187817000082 ], [ 98.281902, 4.355081 ], [ 98.281902, 4.354966 ], [ 98.281874, 4.354837 ], [ 98.281817108000041, 4.35468628500008 ], [ 98.281817, 4.354686 ], [ 98.281888, 4.354435 ], [ 98.282003, 4.354169 ], [ 98.281998800000068, 4.354091594000064 ], [ 98.281996, 4.35404 ], [ 98.281996276000086, 4.35403952700006 ], [ 98.282017, 4.354004 ], [ 98.282053, 4.353997 ], [ 98.282056502000046, 4.353998140000083 ], [ 98.282093752000037, 4.354006971000037 ], [ 98.282095736000088, 4.354010914000084 ], [ 98.282096, 4.354011 ], [ 98.282132, 4.354083 ], [ 98.28217502800004, 4.354088188000071 ], [ 98.28220673800007, 4.354049376000034 ], [ 98.282224655000064, 4.354026441000033 ], [ 98.282212706000067, 4.354004803000083 ], [ 98.282196, 4.353976 ], [ 98.282125, 4.353918 ], [ 98.282096, 4.353875 ], [ 98.282033424000076, 4.353762363000047 ], [ 98.281996, 4.3536950000001 ], [ 98.281882, 4.353537 ], [ 98.281825, 4.353386 ], [ 98.281807745000037, 4.353345873000025 ], [ 98.281782, 4.353286 ], [ 98.281781557000045, 4.35328088400008 ], [ 98.281754, 4.352963 ], [ 98.281786148000037, 4.352558472000052 ], [ 98.28179, 4.35251 ], [ 98.281783, 4.352173 ], [ 98.281778019000058, 4.352078354000068 ], [ 98.281769, 4.351907 ], [ 98.281827, 4.351677 ], [ 98.281898, 4.351347 ], [ 98.281949, 4.351039 ], [ 98.281978, 4.350773 ], [ 98.282006, 4.3505 ], [ 98.282121, 4.35017 ], [ 98.282121658000051, 4.349957361000058 ], [ 98.282122, 4.349847 ], [ 98.282124981000052, 4.349806265000038 ], [ 98.282143, 4.34956 ], [ 98.282128195000055, 4.349387277000065 ], [ 98.282120484000075, 4.34930103500005 ], [ 98.282108, 4.349186 ], [ 98.282122, 4.348992 ], [ 98.282087403000048, 4.34896118700004 ], [ 98.282056908000072, 4.348934495000051 ], [ 98.281965, 4.348892 ], [ 98.281886, 4.348884 ], [ 98.281708, 4.348863 ], [ 98.281529, 4.348798 ], [ 98.281490858000055, 4.348797202000062 ], [ 98.281264, 4.34879 ], [ 98.281236288000073, 4.348812894000041 ], [ 98.281139487000075, 4.348825378000091 ], [ 98.281135, 4.348826 ], [ 98.281035, 4.348776 ], [ 98.280952147000065, 4.348741318000058 ], [ 98.280949, 4.34874 ], [ 98.280913908000059, 4.348720928000075 ], [ 98.280857, 4.34869 ], [ 98.280753866000069, 4.348663992000074 ], [ 98.280742, 4.348661 ], [ 98.280663, 4.348639 ], [ 98.280613518000052, 4.348603373000082 ], [ 98.280551118000048, 4.348586498000023 ], [ 98.280478, 4.348567 ], [ 98.28043247100004, 4.348550287000045 ], [ 98.280399931000034, 4.348538342000058 ], [ 98.280399, 4.348538000000118 ], [ 98.280343888000061, 4.348489656000023 ], [ 98.280285, 4.348438 ], [ 98.280192496000041, 4.348410704000074 ], [ 98.280163, 4.348402 ], [ 98.280151969000087, 4.348397002000097 ], [ 98.280099, 4.348373 ], [ 98.280056201000036, 4.348349356000032 ], [ 98.279956, 4.348294 ], [ 98.279734, 4.348222 ], [ 98.279634, 4.348186 ], [ 98.279498, 4.348121 ], [ 98.279469322000068, 4.34809699000006 ], [ 98.279412, 4.348049 ], [ 98.279300599000081, 4.348027 ], [ 98.279226, 4.348027 ], [ 98.27914, 4.348027 ], [ 98.279073012000083, 4.348027 ], [ 98.279069, 4.348027 ], [ 98.278918325000063, 4.347951312000042 ], [ 98.278854, 4.347919 ], [ 98.278668902000049, 4.347833417000056 ], [ 98.278668, 4.347833 ], [ 98.278468930000088, 4.347482009000038 ], [ 98.278442815000062, 4.347435963000071 ], [ 98.27844, 4.347431 ], [ 98.278369, 4.347028 ], [ 98.278369, 4.346957257000053 ], [ 98.278369, 4.346605 ], [ 98.278398, 4.346325 ], [ 98.278413, 4.34598 ], [ 98.278442, 4.345485 ], [ 98.278391088000049, 4.345219518000032 ], [ 98.278186, 4.344149 ], [ 98.278101855000045, 4.344015096000024 ], [ 98.278070755000044, 4.343961874000064 ], [ 98.278044299000044, 4.34389990500005 ], [ 98.278028, 4.343862 ], [ 98.278043, 4.343704 ], [ 98.27805, 4.343546 ], [ 98.278072, 4.343438 ], [ 98.278072, 4.343316 ], [ 98.278058, 4.343165 ], [ 98.278058, 4.342971 ], [ 98.278045249000073, 4.342925924000054 ], [ 98.277981893000074, 4.342709786000082 ], [ 98.277872, 4.34249 ], [ 98.277687, 4.342224 ], [ 98.277615, 4.342181 ], [ 98.277601, 4.342095 ], [ 98.277572, 4.341994 ], [ 98.277544, 4.341887 ], [ 98.277508, 4.341635 ], [ 98.277509, 4.341449 ], [ 98.277509, 4.341326 ], [ 98.277416, 4.341089 ], [ 98.277388000000101, 4.34091 ], [ 98.277381, 4.340558 ], [ 98.277388000000116, 4.340364 ], [ 98.277417, 4.34017 ], [ 98.27746, 4.339955 ], [ 98.27751, 4.33974 ], [ 98.277532, 4.339539 ], [ 98.2775460000001, 4.33933 ], [ 98.277547, 4.33905 ], [ 98.277554, 4.338734 ], [ 98.277554, 4.338526 ], [ 98.277569, 4.338318 ], [ 98.277619, 4.338153 ], [ 98.277641000000102, 4.337988 ], [ 98.277677, 4.337851 ], [ 98.277763, 4.337679 ], [ 98.27782, 4.337514 ], [ 98.277856, 4.337406 ], [ 98.277899, 4.33732 ], [ 98.277985, 4.337177 ], [ 98.278071, 4.337048 ], [ 98.278078, 4.336911 ], [ 98.278014, 4.336688 ], [ 98.277957, 4.336466 ], [ 98.277957, 4.336157 ], [ 98.2779, 4.336035 ], [ 98.277886, 4.335913 ], [ 98.277893, 4.335798 ], [ 98.277943, 4.335733 ], [ 98.277979, 4.335712 ], [ 98.278056400000096, 4.335685900000053 ], [ 98.278129, 4.335647 ], [ 98.278215, 4.335583 ], [ 98.278222, 4.335439 ], [ 98.278208, 4.335332 ], [ 98.27818, 4.335209 ], [ 98.278137, 4.334929 ], [ 98.278145, 4.334685 ], [ 98.278152, 4.33452 ], [ 98.278159, 4.334305 ], [ 98.278124, 4.33414 ], [ 98.278159, 4.334003 ], [ 98.278188, 4.333967 ], [ 98.278238, 4.333917 ], [ 98.27821, 4.333831 ], [ 98.278138, 4.333723 ], [ 98.278117, 4.333658000000111 ], [ 98.278167, 4.333544 ], [ 98.27821, 4.333422 ], [ 98.278239, 4.333307 ], [ 98.278253, 4.333221 ], [ 98.278268, 4.333127 ], [ 98.278268, 4.333041 ], [ 98.278239, 4.332912 ], [ 98.278246, 4.332826 ], [ 98.2782890000001, 4.332682 ], [ 98.278347, 4.332596 ], [ 98.278418, 4.332503 ], [ 98.27849, 4.332445 ], [ 98.278554, 4.332395 ], [ 98.278655, 4.332338 ], [ 98.278698, 4.332338 ], [ 98.27874, 4.332338 ], [ 98.278805, 4.332338 ], [ 98.27884, 4.332417 ], [ 98.27889, 4.332496 ], [ 98.27894, 4.332582 ], [ 98.278993508000028, 4.332661 ], [ 98.279026, 4.332661 ], [ 98.279028468000035, 4.33266411700003 ], [ 98.279083188000072, 4.332733076000066 ], [ 98.279119852000065, 4.332747843000066 ], [ 98.279155, 4.332762 ], [ 98.279265090000081, 4.33279000500006 ], [ 98.279384, 4.332769 ], [ 98.279441, 4.33269 ], [ 98.279471368000046, 4.332628457000081 ], [ 98.279498, 4.33254 ], [ 98.27950904100004, 4.332498880000046 ], [ 98.279527, 4.332432 ], [ 98.279534, 4.332367 ], [ 98.279556, 4.332181 ], [ 98.279556, 4.332023 ], [ 98.279556, 4.331865 ], [ 98.279542, 4.331735 ], [ 98.279535, 4.331606 ], [ 98.279507, 4.331384 ], [ 98.279464, 4.331068 ], [ 98.279381478000062, 4.330710403000079 ], [ 98.279371, 4.330665 ], [ 98.279265, 4.330263 ], [ 98.279086, 4.329875 ], [ 98.278872, 4.329351 ], [ 98.278544, 4.328769 ], [ 98.278201632000062, 4.328261938000042 ], [ 98.278122, 4.328144 ], [ 98.277793, 4.327706 ], [ 98.277641413000097, 4.327560206000063 ], [ 98.277636000000101, 4.327555 ], [ 98.277584026000071, 4.327479318000041 ], [ 98.277522, 4.327389 ], [ 98.276579, 4.326146 ], [ 98.276387655000065, 4.325953379000071 ], [ 98.276279338000066, 4.325844340000055 ], [ 98.276228903000074, 4.325813320000058 ], [ 98.276021, 4.325686 ], [ 98.275904127000047, 4.325579074000079 ], [ 98.275786, 4.325471 ], [ 98.275729978000072, 4.325386364000052 ], [ 98.2756, 4.32519 ], [ 98.275465520000068, 4.324999996000033 ], [ 98.275336, 4.324817 ], [ 98.275094711000079, 4.324504933000062 ], [ 98.275036, 4.324429 ], [ 98.274887920000083, 4.324232942000061 ], [ 98.274786, 4.324098 ], [ 98.274514, 4.323811 ], [ 98.274483507000085, 4.323799390000023 ], [ 98.274078, 4.323645 ], [ 98.273882, 4.323625 ], [ 98.271490367000069, 4.323267342000089 ], [ 98.270913, 4.323181 ], [ 98.270877830000074, 4.323175589000063 ], [ 98.270874, 4.323175 ], [ 98.270581, 4.323118 ], [ 98.270459, 4.322967 ], [ 98.270431, 4.322794 ], [ 98.270416, 4.322644 ], [ 98.270452, 4.3225 ], [ 98.27051, 4.322414 ], [ 98.27056, 4.322357 ], [ 98.27061, 4.32227 ], [ 98.270667, 4.322148 ], [ 98.270639, 4.322012 ], [ 98.270625, 4.321904 ], [ 98.270525, 4.321696 ], [ 98.27036, 4.321516 ], [ 98.270246, 4.321423 ], [ 98.270175, 4.321329 ], [ 98.270082, 4.3212 ], [ 98.269996, 4.321085 ], [ 98.26991, 4.321085 ], [ 98.26981, 4.321035 ], [ 98.269767, 4.320956 ], [ 98.269753, 4.320913 ], [ 98.269446, 4.320094 ], [ 98.26926, 4.319907 ], [ 98.269003, 4.319705 ], [ 98.268674, 4.31926 ], [ 98.26831, 4.31875 ], [ 98.268189, 4.318577 ], [ 98.26801, 4.318283 ], [ 98.26781, 4.317881 ], [ 98.267739, 4.317787 ], [ 98.267603, 4.317485 ], [ 98.267439, 4.317248 ], [ 98.267375, 4.316983 ], [ 98.267533, 4.316581 ], [ 98.267583, 4.316107 ], [ 98.267605, 4.315698 ], [ 98.267569, 4.315382 ], [ 98.267484, 4.315338 ], [ 98.267362, 4.315274 ], [ 98.267291, 4.315209 ], [ 98.267334, 4.315108 ], [ 98.26737, 4.315037 ], [ 98.26737, 4.314943 ], [ 98.267281, 4.314851 ], [ 98.267280256000063, 4.31484776300006 ], [ 98.267239548000077, 4.314671083000065 ], [ 98.267046, 4.313829 ], [ 98.266821, 4.312846 ], [ 98.266842, 4.31276 ], [ 98.266907, 4.31266 ], [ 98.266936, 4.312617 ], [ 98.266936, 4.31253 ], [ 98.266979, 4.312451 ], [ 98.267043, 4.312387 ], [ 98.267093, 4.312322 ], [ 98.2671, 4.312236 ], [ 98.2671, 4.312128 ], [ 98.267108, 4.311978 ], [ 98.267051, 4.31182 ], [ 98.267058, 4.311726 ], [ 98.267052878000086, 4.311703679000074 ], [ 98.267044, 4.311633 ], [ 98.267016974000057, 4.311605804000076 ], [ 98.266908, 4.311496 ], [ 98.266822, 4.311468 ], [ 98.266765, 4.31141 ], [ 98.266645597000036, 4.31136106400005 ], [ 98.266643, 4.31136 ], [ 98.266574722000087, 4.311323322000027 ], [ 98.266522, 4.311295 ], [ 98.266480880000074, 4.311269231000034 ], [ 98.266372, 4.311201 ], [ 98.266315, 4.311115 ], [ 98.266243, 4.311094 ], [ 98.266230632000017, 4.311087672000064 ], [ 98.266157, 4.31105 ], [ 98.266156266000081, 4.311048688000034 ], [ 98.266129, 4.311 ], [ 98.266029, 4.31095 ], [ 98.265925003000063, 4.310928815000083 ], [ 98.265921, 4.310928 ], [ 98.265906589000068, 4.310900397000076 ], [ 98.265887561000056, 4.31086394700006 ], [ 98.26585, 4.310792 ], [ 98.265744741000049, 4.310732450000044 ], [ 98.26567305500005, 4.310683379000078 ], [ 98.265643934000082, 4.310665967000062 ], [ 98.265596736000091, 4.310642829000097 ], [ 98.265564, 4.310626 ], [ 98.265564, 4.310741 ], [ 98.265564, 4.31082 ], [ 98.265519267000059, 4.310868584000064 ], [ 98.265516518000098, 4.31086748200005 ], [ 98.265507, 4.310877 ], [ 98.265339178000048, 4.310796371000078 ], [ 98.265328, 4.310791 ], [ 98.265309587000061, 4.310773973000031 ], [ 98.265235, 4.310705 ], [ 98.265049, 4.310496 ], [ 98.264909537000051, 4.310383127000046 ], [ 98.264792, 4.31028800000011 ], [ 98.264700539000046, 4.310159955000086 ], [ 98.264592, 4.310008 ], [ 98.264392, 4.309778 ], [ 98.264256, 4.309512 ], [ 98.264122971000063, 4.309266169000074 ], [ 98.264085, 4.309196 ], [ 98.263964460000082, 4.308989164000034 ], [ 98.263821, 4.308743 ], [ 98.263714, 4.308478 ], [ 98.263599, 4.30819 ], [ 98.263468937000084, 4.307956537000079 ], [ 98.263399, 4.307831 ], [ 98.263254678000081, 4.307612345000048 ], [ 98.2631, 4.307378 ], [ 98.262871, 4.306969 ], [ 98.26276686600005, 4.306744930000028 ], [ 98.262614, 4.306416000000105 ], [ 98.262568582000085, 4.306274042000045 ], [ 98.262407, 4.305769 ], [ 98.262172, 4.305238 ], [ 98.261929, 4.304627 ], [ 98.261716493000051, 4.304168835000059 ], [ 98.261679, 4.304088 ], [ 98.261479, 4.303887 ], [ 98.261265, 4.303628000000102 ], [ 98.26116079100008, 4.303471126000034 ], [ 98.261079, 4.303348 ], [ 98.261043480000069, 4.303260446000043 ], [ 98.260808, 4.30268 ], [ 98.260589932000073, 4.30209644400002 ], [ 98.260416, 4.301631 ], [ 98.26032320700007, 4.301408915000033 ], [ 98.260116, 4.300913 ], [ 98.259674, 4.299606 ], [ 98.259277920000045, 4.298646376000019 ], [ 98.259253, 4.298586 ], [ 98.259178679000073, 4.298407284000071 ], [ 98.258996, 4.297968 ], [ 98.258926079000062, 4.297889486000053 ], [ 98.25881718400008, 4.29776720700006 ], [ 98.258817, 4.297767 ], [ 98.258789, 4.297623 ], [ 98.258753, 4.29748 ], [ 98.258703796000077, 4.297441908000078 ], [ 98.258654044000082, 4.297427123000038 ], [ 98.258624, 4.297415 ], [ 98.258619141000054, 4.29744629700003 ], [ 98.258599840000045, 4.297455529000063 ], [ 98.258553, 4.297487 ], [ 98.25846, 4.297436 ], [ 98.258428631000072, 4.297376747000065 ], [ 98.258388, 4.2973 ], [ 98.258396, 4.297005 ], [ 98.258396, 4.296869000000114 ], [ 98.25836982400007, 4.296772820000069 ], [ 98.258353, 4.296711 ], [ 98.258308343000067, 4.29664916800008 ], [ 98.258275, 4.296603 ], [ 98.258218, 4.296567 ], [ 98.258146, 4.296538 ], [ 98.258025949000057, 4.296502575000029 ], [ 98.258024, 4.296502 ], [ 98.257975932000093, 4.296459835000077 ], [ 98.257967, 4.296452 ], [ 98.257925307000065, 4.296355038000057 ], [ 98.257896, 4.296294 ], [ 98.257821445000062, 4.296243832000068 ], [ 98.257789, 4.296222 ], [ 98.25771, 4.296157 ], [ 98.257634860000053, 4.296085586000079 ], [ 98.257589, 4.296042 ], [ 98.257546, 4.295992 ], [ 98.257531370000052, 4.295963715000065 ], [ 98.25745642000004, 4.295826118000055 ], [ 98.257367, 4.295662 ], [ 98.256668, 4.294383 ], [ 98.256455222000071, 4.294012203000046 ], [ 98.256396, 4.293909 ], [ 98.256279098000064, 4.293610614000051 ], [ 98.2562530000001, 4.293544 ], [ 98.256144, 4.293179 ], [ 98.255908, 4.292687 ], [ 98.255687, 4.292173 ], [ 98.255544, 4.291951 ], [ 98.255337, 4.291737 ], [ 98.255123, 4.291459 ], [ 98.255002, 4.29128 ], [ 98.254838, 4.290995 ], [ 98.254738, 4.290709 ], [ 98.254681, 4.290516 ], [ 98.254588, 4.290302 ], [ 98.254560765000065, 4.290189819000044 ], [ 98.25453785100008, 4.29009487400005 ], [ 98.254504991000033, 4.290067069000036 ], [ 98.254395, 4.289974 ], [ 98.254299384000049, 4.289943769000043 ], [ 98.254259, 4.289931 ], [ 98.25418780800004, 4.289867191000044 ], [ 98.254124, 4.28981 ], [ 98.253992935000056, 4.289740180000037 ], [ 98.25391, 4.289696 ], [ 98.253907942000069, 4.289694372000064 ], [ 98.253738, 4.28956 ], [ 98.253553, 4.289439 ], [ 98.253512249000039, 4.289398249000036 ], [ 98.253417, 4.289303 ], [ 98.253075984000091, 4.289118306000038 ], [ 98.252780324000085, 4.288958175000065 ], [ 98.252106, 4.289295 ], [ 98.25102, 4.290505 ], [ 98.249813, 4.292077 ], [ 98.248726, 4.293528 ], [ 98.247038, 4.294252 ], [ 98.2458244460001, 4.294322445000051 ], [ 98.244988, 4.294371 ], [ 98.244108354000048, 4.293991923000037 ], [ 98.243301631000065, 4.293644272000058 ], [ 98.243301, 4.293644 ], [ 98.241976, 4.292311 ], [ 98.241910203000032, 4.292264642000047 ], [ 98.240771, 4.291462 ], [ 98.240169737000087, 4.290705948000046 ], [ 98.239326, 4.289645 ], [ 98.239198217000094, 4.288215229000075 ], [ 98.239088, 4.286982 ], [ 98.238969, 4.285046 ], [ 98.23897, 4.283956 ], [ 98.238368, 4.283351 ], [ 98.236921, 4.28347 ], [ 98.235836, 4.28359 ], [ 98.234871, 4.28371 ], [ 98.232941, 4.284313 ], [ 98.232218, 4.284313 ], [ 98.23065, 4.284553 ], [ 98.229888522000067, 4.285316056000069 ], [ 98.22968502100008, 4.285520170000077 ], [ 98.229698856000098, 4.285631890000064 ], [ 98.229805, 4.286489 ], [ 98.230286, 4.2877 ], [ 98.230646, 4.289031 ], [ 98.230671555000072, 4.289394995000099 ], [ 98.230765, 4.290726 ], [ 98.230643, 4.291694 ], [ 98.230642736000064, 4.291694189000049 ], [ 98.229799, 4.292298000000106 ], [ 98.228834, 4.292297000000113 ], [ 98.228344279000069, 4.292050446000071 ], [ 98.228111, 4.291933 ], [ 98.226956419000047, 4.291003774000067 ], [ 98.226907, 4.290964 ], [ 98.225822, 4.290358 ], [ 98.224961078000035, 4.289806360000085 ], [ 98.224497, 4.289509 ], [ 98.224223703000064, 4.289188452000073 ], [ 98.223774, 4.288661 ], [ 98.222931695000071, 4.287934599000055 ], [ 98.222087, 4.287812 ], [ 98.221243, 4.288295 ], [ 98.220519, 4.289021 ], [ 98.219915, 4.289989 ], [ 98.219553, 4.290593 ], [ 98.21907, 4.290714 ], [ 98.218227, 4.29035 ], [ 98.217341883000074, 4.289459741000032 ], [ 98.217022453000084, 4.289138455000086 ], [ 98.217022, 4.289138 ], [ 98.216730498000075, 4.288634969000041 ], [ 98.21618, 4.287685 ], [ 98.215654265000083, 4.287244342000074 ], [ 98.215458053000091, 4.287079882000065 ], [ 98.214372, 4.287078 ], [ 98.213768, 4.288409 ], [ 98.213284, 4.289619 ], [ 98.212559, 4.29107 ], [ 98.211593, 4.292401 ], [ 98.21111, 4.293247 ], [ 98.210936717000052, 4.294047386000083 ], [ 98.210920432000094, 4.294105900000029 ], [ 98.210868, 4.294336 ], [ 98.211228, 4.295789 ], [ 98.211951, 4.296879 ], [ 98.212188690000076, 4.297118336000058 ], [ 98.212673, 4.297606 ], [ 98.212641613000088, 4.29772512900009 ], [ 98.212433797000088, 4.298443211000088 ], [ 98.212431, 4.298453 ], [ 98.211128332000044, 4.298778892000043 ], [ 98.210984604000046, 4.298814849000054 ], [ 98.210984, 4.298815 ], [ 98.210806584000068, 4.298814774000069 ], [ 98.209417000000101, 4.298813 ], [ 98.209077926000077, 4.298739681000024 ], [ 98.207911114000083, 4.298487379000092 ], [ 98.207730177000101, 4.298448255000076 ], [ 98.2077290000001, 4.298448 ], [ 98.207595101000038, 4.298397440000033 ], [ 98.206765, 4.298084 ], [ 98.205814058000044, 4.297724931000076 ], [ 98.205801, 4.29772 ], [ 98.204716593000072, 4.297235265000049 ], [ 98.20339, 4.297355 ], [ 98.202425, 4.297838 ], [ 98.201700000000102, 4.298805 ], [ 98.201217, 4.300136 ], [ 98.200975, 4.300741 ], [ 98.199528, 4.301345 ], [ 98.199046, 4.30086 ], [ 98.199040652000079, 4.300822251000071 ], [ 98.1989260000001, 4.300013 ], [ 98.199048, 4.298681 ], [ 98.198809, 4.296745 ], [ 98.198931000000101, 4.295777 ], [ 98.198932, 4.294808 ], [ 98.19845, 4.294445 ], [ 98.197605, 4.294807 ], [ 98.197384, 4.295103 ], [ 98.197053, 4.295161 ], [ 98.196572, 4.295613 ], [ 98.195333, 4.297246 ], [ 98.195029, 4.297421 ], [ 98.194794, 4.297204 ], [ 98.194401, 4.296566 ], [ 98.194391, 4.296173 ], [ 98.194470000000109, 4.29553 ], [ 98.194624, 4.295069 ], [ 98.194485275000034, 4.29460592000005 ], [ 98.194302, 4.294356 ], [ 98.193942530000086, 4.294044063000052 ], [ 98.193261, 4.293825 ], [ 98.193200107000052, 4.293811847000038 ], [ 98.193087893000055, 4.293787609000025 ], [ 98.192636, 4.29369 ], [ 98.192292, 4.293479 ], [ 98.191901000000101, 4.293428 ], [ 98.191389, 4.293362 ], [ 98.191133728000082, 4.293288833000085 ], [ 98.191075, 4.293272 ], [ 98.190879882000061, 4.293216180000097 ], [ 98.190687, 4.293161 ], [ 98.190565104000086, 4.29314638300002 ], [ 98.19022, 4.293105 ], [ 98.190080722000062, 4.293088644000016 ], [ 98.189819, 4.293071 ], [ 98.189496, 4.293049 ], [ 98.189272, 4.293034 ], [ 98.189044805000037, 4.293025183000065 ], [ 98.188937, 4.293021 ], [ 98.188858680000081, 4.293017825000073 ], [ 98.188567, 4.293006 ], [ 98.18832194900007, 4.293019564000098 ], [ 98.188110266000081, 4.293030334000044 ], [ 98.188079, 4.293032 ], [ 98.187981, 4.293005 ], [ 98.187393, 4.292842 ], [ 98.187223380000049, 4.292797390000029 ], [ 98.186766, 4.292674 ], [ 98.186082078000098, 4.292500296000091 ], [ 98.185686040000064, 4.292398681000059 ], [ 98.18555, 4.292364 ], [ 98.184742, 4.292158 ], [ 98.184621036000081, 4.292105479000062 ], [ 98.184157, 4.291904 ], [ 98.183350000000104, 4.291553 ], [ 98.182811758000071, 4.291412135000058 ], [ 98.182731, 4.291391 ], [ 98.182571937000063, 4.291349049000105 ], [ 98.182276, 4.291271 ], [ 98.181965088000084, 4.291189875000062 ], [ 98.181498, 4.291068 ], [ 98.181052, 4.290961 ], [ 98.180981700000089, 4.290944676000068 ], [ 98.180518, 4.290837000000106 ], [ 98.180427659000017, 4.290816320000045 ], [ 98.180186, 4.290761 ], [ 98.180014, 4.290721 ], [ 98.179371, 4.290569 ], [ 98.178475, 4.290324 ], [ 98.17787, 4.290159 ], [ 98.177755132000087, 4.290138231000093 ], [ 98.177599, 4.29011 ], [ 98.177465057000063, 4.290085724000074 ], [ 98.176915980000047, 4.28998621000007 ], [ 98.176628587000039, 4.289934124000084 ], [ 98.176501, 4.289911000000103 ], [ 98.175293, 4.289693 ], [ 98.17442, 4.289533 ], [ 98.17428658500009, 4.289508743000063 ], [ 98.173925, 4.289443 ], [ 98.173577086000094, 4.289433915000086 ], [ 98.173273391000052, 4.289426536000084 ], [ 98.172788639000061, 4.289414625000088 ], [ 98.172751192000078, 4.289414240000064 ], [ 98.17203166600008, 4.2893716730001 ], [ 98.171212, 4.289323 ], [ 98.169973000000113, 4.289284 ], [ 98.16953, 4.289275 ], [ 98.169369, 4.28924 ], [ 98.169250019000074, 4.289213912000055 ], [ 98.16910386800005, 4.28918207300006 ], [ 98.168689548000046, 4.289090825000091 ], [ 98.168121, 4.288966 ], [ 98.167928590000102, 4.288924614000066 ], [ 98.167591, 4.288852 ], [ 98.166708, 4.28867 ], [ 98.165749, 4.288479 ], [ 98.165499124000078, 4.288429194000046 ], [ 98.165450485000079, 4.28841956300007 ], [ 98.165200000000112, 4.288376 ], [ 98.164376, 4.288235 ], [ 98.163498, 4.288067 ], [ 98.163157, 4.28812 ], [ 98.162277, 4.288292 ], [ 98.161354, 4.288445 ], [ 98.161167, 4.28844 ], [ 98.160323, 4.288417 ], [ 98.15961, 4.28846 ], [ 98.159125, 4.288471 ], [ 98.158781562000058, 4.288470248000074 ], [ 98.158662452000058, 4.288471183000095 ], [ 98.158288000000113, 4.288551 ], [ 98.157175, 4.288876 ], [ 98.157018, 4.288954 ], [ 98.156897795000091, 4.289015426000042 ], [ 98.156382, 4.289279 ], [ 98.156224187000092, 4.289388891000055 ], [ 98.156191, 4.289412 ], [ 98.156040174000069, 4.289521970000062 ], [ 98.155748, 4.289735 ], [ 98.155549786000066, 4.289942023000032 ], [ 98.155523, 4.28997 ], [ 98.155192, 4.290317 ], [ 98.154928, 4.290731 ], [ 98.154704280000061, 4.291084562000073 ], [ 98.154561620000052, 4.291310020000036 ], [ 98.154561, 4.291311 ], [ 98.154552, 4.291084 ], [ 98.154493, 4.289628 ], [ 98.154454, 4.288683 ], [ 98.154417017000085, 4.287190696000017 ], [ 98.154417, 4.28719 ], [ 98.154423396000098, 4.287111914000039 ], [ 98.154441000000105, 4.286897 ], [ 98.15444747700009, 4.28682575400008 ], [ 98.154495, 4.286303 ], [ 98.154591, 4.285214 ], [ 98.154606889000036, 4.285114563000035 ], [ 98.154754098000083, 4.284193325000055 ], [ 98.154808, 4.283856 ], [ 98.155089056000065, 4.282131868000056 ], [ 98.155098, 4.282077 ], [ 98.155266, 4.280567 ], [ 98.15535, 4.279833 ], [ 98.155389, 4.279666 ], [ 98.155614161000088, 4.278605333000037 ], [ 98.155669, 4.278347 ], [ 98.15570236800005, 4.278250445000024 ], [ 98.155904, 4.277667 ], [ 98.156191, 4.276773 ], [ 98.156437, 4.276017 ], [ 98.156543350000049, 4.275424823000034 ], [ 98.156569, 4.275282 ], [ 98.156664, 4.274752 ], [ 98.15665, 4.274027 ], [ 98.156614, 4.273321 ], [ 98.156540101000076, 4.273031408000084 ], [ 98.156454, 4.272694 ], [ 98.156423701000065, 4.272576172000083 ], [ 98.1564, 4.272484 ], [ 98.156298754000034, 4.272092427000071 ], [ 98.156069, 4.271727 ], [ 98.156005226000048, 4.271635059000058 ], [ 98.155940971000078, 4.271542425000069 ], [ 98.155829, 4.271381 ], [ 98.155810467000038, 4.271293241000035 ], [ 98.155761, 4.271059 ], [ 98.15564, 4.270589 ], [ 98.155529, 4.270221 ], [ 98.155061, 4.269324 ], [ 98.155042019000078, 4.269286539000074 ], [ 98.15472, 4.268651 ], [ 98.154516046000111, 4.26821081100008 ], [ 98.154442, 4.268051 ], [ 98.15418, 4.267484 ], [ 98.153851, 4.266839 ], [ 98.153443, 4.266064 ], [ 98.153124, 4.265456 ], [ 98.152847, 4.264931 ], [ 98.15237, 4.264451 ], [ 98.151786, 4.263864 ], [ 98.151488, 4.263564 ], [ 98.151289, 4.263421 ], [ 98.150085, 4.262556 ], [ 98.149996689000062, 4.262492692000031 ], [ 98.149872391000088, 4.262403585000093 ], [ 98.149534, 4.262161 ], [ 98.149113, 4.261952000000105 ], [ 98.148448, 4.261621 ], [ 98.14819118200009, 4.261493548000048 ], [ 98.147914370000095, 4.261356173000033 ], [ 98.147777, 4.261288 ], [ 98.147043, 4.260923 ], [ 98.146947260000047, 4.260886407000053 ], [ 98.146627, 4.260764 ], [ 98.146391137000094, 4.260673340000058 ], [ 98.145654, 4.26039 ], [ 98.144847648000052, 4.260081015000022 ], [ 98.14480299800006, 4.260067884000026 ], [ 98.144637, 4.26002 ], [ 98.14452719100008, 4.259988527000111 ], [ 98.144159, 4.259883 ], [ 98.14358225400008, 4.2597171080001 ], [ 98.143415, 4.259669 ], [ 98.143058605000078, 4.259568027000071 ], [ 98.142342, 4.259365 ], [ 98.142228161000048, 4.259334029000068 ], [ 98.141975379000101, 4.259265257000065 ], [ 98.141526, 4.259143 ], [ 98.140644, 4.258902 ], [ 98.140064, 4.258744 ], [ 98.139671, 4.258681 ], [ 98.138925276000066, 4.258562044000056 ], [ 98.138288, 4.258552 ], [ 98.137049, 4.258534 ], [ 98.136447, 4.258525 ], [ 98.136293, 4.258485 ], [ 98.135464268000078, 4.258269856000028 ], [ 98.135226, 4.258208 ], [ 98.135126227000072, 4.258177224000057 ], [ 98.134623, 4.258022 ], [ 98.13352, 4.257682 ], [ 98.133057031000092, 4.257539080000088 ], [ 98.132911, 4.257494 ], [ 98.132526576000032, 4.257375179000084 ], [ 98.132526, 4.257375 ], [ 98.131548, 4.257073 ], [ 98.131086, 4.256929 ], [ 98.1303235540001, 4.256689856000063 ], [ 98.130273, 4.256674 ], [ 98.129999210000065, 4.256586778000061 ], [ 98.129573, 4.256451 ], [ 98.128963, 4.256401 ], [ 98.128231262000057, 4.256340224000049 ], [ 98.127958401000072, 4.25631756200005 ], [ 98.127759, 4.256301 ], [ 98.1275, 4.25628 ], [ 98.12699, 4.256238 ], [ 98.126523711000075, 4.256178200000049 ], [ 98.126374, 4.256159 ], [ 98.124616, 4.255934 ], [ 98.12409991300008, 4.255868256000047 ], [ 98.123674, 4.255814 ], [ 98.123275, 4.255856 ], [ 98.122970293000037, 4.255889423000054 ], [ 98.122728, 4.255916 ], [ 98.122723932000042, 4.255915678000059 ], [ 98.122337, 4.255885 ], [ 98.121654160000062, 4.255822061000058 ], [ 98.121545, 4.255812 ], [ 98.121284580000065, 4.255741950000075 ], [ 98.121229, 4.255727 ], [ 98.119975, 4.25539 ], [ 98.119651, 4.25541 ], [ 98.118586253000046, 4.255475552000063 ], [ 98.118514, 4.25548 ], [ 98.118485603000082, 4.255481732000029 ], [ 98.11835, 4.25549 ], [ 98.118179598000054, 4.255500336000076 ], [ 98.118135731000066, 4.255502997000059 ], [ 98.118092642000107, 4.255505610000053 ], [ 98.11774, 4.255527 ], [ 98.117597932000081, 4.255508857000049 ], [ 98.117453692000083, 4.25549043700007 ], [ 98.117265936000109, 4.255470560000032 ], [ 98.116484, 4.255421 ], [ 98.115755, 4.255405 ], [ 98.114843, 4.255384 ], [ 98.11458482500008, 4.255304089000041 ], [ 98.114549, 4.255293 ], [ 98.113703, 4.25503 ], [ 98.112743, 4.254627 ], [ 98.112573088000048, 4.254555829000026 ], [ 98.111948, 4.254294 ], [ 98.111195, 4.253941 ], [ 98.11106, 4.253873 ], [ 98.11093181600009, 4.253808016000058 ], [ 98.110198, 4.253436 ], [ 98.109542837000063, 4.253102967000073 ], [ 98.109537, 4.2531 ], [ 98.108743, 4.252697 ], [ 98.108141847000084, 4.252392676000063 ], [ 98.107941, 4.252291 ], [ 98.107594223000035, 4.252114622000025 ], [ 98.107321, 4.252023 ], [ 98.10683, 4.251941 ], [ 98.105823, 4.252263 ], [ 98.104929, 4.252549 ], [ 98.103693, 4.252945 ], [ 98.103026980000038, 4.253158542000048 ], [ 98.103027060000045, 4.253157981000108 ], [ 98.102361000000101, 4.253371 ], [ 98.101546, 4.253495 ], [ 98.101209181000087, 4.253546215000046 ], [ 98.10120872400006, 4.253547358000046 ], [ 98.100661519000099, 4.253630281000033 ], [ 98.100661986000063, 4.25362941900007 ], [ 98.100086, 4.253717 ], [ 98.09934985700005, 4.253828894000031 ], [ 98.099346785000094, 4.253829854000069 ], [ 98.098586, 4.253945 ], [ 98.097482915000072, 4.254114073000034 ], [ 98.097379, 4.25413 ], [ 98.096884718000069, 4.25420680400005 ], [ 98.09633, 4.254293 ], [ 98.095553, 4.254414 ], [ 98.095411, 4.254398 ], [ 98.095059, 4.254357 ], [ 98.094818, 4.254329 ], [ 98.094331, 4.2542720000001 ], [ 98.09392, 4.254043 ], [ 98.093415, 4.253762 ], [ 98.092888, 4.253487 ], [ 98.092686707000055, 4.253404115000023 ], [ 98.092208, 4.253207 ], [ 98.091799, 4.253039 ], [ 98.091702999000077, 4.253057436000074 ], [ 98.091221000000104, 4.25315 ], [ 98.090777269000071, 4.253254096000076 ], [ 98.090718, 4.253268 ], [ 98.0906856430001, 4.253278120000079 ], [ 98.090264, 4.25341 ], [ 98.089699, 4.253587 ], [ 98.089111, 4.253772 ], [ 98.088598, 4.254182 ], [ 98.088412, 4.254331 ], [ 98.088170355000059, 4.254448906000056 ], [ 98.087832, 4.254614 ], [ 98.087748438000077, 4.254654880000031 ], [ 98.087229, 4.254909 ], [ 98.08698038200005, 4.255029815000053 ], [ 98.08698, 4.25503 ], [ 98.086922636000068, 4.255039930000082 ], [ 98.086177, 4.255169 ], [ 98.085939213000088, 4.255116158000033 ], [ 98.085844, 4.255095 ], [ 98.085749128000046, 4.255073009000059 ], [ 98.085171, 4.254939 ], [ 98.084526, 4.254801 ], [ 98.084353485000079, 4.254762475000073 ], [ 98.083711, 4.254619 ], [ 98.082997, 4.254459 ], [ 98.082234, 4.254289 ], [ 98.082028, 4.254217 ], [ 98.081237257000069, 4.253943487000098 ], [ 98.080993, 4.253859 ], [ 98.0798980000001, 4.253479 ], [ 98.079776819000088, 4.253436812000093 ], [ 98.07866, 4.253048 ], [ 98.078436955000086, 4.252969811000111 ], [ 98.077305, 4.252573 ], [ 98.077199455000098, 4.252535873000055 ], [ 98.077106, 4.252503 ], [ 98.076827, 4.252405 ], [ 98.075630700000062, 4.251975048000014 ], [ 98.075625, 4.251973 ], [ 98.074638, 4.2516 ], [ 98.074418, 4.251517 ], [ 98.074383730000093, 4.251503990000094 ], [ 98.074202, 4.251435 ], [ 98.07416852900009, 4.251422449000079 ], [ 98.074060922000058, 4.251382096000055 ], [ 98.074026, 4.251369 ], [ 98.073513, 4.251175 ], [ 98.073197, 4.251056 ], [ 98.072722819000035, 4.250715183000091 ], [ 98.072717, 4.250711 ], [ 98.072243, 4.250371 ], [ 98.072000491000054, 4.250196682000022 ], [ 98.071973533000076, 4.250177304000051 ], [ 98.071738, 4.250008 ], [ 98.071552650000072, 4.249686419000085 ], [ 98.071536074000079, 4.249657942000096 ], [ 98.071276, 4.249245 ], [ 98.071023, 4.248867 ], [ 98.070980098000064, 4.248807365000054 ], [ 98.070682, 4.248393 ], [ 98.070535071000052, 4.248187872000084 ], [ 98.07052800000011, 4.248178 ], [ 98.070457782000062, 4.248004709000058 ], [ 98.07031, 4.24764 ], [ 98.07011, 4.247146 ], [ 98.070088, 4.246993 ], [ 98.070012, 4.24645 ], [ 98.069959, 4.246075 ], [ 98.070011, 4.245767 ], [ 98.070121764000078, 4.245103205000013 ], [ 98.070151, 4.244928 ], [ 98.070156957000052, 4.244919646000041 ], [ 98.070233000000101, 4.244813 ], [ 98.070732, 4.244119 ], [ 98.071285, 4.243335 ], [ 98.071724, 4.242696 ], [ 98.071858, 4.242441 ], [ 98.072144, 4.241894 ], [ 98.072419, 4.241235 ], [ 98.072672, 4.240627 ], [ 98.072971, 4.239708 ], [ 98.073292, 4.238684 ], [ 98.07337, 4.238553 ], [ 98.073579, 4.2382 ], [ 98.073903000000101, 4.237652 ], [ 98.074263000000101, 4.237176 ], [ 98.074472, 4.236899 ], [ 98.074472216000075, 4.236898713000078 ], [ 98.074741, 4.236543 ], [ 98.075057501000074, 4.23613964600004 ], [ 98.075171, 4.235995 ], [ 98.075324707000064, 4.235829135000062 ], [ 98.075702, 4.235422 ], [ 98.076079, 4.235017 ], [ 98.076553, 4.23467 ], [ 98.077071, 4.234292 ], [ 98.077278, 4.234216 ], [ 98.077885, 4.233993 ], [ 98.078215, 4.233872 ], [ 98.078396, 4.233821 ], [ 98.079085, 4.233627 ], [ 98.079662061000093, 4.233465199000021 ], [ 98.079702, 4.233454 ], [ 98.080124172000083, 4.23336587700006 ], [ 98.080526, 4.233282 ], [ 98.080877484000055, 4.233208253000068 ], [ 98.081341, 4.233111 ], [ 98.082032000000112, 4.232902 ], [ 98.082599, 4.232731 ], [ 98.082799, 4.232603 ], [ 98.083379, 4.232232 ], [ 98.084228, 4.231689 ], [ 98.08437, 4.231591 ], [ 98.08451201700008, 4.231491786000068 ], [ 98.084976, 4.231147 ], [ 98.085609, 4.230675 ], [ 98.086012, 4.230375 ], [ 98.086179000000101, 4.230297000000101 ], [ 98.086866, 4.229975 ], [ 98.086929362000049, 4.229945223000095 ], [ 98.0872320000001, 4.229803 ], [ 98.087846, 4.229634 ], [ 98.088591, 4.22945 ], [ 98.08913, 4.229349 ], [ 98.089748, 4.229232 ], [ 98.089915, 4.229167 ], [ 98.090629, 4.22889 ], [ 98.091121, 4.228699 ], [ 98.09127438600008, 4.228591351000053 ], [ 98.091373668000074, 4.228519902000096 ], [ 98.091527303000092, 4.228414041000066 ], [ 98.091884, 4.228164 ], [ 98.09203, 4.227872 ], [ 98.092128, 4.2276 ], [ 98.092212, 4.227018 ], [ 98.092266, 4.226646 ], [ 98.092313406000088, 4.226124532000061 ], [ 98.092326, 4.225986 ], [ 98.092333643000075, 4.225841872000059 ], [ 98.092354, 4.225458 ], [ 98.092396, 4.224642000000117 ], [ 98.092422, 4.224151 ], [ 98.092504, 4.22346 ], [ 98.092546, 4.223107 ], [ 98.092566630000093, 4.222931446000099 ], [ 98.092597, 4.222673 ], [ 98.092664992000053, 4.222059870000107 ], [ 98.09271, 4.221654 ], [ 98.092811, 4.220697 ], [ 98.09287, 4.219981 ], [ 98.092916, 4.219227 ], [ 98.092936383000051, 4.218892199000034 ], [ 98.092963, 4.218455 ], [ 98.092928, 4.218137 ], [ 98.092829, 4.217218 ], [ 98.092818736000083, 4.217124691000055 ], [ 98.092774, 4.216718 ], [ 98.092698, 4.216018 ], [ 98.09263, 4.215691 ], [ 98.092620293000039, 4.215644141000064 ], [ 98.09252, 4.21516 ], [ 98.092494, 4.215033 ], [ 98.092468290000085, 4.214909816000087 ], [ 98.092403, 4.214597 ], [ 98.09235, 4.214231 ], [ 98.092339, 4.214001 ], [ 98.09232, 4.213609000000112 ], [ 98.092511, 4.213035 ], [ 98.092685, 4.212715 ], [ 98.092931, 4.212263 ], [ 98.093260139000066, 4.211657635000071 ], [ 98.093298, 4.211588 ], [ 98.093631, 4.2109750000001 ], [ 98.093925, 4.210408 ], [ 98.094113, 4.210039 ], [ 98.094387, 4.209504 ], [ 98.094574, 4.209138 ], [ 98.094643, 4.208783 ], [ 98.094741, 4.208282 ], [ 98.094842, 4.207762 ], [ 98.094843, 4.207453 ], [ 98.094843, 4.20715 ], [ 98.09482050600009, 4.207093425000027 ], [ 98.094777, 4.206984 ], [ 98.094666, 4.206704 ], [ 98.094539, 4.206385 ], [ 98.094393, 4.206152 ], [ 98.094347, 4.206079 ], [ 98.094196, 4.205773 ], [ 98.093854285000091, 4.205458028000097 ], [ 98.0938510000001, 4.205455 ], [ 98.093791187000093, 4.205399511000068 ], [ 98.093768, 4.205378 ], [ 98.093283, 4.204931 ], [ 98.093266450000058, 4.20490727200009 ], [ 98.0932, 4.204812 ], [ 98.093043521000098, 4.204587487000037 ], [ 98.092901, 4.204383 ], [ 98.092608, 4.203977 ], [ 98.092111, 4.203319 ], [ 98.091798266000069, 4.202903354000076 ], [ 98.091798, 4.202903 ], [ 98.091724, 4.202497 ], [ 98.091608, 4.201861 ], [ 98.091585081000062, 4.201734658000014 ], [ 98.091528, 4.20142 ], [ 98.091509000000102, 4.200901 ], [ 98.091509, 4.200472966000046 ], [ 98.091509000000102, 4.200246 ], [ 98.09150907100009, 4.200245291000086 ], [ 98.091529, 4.200047 ], [ 98.091551, 4.199829 ], [ 98.091551540000069, 4.199823829000035 ], [ 98.091584, 4.199513 ], [ 98.091656, 4.198633 ], [ 98.091677248000053, 4.198098142000092 ], [ 98.091685, 4.197903 ], [ 98.091567, 4.197558 ], [ 98.091514449000059, 4.197403897000076 ], [ 98.091419000000101, 4.197124 ], [ 98.091267, 4.196679000000113 ], [ 98.091191, 4.19622 ], [ 98.091306, 4.195761 ], [ 98.091526, 4.195521 ], [ 98.091726, 4.195303 ], [ 98.091955, 4.194921 ], [ 98.091927698000077, 4.194794632000053 ], [ 98.091919999000098, 4.194759 ], [ 98.091919373000081, 4.194756155000055 ], [ 98.091804, 4.194233 ], [ 98.091666, 4.193905 ], [ 98.091385, 4.193238 ], [ 98.091299797000048, 4.193139785000035 ], [ 98.091182, 4.193004 ], [ 98.090853, 4.192626 ], [ 98.090725019000061, 4.192526130000047 ], [ 98.09068, 4.192491 ], [ 98.090637083000061, 4.192456534000024 ], [ 98.090228, 4.192128 ], [ 98.090036, 4.191967 ], [ 98.089493, 4.19146 ], [ 98.088738, 4.190729 ], [ 98.088496196000051, 4.190486194000079 ], [ 98.08843539100009, 4.190425137000032 ], [ 98.088014, 4.190002 ], [ 98.087632187000068, 4.189621934000076 ], [ 98.087358, 4.189349 ], [ 98.086767, 4.18877 ], [ 98.08617, 4.188185 ], [ 98.08598984300005, 4.1880883700001 ], [ 98.085840000000104, 4.188008 ], [ 98.085489, 4.18782 ], [ 98.085465016000072, 4.187807126000054 ], [ 98.085214764000071, 4.18767279100007 ], [ 98.085027, 4.187572 ], [ 98.084719, 4.187469 ], [ 98.084384838000062, 4.187356729000037 ], [ 98.084341, 4.187342 ], [ 98.084201798000038, 4.187327032000026 ], [ 98.084062, 4.187312 ], [ 98.083617, 4.187265 ], [ 98.083448, 4.18733 ], [ 98.082776, 4.187587 ], [ 98.081946149000061, 4.187886946000059 ], [ 98.081946, 4.187887 ], [ 98.081098, 4.188176 ], [ 98.080577, 4.188353 ], [ 98.080298, 4.188493 ], [ 98.079676, 4.188804 ], [ 98.079054, 4.189112 ], [ 98.078622, 4.189317 ], [ 98.078073, 4.189579 ], [ 98.077636, 4.189788 ], [ 98.077153, 4.18996 ], [ 98.077118870000064, 4.189971011000091 ], [ 98.076812591000078, 4.190069823000059 ], [ 98.076344, 4.190221 ], [ 98.075391, 4.190373 ], [ 98.074801894000075, 4.190304043000026 ], [ 98.074400000000111, 4.190257 ], [ 98.07410943400005, 4.190062442000064 ], [ 98.073828, 4.189874 ], [ 98.073219, 4.189262 ], [ 98.072522, 4.188664000000115 ], [ 98.072191, 4.188381 ], [ 98.071499, 4.188003 ], [ 98.071331955000062, 4.187911790000079 ], [ 98.070935111000054, 4.187695104000061 ], [ 98.070858, 4.187653 ], [ 98.070192, 4.187385 ], [ 98.069767346000049, 4.187214070000074 ], [ 98.069715000000102, 4.187193 ], [ 98.069654788000051, 4.187181780000074 ], [ 98.069071, 4.187073 ], [ 98.068686, 4.187001 ], [ 98.06833, 4.186989 ], [ 98.067685262000055, 4.18696808100005 ], [ 98.067467, 4.186961 ], [ 98.066578, 4.186888 ], [ 98.06639735400006, 4.186873091000044 ], [ 98.066057, 4.186845 ], [ 98.065237, 4.186644 ], [ 98.064669, 4.1865 ], [ 98.064118, 4.186341 ], [ 98.063732, 4.18623 ], [ 98.063643371000097, 4.186179794000078 ], [ 98.063386, 4.186034 ], [ 98.063267266000096, 4.185965945000017 ], [ 98.06314, 4.185893 ], [ 98.062933538000038, 4.185775957000053 ], [ 98.062856, 4.185732 ], [ 98.062702, 4.185585 ], [ 98.062692922000053, 4.185576314000052 ], [ 98.06254, 4.18543 ], [ 98.062472146000076, 4.185365231000073 ], [ 98.062432452000067, 4.185327341000085 ], [ 98.062298, 4.185199 ], [ 98.062149234000074, 4.185056829000087 ], [ 98.062095, 4.185005 ], [ 98.061985, 4.18482 ], [ 98.061923659000058, 4.184717233000081 ], [ 98.061831, 4.184562 ], [ 98.06178236600006, 4.18448031900006 ], [ 98.061753, 4.184431000000113 ], [ 98.061743097000033, 4.184333133000051 ], [ 98.061736, 4.184263 ], [ 98.061725902000049, 4.184159613000019 ], [ 98.061715, 4.184048 ], [ 98.06179, 4.183748 ], [ 98.061799187000076, 4.183717178000082 ], [ 98.061935907000091, 4.183258476000069 ], [ 98.061959, 4.183181 ], [ 98.062029, 4.182959 ], [ 98.062098, 4.182738 ], [ 98.062120445000062, 4.182666904000069 ], [ 98.062271, 4.18219 ], [ 98.062290791000066, 4.182132591000038 ], [ 98.062734036000052, 4.180846821000054 ], [ 98.062765, 4.180757 ], [ 98.063211, 4.179552 ], [ 98.063621, 4.178359 ], [ 98.064091, 4.176992 ], [ 98.064295546000054, 4.176664826000048 ], [ 98.064498, 4.176341 ], [ 98.064603552000051, 4.176171769000076 ], [ 98.065045, 4.175464 ], [ 98.065525855000033, 4.174630575000062 ], [ 98.065611, 4.174483 ], [ 98.06581299200009, 4.174132648000087 ], [ 98.066191, 4.173477 ], [ 98.066354, 4.173077 ], [ 98.066791, 4.172003 ], [ 98.067003, 4.171482 ], [ 98.067109, 4.171222 ], [ 98.067643, 4.170303 ], [ 98.068063, 4.169579 ], [ 98.06828, 4.169036 ], [ 98.06881, 4.167662 ], [ 98.069245981000066, 4.166188367000095 ], [ 98.069281, 4.16607 ], [ 98.069385510000075, 4.16572326900009 ], [ 98.069634366000074, 4.1648976430001 ], [ 98.069643, 4.1648690000001 ], [ 98.070018, 4.163779 ], [ 98.07065, 4.16262 ], [ 98.070935, 4.162097 ], [ 98.071584000000115, 4.161222 ], [ 98.072125, 4.160386 ], [ 98.072309808000071, 4.160073324000034 ], [ 98.072463000000113, 4.159346 ], [ 98.072433291000053, 4.159122076000092 ], [ 98.072396, 4.158841 ], [ 98.072312, 4.158199 ], [ 98.071968000000112, 4.157349 ], [ 98.071699329000069, 4.15671080600007 ], [ 98.071635, 4.156558 ], [ 98.071394605000094, 4.155932775000055 ], [ 98.071392, 4.155926 ], [ 98.071096, 4.154833 ], [ 98.071133, 4.154229 ], [ 98.071174, 4.153572 ], [ 98.071381, 4.152763 ], [ 98.071595, 4.151928 ], [ 98.071671, 4.15175 ], [ 98.07202139400006, 4.150933430000091 ], [ 98.072131, 4.150678 ], [ 98.072202443000037, 4.150598801000055 ], [ 98.072785, 4.149953 ], [ 98.073543000000114, 4.149112 ], [ 98.074264, 4.148432 ], [ 98.074596754000098, 4.148117672000065 ], [ 98.074878, 4.147852 ], [ 98.07526, 4.147011 ], [ 98.075185, 4.146285 ], [ 98.0750740000001, 4.145974 ], [ 98.075047332000054, 4.145899537000066 ], [ 98.074843, 4.145329 ], [ 98.074597417000064, 4.145016322000063 ], [ 98.074272, 4.144602 ], [ 98.073902200000077, 4.144229959000026 ], [ 98.073777, 4.144104 ], [ 98.073394577000059, 4.143823922000024 ], [ 98.07294, 4.143491 ], [ 98.072790654000087, 4.143422042000075 ], [ 98.072548, 4.14331 ], [ 98.072025, 4.14307 ], [ 98.071836416000053, 4.14295741300006 ], [ 98.071422, 4.14271 ], [ 98.07135981100005, 4.142672421000036 ], [ 98.070487, 4.142145 ], [ 98.070221854000081, 4.141980915000025 ], [ 98.069775999000058, 4.141705001000065 ], [ 98.069767576000061, 4.141699802000073 ], [ 98.069131, 4.141307 ], [ 98.068746, 4.141029 ], [ 98.067880717000037, 4.140405535000097 ], [ 98.067737692000065, 4.140302253000083 ], [ 98.067433944000101, 4.140083323000069 ], [ 98.067136669000035, 4.139869060000049 ], [ 98.06711191300009, 4.139851327000022 ], [ 98.066370403000064, 4.139394126000109 ], [ 98.06616367800008, 4.139264707000065 ], [ 98.065791604000083, 4.139034012000016 ], [ 98.065359528000045, 4.138766449000075 ], [ 98.065362412000098, 4.138703799000057 ], [ 98.065623556000062, 4.137587014000098 ], [ 98.065624505000073, 4.137582627000044 ], [ 98.06562527300008, 4.137578438000062 ], [ 98.065706472000045, 4.137092208000092 ], [ 98.066384908000032, 4.135548079000066 ], [ 98.066865676000077, 4.134927291000075 ], [ 98.066866111000081, 4.134926726000099 ], [ 98.066871270000036, 4.134919515000022 ], [ 98.066875949000064, 4.134911980000026 ], [ 98.066880127000047, 4.134904155000084 ], [ 98.066883786000062, 4.134896071000084 ], [ 98.066886910000065, 4.134887765000067 ], [ 98.066889487000097, 4.134879272000068 ], [ 98.066891505000058, 4.134870627000069 ], [ 98.066892956000061, 4.134861868000069 ], [ 98.066893833000051, 4.134853033000066 ], [ 98.066894133000062, 4.134844159000097 ], [ 98.066893854000071, 4.134835285000066 ], [ 98.066892997000096, 4.134826448000073 ], [ 98.066891567000098, 4.134817686000074 ], [ 98.066889569000068, 4.13480903600003 ], [ 98.066887012000052, 4.134800537000041 ], [ 98.066883907000033, 4.134792223000046 ], [ 98.066880267000059, 4.134784131000083 ], [ 98.066876108000102, 4.134776296000062 ], [ 98.066871447000054, 4.134768750000032 ], [ 98.066866305000076, 4.134761527000041 ], [ 98.066860703000032, 4.134754657000054 ], [ 98.066854665000065, 4.13474816900006 ], [ 98.066848218000075, 4.13474209200008 ], [ 98.066841389000075, 4.134736451000052 ], [ 98.06683420800006, 4.134731271000016 ], [ 98.066826704000079, 4.134726573000034 ], [ 98.066818910000066, 4.134722379000057 ], [ 98.066810860000032, 4.134718705000107 ], [ 98.066802587000055, 4.134715567000065 ], [ 98.066794128000083, 4.134712980000108 ], [ 98.066785519000078, 4.134710954000068 ], [ 98.06677679600007, 4.134709497000094 ], [ 98.066767996000081, 4.134708616000068 ], [ 98.066759159000071, 4.134708315000077 ], [ 98.06675032000004, 4.134708596000049 ], [ 98.066741519000061, 4.134709455000083 ], [ 98.066732793000085, 4.134710892000036 ], [ 98.066724178000086, 4.134712898000021 ], [ 98.066715713000093, 4.134715465000075 ], [ 98.06670743400008, 4.134718583000048 ], [ 98.066699375000042, 4.134722238000063 ], [ 98.06669157100005, 4.134726414000073 ], [ 98.066684056000042, 4.134731094000085 ], [ 98.066676862000065, 4.134736257000066 ], [ 98.066670020000061, 4.134741882000095 ], [ 98.066663559000077, 4.134747944000029 ], [ 98.066657507000059, 4.134754417000076 ], [ 98.066652324000088, 4.134760709000071 ], [ 98.066161324000063, 4.135394709000023 ], [ 98.066160889000074, 4.135395274000092 ], [ 98.066155730000077, 4.135402485000043 ], [ 98.066151051000091, 4.13541002000007 ], [ 98.066146873000037, 4.135417845000084 ], [ 98.066144364000067, 4.135423234000038 ], [ 98.06545236400008, 4.136998234000056 ], [ 98.065451214000078, 4.137000928000031 ], [ 98.065448090000075, 4.137009234000068 ], [ 98.065445513000057, 4.137017728000037 ], [ 98.065443495000068, 4.137026373000034 ], [ 98.065442728000065, 4.137030562000104 ], [ 98.065359448000038, 4.137529246000043 ], [ 98.065106436000079, 4.138611256000046 ], [ 98.064323, 4.138136 ], [ 98.06381248100007, 4.137852443000027 ], [ 98.063439, 4.137645 ], [ 98.063234, 4.137596 ], [ 98.062894, 4.137514 ], [ 98.062344, 4.137409 ], [ 98.06169, 4.137344 ], [ 98.061262923000086, 4.137264023000069 ], [ 98.061156, 4.137244 ], [ 98.060009668000077, 4.137144058000065 ], [ 98.059757645000062, 4.13715636800006 ], [ 98.059379, 4.137175 ], [ 98.059289034000088, 4.137179327000078 ], [ 98.058485, 4.137218 ], [ 98.057593, 4.137121 ], [ 98.056998, 4.136993 ], [ 98.056119863000049, 4.13676342200005 ], [ 98.055927, 4.136713 ], [ 98.055273925000051, 4.13654314600009 ], [ 98.055208, 4.136526 ], [ 98.055207674000073, 4.136525803000065 ], [ 98.055046, 4.136428 ], [ 98.054791051000066, 4.136274657000075 ], [ 98.054637, 4.136182 ], [ 98.054256, 4.135761 ], [ 98.054193, 4.13556 ], [ 98.054028, 4.135034 ], [ 98.053953, 4.134551 ], [ 98.053936633000049, 4.134445906000071 ], [ 98.053915177000079, 4.134308139000061 ], [ 98.053915, 4.134307 ], [ 98.053939362000051, 4.134202683000043 ], [ 98.053954, 4.13414 ], [ 98.054068, 4.133658 ], [ 98.05412986100005, 4.133505848000042 ], [ 98.054303, 4.13308 ], [ 98.05447104600006, 4.132667606000044 ], [ 98.054487784000059, 4.132626529000055 ], [ 98.054488, 4.132626 ], [ 98.054832, 4.132091 ], [ 98.055366, 4.131747000000106 ], [ 98.055633, 4.131365 ], [ 98.055671913000083, 4.131133904000039 ], [ 98.055682, 4.131074 ], [ 98.055696961000081, 4.130984007000077 ], [ 98.055748, 4.130677 ], [ 98.055615510000052, 4.130174239000084 ], [ 98.055597126000094, 4.130104478000045 ], [ 98.055597, 4.130104 ], [ 98.055545, 4.129557 ], [ 98.055484, 4.128918 ], [ 98.055561, 4.127771 ], [ 98.055452, 4.127191 ], [ 98.055217, 4.125945 ], [ 98.054904073000046, 4.124808058000037 ], [ 98.054838, 4.124568 ], [ 98.054754592000052, 4.124200054000064 ], [ 98.054539, 4.123249 ], [ 98.054184, 4.121688 ], [ 98.053907858000059, 4.120492973000071 ], [ 98.053778, 4.119931 ], [ 98.053593013000082, 4.119089191000065 ], [ 98.053304, 4.117774 ], [ 98.053185, 4.117162 ], [ 98.053056, 4.116499 ], [ 98.052984, 4.115751 ], [ 98.052868, 4.114549 ], [ 98.052852604000066, 4.114105076000059 ], [ 98.052844, 4.113857 ], [ 98.052836252000077, 4.113631128000067 ], [ 98.052831, 4.113478 ], [ 98.053017, 4.112735 ], [ 98.053284482000038, 4.111750456000047 ], [ 98.053324, 4.111605 ], [ 98.053491899000065, 4.11107731600003 ], [ 98.053492, 4.111077 ], [ 98.053748, 4.110276 ], [ 98.053770528000101, 4.110160420000053 ], [ 98.053863, 4.109686 ], [ 98.053986, 4.109057 ], [ 98.054017, 4.1089 ], [ 98.054112, 4.108184 ], [ 98.054195259000039, 4.10755140100003 ], [ 98.054209, 4.107447 ], [ 98.054201163000073, 4.107403646000027 ], [ 98.054115, 4.106927 ], [ 98.054077413000087, 4.106718977000071 ], [ 98.054057, 4.106606 ], [ 98.054027345000065, 4.106513449000058 ], [ 98.053966, 4.106322 ], [ 98.053857, 4.105979 ], [ 98.053790917000072, 4.105772630000087 ], [ 98.053678, 4.10542 ], [ 98.053647, 4.105364 ], [ 98.053569, 4.105227 ], [ 98.053334770000063, 4.104810726000047 ], [ 98.053183, 4.104541 ], [ 98.052872, 4.104202 ], [ 98.05243, 4.103722 ], [ 98.052129182000058, 4.103406840000078 ], [ 98.05157, 4.102821 ], [ 98.051400786000045, 4.10264595100007 ], [ 98.051077, 4.102311 ], [ 98.050936362000087, 4.102151035000031 ], [ 98.050735, 4.101922 ], [ 98.050445, 4.101573 ], [ 98.050271, 4.101362 ], [ 98.0499030000001, 4.100919 ], [ 98.049389, 4.100315 ], [ 98.048962, 4.099817 ], [ 98.048894263000093, 4.099737600000029 ], [ 98.048811, 4.09964 ], [ 98.048713597000074, 4.099526520000029 ], [ 98.048708, 4.09952 ], [ 98.048655380000085, 4.099442973000085 ], [ 98.048376, 4.099034 ], [ 98.048078, 4.098565 ], [ 98.0480524150001, 4.098524541000085 ], [ 98.047863, 4.098225 ], [ 98.047708, 4.097971 ], [ 98.047538, 4.097642 ], [ 98.047215, 4.097019 ], [ 98.046829, 4.096275 ], [ 98.046802718000052, 4.096189414000055 ], [ 98.04679, 4.096148 ], [ 98.046719412000073, 4.095915876000052 ], [ 98.046478, 4.095122 ], [ 98.04633, 4.094638 ], [ 98.046264, 4.094385 ], [ 98.046151570000077, 4.093955643000081 ], [ 98.046137, 4.0939 ], [ 98.046124492000047, 4.093852175000054 ], [ 98.046035, 4.09351 ], [ 98.045936, 4.093112 ], [ 98.045892, 4.092878 ], [ 98.045876746000047, 4.092798497000053 ], [ 98.045859, 4.092706 ], [ 98.045834938000041, 4.092579195000058 ], [ 98.045796, 4.092374 ], [ 98.045671838000032, 4.091722151000075 ], [ 98.045664, 4.091681 ], [ 98.04564356700007, 4.091573285000058 ], [ 98.045572, 4.091196 ], [ 98.045563, 4.091061 ], [ 98.045532, 4.090568 ], [ 98.045528, 4.090496 ], [ 98.045497, 4.090003 ], [ 98.045431, 4.088969 ], [ 98.045433, 4.088657 ], [ 98.045496, 4.087641 ], [ 98.045496568000047, 4.087632316000078 ], [ 98.045589, 4.086218 ], [ 98.04562250500004, 4.085709081000075 ], [ 98.045626, 4.085656 ], [ 98.045636, 4.085519 ], [ 98.045655, 4.085232 ], [ 98.045641, 4.0851 ], [ 98.045569, 4.084452 ], [ 98.045558005000032, 4.084351947000092 ], [ 98.045509, 4.083906 ], [ 98.04547730600008, 4.08361486200008 ], [ 98.045466, 4.083511 ], [ 98.045446544000072, 4.083439662000051 ], [ 98.04543, 4.083379 ], [ 98.045186, 4.082496 ], [ 98.044969, 4.081707 ], [ 98.044839, 4.081234 ], [ 98.044828482000071, 4.081195435000049 ], [ 98.044806, 4.081113 ], [ 98.044775995000066, 4.081002402000055 ], [ 98.04472, 4.080796 ], [ 98.04457, 4.080247 ], [ 98.044441, 4.079774 ], [ 98.044396, 4.079373 ], [ 98.044335, 4.07883 ], [ 98.04429, 4.078436 ], [ 98.044298, 4.077961000000106 ], [ 98.044307, 4.077439 ], [ 98.044321, 4.07663 ], [ 98.044331, 4.076027 ], [ 98.044325688000072, 4.07596975400002 ], [ 98.044322, 4.07593 ], [ 98.044317782000078, 4.075888660000031 ], [ 98.044312, 4.075832 ], [ 98.044233, 4.07501 ], [ 98.044210325000037, 4.074776144000063 ], [ 98.04415, 4.074154 ], [ 98.04413396200006, 4.073931976000035 ], [ 98.044086, 4.073268 ], [ 98.044031, 4.072479 ], [ 98.044030900000052, 4.072477585000064 ], [ 98.043998, 4.072011 ], [ 98.043935, 4.071135 ], [ 98.043915244000075, 4.070860806000058 ], [ 98.043902, 4.070677 ], [ 98.043899716000055, 4.070645710000083 ], [ 98.043892, 4.07054 ], [ 98.043857, 4.070056 ], [ 98.043805, 4.069336 ], [ 98.043838, 4.068835 ], [ 98.043867, 4.068406 ], [ 98.043908, 4.067787 ], [ 98.043949, 4.067165 ], [ 98.04396, 4.06688 ], [ 98.043961, 4.066429 ], [ 98.043961, 4.065927 ], [ 98.043961, 4.065599 ], [ 98.043962, 4.065395 ], [ 98.043962, 4.065221 ], [ 98.043962479000072, 4.064833303000062 ], [ 98.043963, 4.064411 ], [ 98.043974098000035, 4.064029616000034 ], [ 98.043985, 4.063655 ], [ 98.044018, 4.062999 ], [ 98.044041, 4.062539 ], [ 98.044007, 4.062244 ], [ 98.043987617000084, 4.062077094000076 ], [ 98.043971, 4.061934 ], [ 98.043927513000099, 4.061564360000037 ], [ 98.043901, 4.061339 ], [ 98.043861, 4.060992 ], [ 98.04382, 4.060605 ], [ 98.043788, 4.060192 ], [ 98.043763417000036, 4.059825636000033 ], [ 98.043757, 4.05973 ], [ 98.043733759000091, 4.059381805000061 ], [ 98.043702, 4.058906 ], [ 98.043695, 4.058584 ], [ 98.043687, 4.058154 ], [ 98.043678, 4.057745000000106 ], [ 98.043670149000036, 4.057333247000049 ], [ 98.043669, 4.057273 ], [ 98.043664063000065, 4.057201505000024 ], [ 98.04364, 4.056853 ], [ 98.043621237000096, 4.05662941000001 ], [ 98.043616, 4.056567 ], [ 98.043611818000073, 4.056518670000078 ], [ 98.043598, 4.056359 ], [ 98.043553, 4.055847 ], [ 98.043510070000082, 4.055638102000056 ], [ 98.043456, 4.055375 ], [ 98.043364, 4.054929 ], [ 98.043320634000054, 4.054798601000097 ], [ 98.04322, 4.054496 ], [ 98.04306, 4.054012 ], [ 98.042901, 4.053788 ], [ 98.04248, 4.053194 ], [ 98.042366240000035, 4.053034358000088 ], [ 98.042299, 4.05294 ], [ 98.042225190000082, 4.052799964000029 ], [ 98.042153, 4.052663 ], [ 98.041996, 4.052366 ], [ 98.041731317000085, 4.051863501000065 ], [ 98.041730000000101, 4.051861 ], [ 98.041457, 4.051344 ], [ 98.041360396000073, 4.051094769000036 ], [ 98.041188, 4.05065 ], [ 98.040849, 4.049776 ], [ 98.040849686000072, 4.049410538000096 ], [ 98.04085, 4.049243 ], [ 98.04085, 4.048859069000081 ], [ 98.04085, 4.048858 ], [ 98.040892, 4.048732 ], [ 98.04108, 4.04817 ], [ 98.041233, 4.047835 ], [ 98.04146, 4.04734 ], [ 98.041798, 4.046558 ], [ 98.042049, 4.045972 ], [ 98.042188, 4.045648 ], [ 98.042245, 4.045233 ], [ 98.042302942000063, 4.044807427000062 ], [ 98.042254, 4.044444 ], [ 98.042245035000079, 4.044377046000033 ], [ 98.04219, 4.043966 ], [ 98.041962, 4.043354 ], [ 98.041927115000078, 4.043303853000068 ], [ 98.041882, 4.043239 ], [ 98.041656948000096, 4.042916040000023 ], [ 98.041551, 4.042764 ], [ 98.041202, 4.042228 ], [ 98.040864, 4.041693 ], [ 98.04044, 4.04102 ], [ 98.040412126000035, 4.040935286000056 ], [ 98.040389, 4.040865 ], [ 98.040251, 4.040447 ], [ 98.040148052000063, 4.04013599200006 ], [ 98.040013, 4.039728 ], [ 98.039871, 4.039299 ], [ 98.039844, 4.039138 ], [ 98.039779, 4.038753 ], [ 98.03973240200007, 4.038455137000033 ], [ 98.039677, 4.038101 ], [ 98.039606154000083, 4.037731803000049 ], [ 98.039606, 4.037731 ], [ 98.039659919000087, 4.037385799000086 ], [ 98.039698, 4.037142 ], [ 98.039710244000048, 4.037063422000085 ], [ 98.039765, 4.036712 ], [ 98.039913, 4.03658 ], [ 98.040065, 4.036445 ], [ 98.040262, 4.036283 ], [ 98.04061, 4.03603 ], [ 98.040947, 4.035773 ], [ 98.040947934000101, 4.035772478000069 ], [ 98.041344, 4.035551 ], [ 98.041749, 4.035338 ], [ 98.042127, 4.035302 ], [ 98.042769, 4.035239 ], [ 98.043423, 4.035173 ], [ 98.044052, 4.035099 ], [ 98.044529, 4.03504 ], [ 98.044874, 4.034997 ], [ 98.045015, 4.034954 ], [ 98.045375, 4.034843 ], [ 98.045494, 4.034807 ], [ 98.045729, 4.034735 ], [ 98.045865, 4.034693 ], [ 98.046113, 4.034524 ], [ 98.046495, 4.034264 ], [ 98.046818000000101, 4.034044 ], [ 98.047054, 4.033829 ], [ 98.047412, 4.033501 ], [ 98.047696, 4.033242 ], [ 98.047809, 4.032959 ], [ 98.047912, 4.032702 ], [ 98.048002, 4.032478 ], [ 98.048013, 4.032332 ], [ 98.04804, 4.031981 ], [ 98.047959, 4.031653 ], [ 98.047888, 4.031369 ], [ 98.047864, 4.031328 ], [ 98.047752, 4.031133 ], [ 98.047605, 4.030877 ], [ 98.047499, 4.030692 ], [ 98.047369, 4.030423 ], [ 98.047089, 4.029816 ], [ 98.04671, 4.028997 ], [ 98.046638000000101, 4.028632 ], [ 98.046521, 4.028041 ], [ 98.046532, 4.027613 ], [ 98.046542, 4.027252 ], [ 98.046548000000101, 4.02703 ], [ 98.046551, 4.026916 ], [ 98.04656, 4.026588 ], [ 98.046506, 4.026215 ], [ 98.046371, 4.025288 ], [ 98.046263, 4.025023 ], [ 98.046165, 4.024784 ], [ 98.045991, 4.024361 ], [ 98.045859, 4.024039000000106 ], [ 98.04545, 4.023499 ], [ 98.045284, 4.023318 ], [ 98.0452200000001, 4.023249 ], [ 98.0452, 4.023227 ], [ 98.044966, 4.02301 ], [ 98.044884, 4.022934 ], [ 98.044826, 4.02288 ], [ 98.04445, 4.022533 ], [ 98.044299, 4.022393 ], [ 98.044126, 4.022286 ], [ 98.043995, 4.022206 ], [ 98.043755, 4.022057 ], [ 98.043425, 4.021854 ], [ 98.043206, 4.021719 ], [ 98.043065, 4.021639 ], [ 98.042847, 4.021534 ], [ 98.042788000000101, 4.021505 ], [ 98.042535, 4.021382 ], [ 98.042090000000101, 4.021167 ], [ 98.041892, 4.02111 ], [ 98.041557, 4.021013 ], [ 98.041417, 4.021022 ], [ 98.04088, 4.021059 ], [ 98.040299, 4.021126 ], [ 98.039951000000102, 4.021217 ], [ 98.039491, 4.021337000000102 ], [ 98.039093, 4.021451 ], [ 98.038126, 4.021735 ], [ 98.037863, 4.021773 ], [ 98.037531, 4.021821 ], [ 98.037193, 4.02187 ], [ 98.036442, 4.021979 ], [ 98.03603, 4.022039 ], [ 98.03533, 4.022135 ], [ 98.034658, 4.022228 ], [ 98.034453, 4.022228 ], [ 98.033699, 4.022227 ], [ 98.033362, 4.022227 ], [ 98.033118, 4.022186 ], [ 98.032734, 4.022121 ], [ 98.032295, 4.022047 ], [ 98.031853, 4.022001 ], [ 98.031447, 4.021965 ], [ 98.031044, 4.021929 ], [ 98.030924, 4.021918 ], [ 98.030124, 4.021611 ], [ 98.030046, 4.021549 ], [ 98.029814, 4.021361 ], [ 98.029363, 4.020999 ], [ 98.029062, 4.020696 ], [ 98.028772362000041, 4.020404557000071 ], [ 98.028741, 4.020373 ], [ 98.028445334000082, 4.020075888000076 ], [ 98.028332490000082, 4.019962492000066 ], [ 98.028332, 4.019962 ], [ 98.028115, 4.019617 ], [ 98.027951605000069, 4.019339282000051 ], [ 98.027812, 4.019102 ], [ 98.027692508000086, 4.018898134000036 ], [ 98.02755, 4.018655 ], [ 98.027374, 4.018356 ], [ 98.027291981000076, 4.018202415000072 ], [ 98.027272164000067, 4.018165306000064 ], [ 98.027272, 4.018165 ], [ 98.027139, 4.017876 ], [ 98.026904, 4.017365 ], [ 98.026836, 4.017219 ], [ 98.026684, 4.016889 ], [ 98.026622444000054, 4.016747846000081 ], [ 98.026568, 4.016623 ], [ 98.026549344000045, 4.016568197000052 ], [ 98.02644, 4.016247 ], [ 98.026294, 4.015818 ], [ 98.02613, 4.015336 ], [ 98.026102986000069, 4.015091328000049 ], [ 98.026095, 4.015019 ], [ 98.026053, 4.014637 ], [ 98.026039672000081, 4.014513714000053 ], [ 98.026017, 4.014304 ], [ 98.026039, 4.013768 ], [ 98.026056, 4.013348 ], [ 98.026106421000065, 4.013222414000068 ], [ 98.026164, 4.013079 ], [ 98.02619009900009, 4.013013895000024 ], [ 98.026439, 4.012393 ], [ 98.026556, 4.012212 ], [ 98.026834, 4.011785 ], [ 98.027106605000085, 4.011360947000089 ], [ 98.027167, 4.011267 ], [ 98.027474569000049, 4.010786274000077 ], [ 98.027556, 4.010659 ], [ 98.027927, 4.010081 ], [ 98.028213, 4.009559 ], [ 98.028576, 4.008896 ], [ 98.028684784000063, 4.008491260000037 ], [ 98.028712, 4.00839 ], [ 98.028733547000058, 4.008310524 ], [ 98.02885, 4.007881 ], [ 98.029026, 4.007229 ], [ 98.029182, 4.006699 ], [ 98.029333, 4.006247 ], [ 98.029498, 4.005752 ], [ 98.029702, 4.005139 ], [ 98.029915, 4.004501 ], [ 98.030047, 4.004221 ], [ 98.03007427600005, 4.004163197000023 ], [ 98.030391, 4.003492 ], [ 98.030564, 4.003125 ], [ 98.030805, 4.002485 ], [ 98.031023, 4.001903 ], [ 98.031047, 4.001676 ], [ 98.031090631000041, 4.001264383000048 ], [ 98.0311, 4.001176 ], [ 98.031086, 4.001093 ], [ 98.031025, 4.000721 ], [ 98.030987, 4.000488 ], [ 98.030974026000081, 4.000294624000071 ], [ 98.030966, 4.000175 ], [ 98.030955, 4.0 ], [ 98.030856, 3.999712 ], [ 98.030836, 3.999622 ], [ 98.030824081000048, 3.999568504000016 ], [ 98.03075, 3.999236 ], [ 98.030647, 3.998776 ], [ 98.030581, 3.998482 ], [ 98.030554583000097, 3.998362076000037 ], [ 98.030518, 3.998196 ], [ 98.03045, 3.997893 ], [ 98.030387, 3.997655 ], [ 98.030354, 3.997546 ], [ 98.030292696000075, 3.997345017000056 ], [ 98.030275, 3.997287 ], [ 98.030258587000063, 3.99723240300005 ], [ 98.030191078000101, 3.997007832000086 ], [ 98.030177, 3.996961 ], [ 98.030055555000061, 3.996562660000089 ], [ 98.030027, 3.996469 ], [ 98.029915, 3.9961 ], [ 98.029727, 3.995376 ], [ 98.029556, 3.994708 ], [ 98.02935, 3.99383 ], [ 98.029265190000061, 3.993458706000077 ], [ 98.029223, 3.993274 ], [ 98.029229770000086, 3.993104757000028 ], [ 98.029241, 3.992824 ], [ 98.029259, 3.992375 ], [ 98.02926835600006, 3.992134429000045 ], [ 98.029273, 3.992015 ], [ 98.029273181000065, 3.992014236000049 ], [ 98.029296, 3.991918 ], [ 98.029406, 3.991447 ], [ 98.029506, 3.991016 ], [ 98.029601727000056, 3.990607804000037 ], [ 98.029612, 3.990564 ], [ 98.029616289000046, 3.990553607000054 ], [ 98.029716, 3.990312 ], [ 98.029946, 3.989753 ], [ 98.03026, 3.988992 ], [ 98.03054, 3.988349 ], [ 98.030821, 3.98771 ], [ 98.030967, 3.987032 ], [ 98.031056, 3.986501 ], [ 98.031113, 3.986161 ], [ 98.031048, 3.985687 ], [ 98.031003, 3.985359 ], [ 98.030976, 3.985162 ], [ 98.030945, 3.984931 ], [ 98.030921, 3.984758 ], [ 98.030886, 3.984686 ], [ 98.030714, 3.984325 ], [ 98.030302, 3.983467 ], [ 98.030255379000053, 3.98335493100006 ], [ 98.030198, 3.983217 ], [ 98.030018, 3.98273 ], [ 98.029773, 3.982066 ], [ 98.02965077500005, 3.981734364000048 ], [ 98.029623, 3.981659 ], [ 98.029582266000048, 3.981597898000065 ], [ 98.029581, 3.981596 ], [ 98.029258, 3.981108 ], [ 98.029096972000062, 3.980865580000061 ], [ 98.028983, 3.980694 ], [ 98.028751706000037, 3.980344553000071 ], [ 98.02866, 3.980206 ], [ 98.028397202000065, 3.979892631000049 ], [ 98.028019931000088, 3.979458616000053 ], [ 98.027909, 3.979331 ], [ 98.027396, 3.978816 ], [ 98.027262749000059, 3.978748829000072 ], [ 98.026541, 3.978385 ], [ 98.02595, 3.978088 ], [ 98.025527, 3.977705 ], [ 98.025207998000056, 3.977416012000051 ], [ 98.025155, 3.977368 ], [ 98.025154254000086, 3.977367178000084 ], [ 98.025103587000061, 3.977311345000027 ], [ 98.024851, 3.977033 ], [ 98.02458, 3.976671 ], [ 98.024409, 3.976441 ], [ 98.024203, 3.976005 ], [ 98.024095867000085, 3.975779299000084 ], [ 98.024025, 3.97563 ], [ 98.023932560000048, 3.975433684000051 ], [ 98.023928, 3.975424 ], [ 98.023902684000063, 3.975334102000032 ], [ 98.023879, 3.975250000000115 ], [ 98.023715, 3.974659 ], [ 98.023584280000094, 3.974192381 ], [ 98.023557, 3.974095 ], [ 98.023438, 3.973682 ], [ 98.023319, 3.973281 ], [ 98.023232367000062, 3.97298937500006 ], [ 98.023177, 3.972803 ], [ 98.023149706000083, 3.972711782000049 ], [ 98.023063, 3.972422 ], [ 98.023056, 3.972239 ], [ 98.023035094000079, 3.971697441000089 ], [ 98.023035, 3.971695 ], [ 98.023016006000034, 3.971212148000062 ], [ 98.023016, 3.971212 ], [ 98.02304, 3.971084 ], [ 98.023137, 3.970559 ], [ 98.023214, 3.97014 ], [ 98.02334, 3.969461 ], [ 98.023307, 3.968963 ], [ 98.023256, 3.968538 ], [ 98.023200622000047, 3.968074282000026 ], [ 98.023164899000051, 3.967775876000115 ], [ 98.022734295000078, 3.96724582500003 ], [ 98.022489, 3.967175 ], [ 98.021864, 3.967 ], [ 98.02114, 3.966999 ], [ 98.020616, 3.967137 ], [ 98.020224, 3.96724 ], [ 98.019812, 3.967515 ], [ 98.019066, 3.968013 ], [ 98.018184, 3.968646 ], [ 98.017859, 3.968883 ], [ 98.017621, 3.969002 ], [ 98.017183, 3.969221 ], [ 98.016996, 3.969196 ], [ 98.01646, 3.969123 ], [ 98.016191, 3.968978 ], [ 98.015833, 3.968784 ], [ 98.015688, 3.968443 ], [ 98.015687373000048, 3.968441524000082 ], [ 98.015545, 3.968106 ], [ 98.01556, 3.967979 ], [ 98.015621, 3.967463000000101 ], [ 98.015642, 3.967283 ], [ 98.015768, 3.966904 ], [ 98.015826, 3.966732 ], [ 98.015835632000076, 3.96670310500003 ], [ 98.015981, 3.966267 ], [ 98.015981674000059, 3.96590832900006 ], [ 98.015982, 3.965735 ], [ 98.015874, 3.965442 ], [ 98.015658060000078, 3.964854967000071 ], [ 98.0155010000001, 3.964428 ], [ 98.014641157000099, 3.963158122000048 ], [ 98.014593, 3.963087 ], [ 98.01429775700008, 3.962685031000043 ], [ 98.013671, 3.962345 ], [ 98.01297, 3.962551 ], [ 98.012494, 3.962796 ], [ 98.011997, 3.96309 ], [ 98.011431, 3.963364 ], [ 98.010817944000067, 3.963623712000096 ], [ 98.010534, 3.963744 ], [ 98.010280324000078, 3.963749209000085 ], [ 98.010047, 3.963754 ], [ 98.008733, 3.96385 ], [ 98.007964, 3.963886 ], [ 98.006083822000036, 3.964006392000084 ], [ 98.005965214000085, 3.964013986000047 ], [ 98.005965, 3.964014 ], [ 98.005132, 3.964077 ], [ 98.004568, 3.963977 ], [ 98.004211387000055, 3.963913069000076 ], [ 98.004211, 3.963913 ], [ 98.003826, 3.963525 ], [ 98.00349, 3.962266 ], [ 98.003413160000036, 3.962082133000033 ], [ 98.003378, 3.961998 ], [ 98.003234099000068, 3.961654736000077 ], [ 98.002994, 3.961082 ], [ 98.002568, 3.960032 ], [ 98.002047, 3.958683 ], [ 98.001578, 3.957581 ], [ 98.001413462000073, 3.957194169000039 ], [ 98.001182, 3.95665 ], [ 98.000515, 3.955696 ], [ 98.000295393000059, 3.955367487000062 ], [ 97.999781, 3.954598 ], [ 97.999533629000055, 3.954151762000043 ], [ 97.999271, 3.953678 ], [ 97.998986, 3.952795 ], [ 97.998665, 3.951757 ], [ 97.998520136000067, 3.951378062000085 ], [ 97.998426864000081, 3.951135472000037 ], [ 97.997957, 3.949905 ], [ 97.997945474000062, 3.949876184000067 ], [ 97.997885, 3.949725 ], [ 97.997423, 3.948858 ], [ 97.997108, 3.948289 ], [ 97.99654, 3.947262 ], [ 97.996285100000094, 3.946814939000032 ], [ 97.995894, 3.946129 ], [ 97.995583431000057, 3.945619287000079 ], [ 97.99537, 3.945269 ], [ 97.994778, 3.9447 ], [ 97.994226100000063, 3.944218172000064 ], [ 97.993951, 3.943978 ], [ 97.99372291800006, 3.943778622000067 ], [ 97.993363, 3.943464 ], [ 97.992669154000055, 3.942897947000087 ], [ 97.992478, 3.942742 ], [ 97.992235, 3.942555 ], [ 97.991618, 3.942161 ], [ 97.990483, 3.941983 ], [ 97.989507, 3.94189 ], [ 97.989259883000059, 3.941867845000062 ], [ 97.989039132000087, 3.941848053000068 ], [ 97.988492, 3.941799 ], [ 97.987682593000045, 3.941826395000037 ], [ 97.987517, 3.941832 ], [ 97.987401118000037, 3.941835836000042 ], [ 97.986792, 3.941856 ], [ 97.986516, 3.941923 ], [ 97.985769, 3.942082 ], [ 97.985032, 3.942153 ], [ 97.984413970000048, 3.942113076000061 ], [ 97.984258, 3.942103 ], [ 97.984190341000073, 3.942094175000032 ], [ 97.983154, 3.941959 ], [ 97.981968, 3.941654 ], [ 97.980859, 3.941174 ], [ 97.979792, 3.940523 ], [ 97.978894, 3.939842 ], [ 97.978628999000108, 3.939599161000057 ], [ 97.978333168000063, 3.939328071000049 ], [ 97.978165, 3.939315 ], [ 97.977012, 3.939313 ], [ 97.976653726000052, 3.939277423000035 ], [ 97.976297, 3.939242 ], [ 97.976088354000069, 3.939205167000083 ], [ 97.975351, 3.939075 ], [ 97.974683, 3.938869 ], [ 97.973722512000066, 3.938440792000064 ], [ 97.973474, 3.93833 ], [ 97.973292801000085, 3.938253762000051 ], [ 97.972963, 3.938115 ], [ 97.972182, 3.937788 ], [ 97.971844, 3.937648 ], [ 97.97119, 3.937360000000111 ], [ 97.969140029000087, 3.936119044000082 ], [ 97.969135, 3.936116 ], [ 97.968287, 3.935473 ], [ 97.968259202000084, 3.935449408000059 ], [ 97.967474, 3.934783 ], [ 97.966812336000032, 3.934364042000027 ], [ 97.966558, 3.934203 ], [ 97.965667, 3.933772 ], [ 97.965285081000061, 3.933759281000029 ], [ 97.964556, 3.933735 ], [ 97.963567663000049, 3.933733009000076 ], [ 97.963563, 3.933733 ], [ 97.962921, 3.933435 ], [ 97.962506591000093, 3.93316926800003 ], [ 97.962043, 3.932872 ], [ 97.961451882000077, 3.932434837000088 ], [ 97.961014, 3.932111 ], [ 97.960607372000084, 3.931767366000051 ], [ 97.959949679000047, 3.931211561000076 ], [ 97.959794, 3.93108 ], [ 97.958475, 3.92987 ], [ 97.957835, 3.929082 ], [ 97.957434856000091, 3.928475164000102 ], [ 97.957291, 3.928257 ], [ 97.957116, 3.927995 ], [ 97.956808, 3.927565 ], [ 97.95647, 3.926917 ], [ 97.956322, 3.926633 ], [ 97.956155, 3.926282 ], [ 97.955993, 3.925947 ], [ 97.955871, 3.925701 ], [ 97.955784170000072, 3.925547803000019 ], [ 97.955714, 3.925424 ], [ 97.955666849000067, 3.925341014000033 ], [ 97.955539, 3.925116 ], [ 97.955398970000047, 3.924851420000061 ], [ 97.95534, 3.92474 ], [ 97.955280343000084, 3.924627383000021 ], [ 97.955242, 3.924555 ], [ 97.955185363000055, 3.924432086000059 ], [ 97.955148, 3.924351 ], [ 97.9551, 3.92422 ], [ 97.955096224000044, 3.924028948000077 ], [ 97.9550950000001, 3.923967 ], [ 97.955091558000049, 3.923761382000095 ], [ 97.955091, 3.923728 ], [ 97.955091476000064, 3.923609843000063 ], [ 97.955092, 3.92348 ], [ 97.955093046000059, 3.923430432000053 ], [ 97.955097, 3.923243 ], [ 97.955105829000061, 3.92283243700007 ], [ 97.955107, 3.922778 ], [ 97.955109788000073, 3.922658136000075 ], [ 97.955114, 3.922477 ], [ 97.955127, 3.92217 ], [ 97.955137, 3.921933 ], [ 97.955138182000042, 3.921904402000048 ], [ 97.955142, 3.921812 ], [ 97.955143939000052, 3.921766120000027 ], [ 97.955151, 3.921599 ], [ 97.955163, 3.921307 ], [ 97.955174, 3.921124 ], [ 97.955183, 3.920969 ], [ 97.955188, 3.920878000000103 ], [ 97.955235, 3.920639 ], [ 97.955301, 3.920457 ], [ 97.955337317000044, 3.920357464000065 ], [ 97.955355, 3.920309 ], [ 97.955368913000086, 3.920270278000062 ], [ 97.955438, 3.920078 ], [ 97.955508, 3.919915 ], [ 97.955533368000047, 3.919855653000099 ], [ 97.955617, 3.91966 ], [ 97.955643, 3.919509 ], [ 97.955679, 3.91927 ], [ 97.955705983000087, 3.919050617000043 ], [ 97.955725, 3.918896000000117 ], [ 97.955738, 3.918603 ], [ 97.95574, 3.918171 ], [ 97.955726, 3.917894 ], [ 97.955674, 3.917684 ], [ 97.955604, 3.917401 ], [ 97.955551, 3.917186 ], [ 97.955495, 3.916959 ], [ 97.955429, 3.916707 ], [ 97.955338, 3.916397 ], [ 97.95528, 3.916194 ], [ 97.955224, 3.91601 ], [ 97.955165, 3.915826 ], [ 97.955052, 3.915469 ], [ 97.955018963000057, 3.915384448000065 ], [ 97.954993, 3.915318 ], [ 97.954910349000059, 3.915106385000075 ], [ 97.954877, 3.915021 ], [ 97.954873829000064, 3.91501281500009 ], [ 97.954845965000061, 3.914940879000025 ], [ 97.954835641000045, 3.914914227000046 ], [ 97.954779, 3.914768 ], [ 97.954684, 3.914526 ], [ 97.954542, 3.91412 ], [ 97.954530534000071, 3.91408055000006 ], [ 97.954483, 3.913917 ], [ 97.954448, 3.913714 ], [ 97.954424614000047, 3.913482408000053 ], [ 97.954417, 3.913407 ], [ 97.954401003000044, 3.91324803200007 ], [ 97.954401, 3.913248 ], [ 97.954387, 3.912974 ], [ 97.954378206000058, 3.912786385000072 ], [ 97.954378, 3.912782 ], [ 97.954383482000097, 3.912687432000042 ], [ 97.954386, 3.912644 ], [ 97.954398, 3.912442 ], [ 97.954410729000074, 3.912358309000073 ], [ 97.954438, 3.912179 ], [ 97.954474, 3.911995 ], [ 97.954521, 3.91178 ], [ 97.954553, 3.911588 ], [ 97.954598, 3.911314 ], [ 97.954635194000062, 3.911093160000084 ], [ 97.954646, 3.911029 ], [ 97.954688, 3.910792 ], [ 97.954702110000099, 3.910713439000085 ], [ 97.954725, 3.910586 ], [ 97.954776, 3.910342 ], [ 97.954809, 3.910181 ], [ 97.954896, 3.909966 ], [ 97.954964, 3.909799 ], [ 97.955028, 3.909654 ], [ 97.955202, 3.909262 ], [ 97.955305, 3.909036 ], [ 97.955436000000105, 3.908749 ], [ 97.955564753000047, 3.908471532000013 ], [ 97.955565, 3.908471 ], [ 97.955671, 3.908247 ], [ 97.95577, 3.908022 ], [ 97.955853, 3.907836 ], [ 97.955964980000033, 3.907583143000087 ], [ 97.955977, 3.907556 ], [ 97.956068, 3.90734 ], [ 97.956168, 3.907102 ], [ 97.956267, 3.906819 ], [ 97.956288697000062, 3.906752524000081 ], [ 97.956361, 3.906531 ], [ 97.956466, 3.906148 ], [ 97.956514, 3.905921 ], [ 97.95655, 3.905706 ], [ 97.956602053000054, 3.905310022000035 ], [ 97.956606, 3.90528 ], [ 97.956611057000032, 3.905241995000043 ], [ 97.956639, 3.905032 ], [ 97.956672, 3.904777 ], [ 97.956696, 3.9046 ], [ 97.956735, 3.904303 ], [ 97.956755667000053, 3.90414382200003 ], [ 97.956782, 3.903941 ], [ 97.956794296000055, 3.903849842000076 ], [ 97.956811, 3.903726 ], [ 97.956825, 3.903615 ], [ 97.95685, 3.903426 ], [ 97.956850099000064, 3.903425363000047 ], [ 97.956889, 3.903175 ], [ 97.956910865000054, 3.903035219000089 ], [ 97.956945, 3.902817 ], [ 97.956976, 3.902638 ], [ 97.957012, 3.902434 ], [ 97.957040890000101, 3.902268630000072 ], [ 97.957038768000089, 3.902238268000096 ], [ 97.957019, 3.901975 ], [ 97.95697, 3.901704 ], [ 97.956906, 3.901485 ], [ 97.956864, 3.901349 ], [ 97.956746, 3.901110000000111 ], [ 97.956591, 3.900883 ], [ 97.956425817000095, 3.900692941000059 ], [ 97.956424999000035, 3.900692 ], [ 97.956262, 3.900504 ], [ 97.956016, 3.900244 ], [ 97.955749, 3.899975 ], [ 97.955706517000067, 3.899933322000041 ], [ 97.955538, 3.899768 ], [ 97.955313, 3.899552 ], [ 97.955167352000046, 3.899406352000033 ], [ 97.955066, 3.899305 ], [ 97.954944, 3.899174 ], [ 97.954863377000038, 3.89908772800004 ], [ 97.954787, 3.899006 ], [ 97.954656, 3.898827 ], [ 97.95462679200007, 3.89877081300006 ], [ 97.954538, 3.8986 ], [ 97.954521709000062, 3.898560302000032 ], [ 97.954451, 3.898388 ], [ 97.954402960000039, 3.898272286000081 ], [ 97.954336, 3.898111 ], [ 97.954306437000071, 3.898022914000048 ], [ 97.954287, 3.897965 ], [ 97.954192, 3.897683 ], [ 97.954176284000084, 3.897636129000051 ], [ 97.954135, 3.897513 ], [ 97.954015, 3.897244 ], [ 97.953862, 3.896904 ], [ 97.953829557000063, 3.896823223000062 ], [ 97.953813, 3.896782 ], [ 97.953727, 3.896569 ], [ 97.953625, 3.896315 ], [ 97.953554, 3.89614 ], [ 97.953545569000099, 3.89610810900007 ], [ 97.953508, 3.895966 ], [ 97.953481754000052, 3.895866085000043 ], [ 97.95342, 3.895631 ], [ 97.953353701000083, 3.895381272000075 ], [ 97.95333, 3.895292 ], [ 97.953268588000071, 3.895113029000109 ], [ 97.953225, 3.894986 ], [ 97.953177613000037, 3.894818494000078 ], [ 97.953139, 3.894682 ], [ 97.953081731000069, 3.894477469000058 ], [ 97.953069, 3.894432 ], [ 97.953029, 3.894252 ], [ 97.952966801000059, 3.89397630600009 ], [ 97.952955, 3.893924 ], [ 97.952887, 3.893621 ], [ 97.952879905000032, 3.893581387000075 ], [ 97.952839, 3.893353 ], [ 97.952802, 3.893113 ], [ 97.952788763000058, 3.893018961000047 ], [ 97.952754, 3.892772 ], [ 97.952715142000059, 3.892475088000011 ], [ 97.952671, 3.892188 ], [ 97.952632, 3.891936 ], [ 97.952611, 3.891835 ], [ 97.952568, 3.891635 ], [ 97.952526, 3.891435 ], [ 97.952469, 3.891258 ], [ 97.952388461000069, 3.891008079000089 ], [ 97.952372, 3.890957 ], [ 97.95226, 3.890645 ], [ 97.952194402000046, 3.890484551000038 ], [ 97.952112, 3.890283 ], [ 97.952093755000078, 3.890244748000062 ], [ 97.951967, 3.889979 ], [ 97.951791, 3.889668 ], [ 97.951613, 3.889404000000112 ], [ 97.951513867000074, 3.889320923000078 ], [ 97.951471, 3.889285 ], [ 97.951307299000078, 3.889197477000058 ], [ 97.951269, 3.889177 ], [ 97.951020583000059, 3.889093197000062 ], [ 97.950979293000046, 3.889084460000054 ], [ 97.950734, 3.889033 ], [ 97.950575907000086, 3.889018356000078 ], [ 97.950259, 3.888989 ], [ 97.949984, 3.888992 ], [ 97.949564333000069, 3.88906227400004 ], [ 97.949356738000063, 3.889139722000077 ], [ 97.949036, 3.889307 ], [ 97.948816, 3.88945 ], [ 97.948643, 3.889585 ], [ 97.948505930000081, 3.889695231000098 ], [ 97.9485, 3.8897 ], [ 97.948428, 3.889758 ], [ 97.948314325000069, 3.889877684000059 ], [ 97.948201, 3.889997 ], [ 97.948139, 3.8901 ], [ 97.947963, 3.890391 ], [ 97.947818, 3.890661 ], [ 97.947667, 3.890943 ], [ 97.947516, 3.891235 ], [ 97.947368, 3.891524 ], [ 97.947259, 3.891754 ], [ 97.947133, 3.892036 ], [ 97.946974, 3.892434 ], [ 97.946802, 3.892788 ], [ 97.946617, 3.89317 ], [ 97.946481, 3.893442 ], [ 97.946308, 3.893784 ], [ 97.946164, 3.894065 ], [ 97.946007, 3.894326 ], [ 97.945771, 3.894685 ], [ 97.945684, 3.894793 ], [ 97.945531, 3.894984 ], [ 97.945443429000079, 3.895088514000075 ], [ 97.945071, 3.895533 ], [ 97.945003455000077, 3.89560813400004 ], [ 97.944982, 3.895632 ], [ 97.944354, 3.896331 ], [ 97.943997, 3.896677 ], [ 97.943521, 3.89707 ], [ 97.943379, 3.897154 ], [ 97.943198160000094, 3.897213174000058 ], [ 97.942725, 3.897368 ], [ 97.942585473000079, 3.897378980000038 ], [ 97.941988, 3.897426 ], [ 97.941132164000066, 3.897390007000095 ], [ 97.941132, 3.89739 ], [ 97.940976098000078, 3.897345769000059 ], [ 97.93999, 3.897066 ], [ 97.939017, 3.89679 ], [ 97.938711, 3.896747 ], [ 97.937981310000055, 3.896642759000035 ], [ 97.937745, 3.896609 ], [ 97.937331608000079, 3.896508962000034 ], [ 97.936902, 3.896405000000111 ], [ 97.936519453000088, 3.896264428000079 ], [ 97.936023, 3.896082 ], [ 97.93588, 3.895962 ], [ 97.935429577000036, 3.895198978000086 ], [ 97.935429, 3.895198 ], [ 97.935216381000032, 3.894791729000096 ], [ 97.935084575000076, 3.894699599000061 ], [ 97.934753, 3.894469 ], [ 97.935239, 3.893435 ], [ 97.935497, 3.892234 ], [ 97.935939212000065, 3.891126181000039 ], [ 97.93598, 3.891024 ], [ 97.936465, 3.888968 ], [ 97.936191576000056, 3.888555167000074 ], [ 97.935502, 3.887514 ], [ 97.934421, 3.885455 ], [ 97.933766563000063, 3.884984551000052 ], [ 97.933578, 3.884849 ], [ 97.931771, 3.884121 ], [ 97.930084, 3.884119 ], [ 97.92924, 3.884481 ], [ 97.928276, 3.884843 ], [ 97.927071, 3.884962 ], [ 97.925865, 3.885929 ], [ 97.924656494000018, 3.886258013000047 ], [ 97.924539, 3.88629 ], [ 97.923311522000077, 3.886442798000082 ], [ 97.922611, 3.88653 ], [ 97.922493249000055, 3.88653726800005 ], [ 97.920683, 3.886649 ], [ 97.91957738900004, 3.886592114000083 ], [ 97.918273, 3.886525 ], [ 97.916707000000102, 3.88628 ], [ 97.916631135000046, 3.88619413000004 ], [ 97.91574427900008, 3.88519031600004 ], [ 97.914178, 3.884946 ], [ 97.913093, 3.885065 ], [ 97.91237, 3.885549 ], [ 97.912125669000034, 3.886099378000054 ], [ 97.911887, 3.886637 ], [ 97.911524, 3.887484 ], [ 97.911465503000059, 3.887671092000083 ], [ 97.910919, 3.889419 ], [ 97.910676, 3.890871 ], [ 97.910554, 3.892445 ], [ 97.911153891000069, 3.894018714000042 ], [ 97.911154, 3.894019000000107 ], [ 97.911273, 3.895108 ], [ 97.911484553000037, 3.895534185000027 ], [ 97.911754, 3.896077 ], [ 97.912187423000034, 3.896863075000051 ], [ 97.912355, 3.897167 ], [ 97.912355142000081, 3.897168154000075 ], [ 97.912404889000086, 3.897572821000048 ], [ 97.912474, 3.898135 ], [ 97.912342593000062, 3.898573025000096 ], [ 97.912111, 3.899345 ], [ 97.911388, 3.899646 ], [ 97.911387176000062, 3.899945860000054 ], [ 97.911387, 3.90001 ], [ 97.911386662000041, 3.900010451000083 ], [ 97.910663, 3.9009770000001 ], [ 97.908493, 3.902063 ], [ 97.907769000000101, 3.903151 ], [ 97.907937253000057, 3.903775271000037 ], [ 97.908128, 3.904483 ], [ 97.908971, 3.905331 ], [ 97.909034786000063, 3.905433843000051 ], [ 97.909572, 3.9063 ], [ 97.909089, 3.907268 ], [ 97.908485, 3.907993 ], [ 97.908485, 3.908477 ], [ 97.908484172000058, 3.909178612000072 ], [ 97.908484, 3.909324 ], [ 97.90848367500007, 3.909324395000089 ], [ 97.90790703800009, 3.910025914000109 ], [ 97.907381384000075, 3.910665407000093 ], [ 97.90679409600007, 3.911380973000057 ], [ 97.906819566000067, 3.911639954000086 ], [ 97.906913, 3.91259 ], [ 97.90674, 3.912545 ], [ 97.906631, 3.91253 ], [ 97.906332, 3.91245 ], [ 97.906042, 3.912365 ], [ 97.90571, 3.912263 ], [ 97.905530748000047, 3.912208088000067 ], [ 97.905426, 3.912176 ], [ 97.905326980000055, 3.91214215800008 ], [ 97.905031, 3.912041 ], [ 97.904855684000054, 3.911977125000035 ], [ 97.904773, 3.911947 ], [ 97.904597981000066, 3.911883300000077 ], [ 97.90449, 3.911844 ], [ 97.904267, 3.911763 ], [ 97.903999, 3.911644 ], [ 97.903697, 3.9115 ], [ 97.90359, 3.911428 ], [ 97.903302, 3.911225 ], [ 97.90315, 3.911141 ], [ 97.903024293000044, 3.911074360000078 ], [ 97.902901, 3.911009 ], [ 97.902737921000067, 3.910951653000044 ], [ 97.902628, 3.910913 ], [ 97.902366, 3.910841 ], [ 97.902117, 3.910793 ], [ 97.901891, 3.910793 ], [ 97.901701, 3.91084 ], [ 97.901510000000101, 3.9109 ], [ 97.901285, 3.910959 ], [ 97.901214690000089, 3.910965750000084 ], [ 97.901035, 3.910983 ], [ 97.900904870000048, 3.910975515000098 ], [ 97.900809, 3.91097 ], [ 97.900702156000094, 3.910946984000027 ], [ 97.900713379000095, 3.91101775400005 ], [ 97.900738, 3.911173 ], [ 97.900757402000082, 3.91130881700007 ], [ 97.900763, 3.911348 ], [ 97.900769752000102, 3.911413086000033 ], [ 97.900788, 3.911589 ], [ 97.900789261000057, 3.91162752600009 ], [ 97.900797, 3.911864 ], [ 97.900797171000079, 3.911870108000089 ], [ 97.900803, 3.9120780000001 ], [ 97.900795, 3.912345 ], [ 97.90076517600005, 3.912576139000096 ], [ 97.900759, 3.912624 ], [ 97.900735805000068, 3.912704501000065 ], [ 97.900657, 3.912978 ], [ 97.900574, 3.913206 ], [ 97.900471, 3.913457 ], [ 97.900354, 3.913727 ], [ 97.900282, 3.913898000000108 ], [ 97.900173, 3.914158 ], [ 97.900105456000063, 3.91431817500009 ], [ 97.900081890000081, 3.914376865000096 ], [ 97.899984, 3.914622 ], [ 97.899886, 3.914799 ], [ 97.899746, 3.915052 ], [ 97.89961, 3.915292 ], [ 97.899496, 3.915493 ], [ 97.899379, 3.915665 ], [ 97.899317, 3.915756 ], [ 97.899098, 3.91597100000011 ], [ 97.898984, 3.916083 ], [ 97.898817, 3.916248 ], [ 97.898727, 3.916336 ], [ 97.898559, 3.916502 ], [ 97.898415, 3.916643 ], [ 97.898318, 3.916738 ], [ 97.898317710000072, 3.916738285000085 ], [ 97.898144, 3.916909 ], [ 97.898072, 3.916979 ], [ 97.897916, 3.917133 ], [ 97.897785, 3.917262 ], [ 97.897647, 3.917398 ], [ 97.897484, 3.917557 ], [ 97.897303637000064, 3.91774076600009 ], [ 97.897272, 3.917773 ], [ 97.897249975000094, 3.917795937000026 ], [ 97.897103, 3.917949 ], [ 97.897009, 3.918058 ], [ 97.896877, 3.918212 ], [ 97.896782, 3.918343 ], [ 97.896685, 3.918588 ], [ 97.896603, 3.918868 ], [ 97.896481, 3.9193 ], [ 97.896385, 3.919652 ], [ 97.896314, 3.919929 ], [ 97.896252, 3.920169 ], [ 97.896185, 3.920431 ], [ 97.896146, 3.920669 ], [ 97.896119, 3.920836 ], [ 97.896085, 3.921087 ], [ 97.896057, 3.921348 ], [ 97.89603, 3.921637 ], [ 97.896009, 3.921888 ], [ 97.895984, 3.922204 ], [ 97.895967, 3.922414 ], [ 97.895957472000077, 3.922538920000023 ], [ 97.895949000000101, 3.92265 ], [ 97.895939432000034, 3.922768005 ], [ 97.895925, 3.922946 ], [ 97.895908, 3.923156 ], [ 97.895872, 3.923415 ], [ 97.895776, 3.923666 ], [ 97.895693, 3.923809 ], [ 97.895586, 3.923964 ], [ 97.895563004000067, 3.923986996000028 ], [ 97.895443, 3.924107 ], [ 97.895152, 3.924279000000111 ], [ 97.894934, 3.924392 ], [ 97.89455, 3.924591 ], [ 97.894289, 3.924726 ], [ 97.894028, 3.924881 ], [ 97.893833849000046, 3.925022651000084 ], [ 97.893798828000072, 3.9250501 ], [ 97.893635, 3.925179 ], [ 97.893528, 3.925334 ], [ 97.893382, 3.925586 ], [ 97.893183, 3.925922 ], [ 97.892999, 3.92622 ], [ 97.892884, 3.926408 ], [ 97.89267, 3.926743 ], [ 97.892452, 3.927083 ], [ 97.892372, 3.927207 ], [ 97.892335, 3.927281 ], [ 97.892186, 3.927526 ], [ 97.892040438000038, 3.927740878000074 ], [ 97.892039, 3.927743 ], [ 97.892025018000083, 3.927760732000049 ], [ 97.89186, 3.92797 ], [ 97.891646, 3.928185 ], [ 97.891408, 3.928363 ], [ 97.891277, 3.928435 ], [ 97.891154214000039, 3.928479587000042 ], [ 97.890919, 3.928565 ], [ 97.890716732000058, 3.928632041000049 ], [ 97.890566, 3.928682 ], [ 97.890164, 3.928814 ], [ 97.889811, 3.928941 ], [ 97.889245, 3.929155 ], [ 97.889036, 3.929234 ], [ 97.888811617000044, 3.929318723000046 ], [ 97.888697, 3.929362 ], [ 97.888523307000085, 3.929416672000099 ], [ 97.888338, 3.929475 ], [ 97.888126, 3.929541 ], [ 97.887657, 3.929655 ], [ 97.88727, 3.929719 ], [ 97.887044, 3.92973 ], [ 97.886854, 3.929718 ], [ 97.88674792400009, 3.929693363000066 ], [ 97.886699, 3.929682 ], [ 97.886485, 3.92961 ], [ 97.886338326000043, 3.929500636000054 ], [ 97.886082, 3.929371 ], [ 97.88576, 3.92923 ], [ 97.885428, 3.929084 ], [ 97.885024, 3.928928 ], [ 97.884667653000065, 3.92882496000004 ], [ 97.884609, 3.928808 ], [ 97.884216492000078, 3.928724105000111 ], [ 97.884038, 3.928712 ], [ 97.883812668000076, 3.928735368000047 ], [ 97.88376243900008, 3.928740934000076 ], [ 97.883488, 3.928787 ], [ 97.883093975000065, 3.928876312000062 ], [ 97.883033564000073, 3.92889020300006 ], [ 97.882861, 3.928937 ], [ 97.8825760000001, 3.929032 ], [ 97.88216, 3.929193 ], [ 97.881832, 3.929319 ], [ 97.881529, 3.929436 ], [ 97.881063, 3.929601 ], [ 97.88048, 3.929798 ], [ 97.879809, 3.929974 ], [ 97.879522, 3.930025 ], [ 97.879233, 3.93003 ], [ 97.879102, 3.93002 ], [ 97.878935608000063, 3.930006839000051 ], [ 97.878925, 3.930006 ], [ 97.8788940620001, 3.929998314000048 ], [ 97.878764, 3.929966 ], [ 97.878533, 3.92991 ], [ 97.878248, 3.929814 ], [ 97.878047438000067, 3.929752915000063 ], [ 97.877854, 3.929694 ], [ 97.877751353000065, 3.929668603000043 ], [ 97.877563, 3.929622 ], [ 97.877239242000101, 3.929541287000077 ], [ 97.877206, 3.929533 ], [ 97.876873, 3.929464 ], [ 97.876619, 3.929415 ], [ 97.87644711600008, 3.929390089000034 ], [ 97.876205, 3.929355 ], [ 97.876085, 3.929345 ], [ 97.875907, 3.929369 ], [ 97.875776000000101, 3.929452 ], [ 97.875633, 3.929596 ], [ 97.875485, 3.929794 ], [ 97.875348000000102, 3.929977 ], [ 97.875232, 3.930157 ], [ 97.875086, 3.930383 ], [ 97.875008, 3.930544 ], [ 97.874954, 3.930657 ], [ 97.874859, 3.930943 ], [ 97.874756, 3.931227 ], [ 97.874704, 3.931373 ], [ 97.874608, 3.9316 ], [ 97.874535, 3.931724 ], [ 97.874489, 3.931802 ], [ 97.874429260000056, 3.931932095000032 ], [ 97.874429076000084, 3.931931836000071 ], [ 97.874429, 3.931932000000113 ], [ 97.874113, 3.931486 ], [ 97.872789, 3.930153 ], [ 97.871584, 3.93003 ], [ 97.870622, 3.928819 ], [ 97.8699, 3.92785 ], [ 97.869298, 3.927607 ], [ 97.868577, 3.925791 ], [ 97.868217, 3.92458 ], [ 97.867134, 3.923973 ], [ 97.86617, 3.92373 ], [ 97.864725, 3.923365 ], [ 97.863399, 3.923242000000111 ], [ 97.862557, 3.922636 ], [ 97.861111, 3.922513 ], [ 97.859181, 3.924205 ], [ 97.856647, 3.926501 ], [ 97.855561, 3.92771 ], [ 97.853389, 3.930006 ], [ 97.849527, 3.933873 ], [ 97.847474, 3.93738 ], [ 97.845179, 3.941249 ], [ 97.843489, 3.943667 ], [ 97.842401, 3.946328 ], [ 97.842020094000077, 3.947023241000094 ], [ 97.840347, 3.950077 ], [ 97.839139, 3.952889 ], [ 97.838272238000073, 3.95419057900009 ], [ 97.837931, 3.954703 ], [ 97.837037134000084, 3.95583625100006 ], [ 97.83612, 3.956999 ], [ 97.834551, 3.959297 ], [ 97.832981, 3.961715 ], [ 97.831772, 3.964375 ], [ 97.830685, 3.96631 ], [ 97.829116, 3.967881 ], [ 97.826461, 3.97054 ], [ 97.824893, 3.97199 ], [ 97.824048, 3.972715 ], [ 97.823805114000038, 3.974166277000082 ], [ 97.824066812000069, 3.974800458000058 ], [ 97.824405, 3.97562 ], [ 97.823438, 3.977796 ], [ 97.823698321000052, 3.979288312000076 ], [ 97.823797, 3.979854 ], [ 97.823796943000048, 3.979854469000047 ], [ 97.823431, 3.982879 ], [ 97.822706, 3.98427 ], [ 97.821981, 3.9856 ], [ 97.821015, 3.98693 ], [ 97.819808, 3.98838 ], [ 97.818769748000094, 3.989179878000079 ], [ 97.81824, 3.989588 ], [ 97.81817293000006, 3.989614086000073 ], [ 97.81607, 3.990432 ], [ 97.814863, 3.991157 ], [ 97.814362573000039, 3.991741754000043 ], [ 97.814139, 3.992003 ], [ 97.814040762000062, 3.992092429000049 ], [ 97.812812, 3.993211 ], [ 97.811641654000098, 3.994617937000032 ], [ 97.81160518300004, 3.994661780000068 ], [ 97.811, 3.996234 ], [ 97.809673, 3.9972 ], [ 97.808587, 3.997925 ], [ 97.806295, 3.999858 ], [ 97.803761, 4.002516 ], [ 97.801346, 4.005417 ], [ 97.798931516000039, 4.008525826000048 ], [ 97.798811, 4.008681 ], [ 97.797987538000086, 4.010100383000079 ], [ 97.796636, 4.01243 ], [ 97.794704, 4.015452 ], [ 97.793858, 4.017145 ], [ 97.792771, 4.018838 ], [ 97.792286, 4.020531 ], [ 97.792164, 4.021499 ], [ 97.791681, 4.022346 ], [ 97.790716, 4.02295 ], [ 97.789631, 4.023311 ], [ 97.789509, 4.023916 ], [ 97.790032704000055, 4.025182125000088 ], [ 97.79011, 4.025369 ], [ 97.790449950000038, 4.025797059000094 ], [ 97.791553, 4.027186 ], [ 97.792023289000056, 4.027612151000029 ], [ 97.792231568000048, 4.027800882000079 ], [ 97.792757, 4.028277 ], [ 97.79384, 4.029368 ], [ 97.794177476000073, 4.02951214000008 ], [ 97.794622, 4.029702 ], [ 97.794621882000072, 4.029702589000079 ], [ 97.793937729000064, 4.033113016000071 ], [ 97.793894, 4.033331 ], [ 97.793879407000091, 4.033398341000066 ], [ 97.793092, 4.037032 ], [ 97.792923, 4.037808 ], [ 97.792678, 4.040591 ], [ 97.792797, 4.042043 ], [ 97.793157, 4.043012 ], [ 97.793396, 4.044101 ], [ 97.793033, 4.04519 ], [ 97.792910465000048, 4.04663650900005 ], [ 97.793123515000062, 4.047503178000074 ], [ 97.79315, 4.04761 ], [ 97.793751, 4.048579 ], [ 97.794242246000067, 4.048854080000094 ], [ 97.794835, 4.049186 ], [ 97.795011814000077, 4.049542944000072 ], [ 97.795315, 4.050155 ], [ 97.794952, 4.051244 ], [ 97.794227, 4.052816 ], [ 97.794138150000038, 4.053952264000064 ], [ 97.794105059000074, 4.054375461000083 ], [ 97.794527629000072, 4.054922719000063 ], [ 97.794585, 4.054995 ], [ 97.79473143000007, 4.05548716700004 ], [ 97.794945, 4.056205 ], [ 97.794702, 4.057536 ], [ 97.794218, 4.058625 ], [ 97.793842560000101, 4.059268929000054 ], [ 97.793372, 4.060076 ], [ 97.793134783000085, 4.060483340000087 ], [ 97.792527, 4.061527 ], [ 97.792163, 4.06322 ], [ 97.79216, 4.064793 ], [ 97.792481021000086, 4.065439488000054 ], [ 97.792520928000059, 4.065519854000073 ], [ 97.793483, 4.066611 ], [ 97.793200191000039, 4.067552917000079 ], [ 97.79312, 4.06782 ], [ 97.792757, 4.068667 ], [ 97.792633, 4.070845 ], [ 97.791546, 4.072538 ], [ 97.7907, 4.073898 ], [ 97.788500937000038, 4.082893757000017 ], [ 97.788275, 4.083818 ], [ 97.788274883000042, 4.083818218000058 ], [ 97.785616, 4.088775 ], [ 97.782594, 4.095003 ], [ 97.781747, 4.097543 ], [ 97.781373784000039, 4.098289433000065 ], [ 97.781142, 4.098753 ], [ 97.780898, 4.100688 ], [ 97.780897618000054, 4.100688383000056 ], [ 97.780415, 4.101172 ], [ 97.779689, 4.102986 ], [ 97.779214514000046, 4.104997431000085 ], [ 97.779204, 4.105042 ], [ 97.779201473000086, 4.105048739000059 ], [ 97.778478, 4.106978 ], [ 97.778253, 4.107428 ], [ 97.777847399000052, 4.108242481000065 ], [ 97.777496979000034, 4.108294864000113 ], [ 97.777422997000087, 4.108305982000067 ], [ 97.777324950000036, 4.108321671000063 ], [ 97.777239902000062, 4.108335362000062 ], [ 97.777111535000074, 4.108363287000036 ], [ 97.776943999000096, 4.108406239000048 ], [ 97.77671426600007, 4.108465241000054 ], [ 97.776539562000053, 4.108509355000035 ], [ 97.776445631000087, 4.108533500000027 ], [ 97.776341743000032, 4.108560041000051 ], [ 97.776244367000061, 4.108584793000041 ], [ 97.775893, 4.108679 ], [ 97.775604641000086, 4.108758381000026 ], [ 97.774955818000095, 4.108936992000079 ], [ 97.774578, 4.109041 ], [ 97.774530002000063, 4.109056008000039 ], [ 97.773549640000084, 4.109362546000059 ], [ 97.773174, 4.10948 ], [ 97.772925020000073, 4.109591020000036 ], [ 97.772259, 4.109888 ], [ 97.771076, 4.110415 ], [ 97.770088, 4.11090000000011 ], [ 97.769237, 4.111318 ], [ 97.767904, 4.111688 ], [ 97.766712, 4.112019 ], [ 97.766029, 4.112208 ], [ 97.765216, 4.112434 ], [ 97.764478, 4.112611 ], [ 97.763474, 4.112852 ], [ 97.762378667000064, 4.113276 ], [ 97.761893, 4.113464 ], [ 97.760846, 4.114087 ], [ 97.758668, 4.115692 ], [ 97.757014, 4.116983 ], [ 97.755424, 4.118309 ], [ 97.755330692000086, 4.11840058900003 ], [ 97.755286327000093, 4.118444136000061 ], [ 97.754176000000101, 4.119534 ], [ 97.752159, 4.121647 ], [ 97.75085606100005, 4.123097794000087 ], [ 97.750525278000055, 4.12346611400006 ], [ 97.75, 4.124051 ], [ 97.748508, 4.126866 ], [ 97.746657, 4.130341 ], [ 97.745513, 4.132139 ], [ 97.744301, 4.132928 ], [ 97.738117, 4.136956 ], [ 97.734496, 4.140339 ], [ 97.731237, 4.143692 ], [ 97.729547, 4.145383 ], [ 97.728214, 4.149496 ], [ 97.727852, 4.150221 ], [ 97.728089, 4.152279 ], [ 97.728328, 4.153852 ], [ 97.728325, 4.155547 ], [ 97.726998, 4.156271 ], [ 97.725671, 4.157358 ], [ 97.725580999000044, 4.158851 ], [ 97.725547, 4.159415 ], [ 97.725183, 4.160624 ], [ 97.724199304000081, 4.161390304000043 ], [ 97.724097, 4.16147 ], [ 97.723613, 4.162679 ], [ 97.723368, 4.165099 ], [ 97.72335831900007, 4.165140809000028 ], [ 97.723181561000033, 4.165904171 ], [ 97.723004, 4.166671 ], [ 97.721677, 4.167395 ], [ 97.720589, 4.169209 ], [ 97.720828, 4.170661 ], [ 97.720827, 4.171388 ], [ 97.72179, 4.172115 ], [ 97.721789999000066, 4.172115250000081 ], [ 97.721788, 4.173083000000106 ], [ 97.721908, 4.17381 ], [ 97.721813257000065, 4.174835230000044 ], [ 97.721785, 4.175141 ], [ 97.72094, 4.175986 ], [ 97.720094, 4.177195 ], [ 97.71937, 4.178192 ], [ 97.718645, 4.17928 ], [ 97.718296853000098, 4.180899843000027 ], [ 97.718281800000057, 4.180974640000054 ], [ 97.718627474000087, 4.182025834000071 ], [ 97.71876, 4.182427 ], [ 97.718759656000046, 4.182427801000066 ], [ 97.718397, 4.183273 ], [ 97.718395, 4.184604 ], [ 97.718513, 4.186057 ], [ 97.718149, 4.187629 ], [ 97.717304, 4.188475 ], [ 97.716699, 4.189805 ], [ 97.716577000000115, 4.191136 ], [ 97.716575, 4.192225 ], [ 97.716331, 4.193798 ], [ 97.715967095000053, 4.195492823000088 ], [ 97.716204, 4.197549 ], [ 97.716674352000055, 4.198497534000078 ], [ 97.717045, 4.199245 ], [ 97.717044, 4.200334 ], [ 97.7168, 4.201544000000101 ], [ 97.715473, 4.20251 ], [ 97.71511, 4.203114 ], [ 97.714747114000033, 4.204082202000067 ], [ 97.715228, 4.20493 ], [ 97.716093442000044, 4.205608449000086 ], [ 97.716310642000067, 4.205778719000015 ], [ 97.716311, 4.205779 ], [ 97.716248735000093, 4.206513519000064 ], [ 97.716188, 4.20723 ], [ 97.716428, 4.208441 ], [ 97.716908, 4.20944 ], [ 97.717027000000101, 4.210166 ], [ 97.716544, 4.210892 ], [ 97.716061, 4.211617 ], [ 97.716312493000032, 4.211971852000053 ], [ 97.716662, 4.212465 ], [ 97.716902, 4.213434 ], [ 97.716917554000077, 4.213481052000061 ], [ 97.717022, 4.213797 ], [ 97.717212857000064, 4.214473384000023 ], [ 97.717261, 4.214644 ], [ 97.717284370000087, 4.214858062000084 ], [ 97.71738, 4.215734 ], [ 97.717276971000061, 4.216747535000026 ], [ 97.717257, 4.216944 ], [ 97.717256546000044, 4.217246123000079 ], [ 97.717255, 4.218275 ], [ 97.717736, 4.219002 ], [ 97.717855, 4.219849 ], [ 97.717733, 4.220817 ], [ 97.71737, 4.221905 ], [ 97.717609, 4.222753 ], [ 97.718020744000057, 4.223084720000033 ], [ 97.718211, 4.223238 ], [ 97.718402916000073, 4.223576346000073 ], [ 97.718692, 4.224086 ], [ 97.718208, 4.225295 ], [ 97.718105982000054, 4.226298590000074 ], [ 97.718085, 4.226505 ], [ 97.718279693000071, 4.22768863300008 ], [ 97.718324191000093, 4.227958450000099 ], [ 97.718684, 4.228805 ], [ 97.719285, 4.229774 ], [ 97.720007, 4.230623 ], [ 97.720609, 4.231229 ], [ 97.720609008000054, 4.231229083000098 ], [ 97.720713214000071, 4.232288650000068 ], [ 97.720728, 4.232439 ], [ 97.720725254000072, 4.232451305000051 ], [ 97.720485, 4.233528 ], [ 97.720845192000056, 4.234375018000057 ], [ 97.722171, 4.234498 ], [ 97.723014, 4.234742 ], [ 97.723014466000066, 4.234742351000046 ], [ 97.723370466000063, 4.235011149000077 ], [ 97.723757, 4.235303 ], [ 97.723913524000082, 4.235575896000052 ], [ 97.724217, 4.236105 ], [ 97.724095, 4.237073 ], [ 97.723611, 4.238162 ], [ 97.722886, 4.239007 ], [ 97.722283, 4.239733 ], [ 97.722040102000051, 4.240457695000058 ], [ 97.72204, 4.240458 ], [ 97.721924591000061, 4.240550442000028 ], [ 97.721437, 4.240941 ], [ 97.7204720000001, 4.241424 ], [ 97.719747, 4.242512 ], [ 97.719263, 4.2436 ], [ 97.718779, 4.244567 ], [ 97.717933, 4.245776 ], [ 97.717932090000033, 4.24665723900008 ], [ 97.717932, 4.246744 ], [ 97.717688, 4.248196 ], [ 97.717687894000051, 4.248196106000037 ], [ 97.716843, 4.249042 ], [ 97.716843, 4.249284 ], [ 97.717324610000048, 4.249963544000052 ], [ 97.717444, 4.2501320000001 ], [ 97.718045, 4.25098 ], [ 97.718045071000077, 4.250980505000046 ], [ 97.718164, 4.251827 ], [ 97.718403, 4.253038 ], [ 97.718763, 4.254369 ], [ 97.71864, 4.2557 ], [ 97.718709666000052, 4.256051815000041 ], [ 97.71876, 4.256306 ], [ 97.718946820000056, 4.256808337000064 ], [ 97.71912, 4.257274 ], [ 97.724172408000086, 4.269164410000025 ], [ 97.726324, 4.274228 ], [ 97.72673955900008, 4.274506763000038 ], [ 97.727047, 4.274713 ], [ 97.727226927000075, 4.275319 ], [ 97.727407, 4.275319 ], [ 97.72813, 4.275502 ], [ 97.728974, 4.275442 ], [ 97.728974819000086, 4.275442093000034 ], [ 97.729517, 4.275504 ], [ 97.729703267000048, 4.275767258000048 ], [ 97.729817, 4.275928 ], [ 97.730050641000062, 4.276028765000026 ], [ 97.730239, 4.27611 ], [ 97.7306, 4.276595 ], [ 97.7307870960001, 4.276764663000076 ], [ 97.730863631000034, 4.276834067000047 ], [ 97.730898845000098, 4.276865999000059 ], [ 97.731201, 4.27714 ], [ 97.731501592000086, 4.277644595000038 ], [ 97.731562, 4.277746 ], [ 97.731576690000068, 4.277865494000047 ], [ 97.731681, 4.278714 ], [ 97.73174, 4.279562 ], [ 97.731739, 4.280288 ], [ 97.731692378000034, 4.28092492200008 ], [ 97.731677, 4.281135 ], [ 97.731658860000039, 4.281260940000074 ], [ 97.731555, 4.281982 ], [ 97.731675, 4.282587 ], [ 97.731755972000101, 4.282641431000061 ], [ 97.731855, 4.282708 ], [ 97.731942753000041, 4.28279648200004 ], [ 97.732216, 4.283072 ], [ 97.732336, 4.283556 ], [ 97.732154, 4.284342 ], [ 97.731911, 4.28531 ], [ 97.73185, 4.286096 ], [ 97.732055819000038, 4.286372516000029 ], [ 97.732211, 4.286581 ], [ 97.732578385000068, 4.286766602000067 ], [ 97.732692102000058, 4.28682398000007 ], [ 97.733177408000074, 4.286727401000089 ], [ 97.733295, 4.286704 ], [ 97.73365818700006, 4.286901136000041 ], [ 97.733753080000042, 4.28691199100009 ], [ 97.734199, 4.286963 ], [ 97.734466207000082, 4.287097714000019 ], [ 97.73456, 4.287145000000104 ], [ 97.734570136000073, 4.28718073000007 ], [ 97.73468, 4.287568 ], [ 97.734921, 4.287871 ], [ 97.735282, 4.288356 ], [ 97.735039, 4.288961 ], [ 97.73528, 4.289506 ], [ 97.735554253000032, 4.289874718000029 ], [ 97.73564, 4.28999 ], [ 97.735651496000088, 4.290016930000032 ], [ 97.735821, 4.290414 ], [ 97.735982870000043, 4.290642776000051 ], [ 97.736121, 4.290838 ], [ 97.736603, 4.291202 ], [ 97.736603405000054, 4.29120308900005 ], [ 97.736783, 4.291686 ], [ 97.736817626000061, 4.292005852000051 ], [ 97.736842, 4.292231 ], [ 97.736890878000068, 4.292502273000035 ], [ 97.736962616000071, 4.292897477000069 ], [ 97.737744, 4.293503 ], [ 97.738316, 4.294139 ], [ 97.738737, 4.294866 ], [ 97.738750106000069, 4.294909156000098 ], [ 97.738976, 4.295653 ], [ 97.739337, 4.29644 ], [ 97.739938, 4.297288 ], [ 97.740182157000049, 4.297896798000099 ], [ 97.74035907800004, 4.298015889000077 ], [ 97.740539, 4.298137 ], [ 97.740841, 4.298076 ], [ 97.741142, 4.298198 ], [ 97.741142898000092, 4.29819951200005 ], [ 97.741322, 4.298501 ], [ 97.741321, 4.299106 ], [ 97.741079, 4.299711 ], [ 97.740837, 4.300376 ], [ 97.741078558000083, 4.300859511000067 ], [ 97.74156, 4.300438 ], [ 97.741802, 4.299954 ], [ 97.742305020000074, 4.299450980000071 ], [ 97.742345999000065, 4.299410001000095 ], [ 97.742767, 4.299774 ], [ 97.743369000000101, 4.300259 ], [ 97.74340939300005, 4.300505431000043 ], [ 97.743488, 4.300985 ], [ 97.743366, 4.301772 ], [ 97.743607, 4.302317 ], [ 97.743966308000068, 4.302678299000068 ], [ 97.744091891000053, 4.302754911000037 ], [ 97.74457, 4.303044 ], [ 97.744992, 4.302682 ], [ 97.745294, 4.302682 ], [ 97.745535, 4.302864 ], [ 97.745534869000039, 4.302865274000062 ], [ 97.745473, 4.3034690000001 ], [ 97.745232, 4.303892 ], [ 97.745073773000072, 4.304169224000017 ], [ 97.74499, 4.304316 ], [ 97.745772, 4.304922 ], [ 97.745878151000056, 4.304930395000041 ], [ 97.746556, 4.304984 ], [ 97.746585626000069, 4.304998912000032 ], [ 97.747158, 4.305287 ], [ 97.747761, 4.305288 ], [ 97.747950836000086, 4.305288315000063 ], [ 97.748364, 4.305289 ], [ 97.748621975000063, 4.305211993000049 ], [ 97.748967, 4.305109 ], [ 97.748967153000095, 4.305109194000077 ], [ 97.749158213000044, 4.305350407000057 ], [ 97.749207, 4.305412 ], [ 97.749206950000101, 4.305412176000081 ], [ 97.749038364000057, 4.306001528000036 ], [ 97.748965071000043, 4.306257751000034 ], [ 97.749567, 4.306441 ], [ 97.749689917000083, 4.30640025400005 ], [ 97.749929, 4.306321 ], [ 97.749957618000053, 4.306370351000061 ], [ 97.750351309000052, 4.307046739000077 ], [ 97.750651, 4.306987 ], [ 97.751013726000068, 4.307215774000055 ], [ 97.751133, 4.307291 ], [ 97.751434, 4.307715 ], [ 97.751681464000058, 4.307797945000085 ], [ 97.751795, 4.307836 ], [ 97.752337, 4.308261 ], [ 97.752818, 4.308867 ], [ 97.752892037000038, 4.309027062000071 ], [ 97.753238, 4.309775 ], [ 97.753780769000059, 4.310577604000074 ], [ 97.754321, 4.311002 ], [ 97.754661492000082, 4.311430087000087 ], [ 97.754803, 4.311608 ], [ 97.754885261000098, 4.311690945000073 ], [ 97.755404, 4.312214 ], [ 97.755946, 4.312941 ], [ 97.757029, 4.313669 ], [ 97.757571, 4.314396 ], [ 97.758149963000051, 4.314665148000087 ], [ 97.758354, 4.31476 ], [ 97.758473, 4.315365 ], [ 97.758713499000066, 4.31597128600005 ], [ 97.759135, 4.316213 ], [ 97.759556, 4.316456 ], [ 97.759918, 4.316457 ], [ 97.76028, 4.316276000000112 ], [ 97.760762, 4.316156 ], [ 97.760762165000074, 4.316156412000083 ], [ 97.760883, 4.316458 ], [ 97.760761, 4.316942 ], [ 97.76051914600005, 4.317608032000076 ], [ 97.760539088000101, 4.317748958000033 ], [ 97.760579391000078, 4.318031132000085 ], [ 97.761121, 4.318214000000102 ], [ 97.761241, 4.318153 ], [ 97.761242637000066, 4.318154646000051 ], [ 97.761422, 4.318335 ], [ 97.761475793000059, 4.318497723000078 ], [ 97.761542, 4.318698 ], [ 97.761481, 4.319364 ], [ 97.76148057000006, 4.319364191000039 ], [ 97.760938, 4.319605 ], [ 97.760937, 4.319907 ], [ 97.760876, 4.320391 ], [ 97.761056, 4.320815 ], [ 97.761598, 4.320937 ], [ 97.7619, 4.320575 ], [ 97.762323, 4.320091 ], [ 97.762746, 4.319789 ], [ 97.763046529000079, 4.320091526000073 ], [ 97.763047, 4.320092 ], [ 97.76292219700008, 4.320589160000055 ], [ 97.762804, 4.32106 ], [ 97.762622, 4.321786 ], [ 97.762139, 4.322209 ], [ 97.761656, 4.322873 ], [ 97.76153406800006, 4.323478310000055 ], [ 97.761570214000074, 4.32364247400007 ], [ 97.761654, 4.324023 ], [ 97.761653, 4.324628 ], [ 97.7614710000001, 4.325112 ], [ 97.761169, 4.325656 ], [ 97.761228, 4.326261 ], [ 97.761709, 4.326807 ], [ 97.76207, 4.327473 ], [ 97.762255371000037, 4.327884523000032 ], [ 97.76237, 4.328139 ], [ 97.762369156000034, 4.328649690000058 ], [ 97.762369, 4.328744 ], [ 97.762119319000078, 4.329136524000032 ], [ 97.761946, 4.329409 ], [ 97.761693466000054, 4.329548986000033 ], [ 97.761403000000101, 4.32971 ], [ 97.76074, 4.329709 ], [ 97.760499, 4.329951 ], [ 97.760174, 4.330324 ], [ 97.760698553000069, 4.331534048000056 ], [ 97.760966, 4.332151 ], [ 97.761252024000044, 4.333612727000087 ], [ 97.761708, 4.335943 ], [ 97.763520080000049, 4.337961737000069 ], [ 97.763801, 4.338276 ], [ 97.763242, 4.338866 ], [ 97.764089, 4.33956 ], [ 97.766147, 4.341245 ], [ 97.767857, 4.341188 ], [ 97.769739, 4.340248 ], [ 97.77068, 4.340155 ], [ 97.771526, 4.340345 ], [ 97.771765107000093, 4.340532324000054 ], [ 97.771686804000069, 4.340672550000059 ], [ 97.771682507000037, 4.340680729000066 ], [ 97.771681655000066, 4.340682479000074 ], [ 97.771608525000033, 4.340834835000059 ], [ 97.771430208000098, 4.341036814000093 ], [ 97.77124750500009, 4.341156516000096 ], [ 97.771246126000051, 4.341157429000026 ], [ 97.771236529000078, 4.34116430800004 ], [ 97.771227401000033, 4.34117180300008 ], [ 97.771218781000073, 4.341179881000091 ], [ 97.771210706000048, 4.341188507000044 ], [ 97.771203210000067, 4.341197646000061 ], [ 97.771196326000052, 4.341207256000091 ], [ 97.771190083000079, 4.341217299000029 ], [ 97.771184507000044, 4.341227729000049 ], [ 97.771179622000034, 4.341238504000041 ], [ 97.771175451000047, 4.341249575000078 ], [ 97.771172009000068, 4.341260897000075 ], [ 97.771169313000087, 4.341272421000044 ], [ 97.771167373000083, 4.341284097000032 ], [ 97.771166198000074, 4.341295876000068 ], [ 97.771165793000094, 4.341307706000092 ], [ 97.771166160000064, 4.341319538000058 ], [ 97.771167297000048, 4.341331320000068 ], [ 97.771169199000042, 4.341343003000017 ], [ 97.771171858000059, 4.341354535000042 ], [ 97.771175263000032, 4.341365868000018 ], [ 97.771179399000061, 4.34137695400005 ], [ 97.771184248000054, 4.341387744000023 ], [ 97.771189790000051, 4.341398193000026 ], [ 97.771196001000092, 4.341408255000045 ], [ 97.77120285400008, 4.341417888000038 ], [ 97.77121032000008, 4.341427051000047 ], [ 97.771218368000078, 4.341435704000083 ], [ 97.771226961000096, 4.341443810000075 ], [ 97.771236065000053, 4.34145133400006 ], [ 97.771245639000085, 4.34145824500008 ], [ 97.771255643000103, 4.341464512000093 ], [ 97.771266034000064, 4.341470109000068 ], [ 97.771276767000074, 4.341475012000052 ], [ 97.77128779700007, 4.341479200000064 ], [ 97.771299076000062, 4.341482654000055 ], [ 97.77131055600006, 4.341485361000023 ], [ 97.771322188000056, 4.341487308000111 ], [ 97.771333922000053, 4.341488487000062 ], [ 97.77134570700008, 4.341488894000077 ], [ 97.771357494000085, 4.341488526000043 ], [ 97.771369232000055, 4.341487385000077 ], [ 97.771380870000087, 4.34148547500007 ], [ 97.771392358000099, 4.341482806000078 ], [ 97.771403649000035, 4.341479388000046 ], [ 97.771414692000064, 4.341475237000055 ], [ 97.771425441000076, 4.341470369000065 ], [ 97.771435850000046, 4.341464806000056 ], [ 97.771444495000082, 4.341459484000063 ], [ 97.771647495000096, 4.341326484000041 ], [ 97.77164887400005, 4.341325571000036 ], [ 97.77165847100008, 4.341318692000097 ], [ 97.771667599000068, 4.341311197000071 ], [ 97.771676219000085, 4.341303119000053 ], [ 97.771683868000082, 4.341294977000087 ], [ 97.771894868000061, 4.341055977000055 ], [ 97.771895294000046, 4.341055492000059 ], [ 97.77190279000007, 4.341046354000087 ], [ 97.771909674000085, 4.341036743000093 ], [ 97.771915918000062, 4.341026701000055 ], [ 97.771921493000065, 4.341016271000044 ], [ 97.771922345000064, 4.341014521000047 ], [ 97.772003923000057, 4.340844565000079 ], [ 97.772052537000036, 4.340757507000029 ], [ 97.772371, 4.341007 ], [ 97.772653612000056, 4.341691187000045 ], [ 97.772721065000042, 4.341854486000067 ], [ 97.772839386000058, 4.342140175000067 ], [ 97.773279788000082, 4.342340170000051 ], [ 97.773643584000069, 4.342505377000079 ], [ 97.773907, 4.342625 ], [ 97.774052555000097, 4.342690966000021 ], [ 97.774455045000082, 4.342873375000087 ], [ 97.774719, 4.342993 ], [ 97.775045671000044, 4.343048314000066 ], [ 97.775847, 4.343184 ], [ 97.777162, 4.343941 ], [ 97.777914, 4.344225 ], [ 97.778383, 4.344698 ], [ 97.778318153000043, 4.345020460000065 ], [ 97.77830517200006, 4.345084938000089 ], [ 97.778278779000075, 4.34521695600008 ], [ 97.778270875000047, 4.345287666000043 ], [ 97.778193, 4.345642 ], [ 97.778474330000066, 4.346303291000057 ], [ 97.779226, 4.346965 ], [ 97.780071, 4.347533 ], [ 97.780634, 4.3481 ], [ 97.780679556000052, 4.348562416000073 ], [ 97.780729424000072, 4.349044004000077 ], [ 97.781281805000049, 4.349044984000066 ], [ 97.781291, 4.349045 ], [ 97.781841375000056, 4.34953015100009 ], [ 97.782042, 4.349707 ], [ 97.782509609000044, 4.349506900000053 ], [ 97.782701, 4.349425 ], [ 97.783171, 4.34952 ], [ 97.783200555000064, 4.349699870000051 ], [ 97.783264, 4.350086 ], [ 97.783347616000086, 4.350425859000035 ], [ 97.783355291000078, 4.350457056000042 ], [ 97.783538331000059, 4.350441605000063 ], [ 97.783855454000047, 4.350402438000059 ], [ 97.78411, 4.350371 ], [ 97.784579, 4.350844 ], [ 97.784861, 4.35075 ], [ 97.785430963000081, 4.350921920000082 ], [ 97.785553808000031, 4.350958974000053 ], [ 97.785902, 4.351064 ], [ 97.787206, 4.35167 ], [ 97.78756401000004, 4.351997909000032 ], [ 97.787765, 4.352182 ], [ 97.788208, 4.353067 ], [ 97.788784208000038, 4.353658834000054 ], [ 97.78899605900007, 4.353876430000104 ], [ 97.789093, 4.353976 ], [ 97.789264415000048, 4.354115563000043 ], [ 97.789460706000057, 4.354275381000043 ], [ 97.789746747000038, 4.354508272000049 ], [ 97.790094, 4.354791 ], [ 97.79009421700006, 4.354791406000071 ], [ 97.790309651000101, 4.355195129000043 ], [ 97.790342930000065, 4.355257493000096 ], [ 97.790467, 4.35549 ], [ 97.79072044200008, 4.355817896000078 ], [ 97.790875143000051, 4.356018043000065 ], [ 97.791560120000042, 4.356904247000066 ], [ 97.791655, 4.357027000000113 ], [ 97.792796, 4.357888 ], [ 97.793347977000067, 4.358519556000044 ], [ 97.793448, 4.358634 ], [ 97.793482516000054, 4.358648417000034 ], [ 97.793666238000071, 4.358725154000063 ], [ 97.794067799000075, 4.358892878000053 ], [ 97.794235976000039, 4.358963122000033 ], [ 97.794999102000077, 4.359281866000076 ], [ 97.795009, 4.359286 ], [ 97.795104472000062, 4.359419579000117 ], [ 97.795242, 4.359612 ], [ 97.795612453000061, 4.360008359000054 ], [ 97.796243, 4.360683 ], [ 97.796895, 4.361219 ], [ 97.798362, 4.361335 ], [ 97.799341, 4.362011 ], [ 97.801041, 4.363129 ], [ 97.802042, 4.363548 ], [ 97.803089146000048, 4.363089991000036 ], [ 97.80316, 4.363059 ], [ 97.803503391000049, 4.36293888700004 ], [ 97.804558, 4.36257 ], [ 97.805232661000048, 4.362000387000047 ], [ 97.805303, 4.361941 ], [ 97.805342575000068, 4.361903124000048 ], [ 97.806398, 4.360893 ], [ 97.80698, 4.360357 ], [ 97.807749, 4.360334 ], [ 97.808792240000074, 4.360359366000073 ], [ 97.809604350000072, 4.360379112000055 ], [ 97.809682, 4.360381 ], [ 97.810041836000053, 4.360421853000044 ], [ 97.811595638000085, 4.360598261000081 ], [ 97.812756, 4.36073 ], [ 97.815924, 4.361545 ], [ 97.818375484000072, 4.362422570000041 ], [ 97.818413, 4.362435999000094 ], [ 97.818495927000072, 4.362477766000048 ], [ 97.818961, 4.362712 ], [ 97.820009765000066, 4.363240870000039 ], [ 97.82048, 4.363478 ], [ 97.821193760000099, 4.363644466000032 ], [ 97.821702, 4.363763 ], [ 97.822831, 4.363576 ], [ 97.823481684000058, 4.363821737000031 ], [ 97.823583, 4.36386 ], [ 97.823675, 4.364993 ], [ 97.823768000000101, 4.365748 ], [ 97.82430430800008, 4.366003475000102 ], [ 97.824614, 4.366151 ], [ 97.82499, 4.366246 ], [ 97.826776, 4.366626 ], [ 97.827527, 4.367382 ], [ 97.828184000000107, 4.367855 ], [ 97.8295, 4.368518 ], [ 97.829685661000042, 4.369080141000035 ], [ 97.829968, 4.369935 ], [ 97.830624, 4.370974 ], [ 97.831562654000038, 4.372486493000048 ], [ 97.831766824000042, 4.372640435000052 ], [ 97.832314, 4.373053 ], [ 97.833348, 4.373244 ], [ 97.833633786000078, 4.37317255300008 ], [ 97.8341, 4.373056 ], [ 97.835135, 4.373058 ], [ 97.836451, 4.372871 ], [ 97.836693607000072, 4.372993594000054 ], [ 97.836827, 4.373061 ], [ 97.837510222000049, 4.374053896000018 ], [ 97.837672, 4.374289 ], [ 97.838705, 4.375046 ], [ 97.839265058000066, 4.375374978000038 ], [ 97.839832, 4.375708 ], [ 97.840700731000098, 4.376185445000055 ], [ 97.841659098000036, 4.376712153000058 ], [ 97.841825028000073, 4.376802448000039 ], [ 97.841899, 4.376844 ], [ 97.842902091000042, 4.377319809000065 ], [ 97.842976676000049, 4.377354880000073 ], [ 97.843062095000064, 4.377395706000083 ], [ 97.843223507000062, 4.377472270000038 ], [ 97.843497, 4.377602 ], [ 97.843631475000052, 4.377658508000058 ], [ 97.843721179000056, 4.377695585000024 ], [ 97.843813500000081, 4.377733723000072 ], [ 97.844625, 4.378076 ], [ 97.846128, 4.378550000000111 ], [ 97.846420909000074, 4.378729544000081 ], [ 97.847150441000053, 4.379183378000047 ], [ 97.84735, 4.379307 ], [ 97.848006, 4.380441 ], [ 97.848034940000048, 4.380484699000041 ], [ 97.848461426000071, 4.381122065000068 ], [ 97.848587635000058, 4.381313640000033 ], [ 97.848756952000102, 4.381574927000051 ], [ 97.848757, 4.381575 ], [ 97.849320165000051, 4.382614066000026 ], [ 97.849788188000048, 4.382802673000064 ], [ 97.850354, 4.382238 ], [ 97.85045, 4.381577 ], [ 97.85092, 4.381389000000101 ], [ 97.85109234700009, 4.381649589000065 ], [ 97.851295, 4.381956 ], [ 97.851577, 4.382523 ], [ 97.852237549000066, 4.383186862000098 ], [ 97.852341404000072, 4.383270609000032 ], [ 97.852704, 4.383563 ], [ 97.85289, 4.384507 ], [ 97.852606, 4.385639692000065 ], [ 97.852606, 4.38611078000002 ], [ 97.852746743000083, 4.386309661000065 ], [ 97.853075, 4.386773 ], [ 97.854109, 4.38668 ], [ 97.854862, 4.386209 ], [ 97.854862978000114, 4.386209598000062 ], [ 97.855091349000077, 4.386349203000071 ], [ 97.855428, 4.386555 ], [ 97.85542769900006, 4.386555614000045 ], [ 97.854671, 4.388097 ], [ 97.8542, 4.38904 ], [ 97.854574, 4.390456 ], [ 97.854431, 4.391589000000105 ], [ 97.854873518000034, 4.392034662000074 ], [ 97.854994, 4.392156 ], [ 97.855559, 4.391968 ], [ 97.856029, 4.391874 ], [ 97.856029556000067, 4.391874420000019 ], [ 97.856182904000036, 4.391990247000048 ], [ 97.856405, 4.392158 ], [ 97.856876, 4.391781 ], [ 97.857453, 4.391521 ], [ 97.85763613000006, 4.391292465000063 ], [ 97.857695, 4.391219 ], [ 97.857791552000037, 4.391108753000021 ], [ 97.858118, 4.390736 ], [ 97.85854, 4.390192 ], [ 97.858963, 4.389527 ], [ 97.859326, 4.388922 ], [ 97.859152306000055, 4.388571717000049 ], [ 97.859026400000047, 4.388317808000059 ], [ 97.8590260000001, 4.388317 ], [ 97.859388, 4.387864 ], [ 97.860172, 4.387865 ], [ 97.860216108000046, 4.387865067000057 ], [ 97.860835, 4.387866 ], [ 97.861129613000074, 4.38805120300006 ], [ 97.861317, 4.388169 ], [ 97.861317033000034, 4.388169182000065 ], [ 97.861436170000061, 4.388834983000052 ], [ 97.862039, 4.388775 ], [ 97.862575998000082, 4.388668135000055 ], [ 97.862642120000032, 4.388654859000042 ], [ 97.863004, 4.388232 ], [ 97.863004044000036, 4.388232 ], [ 97.863129426000071, 4.388232260000049 ], [ 97.863487, 4.388233 ], [ 97.863487689000067, 4.38823439000004 ], [ 97.863607, 4.388475 ], [ 97.863727, 4.388838 ], [ 97.864028, 4.389383 ], [ 97.86413494500006, 4.389398459000077 ], [ 97.86445, 4.389444 ], [ 97.864631, 4.389263 ], [ 97.864812, 4.388961 ], [ 97.865475, 4.389022 ], [ 97.865897, 4.389144 ], [ 97.86619793400007, 4.389325960000064 ], [ 97.866248415000086, 4.389294478000066 ], [ 97.866681, 4.389024 ], [ 97.867163, 4.389085 ], [ 97.867584, 4.389328 ], [ 97.867618610000108, 4.389354137000055 ], [ 97.867825, 4.38951 ], [ 97.867892769000022, 4.38953406600006 ], [ 97.86885, 4.389874 ], [ 97.869333, 4.389391 ], [ 97.869462847000079, 4.389053053000079 ], [ 97.869635, 4.388605 ], [ 97.869658897000093, 4.388587089000072 ], [ 97.870118, 4.388243 ], [ 97.870842, 4.388002 ], [ 97.871505, 4.387821 ], [ 97.872168, 4.387943 ], [ 97.872239544000081, 4.388039119000055 ], [ 97.872504234000075, 4.388394727000079 ], [ 97.872529, 4.388428 ], [ 97.872529199000041, 4.388428477000055 ], [ 97.87301, 4.389578 ], [ 97.873672, 4.390245 ], [ 97.873840575000031, 4.390290314000048 ], [ 97.874576, 4.390488 ], [ 97.874576823000055, 4.390488829000057 ], [ 97.874997, 4.390912 ], [ 97.875142697000072, 4.391132212000083 ], [ 97.875478, 4.391639 ], [ 97.87596, 4.392185 ], [ 97.876623, 4.392064 ], [ 97.877045, 4.392065 ], [ 97.877045031000094, 4.392065031000067 ], [ 97.877166128000056, 4.392187135000039 ], [ 97.877406, 4.392429 ], [ 97.878249, 4.392914000000111 ], [ 97.878562806000062, 4.393440776000075 ], [ 97.87861, 4.39352 ], [ 97.878610128000062, 4.393521034000067 ], [ 97.878670642000031, 4.394003929000077 ], [ 97.879212, 4.393944 ], [ 97.879936, 4.393703 ], [ 97.880539, 4.393886 ], [ 97.881146545000036, 4.394074548000042 ], [ 97.881322, 4.394129 ], [ 97.881363825000051, 4.394123053000038 ], [ 97.882166, 4.394009 ], [ 97.882649, 4.393647 ], [ 97.883132, 4.393163 ], [ 97.883538495000053, 4.393201013000098 ], [ 97.883795, 4.393225 ], [ 97.883869555000047, 4.393260051000034 ], [ 97.884699, 4.39365 ], [ 97.885362, 4.393772 ], [ 97.885879730000056, 4.394032585000065 ], [ 97.885964, 4.394075 ], [ 97.886122406000084, 4.394128484000015 ], [ 97.886506, 4.394258 ], [ 97.886506108000063, 4.394258136000072 ], [ 97.886570727000048, 4.394339378000037 ], [ 97.886747, 4.394561 ], [ 97.887164543000054, 4.394928299000082 ], [ 97.887229250000075, 4.394985036000061 ], [ 97.887651, 4.395046 ], [ 97.8877971900001, 4.395144272000018 ], [ 97.887831, 4.395167 ], [ 97.887967411000034, 4.395110288000089 ], [ 97.888555, 4.394866 ], [ 97.889038, 4.394746 ], [ 97.889038678000091, 4.394746683000089 ], [ 97.889068614000067, 4.39477683200006 ], [ 97.889227523000045, 4.394936831000074 ], [ 97.889254575000066, 4.39496409800009 ], [ 97.889318999000068, 4.395029001000064 ], [ 97.889459, 4.39517 ], [ 97.890001, 4.395776000000104 ], [ 97.890663, 4.3962 ], [ 97.891097, 4.396346 ], [ 97.891748, 4.396565 ], [ 97.892110503000097, 4.396793494000046 ], [ 97.892310820000034, 4.396919758 ], [ 97.892381003000096, 4.396963996000082 ], [ 97.892711, 4.397172 ], [ 97.893374, 4.397657 ], [ 97.893555, 4.397536 ], [ 97.893917, 4.397294 ], [ 97.893978, 4.396992 ], [ 97.894341, 4.396206 ], [ 97.894944, 4.396086 ], [ 97.895414766000059, 4.396187636000051 ], [ 97.895787, 4.396268 ], [ 97.896179, 4.396269 ], [ 97.896571, 4.39627 ], [ 97.896873, 4.395544 ], [ 97.897356, 4.395545 ], [ 97.897958, 4.39609 ], [ 97.898359895000056, 4.396292209000038 ], [ 97.898413003000087, 4.396318994000076 ], [ 97.898633850000067, 4.396430298000058 ], [ 97.898750028000066, 4.39648894400006 ], [ 97.898784437000089, 4.396506159000068 ], [ 97.898897046000059, 4.396562867000064 ], [ 97.899163, 4.396697 ], [ 97.900006, 4.397001 ], [ 97.900119199000088, 4.39705800200005 ], [ 97.90085, 4.397426 ], [ 97.901457262000065, 4.397205261000103 ], [ 97.901513131000058, 4.397184832000059 ], [ 97.901936, 4.396641 ], [ 97.902539, 4.396702 ], [ 97.902712015000091, 4.396795910000033 ], [ 97.903317892000075, 4.397124770000077 ], [ 97.90334357400009, 4.397138503000058 ], [ 97.904346, 4.397673 ], [ 97.904647488000094, 4.397976024000091 ], [ 97.905838016000075, 4.398035269000066 ], [ 97.905913, 4.398039 ], [ 97.90605779600007, 4.39798088900005 ], [ 97.906516, 4.397797 ], [ 97.907300000000106, 4.397496 ], [ 97.908024, 4.397255 ], [ 97.908030577000034, 4.397261632000076 ], [ 97.908264, 4.397497 ], [ 97.908505548000051, 4.398042001000034 ], [ 97.908832197000038, 4.398042679000067 ], [ 97.908987, 4.398043 ], [ 97.909043563000083, 4.397952537000061 ], [ 97.909289, 4.39756 ], [ 97.909652, 4.396834 ], [ 97.909894, 4.396471 ], [ 97.909834, 4.395926 ], [ 97.909769891000053, 4.395847078000035 ], [ 97.909293, 4.39526 ], [ 97.909293, 4.394655 ], [ 97.909354736000068, 4.394599397000034 ], [ 97.909897, 4.394111 ], [ 97.910308779000061, 4.394266485000054 ], [ 97.910379, 4.394293 ], [ 97.9108, 4.395081 ], [ 97.9114620000001, 4.395808 ], [ 97.911967847000085, 4.396011849000045 ], [ 97.912065, 4.396051 ], [ 97.912185, 4.39587 ], [ 97.912246, 4.395386 ], [ 97.912608, 4.395265 ], [ 97.91303, 4.395326 ], [ 97.913632, 4.39569 ], [ 97.914236, 4.39557 ], [ 97.914658, 4.395208 ], [ 97.91496, 4.394724 ], [ 97.915142, 4.394119 ], [ 97.915564, 4.39412 ], [ 97.916166, 4.394363 ], [ 97.916588, 4.394787 ], [ 97.91713, 4.395211 ], [ 97.917793, 4.395212 ], [ 97.918155, 4.394789 ], [ 97.918275667000046, 4.394487831000078 ], [ 97.918276, 4.394487 ], [ 97.918369206000079, 4.394568990000063 ], [ 97.918758665000041, 4.394910482000077 ], [ 97.919301, 4.394488 ], [ 97.919543, 4.394004 ], [ 97.920025, 4.394187 ], [ 97.920507, 4.39449 ], [ 97.92117, 4.394672 ], [ 97.921773, 4.394068 ], [ 97.922678, 4.393888 ], [ 97.923522, 4.393768 ], [ 97.924004, 4.393769 ], [ 97.924366, 4.393951 ], [ 97.924847, 4.394435 ], [ 97.925269, 4.39492 ], [ 97.925365815000077, 4.395148052000042 ], [ 97.925449660000083, 4.39534373600004 ], [ 97.926052, 4.395103 ], [ 97.926113, 4.39474 ], [ 97.926211457000079, 4.394247715000098 ], [ 97.926233830000072, 4.394135851000066 ], [ 97.926234, 4.394135 ], [ 97.926596, 4.394014 ], [ 97.92726, 4.393894 ], [ 97.927621, 4.393955 ], [ 97.928163, 4.394622 ], [ 97.928646, 4.394259 ], [ 97.929008, 4.393957 ], [ 97.929116240000042, 4.393957138000091 ], [ 97.929792, 4.393958 ], [ 97.930334, 4.393778 ], [ 97.930370604000089, 4.393745433000071 ], [ 97.930878, 4.393294 ], [ 97.930878548000067, 4.393294051000092 ], [ 97.931063078000079, 4.393311307000022 ], [ 97.931541, 4.393356 ], [ 97.932199, 4.393875 ], [ 97.932250635000059, 4.394031191000077 ], [ 97.93248, 4.394725 ], [ 97.932500879000017, 4.394979363000045 ], [ 97.93250544700004, 4.395035017000064 ], [ 97.932518304000041, 4.395191649000038 ], [ 97.932523832000072, 4.395258993000041 ], [ 97.932565129000068, 4.395757389000059 ], [ 97.932573, 4.395858 ], [ 97.933512, 4.396897 ], [ 97.934063593000076, 4.396842388000049 ], [ 97.934452, 4.396804 ], [ 97.935156679000045, 4.396746577000037 ], [ 97.935581, 4.396712 ], [ 97.936129762000078, 4.396627644000036 ], [ 97.936804, 4.396524 ], [ 97.937325520000073, 4.396583180000045 ], [ 97.937650229000042, 4.396619886000071 ], [ 97.937804837000044, 4.396542719000029 ], [ 97.938215, 4.396338 ], [ 97.938312001000057, 4.396252979000074 ], [ 97.938968, 4.395678 ], [ 97.939157, 4.394829000000112 ], [ 97.939159, 4.393885000000106 ], [ 97.938878, 4.392752 ], [ 97.938785, 4.391902 ], [ 97.938881, 4.390958 ], [ 97.93954, 4.390298 ], [ 97.940662798000076, 4.389977444000081 ], [ 97.94085766700006, 4.389921667000077 ], [ 97.942175, 4.389264 ], [ 97.943397, 4.389454 ], [ 97.944713, 4.389645 ], [ 97.945935, 4.390118 ], [ 97.946781, 4.390686 ], [ 97.947060320000062, 4.390882922000079 ], [ 97.94772, 4.391348 ], [ 97.948377, 4.392104 ], [ 97.949074170000074, 4.391929939000033 ], [ 97.949129727000084, 4.391916068000061 ], [ 97.949158513000043, 4.391904607000087 ], [ 97.950071, 4.39154 ], [ 97.950635, 4.391541 ], [ 97.951575, 4.39192 ], [ 97.951825466000074, 4.392361488000067 ], [ 97.95195, 4.392581 ], [ 97.952137709000056, 4.393337102000026 ], [ 97.952795, 4.393432 ], [ 97.952837234000071, 4.393058051000031 ], [ 97.952890926000066, 4.392582657000053 ], [ 97.952891, 4.392582 ], [ 97.953268, 4.391922 ], [ 97.954584, 4.392019 ], [ 97.954916473000083, 4.392019272000019 ], [ 97.955807, 4.39202 ], [ 97.9562280090001, 4.392189747000025 ], [ 97.956747, 4.392399 ], [ 97.957875, 4.392873 ], [ 97.958110330000082, 4.39295206900004 ], [ 97.959003, 4.393252000000107 ], [ 97.959238256000063, 4.393252209000028 ], [ 97.960131, 4.393253 ], [ 97.960977, 4.393349 ], [ 97.962576, 4.393635 ], [ 97.963308918000038, 4.393881039000071 ], [ 97.963422, 4.393919 ], [ 97.963619432000087, 4.394117935000046 ], [ 97.964079, 4.394581 ], [ 97.965489, 4.39496 ], [ 97.965923277000073, 4.395033534000076 ], [ 97.966617505000045, 4.39515094400002 ], [ 97.966820515000066, 4.395128414000093 ], [ 97.967390139000059, 4.395065197000088 ], [ 97.967464, 4.395057 ], [ 97.968972669000038, 4.394520335000053 ], [ 97.969063, 4.394493 ], [ 97.969211663000081, 4.394400130000061 ], [ 97.969332415000054, 4.394331408000036 ], [ 97.969786184000057, 4.394059243000076 ], [ 97.969979076000072, 4.39394354900002 ], [ 97.970005, 4.393928 ], [ 97.970868022000047, 4.393291835000086 ], [ 97.970897764000085, 4.393269911000074 ], [ 97.970899, 4.393269 ], [ 97.971909957000051, 4.393178160000075 ], [ 97.971934, 4.393176 ], [ 97.97210850900008, 4.393457298000079 ], [ 97.972282827000072, 4.393738288000072 ], [ 97.972398967000061, 4.393925499000036 ], [ 97.972403, 4.393932 ], [ 97.972425601000054, 4.394000408000072 ], [ 97.972475880000076, 4.394152590000054 ], [ 97.97259, 4.394498 ], [ 97.974406842000079, 4.393912525000084 ], [ 97.975493561000093, 4.393562331000079 ], [ 97.975507, 4.393558 ], [ 97.976430892000053, 4.393327709000059 ], [ 97.977728112000079, 4.393004362000068 ], [ 97.978160076000052, 4.392896690000057 ], [ 97.978281548000041, 4.392866412000052 ], [ 97.978709931000097, 4.392759632000029 ], [ 97.978893, 4.392714 ], [ 97.980492, 4.392621 ], [ 97.980498386000093, 4.392623951000092 ], [ 97.982184, 4.393403 ], [ 97.983332832000087, 4.393789203000064 ], [ 97.983594, 4.393877 ], [ 97.985381, 4.393973 ], [ 97.987167, 4.394259 ], [ 97.9912080000001, 4.396246 ], [ 97.994797701000039, 4.398153575000059 ], [ 97.997975, 4.399842 ], [ 98.006997, 4.404763 ], [ 98.009101162000036, 4.406014912000042 ], [ 98.013199, 4.408453 ], [ 98.014420000000101, 4.409209 ], [ 98.015735, 4.410627 ], [ 98.016185672000077, 4.411477914000056 ], [ 98.016298, 4.41169 ], [ 98.016634831000047, 4.412141898000089 ], [ 98.016717730000039, 4.412253117000027 ], [ 98.017425, 4.413202000000102 ], [ 98.017699250000092, 4.413456750000051 ], [ 98.018445650000061, 4.414150079000019 ], [ 98.018522, 4.414221 ], [ 98.018549323000059, 4.414235893000063 ], [ 98.018755, 4.414348 ], [ 98.018858531000035, 4.414403559000068 ], [ 98.019222445000082, 4.414592890000058 ], [ 98.019398, 4.414692 ], [ 98.019428, 4.414709 ], [ 98.019828, 4.41493 ], [ 98.020208, 4.415114 ], [ 98.020639, 4.415319 ], [ 98.020912, 4.415444500000067 ], [ 98.020937, 4.415448 ], [ 98.020973, 4.415453 ], [ 98.021014, 4.415458 ], [ 98.021076, 4.415466 ], [ 98.021143, 4.415475 ], [ 98.021202, 4.415483 ], [ 98.021239, 4.415488 ], [ 98.021274, 4.415493 ], [ 98.021315, 4.415498 ], [ 98.021349, 4.415503 ], [ 98.021382, 4.415507 ], [ 98.02141, 4.415512 ], [ 98.021456, 4.415518 ], [ 98.021544, 4.415532 ], [ 98.021582, 4.415537 ], [ 98.021618, 4.415542 ], [ 98.021669, 4.41555 ], [ 98.021711, 4.415556 ], [ 98.02174, 4.41556 ], [ 98.021786125000062, 4.415567667000065 ], [ 98.021788555000072, 4.415568 ], [ 98.021792, 4.415568 ], [ 98.021825, 4.415573 ], [ 98.021872, 4.415581 ], [ 98.021913, 4.415587 ], [ 98.021949, 4.415593 ], [ 98.021988, 4.415599 ], [ 98.022106, 4.415617 ], [ 98.022303, 4.415647 ], [ 98.022395, 4.415663 ], [ 98.022512, 4.415678 ], [ 98.022718, 4.415706 ], [ 98.022998, 4.415743 ], [ 98.023235, 4.415775 ], [ 98.023319, 4.415786 ], [ 98.023385, 4.415795 ], [ 98.023437, 4.415802 ], [ 98.023664, 4.415825 ], [ 98.024045, 4.415863 ], [ 98.024483, 4.415908 ], [ 98.024603, 4.41592 ], [ 98.024697, 4.415933 ], [ 98.024854, 4.415955 ], [ 98.024979, 4.415972 ], [ 98.025279, 4.416014 ], [ 98.025315548000037, 4.416019066000069 ], [ 98.025303270000052, 4.416182389000026 ], [ 98.025303161000068, 4.41618393200002 ], [ 98.025302760000045, 4.416195763000082 ], [ 98.025303130000054, 4.416207596000074 ], [ 98.025304271000039, 4.416219378000061 ], [ 98.025306177000061, 4.416231061000084 ], [ 98.025308840000037, 4.416242594000061 ], [ 98.02530917100006, 4.416243823000055 ], [ 98.025516171000049, 4.41700182300002 ], [ 98.025519249000084, 4.417011927000067 ], [ 98.025523389000057, 4.417023012000079 ], [ 98.025528243000053, 4.417033802000059 ], [ 98.025533789000079, 4.417044249000091 ], [ 98.02554000400005, 4.417054311000069 ], [ 98.025546862000056, 4.41706394300008 ], [ 98.02555433200007, 4.417073104000091 ], [ 98.025562384000068, 4.417081755000037 ], [ 98.025570982000033, 4.417089858000055 ], [ 98.025580089000073, 4.417097381000072 ], [ 98.025589667000077, 4.417104289000087 ], [ 98.02559967500008, 4.41711055300005 ], [ 98.025610070000084, 4.417116148000051 ], [ 98.025620807000053, 4.417121048000084 ], [ 98.025631840000074, 4.417125232000057 ], [ 98.025643122000091, 4.417128684000046 ], [ 98.025654605000057, 4.417131387000065 ], [ 98.025666240000092, 4.41713333100008 ], [ 98.025677976000054, 4.417134506000038 ], [ 98.025689764000063, 4.417134909000064 ], [ 98.025701553000047, 4.417134537000043 ], [ 98.025713292000049, 4.417133392000032 ], [ 98.025724932000074, 4.417131479000034 ], [ 98.025736422000094, 4.417128806000034 ], [ 98.025747713000044, 4.417125385000039 ], [ 98.025758757000062, 4.417121229000026 ], [ 98.025769507000064, 4.417116357000075 ], [ 98.025779916000033, 4.41711079000004 ], [ 98.025789940000053, 4.417104552000044 ], [ 98.025799536000079, 4.417097669000063 ], [ 98.025808663000078, 4.41709017100006 ], [ 98.025817282000062, 4.41708209000006 ], [ 98.025825356000055, 4.417073460000053 ], [ 98.025832851000089, 4.417064318000032 ], [ 98.025839733000069, 4.417054705000075 ], [ 98.025845975000038, 4.417044660000062 ], [ 98.025851548000063, 4.417034227000054 ], [ 98.025856430000033, 4.417023450000043 ], [ 98.025860599000069, 4.417012376000073 ], [ 98.025864038000066, 4.417001052000066 ], [ 98.025866731000065, 4.416989526000088 ], [ 98.025868668000044, 4.416977848000056 ], [ 98.025869839000052, 4.416966068000018 ], [ 98.025870241000078, 4.416954237000036 ], [ 98.025869870000065, 4.416942404000062 ], [ 98.025868729000095, 4.41693062200005 ], [ 98.025866823000072, 4.41691893900003 ], [ 98.025864160000083, 4.416907406000064 ], [ 98.025863829000059, 4.41690617700004 ], [ 98.025665077000056, 4.416178381000085 ], [ 98.025738379000074, 4.415203268000021 ], [ 98.026183790000061, 4.411699900000066 ], [ 98.026184838000077, 4.411689068000046 ], [ 98.026185238000053, 4.411677603000045 ], [ 98.026188238000032, 4.410773603000051 ], [ 98.026187869000069, 4.410761404000035 ], [ 98.026187311000058, 4.410754667000041 ], [ 98.026071311000081, 4.409611667000035 ], [ 98.026070728000036, 4.409606621000019 ], [ 98.026070653000033, 4.409606051000057 ], [ 98.025899543000037, 4.408320078000051 ], [ 98.025917, 4.408332 ], [ 98.025932399000069, 4.408342535000026 ], [ 98.025937228000046, 4.408345819000068 ], [ 98.02596, 4.408361 ], [ 98.025963125000047, 4.408363500000096 ], [ 98.025981333000075, 4.408375679000066 ], [ 98.025991, 4.408382 ], [ 98.026000500000066, 4.40838850000006 ], [ 98.026037584000065, 4.408413551000043 ], [ 98.02604, 4.408415 ], [ 98.026042732000064, 4.408417049000067 ], [ 98.026064274000078, 4.408431765000039 ], [ 98.026077, 4.40844 ], [ 98.026094, 4.408452 ], [ 98.026113, 4.408464 ], [ 98.026119270000052, 4.408468560000104 ], [ 98.026134462000059, 4.408478725000103 ], [ 98.026138, 4.408481 ], [ 98.026141013000085, 4.408483109000038 ], [ 98.026145333000059, 4.408486 ], [ 98.02614905300004, 4.408488526000044 ], [ 98.026150000000101, 4.408489 ], [ 98.026163, 4.408498 ], [ 98.026190347000068, 4.408516656000086 ], [ 98.026204, 4.408525 ], [ 98.02622, 4.408536 ], [ 98.026233, 4.408545 ], [ 98.026235, 4.408546 ], [ 98.026243553000086, 4.408552272000083 ], [ 98.02626427400007, 4.408566516000095 ], [ 98.026268, 4.408569 ], [ 98.026271967000071, 4.408571800000084 ], [ 98.026291375000085, 4.408585125000081 ], [ 98.026302, 4.408592 ], [ 98.026315, 4.4086 ], [ 98.026320833000071, 4.408604375000043 ], [ 98.026324895000073, 4.408607029000046 ], [ 98.026326039000082, 4.408607823000076 ], [ 98.026328, 4.408609 ], [ 98.026331, 4.408611000000105 ], [ 98.026334, 4.408613 ], [ 98.0263360000001, 4.408614 ], [ 98.026345, 4.408620999000044 ], [ 98.026380989000074, 4.40864666600006 ], [ 98.026527203000072, 4.408751330000069 ], [ 98.026626, 4.408822 ], [ 98.026683679000101, 4.408863786000047 ], [ 98.026684, 4.408864 ], [ 98.02668434800006, 4.408864271000011 ], [ 98.026690600000066, 4.408868800000074 ], [ 98.026695333000077, 4.408872167000027 ], [ 98.026697, 4.408873 ], [ 98.026701, 4.408876 ], [ 98.026712, 4.408884 ], [ 98.026721, 4.40889 ], [ 98.026721, 4.408890429000059 ], [ 98.026721333000083, 4.408890667000058 ], [ 98.026721800000075, 4.408891 ], [ 98.026722, 4.408891 ], [ 98.02674, 4.408904 ], [ 98.02675, 4.408911 ], [ 98.026757, 4.408916 ], [ 98.026764, 4.408921 ], [ 98.026778, 4.408931 ], [ 98.026781, 4.408933 ], [ 98.026782978000099, 4.408934696000091 ], [ 98.026784813000077, 4.408936 ], [ 98.026785, 4.408936 ], [ 98.026798, 4.408945 ], [ 98.026804500000082, 4.40895 ], [ 98.02682343700009, 4.408963625000099 ], [ 98.02683, 4.408968 ], [ 98.02683612800007, 4.408972766000035 ], [ 98.026839634000055, 4.408975317000054 ], [ 98.026841, 4.408976 ], [ 98.026842141000046, 4.408977141000046 ], [ 98.026866, 4.408994500000084 ], [ 98.026874, 4.409 ], [ 98.02689, 4.409011 ], [ 98.026897, 4.409016 ], [ 98.026897600000027, 4.409016600000062 ], [ 98.026901, 4.409019 ], [ 98.026918, 4.409031 ], [ 98.026941164000064, 4.409047808000023 ], [ 98.026945, 4.40905 ], [ 98.026949377000051, 4.409053648000053 ], [ 98.026952138000084, 4.409055569000032 ], [ 98.026953, 4.409056 ], [ 98.026953556000095, 4.409056556000083 ], [ 98.02697, 4.409068 ], [ 98.026985, 4.409079 ], [ 98.026999, 4.409089 ], [ 98.027004610000063, 4.409093315000078 ], [ 98.027048, 4.409124 ], [ 98.027058, 4.409131 ], [ 98.027063400000046, 4.409135 ], [ 98.027071800000058, 4.409141 ], [ 98.027072, 4.409141 ], [ 98.027078, 4.409145 ], [ 98.0270960000001, 4.409158 ], [ 98.027106, 4.409165 ], [ 98.027116, 4.409172 ], [ 98.027133, 4.409184 ], [ 98.027133500000048, 4.409184500000035 ], [ 98.027138333000039, 4.409188 ], [ 98.027173, 4.409213 ], [ 98.027194500000064, 4.409228 ], [ 98.027195, 4.409228 ], [ 98.027226, 4.409251 ], [ 98.027247441000057, 4.409266220000064 ], [ 98.027249, 4.409267 ], [ 98.02725013900006, 4.409268139000084 ], [ 98.027252622000049, 4.409269927000056 ], [ 98.027258, 4.409273 ], [ 98.027268, 4.409281 ], [ 98.02728, 4.409289 ], [ 98.027282906000039, 4.40929132500002 ], [ 98.027286167000057, 4.40929358300003 ], [ 98.027289, 4.409295 ], [ 98.027291018000085, 4.409297018000079 ], [ 98.027307355000062, 4.409308678000081 ], [ 98.027308, 4.409309 ], [ 98.027324, 4.40932 ], [ 98.027334, 4.409327 ], [ 98.027341161000038, 4.409332570000065 ], [ 98.027342606000047, 4.409333591000083 ], [ 98.027344122000045, 4.40933467300006 ], [ 98.027348, 4.409337 ], [ 98.027356, 4.409343 ], [ 98.02736, 4.409346 ], [ 98.027363, 4.409348 ], [ 98.027368, 4.409351 ], [ 98.027370567000062, 4.409353567000058 ], [ 98.027377673000061, 4.409358670000092 ], [ 98.02738, 4.40936 ], [ 98.027387, 4.409365 ], [ 98.027395, 4.409371 ], [ 98.027398579000092, 4.409373685000063 ], [ 98.027401851000036, 4.409376034000041 ], [ 98.027404856000032, 4.40937823700008 ], [ 98.027412, 4.409383 ], [ 98.027417, 4.409387 ], [ 98.027428, 4.409395 ], [ 98.02743263300006, 4.409398603000059 ], [ 98.02744324400004, 4.409406383000051 ], [ 98.027450594000072, 4.409411729000031 ], [ 98.02746, 4.409418 ], [ 98.027465383000063, 4.409422486000061 ], [ 98.02746970700008, 4.409425631000031 ], [ 98.027494, 4.409443 ], [ 98.027511326000095, 4.409455995000042 ], [ 98.027513, 4.409457 ], [ 98.027517178000039, 4.409460343000034 ], [ 98.027518833000045, 4.409461555000077 ], [ 98.027524, 4.409465 ], [ 98.027528, 4.409468 ], [ 98.027532, 4.409471 ], [ 98.027544, 4.40948 ], [ 98.027565, 4.409495333000045 ], [ 98.027572, 4.4095 ], [ 98.027578, 4.409504 ], [ 98.027584, 4.409509 ], [ 98.027585578000071, 4.409510214000011 ], [ 98.02758655000008, 4.409510917000061 ], [ 98.027590874000055, 4.409514 ], [ 98.027591000000101, 4.409514 ], [ 98.027601, 4.409521 ], [ 98.027607, 4.409525500000051 ], [ 98.027627, 4.40954 ], [ 98.027640571000063, 4.409550286000071 ], [ 98.027642, 4.409551 ], [ 98.027643522000076, 4.409552522000086 ], [ 98.027646, 4.409554400000072 ], [ 98.02765241700007, 4.409559209000085 ], [ 98.027654, 4.40956 ], [ 98.027679, 4.409579 ], [ 98.027683500000094, 4.409582500000077 ], [ 98.027861100000052, 4.409716673000057 ], [ 98.027892, 4.40974 ], [ 98.027893321000093, 4.409741321000097 ], [ 98.027901667000052, 4.409747706000092 ], [ 98.027912, 4.409755 ], [ 98.027919540000099, 4.409761380000057 ], [ 98.027929500000099, 4.409769 ], [ 98.027971500000035, 4.40980050000007 ], [ 98.027979, 4.409806 ], [ 98.027985500000071, 4.409811 ], [ 98.027993500000051, 4.409817 ], [ 98.027995, 4.409818 ], [ 98.027997500000083, 4.40982 ], [ 98.027998, 4.40982 ], [ 98.028034, 4.409848 ], [ 98.028056500000048, 4.409865 ], [ 98.028093500000068, 4.409887500000027 ], [ 98.028103, 4.409893 ], [ 98.028109627000063, 4.409897288000025 ], [ 98.02812233300007, 4.409905 ], [ 98.028122735000068, 4.409905245000073 ], [ 98.028125, 4.409906 ], [ 98.028142, 4.409917 ], [ 98.028156000000109, 4.409925 ], [ 98.028160364000101, 4.409927909000048 ], [ 98.028167250000095, 4.409932 ], [ 98.028174750000062, 4.409936571000064 ], [ 98.028179, 4.409939 ], [ 98.028189, 4.409945 ], [ 98.028193500000043, 4.409948 ], [ 98.02820615800006, 4.409955661000023 ], [ 98.028212, 4.409959000000106 ], [ 98.028217265000094, 4.409962385000059 ], [ 98.028220616000056, 4.409964413000089 ], [ 98.028231043000062, 4.409970716000037 ], [ 98.028239, 4.409975 ], [ 98.028243779000036, 4.409978413000069 ], [ 98.028248336000061, 4.409981168000081 ], [ 98.02825, 4.409982 ], [ 98.02825185100005, 4.409983234000072 ], [ 98.028254359000073, 4.40998467900006 ], [ 98.028255, 4.409985000000106 ], [ 98.028274, 4.409996 ], [ 98.028291777000049, 4.410007345000051 ], [ 98.02829183200005, 4.410007375000014 ], [ 98.02829550000007, 4.410009 ], [ 98.028296, 4.410009 ], [ 98.028298500000062, 4.410011 ], [ 98.028301500000083, 4.410013 ], [ 98.028302, 4.410013 ], [ 98.028305, 4.410016 ], [ 98.028313, 4.410023 ], [ 98.028325, 4.410033 ], [ 98.028330760000088, 4.410038184000038 ], [ 98.028344742000073, 4.41005 ], [ 98.028345, 4.41005 ], [ 98.028349980000101, 4.410054427000069 ], [ 98.028353227000096, 4.410057171000066 ], [ 98.02853308800006, 4.410177248000043 ], [ 98.028584, 4.410211 ], [ 98.028746990000073, 4.410321190000064 ], [ 98.02901, 4.410499 ], [ 98.029343, 4.410725 ], [ 98.029677, 4.41095 ], [ 98.029677500000048, 4.410950500000084 ], [ 98.029679846000093, 4.410952420000081 ], [ 98.029685576000077, 4.410956288000046 ], [ 98.029687, 4.410957 ], [ 98.02969212000005, 4.41096065700004 ], [ 98.029701981000088, 4.410967189000092 ], [ 98.02971, 4.410972 ], [ 98.02971, 4.41097250000008 ], [ 98.029740744000037, 4.410993706000061 ], [ 98.029750500000034, 4.411 ], [ 98.029751, 4.411 ], [ 98.029771, 4.411014 ], [ 98.029783, 4.411022250000014 ], [ 98.029805, 4.411037 ], [ 98.029824, 4.41105 ], [ 98.029824, 4.411050500000063 ], [ 98.029849, 4.411068 ], [ 98.029875, 4.411086 ], [ 98.029896, 4.411100500000046 ], [ 98.0299, 4.411103 ], [ 98.029914067000064, 4.411113159000059 ], [ 98.0299244160001, 4.411120411000088 ], [ 98.029924962000052, 4.411120786000035 ], [ 98.029934, 4.411127 ], [ 98.029946108000047, 4.411135547000081 ], [ 98.02997, 4.411152333000103 ], [ 98.029972500000042, 4.411154000000108 ], [ 98.029973, 4.411154 ], [ 98.029987, 4.411164 ], [ 98.029994500000043, 4.411169500000017 ], [ 98.030011966000075, 4.411181644000083 ], [ 98.030017, 4.411185 ], [ 98.03002458800006, 4.411190420000032 ], [ 98.03002486600009, 4.411190619000019 ], [ 98.03003153800006, 4.411195359000036 ], [ 98.030043, 4.411203 ], [ 98.030047185000072, 4.411206487000096 ], [ 98.030053555000052, 4.411211018000073 ], [ 98.030091903000084, 4.411237269000026 ], [ 98.030105, 4.411246 ], [ 98.030115763000083, 4.411254072000092 ], [ 98.030123861000064, 4.41125983800006 ], [ 98.03012844000007, 4.411262963000073 ], [ 98.030135000000101, 4.411267 ], [ 98.030149, 4.411277 ], [ 98.030149726000062, 4.411277502000082 ], [ 98.030162, 4.411286 ], [ 98.030175410000084, 4.411295578000018 ], [ 98.030176, 4.411296 ], [ 98.030192703000068, 4.411307852000054 ], [ 98.030195, 4.411309 ], [ 98.030195, 4.411309482000051 ], [ 98.030195310000082, 4.411309702000056 ], [ 98.030205, 4.411316 ], [ 98.030206727000063, 4.411317727000047 ], [ 98.030212836000032, 4.411322012000034 ], [ 98.030223, 4.411329 ], [ 98.030228500000078, 4.411333 ], [ 98.030246367000075, 4.411345432000098 ], [ 98.030278, 4.411367 ], [ 98.030278, 4.411367443000078 ], [ 98.030283400000116, 4.411371200000079 ], [ 98.030286, 4.411373 ], [ 98.030295, 4.411379 ], [ 98.030315000000101, 4.411393 ], [ 98.030331, 4.411404 ], [ 98.030337, 4.411408500000044 ], [ 98.030356818000087, 4.411422500000078 ], [ 98.030359, 4.411424 ], [ 98.030359947000079, 4.411424711000063 ], [ 98.030364250000048, 4.411427750000037 ], [ 98.030365824000071, 4.41142888200007 ], [ 98.030366, 4.411429 ], [ 98.030369, 4.411431 ], [ 98.030391, 4.411447 ], [ 98.030411, 4.41146 ], [ 98.030431, 4.411474 ], [ 98.030441, 4.411481 ], [ 98.030442176000065, 4.411481882000037 ], [ 98.03044561600008, 4.411484308000093 ], [ 98.030447, 4.411485 ], [ 98.030452926000081, 4.411489444000041 ], [ 98.030465804000073, 4.411498480000073 ], [ 98.030481, 4.411509 ], [ 98.030486500000052, 4.411513 ], [ 98.03049429400005, 4.41151852900003 ], [ 98.030501, 4.411523 ], [ 98.030504167000061, 4.411525533000057 ], [ 98.030513, 4.411531800000049 ], [ 98.030535, 4.411547 ], [ 98.030556, 4.411561 ], [ 98.030563500000085, 4.411566500000069 ], [ 98.030587696000069, 4.411583848000034 ], [ 98.030588, 4.411584 ], [ 98.030591, 4.411586 ], [ 98.030594523000062, 4.411588642000049 ], [ 98.030597045000036, 4.411590394000017 ], [ 98.030617, 4.411604 ], [ 98.030628116000059, 4.411612028000058 ], [ 98.030647914000056, 4.411626116000034 ], [ 98.030668, 4.41164 ], [ 98.030716, 4.411674 ], [ 98.030741, 4.41169 ], [ 98.030747576000067, 4.411695261000046 ], [ 98.030750505000086, 4.411697233000065 ], [ 98.030753539000045, 4.411699270000046 ], [ 98.030755, 4.4117 ], [ 98.030783, 4.411719 ], [ 98.030784525000072, 4.411720068000024 ], [ 98.030808650000054, 4.41173676600008 ], [ 98.030827, 4.411749 ], [ 98.030828239000087, 4.411750239000076 ], [ 98.030870305000064, 4.41177898300001 ], [ 98.030872, 4.41178 ], [ 98.0309, 4.411799 ], [ 98.031338500000061, 4.412100500000062 ], [ 98.031348, 4.412107 ], [ 98.031357409000051, 4.412113795000031 ], [ 98.031370500000051, 4.412123 ], [ 98.031391, 4.412136 ], [ 98.031415522000046, 4.412153201000048 ], [ 98.03142, 4.412156 ], [ 98.031424, 4.412159 ], [ 98.031448, 4.412176 ], [ 98.031480500000058, 4.412198 ], [ 98.031488, 4.412203 ], [ 98.031503, 4.412213 ], [ 98.031507, 4.412216 ], [ 98.031508964000068, 4.412217429000073 ], [ 98.031509538000094, 4.412217820000022 ], [ 98.031535315000042, 4.412235292000069 ], [ 98.031541, 4.412239 ], [ 98.031553584000051, 4.412248088000075 ], [ 98.031582973000084, 4.412268384000094 ], [ 98.031584, 4.412269 ], [ 98.031588, 4.412271 ], [ 98.031588, 4.412271500000047 ], [ 98.031611, 4.412287 ], [ 98.031637889000081, 4.41230619800008 ], [ 98.03164324800008, 4.412309805000065 ], [ 98.031649, 4.412313 ], [ 98.031662, 4.412322 ], [ 98.03167, 4.412327 ], [ 98.031672, 4.412329 ], [ 98.031674, 4.412330500000075 ], [ 98.031699, 4.412347 ], [ 98.031721, 4.412361999000018 ], [ 98.03173066100004, 4.412368569000038 ], [ 98.031749929000057, 4.412381357000089 ], [ 98.031751, 4.412382 ], [ 98.031754, 4.412384 ], [ 98.031774, 4.412397 ], [ 98.031781500000065, 4.412402250000074 ], [ 98.03180825000004, 4.412420500000076 ], [ 98.031824, 4.412431 ], [ 98.032215, 4.412693 ], [ 98.032224, 4.412699750000063 ], [ 98.032256937000056, 4.412721494000047 ], [ 98.03227, 4.41273 ], [ 98.032279, 4.412736 ], [ 98.032279970000062, 4.412736970000063 ], [ 98.032302, 4.412751001000085 ], [ 98.03234, 4.412777 ], [ 98.032357612000055, 4.412787645000047 ], [ 98.032361, 4.412789 ], [ 98.032365351000067, 4.412792108000113 ], [ 98.032387199000098, 4.412804400000049 ], [ 98.032392, 4.412807 ], [ 98.032403373000079, 4.41281349900005 ], [ 98.0324062050001, 4.412815092000071 ], [ 98.032416174000062, 4.412820731000088 ], [ 98.032424, 4.412825 ], [ 98.032435, 4.412831 ], [ 98.032436969000045, 4.412832477000054 ], [ 98.032455, 4.412842 ], [ 98.032486, 4.412860500000018 ], [ 98.03251644400008, 4.412877670000061 ], [ 98.032517, 4.412877999000039 ], [ 98.032532, 4.412886 ], [ 98.032546436000075, 4.412894787000036 ], [ 98.032552254000066, 4.412898107000072 ], [ 98.032559996000032, 4.412902498000061 ], [ 98.032569, 4.412907 ], [ 98.032577720000063, 4.41291254900005 ], [ 98.032584659000051, 4.412916484000067 ], [ 98.032587498000069, 4.41291807100006 ], [ 98.032592, 4.41292 ], [ 98.032599, 4.412924 ], [ 98.032602, 4.412926 ], [ 98.032603613000063, 4.412927075000056 ], [ 98.03261006200006, 4.412930700000073 ], [ 98.03262, 4.412936 ], [ 98.032627500000046, 4.41294050000004 ], [ 98.032665, 4.412962 ], [ 98.032862389000059, 4.413073930000065 ], [ 98.032926, 4.41311 ], [ 98.033209092000064, 4.413296556000037 ], [ 98.033238557000075, 4.413318643000026 ], [ 98.033269337000036, 4.413335603000058 ], [ 98.033298283000079, 4.413357614000086 ], [ 98.033332728000062, 4.413384645000064 ], [ 98.033363323000074, 4.413407207000057 ], [ 98.033390073000092, 4.413426262000026 ], [ 98.033426997000049, 4.413450603000056 ], [ 98.033463708000056, 4.413472171000062 ], [ 98.03388, 4.413761 ], [ 98.03437047500006, 4.414065794000096 ], [ 98.034488, 4.41415 ], [ 98.034724, 4.4143 ], [ 98.034729500000111, 4.414304 ], [ 98.034766642000093, 4.414327821000043 ], [ 98.034771, 4.41433 ], [ 98.034772579000062, 4.414331579000028 ], [ 98.034786, 4.41434 ], [ 98.034815, 4.414359 ], [ 98.034849799000099, 4.414373744000043 ], [ 98.034869654000033, 4.414388342000062 ], [ 98.034894129000065, 4.414406717000059 ], [ 98.034923684000049, 4.414428117000079 ], [ 98.034966141000041, 4.414453786000035 ], [ 98.034998441000084, 4.41447811700004 ], [ 98.035028130000072, 4.41450044100003 ], [ 98.035055526000065, 4.414518989000039 ], [ 98.035202776000062, 4.414626790000066 ], [ 98.035283463000042, 4.414684395000057 ], [ 98.035460618000045, 4.414811877000027 ], [ 98.035513, 4.414849 ], [ 98.035784750000076, 4.415000500000084 ], [ 98.035793, 4.415005 ], [ 98.035827, 4.415024 ], [ 98.03584993200009, 4.415036966000054 ], [ 98.035854, 4.415039 ], [ 98.035856126000056, 4.415040417000076 ], [ 98.035879, 4.415053 ], [ 98.035915, 4.415073 ], [ 98.035919500000034, 4.415075500000054 ], [ 98.035938295000051, 4.415084353000056 ], [ 98.035942, 4.415086 ], [ 98.035945404000088, 4.415087702000042 ], [ 98.035952683000076, 4.415091131000066 ], [ 98.03595329500007, 4.41509143300005 ], [ 98.035963, 4.415096 ], [ 98.035999, 4.415114 ], [ 98.036025, 4.415126 ], [ 98.036032724000037, 4.415129862000095 ], [ 98.036147325000059, 4.415184810000047 ], [ 98.036267, 4.415242 ], [ 98.036270500000072, 4.415244 ], [ 98.036301, 4.415259 ], [ 98.036334, 4.415275 ], [ 98.03636, 4.415287 ], [ 98.036366, 4.41529 ], [ 98.036401, 4.415307 ], [ 98.036431388000054, 4.415322102000103 ], [ 98.036442, 4.415327 ], [ 98.036442500000092, 4.415327500000068 ], [ 98.03646, 4.415336 ], [ 98.036495290000062, 4.415353097000041 ], [ 98.036498, 4.415354 ], [ 98.036521221000058, 4.415366011000075 ], [ 98.03658860700007, 4.41539919300005 ], [ 98.03688, 4.415542 ], [ 98.037164000000104, 4.415681 ], [ 98.037164500000074, 4.415681500000098 ], [ 98.037219, 4.415708 ], [ 98.037238165000076, 4.415718039000056 ], [ 98.037239124000067, 4.415718516000027 ], [ 98.037242014000071, 4.415720036000055 ], [ 98.037275, 4.415737 ], [ 98.037287795000054, 4.415744108000061 ], [ 98.037289040000076, 4.415744763000029 ], [ 98.037329, 4.415766 ], [ 98.0373850000001, 4.415795 ], [ 98.037430500000085, 4.415819250000053 ], [ 98.037444, 4.415826 ], [ 98.037485, 4.415848 ], [ 98.037532, 4.415872 ], [ 98.037547, 4.41588 ], [ 98.037571, 4.415893 ], [ 98.037739, 4.415981 ], [ 98.037739139000053, 4.415982114000047 ], [ 98.037745291000078, 4.416031328000042 ], [ 98.037749, 4.416061 ], [ 98.037750428000052, 4.416073134000049 ], [ 98.037757, 4.416129 ], [ 98.037771, 4.416247 ], [ 98.037795978000091, 4.416274975000032 ], [ 98.037821, 4.416303 ], [ 98.037829339000055, 4.416312451000065 ], [ 98.037866, 4.416354 ], [ 98.037887, 4.416407 ], [ 98.037908, 4.416463 ], [ 98.037933, 4.416526 ], [ 98.037958, 4.41659 ], [ 98.037984, 4.416658 ], [ 98.037997302000065, 4.416692205000057 ], [ 98.038012, 4.41673 ], [ 98.038039, 4.416798 ], [ 98.038056, 4.416844 ], [ 98.038109, 4.416918 ], [ 98.038136, 4.416957 ], [ 98.038162514000106, 4.416993109000028 ], [ 98.038266, 4.417015 ], [ 98.038307674000066, 4.417024261000045 ], [ 98.038311, 4.417025 ], [ 98.038344791000057, 4.417044646000025 ], [ 98.038354, 4.41705 ], [ 98.038432268000065, 4.417095568000031 ], [ 98.038433, 4.417096 ], [ 98.038406756000086, 4.417121307000094 ], [ 98.038345, 4.417184 ], [ 98.038273, 4.417263 ], [ 98.038289, 4.417311 ], [ 98.038326633000054, 4.41732712900008 ], [ 98.038384, 4.417351 ], [ 98.038432, 4.417399 ], [ 98.038417872000082, 4.417464929000086 ], [ 98.038408103000066, 4.417511583000032 ], [ 98.038435175000089, 4.417657479000074 ], [ 98.038452, 4.417713 ], [ 98.038503, 4.417879 ], [ 98.038567, 4.417959 ], [ 98.038574, 4.418118 ], [ 98.038568, 4.418232 ], [ 98.038565719000076, 4.418271543000045 ], [ 98.038565, 4.418284 ], [ 98.038558, 4.418406 ], [ 98.038654, 4.418454 ], [ 98.038669, 4.418614 ], [ 98.038765374000036, 4.418709990000049 ], [ 98.038908, 4.418706 ], [ 98.039051, 4.418702 ], [ 98.03913, 4.418708 ], [ 98.039266, 4.418718 ], [ 98.039489, 4.418782 ], [ 98.039489616000097, 4.418782516000033 ], [ 98.039544313000093, 4.418828325000044 ], [ 98.039579506000067, 4.418857596000076 ], [ 98.039624, 4.418894 ], [ 98.039659229000051, 4.41893426200008 ], [ 98.039687, 4.418966 ], [ 98.039689030000034, 4.41899644300005 ], [ 98.039695, 4.419086 ], [ 98.039705811000047, 4.419164559000029 ], [ 98.03971, 4.419195 ], [ 98.039717173000042, 4.419246899000045 ], [ 98.039727353000046, 4.419317495000072 ], [ 98.039726937000069, 4.419317543000054 ], [ 98.039727, 4.419318 ], [ 98.039693563000085, 4.419321365000012 ], [ 98.039568, 4.419334 ], [ 98.039457911000071, 4.419339070000045 ], [ 98.03941171200006, 4.419341730000076 ], [ 98.039369, 4.419349 ], [ 98.039308616000085, 4.419409384000073 ], [ 98.039313, 4.419474 ], [ 98.039336, 4.419637 ], [ 98.039325100000042, 4.419688435000081 ], [ 98.039304, 4.419788 ], [ 98.039296, 4.419972 ], [ 98.039154, 4.419972 ], [ 98.03897, 4.419972 ], [ 98.038963301000081, 4.42014534300008 ], [ 98.038962, 4.420179 ], [ 98.038961569000051, 4.420179068000033 ], [ 98.038893735000059, 4.420189779000055 ], [ 98.038810622000085, 4.420202902000048 ], [ 98.038745, 4.420354 ], [ 98.038635, 4.42061 ], [ 98.038495, 4.420878 ], [ 98.038364, 4.421129 ], [ 98.038226, 4.421398 ], [ 98.038084, 4.421672 ], [ 98.037968, 4.421901 ], [ 98.037845, 4.422146 ], [ 98.037781, 4.42227 ], [ 98.037640526000089, 4.422543924000023 ], [ 98.037601, 4.422621 ], [ 98.037594346000049, 4.422633097000108 ], [ 98.037579, 4.422663 ], [ 98.037566, 4.422689 ], [ 98.037565, 4.422690500000046 ], [ 98.03754066900008, 4.422736964000022 ], [ 98.037533, 4.422753 ], [ 98.037519, 4.422779 ], [ 98.037518, 4.422781 ], [ 98.037512055000036, 4.42278760600004 ], [ 98.037496919000063, 4.422805827000042 ], [ 98.037487, 4.422818 ], [ 98.037478500000077, 4.422828 ], [ 98.037422, 4.422914 ], [ 98.037408, 4.422942 ], [ 98.037398, 4.422962333000044 ], [ 98.037397, 4.422964627000056 ], [ 98.037397, 4.422965 ], [ 98.037395726000071, 4.422967548000049 ], [ 98.037385491000066, 4.422991019000084 ], [ 98.037360554000045, 4.423042684000075 ], [ 98.037350739000047, 4.42306318500004 ], [ 98.037399491000087, 4.423094289000082 ], [ 98.037428008000077, 4.423113621000045 ], [ 98.037452000000101, 4.423129 ], [ 98.037497363000057, 4.423159575000066 ], [ 98.037497999000038, 4.42316000200004 ], [ 98.037502685000078, 4.423163 ], [ 98.037503, 4.423163 ], [ 98.037523, 4.423176 ], [ 98.037553500000058, 4.423197 ], [ 98.037555, 4.423198 ], [ 98.037576, 4.423212 ], [ 98.037611172000084, 4.423236065000029 ], [ 98.03762934100007, 4.423248149000107 ], [ 98.037679, 4.423281 ], [ 98.038041849000066, 4.42361622600005 ], [ 98.038072, 4.423644 ], [ 98.038105, 4.423674 ], [ 98.0381055000001, 4.423674500000062 ], [ 98.038105750000057, 4.423674750000056 ], [ 98.038106, 4.423675 ], [ 98.038132000000104, 4.423701 ], [ 98.038174999000063, 4.423743001000044 ], [ 98.038175500000079, 4.423743500000079 ], [ 98.038176, 4.423744 ], [ 98.038196, 4.423764 ], [ 98.038226, 4.423794 ], [ 98.03825, 4.423817 ], [ 98.038258, 4.423825 ], [ 98.038445, 4.424009 ], [ 98.038573548000045, 4.424126360000063 ], [ 98.038598051000065, 4.424149923000058 ], [ 98.038628174000053, 4.424176767000072 ], [ 98.038655061000043, 4.42420269100008 ], [ 98.038692656000094, 4.424240016000087 ], [ 98.038738084000059, 4.424295974000112 ], [ 98.038768563000104, 4.424327373000049 ], [ 98.038831, 4.424388 ], [ 98.038884977000066, 4.424440243000081 ], [ 98.03908, 4.424629 ], [ 98.039114, 4.424662 ], [ 98.039128, 4.424676 ], [ 98.03913050000007, 4.424678500000021 ], [ 98.039167, 4.424713 ], [ 98.039198939000087, 4.424742384000083 ], [ 98.03922033300006, 4.424762 ], [ 98.039221830000102, 4.424763358000074 ], [ 98.039225, 4.424766 ], [ 98.03926, 4.424798 ], [ 98.039308488000074, 4.424841191000053 ], [ 98.039312, 4.424844 ], [ 98.039337, 4.424866 ], [ 98.039337255000106, 4.424866255000079 ], [ 98.039354546000098, 4.424881214000056 ], [ 98.039359, 4.424885 ], [ 98.03935950000006, 4.424885500000075 ], [ 98.039492690000031, 4.424983013000055 ], [ 98.039527978000095, 4.425014833000043 ], [ 98.039563088000079, 4.425044393000106 ], [ 98.03970532600006, 4.425155599000057 ], [ 98.039734639000073, 4.42518184600006 ], [ 98.039768, 4.425218 ], [ 98.039795, 4.42524 ], [ 98.03979634300002, 4.42524110100004 ], [ 98.039834, 4.425272 ], [ 98.039834750000082, 4.425273500000058 ], [ 98.039875297000037, 4.425307342000059 ], [ 98.03988, 4.425311 ], [ 98.039902, 4.42533 ], [ 98.039925, 4.425348 ], [ 98.039925, 4.425348500000061 ], [ 98.04015512400008, 4.425542890000052 ], [ 98.04016, 4.425547 ], [ 98.040161906000066, 4.425548591000051 ], [ 98.040269, 4.425638 ], [ 98.040297, 4.425692 ], [ 98.040297104000047, 4.425692200000084 ], [ 98.04031, 4.425717 ], [ 98.04031, 4.425717500000079 ], [ 98.040329844000055, 4.425756740000063 ], [ 98.040347, 4.425789 ], [ 98.040349400000082, 4.425835200000036 ], [ 98.040349823000042, 4.425842806000083 ], [ 98.040351194000053, 4.425864553000086 ], [ 98.040354, 4.425907 ], [ 98.040354, 4.425909 ], [ 98.040354668000091, 4.425921696000054 ], [ 98.040359, 4.425996 ], [ 98.040367, 4.426141 ], [ 98.040404187000036, 4.426254115000057 ], [ 98.040421220000042, 4.426347866000106 ], [ 98.040430444000037, 4.426387811000066 ], [ 98.040451918000088, 4.426444790000064 ], [ 98.040458940000079, 4.426472602000065 ], [ 98.040462878000085, 4.426510895000051 ], [ 98.040459, 4.426561 ], [ 98.040461, 4.426594 ], [ 98.040461, 4.426595849000043 ], [ 98.040462725000069, 4.426622154000028 ], [ 98.040465, 4.426654 ], [ 98.040466, 4.426669 ], [ 98.040466, 4.426672143000085 ], [ 98.040468, 4.426703 ], [ 98.040469500000086, 4.426729 ], [ 98.04047, 4.426734 ], [ 98.040472, 4.426763 ], [ 98.040472, 4.426765316000079 ], [ 98.040472667000088, 4.426775 ], [ 98.040477, 4.426799 ], [ 98.040486, 4.426842 ], [ 98.040491, 4.426865 ], [ 98.04049147800005, 4.426867867000055 ], [ 98.040515046000053, 4.426979974000059 ], [ 98.040563056000053, 4.427202150000037 ], [ 98.040612783000086, 4.427438491000029 ], [ 98.040631417000057, 4.42749544900007 ], [ 98.040638235000088, 4.427533956000046 ], [ 98.040647002000085, 4.42758239000007 ], [ 98.040655, 4.427644 ], [ 98.04066, 4.427669 ], [ 98.040661, 4.427672 ], [ 98.040671, 4.427721 ], [ 98.040678, 4.427755 ], [ 98.04067850000007, 4.42775750000005 ], [ 98.040678999000093, 4.42776 ], [ 98.040689, 4.427811 ], [ 98.040697, 4.427849500000045 ], [ 98.040698, 4.427854 ], [ 98.040714, 4.427934 ], [ 98.040727, 4.427998 ], [ 98.040734500000042, 4.428032500000032 ], [ 98.040735, 4.428033 ], [ 98.040739624000096, 4.428057659000048 ], [ 98.040745667000067, 4.428087333000073 ], [ 98.040745983000079, 4.428088932000034 ], [ 98.040746, 4.428089 ], [ 98.040747, 4.428092 ], [ 98.040754419000052, 4.428131570000079 ], [ 98.040758, 4.428149667000079 ], [ 98.040758851000078, 4.428153979000067 ], [ 98.04076, 4.428158 ], [ 98.040763, 4.428175 ], [ 98.040769, 4.428205 ], [ 98.040769500000081, 4.428207500000035 ], [ 98.04077, 4.42821 ], [ 98.040771890000102, 4.428220481000054 ], [ 98.040781538000033, 4.428272884000036 ], [ 98.040783, 4.428278 ], [ 98.040784, 4.428283 ], [ 98.040793, 4.42833 ], [ 98.040799500000077, 4.428364500000048 ], [ 98.0408, 4.428367 ], [ 98.040808, 4.428412 ], [ 98.040815500000079, 4.428451 ], [ 98.040816, 4.428451 ], [ 98.040816, 4.428455119000057 ], [ 98.040826, 4.428508 ], [ 98.040833, 4.428546 ], [ 98.040841, 4.428586 ], [ 98.040898, 4.429039 ], [ 98.040932500000054, 4.429308750000081 ], [ 98.040934, 4.42932 ], [ 98.040939, 4.42936 ], [ 98.040939, 4.429362250000074 ], [ 98.040944199000094, 4.429402640000054 ], [ 98.040947, 4.429424 ], [ 98.040949, 4.429437 ], [ 98.040949604000048, 4.429445457000053 ], [ 98.040952115000039, 4.429466864000075 ], [ 98.040956, 4.429496 ], [ 98.040958, 4.42951 ], [ 98.040958, 4.429512443000018 ], [ 98.04096, 4.429529 ], [ 98.040965, 4.42956 ], [ 98.040971, 4.429592000000103 ], [ 98.04097134000007, 4.429594717000053 ], [ 98.040972, 4.42959833300005 ], [ 98.04097248100004, 4.429601442000027 ], [ 98.040973, 4.429603 ], [ 98.040982, 4.429663 ], [ 98.040987, 4.429687 ], [ 98.040987, 4.429688 ], [ 98.040987333000032, 4.429689667000044 ], [ 98.040987836000056, 4.429692342000072 ], [ 98.040988, 4.429693 ], [ 98.040994, 4.429725000000112 ], [ 98.040996500000062, 4.429738500000063 ], [ 98.041000333000056, 4.429757667000047 ], [ 98.041003, 4.429769 ], [ 98.041003, 4.4297710000001 ], [ 98.041003333000049, 4.429772667000059 ], [ 98.041008941000101, 4.429800059000076 ], [ 98.04101, 4.429805 ], [ 98.041012, 4.429815 ], [ 98.041014, 4.429825 ], [ 98.041016211000056, 4.429837526000027 ], [ 98.04101866700006, 4.42985066700006 ], [ 98.041019389000041, 4.42985455600009 ], [ 98.04102, 4.429857 ], [ 98.041023, 4.429874 ], [ 98.041031, 4.429911 ], [ 98.041034, 4.429926 ], [ 98.041034528000083, 4.429929434000054 ], [ 98.041034750000051, 4.429930500000069 ], [ 98.041037250000045, 4.429943374000058 ], [ 98.041038, 4.429946 ], [ 98.041103, 4.430282 ], [ 98.041193, 4.430754 ], [ 98.041203, 4.430797 ], [ 98.041209, 4.430822 ], [ 98.041210667000101, 4.430829667000084 ], [ 98.041211635000067, 4.43083363500005 ], [ 98.041212, 4.430834 ], [ 98.041221, 4.430872 ], [ 98.041225, 4.430892 ], [ 98.041225976000078, 4.43090126800011 ], [ 98.041226667000061, 4.430905333000067 ], [ 98.041227368000079, 4.430911737000038 ], [ 98.041228, 4.430913 ], [ 98.041232, 4.430954 ], [ 98.041237, 4.430995 ], [ 98.041237, 4.430996812000043 ], [ 98.041237333000083, 4.430999667000047 ], [ 98.041237610000067, 4.431002220000032 ], [ 98.041238, 4.431003 ], [ 98.041243, 4.431052 ], [ 98.041251465000087, 4.431091357000068 ], [ 98.041258915000071, 4.431135448000015 ], [ 98.041307517000064, 4.431583630000032 ], [ 98.041310722000048, 4.431605694000043 ], [ 98.041312, 4.431614 ], [ 98.041316, 4.431644 ], [ 98.041317, 4.431653 ], [ 98.041317, 4.431653680000061 ], [ 98.0413250000001, 4.43171 ], [ 98.041329400000066, 4.431745200000045 ], [ 98.04133, 4.431747 ], [ 98.04133, 4.431749534000069 ], [ 98.041340750000089, 4.431820500000084 ], [ 98.041356504000092, 4.431884052000052 ], [ 98.041356713000098, 4.431884874000083 ], [ 98.041356999000087, 4.431886 ], [ 98.041364, 4.431914 ], [ 98.041365, 4.431916 ], [ 98.041379, 4.431974 ], [ 98.041386500000058, 4.432003 ], [ 98.041387, 4.432004 ], [ 98.041397, 4.432046 ], [ 98.041406, 4.43208 ], [ 98.041406553000058, 4.432082763000053 ], [ 98.041408, 4.432088333000055 ], [ 98.04140921200009, 4.432093031000016 ], [ 98.04141, 4.432095 ], [ 98.04141852700009, 4.432129109000093 ], [ 98.041433060000031, 4.432177636000102 ], [ 98.04143714900006, 4.432206064000087 ], [ 98.041444250000055, 4.432234250000025 ], [ 98.041448, 4.432247 ], [ 98.041453, 4.432269 ], [ 98.041485963000071, 4.432398440000052 ], [ 98.041494, 4.43243 ], [ 98.041496, 4.432438500000085 ], [ 98.041500111000062, 4.432455444000063 ], [ 98.041508, 4.432487 ], [ 98.041508, 4.432487500000041 ], [ 98.041508333000095, 4.432489333000044 ], [ 98.041521, 4.432541 ], [ 98.041529265000079, 4.432572531000104 ], [ 98.04153, 4.432574 ], [ 98.04153072600009, 4.432578356000041 ], [ 98.041534073000037, 4.432592294000089 ], [ 98.041535, 4.432596 ], [ 98.041536756000085, 4.432603465000047 ], [ 98.041541796000047, 4.432623065000057 ], [ 98.041544, 4.432631 ], [ 98.041545437000082, 4.432637225000077 ], [ 98.041545481000071, 4.432637416000018 ], [ 98.041547286000082, 4.432644573000077 ], [ 98.041548, 4.432646 ], [ 98.041549, 4.432651 ], [ 98.041564, 4.432711 ], [ 98.041569500000037, 4.43273175000011 ], [ 98.041571, 4.432737 ], [ 98.041575, 4.432753 ], [ 98.041577250000046, 4.432763500000031 ], [ 98.041588861000051, 4.432791292000055 ], [ 98.04159, 4.432793 ], [ 98.041592, 4.432798 ], [ 98.041605, 4.432827 ], [ 98.041615500000034, 4.432851 ], [ 98.041616, 4.432852 ], [ 98.041621500000076, 4.432864500000064 ], [ 98.041627500000061, 4.432878 ], [ 98.041628, 4.432879 ], [ 98.0416400000001, 4.432906 ], [ 98.041644486000052, 4.432916094000092 ], [ 98.04170257400007, 4.433045086000079 ], [ 98.041742064000076, 4.433135644000056 ], [ 98.041756001000081, 4.433167 ], [ 98.041758, 4.433171000000107 ], [ 98.04176, 4.433176 ], [ 98.041771, 4.433202 ], [ 98.041784139000086, 4.433230126000083 ], [ 98.041784571000051, 4.43323109400006 ], [ 98.041786, 4.433233 ], [ 98.041797, 4.433259 ], [ 98.041806, 4.433279 ], [ 98.041807043000063, 4.433282130000065 ], [ 98.041808, 4.433284333000075 ], [ 98.041816, 4.433302 ], [ 98.041833418000067, 4.433329626000045 ], [ 98.041841, 4.433341 ], [ 98.041845, 4.433348 ], [ 98.041863, 4.433377 ], [ 98.041875, 4.433396 ], [ 98.041879, 4.433402 ], [ 98.041879016000067, 4.433402047000071 ], [ 98.041904196000075, 4.433425057000021 ], [ 98.041924002000087, 4.43346505600006 ], [ 98.041946237000047, 4.433498944000101 ], [ 98.041966406000085, 4.433536804000026 ], [ 98.041982155000085, 4.433563775000056 ], [ 98.04200280200007, 4.433593358000045 ], [ 98.042021075000036, 4.433623573000069 ], [ 98.042034303000037, 4.43364872700004 ], [ 98.042045641000087, 4.433673005000054 ], [ 98.042060994000053, 4.433699123000065 ], [ 98.042074687000095, 4.433725498000072 ], [ 98.042090328000086, 4.433749433000052 ], [ 98.042102207000084, 4.433789132000114 ], [ 98.042104, 4.433792 ], [ 98.042104523000049, 4.43379409300007 ], [ 98.042121, 4.433824500000085 ], [ 98.042127, 4.433835 ], [ 98.042130387000057, 4.43384177400005 ], [ 98.042135139000024, 4.433850519000049 ], [ 98.042137, 4.433853 ], [ 98.04213843000008, 4.433856574000062 ], [ 98.042140400000065, 4.433860200000049 ], [ 98.042140826000022, 4.433861044000031 ], [ 98.042145, 4.433868000000103 ], [ 98.042147, 4.433873 ], [ 98.042159779000102, 4.433898559000061 ], [ 98.0423, 4.434175 ], [ 98.042321007000055, 4.43426737600004 ], [ 98.042378961000054, 4.434521844000092 ], [ 98.042381, 4.43453 ], [ 98.042381893000083, 4.434534465000081 ], [ 98.042390458000057, 4.434570304000054 ], [ 98.042401597000051, 4.434619855000063 ], [ 98.042402375000066, 4.434622707000085 ], [ 98.042415795000068, 4.43465192300006 ], [ 98.042420187000062, 4.434693136000032 ], [ 98.042421377000053, 4.434708130000065 ], [ 98.042422, 4.43471 ], [ 98.042422810000076, 4.434726200000083 ], [ 98.042423389000092, 4.434733505000046 ], [ 98.042424, 4.434739 ], [ 98.042424001000086, 4.434742 ], [ 98.042426, 4.434771 ], [ 98.04242856000009, 4.434802680000072 ], [ 98.042429, 4.434804 ], [ 98.042429, 4.434807 ], [ 98.04243, 4.434826 ], [ 98.042432, 4.434847 ], [ 98.042432, 4.434848 ], [ 98.042433, 4.434871 ], [ 98.042459, 4.435234 ], [ 98.042477862000055, 4.435457493000073 ], [ 98.042489563000061, 4.435640035000059 ], [ 98.042498, 4.435981 ], [ 98.042500813000061, 4.436042451000088 ], [ 98.042511, 4.436265 ], [ 98.042522, 4.436708 ], [ 98.042512, 4.436869 ], [ 98.042484, 4.437273 ], [ 98.042458, 4.437645 ], [ 98.042415, 4.437989 ], [ 98.042349451000078, 4.438496362000037 ], [ 98.042338050000069, 4.438581049000049 ], [ 98.042313812000046, 4.438722644000079 ], [ 98.042307, 4.438771184000113 ], [ 98.042307, 4.438773 ], [ 98.042303, 4.438802 ], [ 98.0423, 4.438828 ], [ 98.042299494000076, 4.438829518000039 ], [ 98.042299240000034, 4.438831514000065 ], [ 98.042299, 4.43883337700003 ], [ 98.042299, 4.438837 ], [ 98.042296, 4.438859 ], [ 98.04229489800008, 4.43886524200001 ], [ 98.042294, 4.438872222000073 ], [ 98.042293000000114, 4.438884351000082 ], [ 98.0422930000001, 4.438886 ], [ 98.042291540000065, 4.438902065000045 ], [ 98.0422890010001, 4.438937 ], [ 98.042288333000045, 4.438946333000053 ], [ 98.042288, 4.438950857000064 ], [ 98.042288, 4.438953 ], [ 98.042286, 4.438978 ], [ 98.042283, 4.439012200000054 ], [ 98.042283, 4.439013 ], [ 98.042282552000074, 4.439017928000079 ], [ 98.042281234000086, 4.439040086000045 ], [ 98.042281, 4.439045 ], [ 98.042254, 4.439391 ], [ 98.042296129000079, 4.439566877000084 ], [ 98.042357, 4.439821 ], [ 98.042371937000055, 4.439850247000055 ], [ 98.042422943000062, 4.440115185000055 ], [ 98.042473484000084, 4.440310668000044 ], [ 98.042488, 4.440404 ], [ 98.042587, 4.440845 ], [ 98.042645, 4.441115 ], [ 98.042654, 4.441154 ], [ 98.042654500000083, 4.441157 ], [ 98.042662190000058, 4.441193057000017 ], [ 98.042665, 4.441205 ], [ 98.042666663000034, 4.441213871000079 ], [ 98.042676, 4.441256 ], [ 98.042682500000069, 4.441288 ], [ 98.042683, 4.44129 ], [ 98.042689, 4.441321 ], [ 98.04269572000004, 4.441349160000091 ], [ 98.042696, 4.44135 ], [ 98.042697, 4.441354 ], [ 98.042701, 4.441375 ], [ 98.042715258000044, 4.441405562000082 ], [ 98.042721468000096, 4.441458166000086 ], [ 98.042737186000068, 4.441538019000087 ], [ 98.042759917000069, 4.441644864000091 ], [ 98.042784875000066, 4.441772938000057 ], [ 98.042786, 4.441778 ], [ 98.042786429000046, 4.441780571000062 ], [ 98.042791, 4.441802 ], [ 98.042797, 4.441828 ], [ 98.04279850000006, 4.441835 ], [ 98.042799333000048, 4.441838667000082 ], [ 98.042799769000069, 4.441840923000046 ], [ 98.0428, 4.441842 ], [ 98.042801, 4.441846 ], [ 98.042805, 4.441868 ], [ 98.042813, 4.441904 ], [ 98.042814, 4.441907 ], [ 98.042814, 4.441908632000058 ], [ 98.04282, 4.441938 ], [ 98.042826491000085, 4.44196798200005 ], [ 98.042827, 4.441969 ], [ 98.042827744000078, 4.441973465000033 ], [ 98.042835, 4.442004 ], [ 98.042842, 4.442035 ], [ 98.042842, 4.442035500000044 ], [ 98.042842333000053, 4.442037333000027 ], [ 98.042846, 4.442056 ], [ 98.042854, 4.44209 ], [ 98.042854923000064, 4.442095077000037 ], [ 98.042855667000097, 4.442098333000055 ], [ 98.042856759000074, 4.442103276000049 ], [ 98.042857, 4.442104 ], [ 98.042862, 4.442127 ], [ 98.04287, 4.442159 ], [ 98.042871039000048, 4.44216471400005 ], [ 98.042871667000057, 4.442167333000042 ], [ 98.042872759000048, 4.442172276000066 ], [ 98.042873, 4.442173 ], [ 98.042878000000101, 4.442196 ], [ 98.042885, 4.442226500000078 ], [ 98.042887, 4.442235 ], [ 98.042894, 4.442267 ], [ 98.042924, 4.442404 ], [ 98.042962, 4.4427 ], [ 98.042977867000062, 4.442828296000085 ], [ 98.042997, 4.442983 ], [ 98.043010884000068, 4.443093425000037 ], [ 98.04304, 4.443325000000111 ], [ 98.043075, 4.443607 ], [ 98.043075500000043, 4.443611500000024 ], [ 98.043086500000072, 4.443683500000017 ], [ 98.043087, 4.443685 ], [ 98.043091, 4.443711 ], [ 98.043095, 4.443737 ], [ 98.043095500000049, 4.443741 ], [ 98.043102828000102, 4.443792140000046 ], [ 98.043104, 4.443798 ], [ 98.043104, 4.4438 ], [ 98.043108, 4.443826 ], [ 98.043113, 4.44386 ], [ 98.043114, 4.443866 ], [ 98.04312, 4.443902 ], [ 98.043120712000075, 4.443908051000063 ], [ 98.043121667000037, 4.443914 ], [ 98.043122616000062, 4.443920233000046 ], [ 98.043123, 4.443921 ], [ 98.043127, 4.443949 ], [ 98.043132832000083, 4.443984911000065 ], [ 98.043134, 4.443989 ], [ 98.043134, 4.443992 ], [ 98.043138, 4.444016 ], [ 98.043144, 4.444052 ], [ 98.043144, 4.444054 ], [ 98.043148, 4.444076 ], [ 98.043154107000078, 4.444115536000065 ], [ 98.043155, 4.44412 ], [ 98.043155, 4.444120500000079 ], [ 98.043163, 4.444171 ], [ 98.043164, 4.444178 ], [ 98.04316422900007, 4.444180057000042 ], [ 98.043168, 4.444203 ], [ 98.043174001000068, 4.44424 ], [ 98.043174500000092, 4.444243 ], [ 98.043175, 4.444246 ], [ 98.043179, 4.444271 ], [ 98.043215, 4.444496 ], [ 98.043217, 4.444554 ], [ 98.043219, 4.444596 ], [ 98.043219, 4.444618 ], [ 98.043219, 4.444619500000038 ], [ 98.04322, 4.444659 ], [ 98.043221, 4.444682 ], [ 98.043221, 4.444682500000082 ], [ 98.043222, 4.444704 ], [ 98.043223, 4.444734 ], [ 98.043223, 4.44473850000003 ], [ 98.043223429000079, 4.444758429000074 ], [ 98.043224, 4.444779 ], [ 98.043224, 4.444785 ], [ 98.043227500000071, 4.4449030000001 ], [ 98.043228, 4.444906 ], [ 98.043229, 4.444945 ], [ 98.043229, 4.444956 ], [ 98.043231, 4.445007 ], [ 98.043231, 4.445029 ], [ 98.043231, 4.44503 ], [ 98.043232, 4.445056 ], [ 98.043233, 4.445084 ], [ 98.043233, 4.445092667000061 ], [ 98.043233, 4.445095 ], [ 98.043233, 4.445099 ], [ 98.043233, 4.445123 ], [ 98.043234, 4.445150000000104 ], [ 98.043234, 4.44516 ], [ 98.043234, 4.445185 ], [ 98.043234145000056, 4.445212849000026 ], [ 98.043234320000067, 4.445218586000086 ], [ 98.043235, 4.445239 ], [ 98.043235, 4.44524094900003 ], [ 98.043235, 4.445268 ], [ 98.043235, 4.44527 ], [ 98.043235, 4.445270333000055 ], [ 98.043235, 4.445273 ], [ 98.043235, 4.445291 ], [ 98.043236, 4.445313 ], [ 98.043236, 4.445328 ], [ 98.043236, 4.445335 ], [ 98.043236, 4.445340500000057 ], [ 98.043236, 4.445347 ], [ 98.043236, 4.445352 ], [ 98.043236, 4.44537 ], [ 98.043235500000037, 4.445380500000056 ], [ 98.04323, 4.445581 ], [ 98.043229145000069, 4.44561289800006 ], [ 98.043222427000046, 4.44586345900008 ], [ 98.04322, 4.445954 ], [ 98.043219, 4.446284 ], [ 98.043222427000046, 4.446512948000032 ], [ 98.043224, 4.446618 ], [ 98.043241833000081, 4.4470408330001 ], [ 98.043243891000046, 4.44705345700004 ], [ 98.043245, 4.447059 ], [ 98.043247, 4.447071 ], [ 98.043247817000065, 4.447077535000059 ], [ 98.043248708000078, 4.447083003000039 ], [ 98.043249618000061, 4.447088236000067 ], [ 98.04325, 4.447089 ], [ 98.043259, 4.447139 ], [ 98.043259754000076, 4.447146539000114 ], [ 98.043260146000094, 4.447148796000023 ], [ 98.043267, 4.447188 ], [ 98.043272, 4.447213 ], [ 98.043272, 4.447214862000067 ], [ 98.043277, 4.447247 ], [ 98.043256750000069, 4.447266250000051 ], [ 98.043266667000069, 4.447322 ], [ 98.043267, 4.447323 ], [ 98.043268, 4.447326 ], [ 98.043275, 4.447351 ], [ 98.043286, 4.447387 ], [ 98.043286, 4.447388309000115 ], [ 98.043292, 4.447409 ], [ 98.043299, 4.447432 ], [ 98.043299, 4.447432208000109 ], [ 98.043302508000068, 4.447443839000083 ], [ 98.043306456000039, 4.447454912000076 ], [ 98.043307, 4.447456 ], [ 98.043316533000052, 4.447483175000083 ], [ 98.043352557000048, 4.447585870000082 ], [ 98.043374, 4.447647 ], [ 98.043462269000045, 4.44787691100003 ], [ 98.043481205000049, 4.447926231000093 ], [ 98.043503, 4.447983 ], [ 98.043528102000039, 4.448002245000063 ], [ 98.043533, 4.448006 ], [ 98.043573, 4.448038 ], [ 98.043573706000075, 4.448038588000029 ], [ 98.043573828000063, 4.448038690000057 ], [ 98.043579959000056, 4.448043480000046 ], [ 98.043581, 4.448044 ], [ 98.04360265300005, 4.448061224000067 ], [ 98.043625, 4.448079 ], [ 98.043655, 4.448103000000102 ], [ 98.043655621000099, 4.448103621000038 ], [ 98.043661393000036, 4.448108262000081 ], [ 98.043664, 4.44811 ], [ 98.043666727000087, 4.448112338000067 ], [ 98.04369, 4.44813 ], [ 98.04372, 4.44815 ], [ 98.043738, 4.448162 ], [ 98.043738286000078, 4.448162286000112 ], [ 98.043741333000085, 4.44816433300002 ], [ 98.043747, 4.448168 ], [ 98.043749692000077, 4.448169923000017 ], [ 98.04376850000007, 4.448182500000039 ], [ 98.043776, 4.448187 ], [ 98.043793, 4.448199 ], [ 98.043797, 4.448202 ], [ 98.043798206000091, 4.448206363000065 ], [ 98.043818808000083, 4.448280893000057 ], [ 98.043831, 4.448325 ], [ 98.043843, 4.448369000000103 ], [ 98.043848500000095, 4.448389500000072 ], [ 98.043849, 4.448391000000114 ], [ 98.043857, 4.44842 ], [ 98.043865, 4.44845 ], [ 98.043866, 4.448453 ], [ 98.043877, 4.448495 ], [ 98.043878, 4.448499 ], [ 98.043900043000079, 4.44855733000005 ], [ 98.04390642900006, 4.448596019000056 ], [ 98.043916135000089, 4.448635339000017 ], [ 98.04392382500005, 4.448666177000065 ], [ 98.043924171000072, 4.448667805000087 ], [ 98.043927, 4.448677 ], [ 98.043931, 4.4487 ], [ 98.043934438000065, 4.448718531000071 ], [ 98.043936000000102, 4.448724 ], [ 98.043936, 4.448727057000068 ], [ 98.043937781000082, 4.448736903000054 ], [ 98.043941, 4.448753 ], [ 98.043942500000071, 4.448763 ], [ 98.043945797000049, 4.448781087000039 ], [ 98.043948, 4.448791 ], [ 98.043948, 4.448793171000032 ], [ 98.04394833300006, 4.448795 ], [ 98.043953, 4.448822 ], [ 98.043959, 4.448851 ], [ 98.043986, 4.448999 ], [ 98.043986, 4.449158000000103 ], [ 98.04398075000006, 4.449170750000066 ], [ 98.04397096200006, 4.449194785000043 ], [ 98.043966, 4.449207 ], [ 98.043965302000046, 4.449208397000072 ], [ 98.043963519000044, 4.449212683000071 ], [ 98.043962418000049, 4.44921503700007 ], [ 98.043961, 4.44922 ], [ 98.043958, 4.449226 ], [ 98.043951, 4.44924 ], [ 98.043949773000065, 4.449242070000048 ], [ 98.043933029000087, 4.449271599000033 ], [ 98.043932, 4.449274 ], [ 98.043930116000084, 4.449277139000064 ], [ 98.043920368000045, 4.449296256000048 ], [ 98.043911137000066, 4.449330954000088 ], [ 98.043908372000047, 4.449342770000058 ], [ 98.043908, 4.449345 ], [ 98.043902, 4.44937 ], [ 98.043893500000095, 4.449401 ], [ 98.043887388000101, 4.449426384000066 ], [ 98.043887, 4.449428 ], [ 98.043881, 4.449454 ], [ 98.043877889000058, 4.449465667000042 ], [ 98.043877, 4.449606 ], [ 98.043865, 4.449792 ], [ 98.043888, 4.44993 ], [ 98.043898, 4.449993 ], [ 98.043890028000078, 4.45003374400005 ], [ 98.04388, 4.450085 ], [ 98.043845, 4.450211 ], [ 98.043827, 4.450267 ], [ 98.043826140000078, 4.450337539000043 ], [ 98.043826, 4.450349 ], [ 98.043825150000032, 4.450398752000071 ], [ 98.0438240000001, 4.450466 ], [ 98.043831, 4.450555 ], [ 98.043837, 4.450643 ], [ 98.043837, 4.45065 ], [ 98.043837, 4.4507 ], [ 98.043837, 4.450707 ], [ 98.043837, 4.450711 ], [ 98.043837, 4.450719564000074 ], [ 98.04384, 4.45075 ], [ 98.043842, 4.450765 ], [ 98.043843, 4.450771 ], [ 98.043843, 4.450772309000067 ], [ 98.04384697900008, 4.450799872000057 ], [ 98.043848, 4.450806 ], [ 98.043853, 4.450846 ], [ 98.043914366000081, 4.450915598000063 ], [ 98.043935, 4.450939 ], [ 98.044008, 4.450989 ], [ 98.044174, 4.451103 ], [ 98.044350500000078, 4.451199500000034 ], [ 98.044396, 4.451213 ], [ 98.044443, 4.451226 ], [ 98.04446583000005, 4.451232749000044 ], [ 98.044497, 4.451241 ], [ 98.044514250000091, 4.451246250000059 ], [ 98.044545, 4.451254 ], [ 98.044573, 4.45126 ], [ 98.044606500000029, 4.451267 ], [ 98.044607, 4.451267 ], [ 98.0446766190001, 4.451281113000054 ], [ 98.044681, 4.451282 ], [ 98.044686, 4.451283 ], [ 98.044691, 4.451284 ], [ 98.044717, 4.451297 ], [ 98.044751, 4.451314 ], [ 98.044778, 4.451328 ], [ 98.044805, 4.451353 ], [ 98.044827, 4.451372 ], [ 98.044829, 4.451374 ], [ 98.044830750000074, 4.451375750000077 ], [ 98.044831134000049, 4.451376090000089 ], [ 98.044831173000034, 4.451376173000055 ], [ 98.044832, 4.451377 ], [ 98.044835, 4.451379 ], [ 98.044838, 4.451382 ], [ 98.044844, 4.451404 ], [ 98.044854696000073, 4.451438697000082 ], [ 98.044885, 4.451537 ], [ 98.044952, 4.451748 ], [ 98.044980804000062, 4.451797790000061 ], [ 98.045022, 4.451869 ], [ 98.045026469000064, 4.451897844000025 ], [ 98.045032052000096, 4.451933879000046 ], [ 98.045037599000082, 4.451969682000051 ], [ 98.04504488300006, 4.452011779000065 ], [ 98.04518, 4.452131 ], [ 98.045205, 4.452252 ], [ 98.045207, 4.452263 ], [ 98.045208, 4.452283 ], [ 98.045208, 4.45231 ], [ 98.045208, 4.452315 ], [ 98.045208, 4.45232 ], [ 98.045205, 4.452336 ], [ 98.04520263200007, 4.452357053000075 ], [ 98.045202, 4.452364 ], [ 98.045201, 4.452371 ], [ 98.045199, 4.452384 ], [ 98.045196, 4.452411 ], [ 98.045195051000078, 4.452418595000056 ], [ 98.045189273000062, 4.452466590000051 ], [ 98.045186, 4.452494 ], [ 98.045186, 4.452497 ], [ 98.045185036000078, 4.452501821000054 ], [ 98.045182491000062, 4.452523091000062 ], [ 98.045181, 4.452539 ], [ 98.045180109000086, 4.452543011000072 ], [ 98.045180014000039, 4.452543802000045 ], [ 98.045177578000036, 4.452576727000062 ], [ 98.045165943000086, 4.45260922800004 ], [ 98.045165, 4.452613 ], [ 98.045164714000066, 4.452613859000078 ], [ 98.045159, 4.452637 ], [ 98.04515578600008, 4.452650008000051 ], [ 98.045155, 4.452653238000034 ], [ 98.045155, 4.452654 ], [ 98.045148, 4.452682 ], [ 98.045136, 4.452734 ], [ 98.045135500000086, 4.452736 ], [ 98.045137779000072, 4.452765788000024 ], [ 98.045138, 4.452768 ], [ 98.04514, 4.452797 ], [ 98.04514000100005, 4.452799 ], [ 98.045141, 4.45282 ], [ 98.045144333000067, 4.452862 ], [ 98.045144629000049, 4.452863886000052 ], [ 98.045145, 4.452865 ], [ 98.045145092000041, 4.452866848000041 ], [ 98.045149500000051, 4.452895 ], [ 98.045154604000075, 4.452909412000086 ], [ 98.045157, 4.452916 ], [ 98.04516, 4.452924 ], [ 98.045160868000039, 4.45292660500007 ], [ 98.045173276000085, 4.452955873000074 ], [ 98.045187541000075, 4.452985509000047 ], [ 98.04521, 4.453069 ], [ 98.045210041000075, 4.453069125000092 ], [ 98.045211, 4.453072 ], [ 98.045218, 4.453097 ], [ 98.045222, 4.453112 ], [ 98.045222185000057, 4.453112834000038 ], [ 98.045239807000087, 4.453158309000072 ], [ 98.045237567000072, 4.453171700000045 ], [ 98.045238, 4.453173 ], [ 98.045238, 4.453175 ], [ 98.045233, 4.453199 ], [ 98.04523, 4.453213 ], [ 98.045229500000076, 4.453214750000033 ], [ 98.045228333000068, 4.45322 ], [ 98.045227433000051, 4.453223967000047 ], [ 98.045227, 4.453227 ], [ 98.045224243000078, 4.453238029000055 ], [ 98.045219775000078, 4.45325771900005 ], [ 98.045211, 4.4533 ], [ 98.045156, 4.4534 ], [ 98.045154500000095, 4.45340250000007 ], [ 98.045142, 4.453426 ], [ 98.045127, 4.453454 ], [ 98.045124500000071, 4.453458 ], [ 98.045113, 4.45348 ], [ 98.045113, 4.453515 ], [ 98.0451130000001, 4.45351750000005 ], [ 98.045113, 4.45352 ], [ 98.045112961000072, 4.453521367000064 ], [ 98.045112500000073, 4.453567 ], [ 98.045113, 4.453579 ], [ 98.045113, 4.453607 ], [ 98.045114, 4.453634 ], [ 98.045114, 4.453640833000061 ], [ 98.045114200000071, 4.453647600000097 ], [ 98.045115371000065, 4.453663892000072 ], [ 98.045117, 4.453681 ], [ 98.045117, 4.453686567000052 ], [ 98.045117121000047, 4.453688253000053 ], [ 98.045118, 4.453702 ], [ 98.04512, 4.453733 ], [ 98.045122, 4.453759 ], [ 98.045122, 4.453761571000038 ], [ 98.045122333000052, 4.453766333000019 ], [ 98.045127, 4.453804 ], [ 98.045129615000064, 4.453826688000047 ], [ 98.0451300000001, 4.453829 ], [ 98.045132, 4.453849 ], [ 98.045135488000099, 4.453877439000088 ], [ 98.045136, 4.45388 ], [ 98.045138, 4.453898 ], [ 98.045138760000043, 4.453904464000084 ], [ 98.04514359900007, 4.453944592000036 ], [ 98.045143639000059, 4.453944837000061 ], [ 98.045177996000064, 4.453996329000064 ], [ 98.045182, 4.454001 ], [ 98.045183616000045, 4.454003424000073 ], [ 98.045196360000034, 4.454019107000028 ], [ 98.045202, 4.454026 ], [ 98.045222, 4.454051 ], [ 98.045224667000085, 4.454054333000068 ], [ 98.045226571000072, 4.454056571000057 ], [ 98.045227, 4.454057 ], [ 98.045238, 4.45407 ], [ 98.045252, 4.454089 ], [ 98.045267, 4.454107 ], [ 98.045272, 4.454113667000054 ], [ 98.045294, 4.454142 ], [ 98.045315, 4.454167 ], [ 98.045315771000062, 4.454168285000048 ], [ 98.045317389000047, 4.454170238000068 ], [ 98.045338003000055, 4.454196534000067 ], [ 98.04534, 4.454199 ], [ 98.045358, 4.454221000000116 ], [ 98.045360814000048, 4.454224618000092 ], [ 98.045365987000096, 4.454230987000088 ], [ 98.045367, 4.454232 ], [ 98.045391, 4.454262 ], [ 98.045412, 4.454287 ], [ 98.045417, 4.454293 ], [ 98.045419088000074, 4.454296341000038 ], [ 98.045436, 4.454318 ], [ 98.045462997000072, 4.454350746000056 ], [ 98.045465, 4.454353 ], [ 98.045471, 4.45436 ], [ 98.045485, 4.454391 ], [ 98.045489, 4.454399 ], [ 98.04551004800004, 4.454426746000022 ], [ 98.045525225000077, 4.454473900000048 ], [ 98.045525429000079, 4.454476072000051 ], [ 98.045527, 4.45448 ], [ 98.04553, 4.454486 ], [ 98.04553, 4.454523 ], [ 98.04553, 4.454524712000061 ], [ 98.04553, 4.454529 ], [ 98.04553, 4.454548 ], [ 98.04553, 4.454567 ], [ 98.04553, 4.454571 ], [ 98.04553, 4.454575 ], [ 98.04553, 4.454663 ], [ 98.04553, 4.454669 ], [ 98.04553, 4.454672667000098 ], [ 98.04553, 4.454686 ], [ 98.04553, 4.454724 ], [ 98.04553, 4.454736 ], [ 98.045536542000065, 4.454778192000059 ], [ 98.045543, 4.454808 ], [ 98.045543, 4.454810250000037 ], [ 98.045549, 4.454836 ], [ 98.045561, 4.454893 ], [ 98.045575074000055, 4.454960294000084 ], [ 98.045576, 4.4549640000001 ], [ 98.045576326000074, 4.454966285000107 ], [ 98.04557664500004, 4.45496781100009 ], [ 98.045578101000046, 4.454974302000035 ], [ 98.045579, 4.454977 ], [ 98.045579, 4.454977500000035 ], [ 98.045587, 4.455014 ], [ 98.045604, 4.45509 ], [ 98.045609, 4.455112 ], [ 98.045611, 4.455121 ], [ 98.045613, 4.45513 ], [ 98.045617, 4.455151 ], [ 98.045627, 4.455196 ], [ 98.045649, 4.455232 ], [ 98.045659066000056, 4.455249336000088 ], [ 98.045669500000102, 4.455267 ], [ 98.045672, 4.455271 ], [ 98.04567307700006, 4.455272885000098 ], [ 98.045685, 4.455292500000069 ], [ 98.04569, 4.4553 ], [ 98.045716, 4.45534 ], [ 98.045740213000059, 4.455375927000026 ], [ 98.045741500000091, 4.455377500000058 ], [ 98.045742, 4.455378 ], [ 98.045742523000058, 4.455379045000029 ], [ 98.04577785700009, 4.455424667000065 ], [ 98.045779567000096, 4.455426828000035 ], [ 98.045784, 4.455432 ], [ 98.045792, 4.455442545000039 ], [ 98.045812, 4.455468 ], [ 98.045846, 4.455496 ], [ 98.04588024800006, 4.455521921000078 ], [ 98.045921, 4.455552 ], [ 98.045922170000054, 4.455554990000071 ], [ 98.045932500000049, 4.45558 ], [ 98.045935, 4.455585 ], [ 98.045944722000058, 4.455610278000059 ], [ 98.045954500000065, 4.455634500000035 ], [ 98.045959, 4.455645 ], [ 98.045952, 4.455693 ], [ 98.045948500000065, 4.455721 ], [ 98.045948, 4.455726 ], [ 98.045942, 4.455765 ], [ 98.045927731000077, 4.455799088000073 ], [ 98.045924, 4.455808 ], [ 98.045917682000052, 4.455820637000048 ], [ 98.045910029000083, 4.455837930000042 ], [ 98.045905, 4.45585 ], [ 98.045902287000047, 4.455855427000079 ], [ 98.045902064000089, 4.455855930000053 ], [ 98.045897922000051, 4.455865234000038 ], [ 98.045897, 4.455868 ], [ 98.045882, 4.455901 ], [ 98.045863, 4.455926 ], [ 98.045861543000072, 4.455927828000023 ], [ 98.045812, 4.45599 ], [ 98.045784500000082, 4.456025 ], [ 98.0457830000001, 4.456027 ], [ 98.045782465000059, 4.456027668000067 ], [ 98.045742, 4.456095 ], [ 98.045708, 4.456152 ], [ 98.045704, 4.456193500000063 ], [ 98.045704, 4.456197 ], [ 98.045701, 4.456233 ], [ 98.045696, 4.456272 ], [ 98.04569, 4.45632387800007 ], [ 98.04569, 4.456325 ], [ 98.045686, 4.456351 ], [ 98.045685500000062, 4.456354 ], [ 98.045684750000078, 4.456358667000083 ], [ 98.045682, 4.456377 ], [ 98.045681, 4.456382 ], [ 98.04568, 4.456387 ], [ 98.045667, 4.456421 ], [ 98.045648, 4.456469 ], [ 98.045638231000055, 4.456477919000069 ], [ 98.045602, 4.456511 ], [ 98.045598505000058, 4.456513796000049 ], [ 98.045596150000051, 4.456515923000058 ], [ 98.045594195000049, 4.456517571000049 ], [ 98.045585, 4.456526 ], [ 98.045541766000056, 4.45656178000009 ], [ 98.045527, 4.456574 ], [ 98.045522500000075, 4.456577500000052 ], [ 98.045504083000097, 4.456591935000056 ], [ 98.045504, 4.456592 ], [ 98.045501, 4.456595 ], [ 98.045472347000029, 4.456613773000054 ], [ 98.045472, 4.456614 ], [ 98.045443, 4.456633 ], [ 98.045416643000067, 4.456650571000077 ], [ 98.045401, 4.456661 ], [ 98.045393500000046, 4.456666 ], [ 98.045386, 4.456671 ], [ 98.045307, 4.456722 ], [ 98.045277, 4.456742 ], [ 98.045223, 4.456796 ], [ 98.04519, 4.456829 ], [ 98.045178, 4.456894 ], [ 98.045176, 4.456905 ], [ 98.045175159000067, 4.456909206000049 ], [ 98.045162, 4.45698 ], [ 98.045162, 4.456984 ], [ 98.045158, 4.457045 ], [ 98.045162073000085, 4.457074653000065 ], [ 98.045163804000083, 4.457078 ], [ 98.045164, 4.457078 ], [ 98.0452, 4.457148 ], [ 98.045212017000054, 4.457175468000083 ], [ 98.045214, 4.45718 ], [ 98.04523, 4.457218 ], [ 98.045232823000049, 4.457226468000036 ], [ 98.045233311000075, 4.457227665000079 ], [ 98.045233448000062, 4.45722807500007 ], [ 98.045238, 4.457239 ], [ 98.045243356000071, 4.457257745000077 ], [ 98.045244345000086, 4.457260708000064 ], [ 98.045261500000052, 4.457312 ], [ 98.045280937000086, 4.457349933000046 ], [ 98.045300178000062, 4.457386336000064 ], [ 98.045305763000059, 4.457396886000017 ], [ 98.045309, 4.457403 ], [ 98.045318, 4.457439 ], [ 98.045318500000064, 4.457441 ], [ 98.045331, 4.457485 ], [ 98.045311, 4.457563 ], [ 98.045293500000071, 4.45762650000008 ], [ 98.045291, 4.457636 ], [ 98.045285, 4.457655 ], [ 98.045271, 4.457704 ], [ 98.045259, 4.457741 ], [ 98.045252, 4.457783 ], [ 98.04525089200007, 4.457788955000104 ], [ 98.045244, 4.457826 ], [ 98.045241503000071, 4.457836100000066 ], [ 98.045222, 4.457915 ], [ 98.045215, 4.457944 ], [ 98.04520150000009, 4.458004500000087 ], [ 98.0452, 4.458012 ], [ 98.045189, 4.458062 ], [ 98.045177, 4.458113 ], [ 98.045179, 4.458175 ], [ 98.045179, 4.458178500000025 ], [ 98.045181, 4.458274 ], [ 98.045188087000056, 4.45834288400004 ], [ 98.045212, 4.458366 ], [ 98.045222908000085, 4.458377687000029 ], [ 98.04525, 4.458405 ], [ 98.045288, 4.458443 ], [ 98.045352, 4.45851 ], [ 98.045387212000037, 4.458545212000082 ], [ 98.045389, 4.458547 ], [ 98.045422000000102, 4.45858 ], [ 98.045457, 4.458614 ], [ 98.04547218900008, 4.458629189000018 ], [ 98.045572, 4.458716 ], [ 98.045736, 4.458857 ], [ 98.046063, 4.459134 ], [ 98.046064675000082, 4.459135436000047 ], [ 98.04607, 4.45914 ], [ 98.046076, 4.459145 ], [ 98.046094, 4.459164 ], [ 98.046094, 4.459164500000035 ], [ 98.046112, 4.459184 ], [ 98.046137, 4.459212 ], [ 98.046183, 4.459263 ], [ 98.046232, 4.459316 ], [ 98.046237729000055, 4.459322684000036 ], [ 98.046238001000077, 4.459323 ], [ 98.04628, 4.45937 ], [ 98.046318, 4.459411 ], [ 98.046346, 4.459442 ], [ 98.046374697000033, 4.459494383000042 ], [ 98.04638, 4.459503 ], [ 98.046396427000047, 4.459532395000068 ], [ 98.046413269000098, 4.45955738400006 ], [ 98.04642, 4.459567 ], [ 98.046422342000085, 4.459570747000067 ], [ 98.046438, 4.459592 ], [ 98.046471, 4.459638 ], [ 98.046486, 4.459688 ], [ 98.046487500000069, 4.459693 ], [ 98.046489, 4.459698 ], [ 98.046497, 4.459727 ], [ 98.0465090000001, 4.459764 ], [ 98.046514, 4.459815 ], [ 98.046529, 4.459965 ], [ 98.04655050000008, 4.460249500000026 ], [ 98.046551, 4.460253 ], [ 98.046558, 4.460344 ], [ 98.046562, 4.460403 ], [ 98.046561, 4.460427 ], [ 98.046560440000079, 4.460435956000044 ], [ 98.046557, 4.460506 ], [ 98.046553, 4.460599 ], [ 98.046552829000063, 4.460603103000033 ], [ 98.046552, 4.460623 ], [ 98.046551473000065, 4.460627747000085 ], [ 98.046547, 4.460716 ], [ 98.046544, 4.460778 ], [ 98.046542, 4.460826 ], [ 98.046541416000096, 4.460832429000054 ], [ 98.046537, 4.460927 ], [ 98.046534291000071, 4.460968945000049 ], [ 98.046533, 4.461006 ], [ 98.046531, 4.461036 ], [ 98.046517, 4.461294 ], [ 98.046517, 4.461324 ], [ 98.046516642000114, 4.461324 ], [ 98.046514, 4.461432 ], [ 98.046513, 4.461474 ], [ 98.046514, 4.461545 ], [ 98.046514511000069, 4.461602244000078 ], [ 98.046515500000055, 4.461667007000084 ], [ 98.046516, 4.461677 ], [ 98.046516, 4.461681 ], [ 98.046517, 4.461753 ], [ 98.046517, 4.461766500000082 ], [ 98.04653, 4.461866 ], [ 98.046549, 4.461988000000101 ], [ 98.046561641000054, 4.462021606000084 ], [ 98.046631, 4.462206 ], [ 98.046643, 4.462238500000104 ], [ 98.046643, 4.462238 ], [ 98.046662744000074, 4.462291847000075 ], [ 98.046698, 4.462388 ], [ 98.046715500000076, 4.462437500000022 ], [ 98.046718, 4.462444 ], [ 98.046737, 4.462498 ], [ 98.046755, 4.46255 ], [ 98.04678, 4.46263150000008 ], [ 98.046783, 4.462641 ], [ 98.046809043000081, 4.462727298000074 ], [ 98.046834600000068, 4.462811600000069 ], [ 98.046837, 4.462818 ], [ 98.04683449900007, 4.46287553200008 ], [ 98.046834, 4.462887 ], [ 98.046831, 4.462938000000106 ], [ 98.04681, 4.462994 ], [ 98.046808386000066, 4.462998034000089 ], [ 98.046807451000078, 4.463000517000047 ], [ 98.04680707600005, 4.463001463000088 ], [ 98.046805, 4.463007 ], [ 98.046793, 4.463037 ], [ 98.046748, 4.463082 ], [ 98.046711, 4.46312 ], [ 98.046682500000045, 4.46315 ], [ 98.046678, 4.463155 ], [ 98.046651, 4.463184 ], [ 98.0466, 4.463215 ], [ 98.046558, 4.463242 ], [ 98.046547500000031, 4.463248500000016 ], [ 98.046537, 4.463255 ], [ 98.046481, 4.463272000000114 ], [ 98.046433, 4.463287 ], [ 98.046379, 4.463287 ], [ 98.046375, 4.463287 ], [ 98.046334, 4.463292 ], [ 98.04631, 4.463296 ], [ 98.046303548000083, 4.463296993000048 ], [ 98.046303500000093, 4.463297 ], [ 98.046297, 4.463298 ], [ 98.046292, 4.463299 ], [ 98.046267084000078, 4.463302354000061 ], [ 98.046231403000036, 4.463307612000054 ], [ 98.046227936000037, 4.463308262000087 ], [ 98.046203, 4.463316 ], [ 98.046152912000082, 4.46333586300007 ], [ 98.046145, 4.463339 ], [ 98.046095, 4.463358 ], [ 98.046057, 4.463373 ], [ 98.046014, 4.463422 ], [ 98.045987, 4.463453 ], [ 98.045982, 4.463458500000072 ], [ 98.045962, 4.463482 ], [ 98.045959, 4.463486 ], [ 98.045913, 4.463544 ], [ 98.045889, 4.463574 ], [ 98.045883500000059, 4.463580500000049 ], [ 98.045871, 4.46365 ], [ 98.045871, 4.463651 ], [ 98.045867, 4.463691 ], [ 98.045884344000072, 4.463734817000048 ], [ 98.045886, 4.463739 ], [ 98.045899, 4.463773 ], [ 98.045941, 4.463811 ], [ 98.045983682000056, 4.463849068000071 ], [ 98.045986, 4.463851 ], [ 98.045987224000044, 4.463852102000042 ], [ 98.046093, 4.463917 ], [ 98.046119225000041, 4.463932203000083 ], [ 98.046162, 4.463957 ], [ 98.046194, 4.463976 ], [ 98.046258333000083, 4.46401640000006 ], [ 98.046261, 4.464018 ], [ 98.046291, 4.464036 ], [ 98.046333, 4.464063 ], [ 98.046342, 4.464069 ], [ 98.046378, 4.464093 ], [ 98.046428, 4.464126 ], [ 98.046433332000063, 4.464129554000074 ], [ 98.046449, 4.46414 ], [ 98.046461, 4.464148 ], [ 98.046469906000098, 4.464164540000091 ], [ 98.046477500000051, 4.464178 ], [ 98.04648, 4.464182 ], [ 98.046488301000068, 4.464197046000058 ], [ 98.046497438000074, 4.464213157000108 ], [ 98.046502, 4.46422 ], [ 98.046538, 4.464284 ], [ 98.046562, 4.464325 ], [ 98.046564, 4.464328 ], [ 98.046569, 4.464338 ], [ 98.046577755000058, 4.464367912000071 ], [ 98.046581, 4.464379 ], [ 98.046589, 4.464406 ], [ 98.046591, 4.46441350000003 ], [ 98.046602308000047, 4.464452731000073 ], [ 98.046615, 4.464496 ], [ 98.046615500000087, 4.464498500000072 ], [ 98.046623888000056, 4.464527295000046 ], [ 98.046631, 4.464551 ], [ 98.046634, 4.464564 ], [ 98.046634, 4.464575588000073 ], [ 98.046634, 4.464609 ], [ 98.046634, 4.46466 ], [ 98.046634, 4.464665500000021 ], [ 98.046634, 4.464671 ], [ 98.046633032000045, 4.464750377000035 ], [ 98.046633, 4.464848 ], [ 98.046632767000062, 4.464898388000074 ], [ 98.046632, 4.465064 ], [ 98.046699, 4.465423 ], [ 98.046786, 4.465518 ], [ 98.046887, 4.465591 ], [ 98.046935, 4.465617 ], [ 98.04701, 4.465658 ], [ 98.047115, 4.465715 ], [ 98.047138928000038, 4.465728491000064 ], [ 98.047155, 4.465737 ], [ 98.047211, 4.465774000000108 ], [ 98.047293, 4.465828 ], [ 98.047353435000062, 4.465868957000058 ], [ 98.047355, 4.46587 ], [ 98.04739, 4.465894 ], [ 98.047496, 4.46597 ], [ 98.047504, 4.465976 ], [ 98.047529, 4.465996 ], [ 98.047594, 4.466049 ], [ 98.047686, 4.466124 ], [ 98.047706, 4.46614 ], [ 98.04770850000007, 4.466142 ], [ 98.047716, 4.466148 ], [ 98.047745708000036, 4.466172757000077 ], [ 98.047752, 4.466178000000109 ], [ 98.047757, 4.466182 ], [ 98.047793, 4.466237 ], [ 98.047828, 4.466289 ], [ 98.047833, 4.466297 ], [ 98.047833732000072, 4.466298138000094 ], [ 98.047851, 4.466325 ], [ 98.047863, 4.466342 ], [ 98.047866, 4.466347 ], [ 98.047933, 4.466449 ], [ 98.048026, 4.466591 ], [ 98.048235, 4.466923 ], [ 98.048351831000062, 4.46711328700008 ], [ 98.048402, 4.467195 ], [ 98.048490649000087, 4.467296459000061 ], [ 98.048575, 4.467393 ], [ 98.048584600000083, 4.467404200000057 ], [ 98.048636, 4.467463 ], [ 98.048682, 4.467515 ], [ 98.048782, 4.467526 ], [ 98.04892, 4.467542 ], [ 98.048952, 4.467546 ], [ 98.048967750000031, 4.46754825000007 ], [ 98.049016, 4.467553500000095 ], [ 98.049031, 4.467555 ], [ 98.049108, 4.467564 ], [ 98.049189, 4.467624 ], [ 98.049213, 4.46764 ], [ 98.049215833000048, 4.467642833000071 ], [ 98.049242981000091, 4.467666036000042 ], [ 98.049275, 4.467693 ], [ 98.049331, 4.467742 ], [ 98.049397, 4.4678 ], [ 98.049418, 4.467817 ], [ 98.049428500000033, 4.467827500000064 ], [ 98.049539781000078, 4.467936332000011 ], [ 98.049564, 4.46796 ], [ 98.049564129000046, 4.467960160000084 ], [ 98.049677533000093, 4.468100666000066 ], [ 98.049723, 4.468157 ], [ 98.049728060000064, 4.468164590000103 ], [ 98.049787, 4.468253 ], [ 98.049812745000082, 4.468290759000105 ], [ 98.049847, 4.468341 ], [ 98.049852333000047, 4.468349 ], [ 98.049853, 4.46835 ], [ 98.049857, 4.468356 ], [ 98.049876, 4.468386 ], [ 98.049877982000069, 4.468389376000071 ], [ 98.049903, 4.468432 ], [ 98.049930568000036, 4.468478865000064 ], [ 98.04993300100007, 4.468483 ], [ 98.049962, 4.468532 ], [ 98.049969875000059, 4.468545326000033 ], [ 98.049975, 4.468554 ], [ 98.049978, 4.468559 ], [ 98.049987, 4.468575 ], [ 98.05001, 4.468655 ], [ 98.050036, 4.468742 ], [ 98.050036500000047, 4.468744 ], [ 98.050114, 4.469025 ], [ 98.050179, 4.469282 ], [ 98.05018, 4.469284 ], [ 98.050191, 4.46937 ], [ 98.050201, 4.469447 ], [ 98.050204, 4.469465 ], [ 98.050204500000063, 4.469469500000068 ], [ 98.050205833000064, 4.469480667000044 ], [ 98.050208, 4.469498 ], [ 98.050208500000053, 4.469503 ], [ 98.050209, 4.469508 ], [ 98.05021, 4.469568 ], [ 98.050212, 4.469644 ], [ 98.050213, 4.469666 ], [ 98.050213, 4.469671500000088 ], [ 98.050214, 4.469701 ], [ 98.050279, 4.469785 ], [ 98.050469, 4.470027 ], [ 98.05059, 4.470181 ], [ 98.050593, 4.470185 ], [ 98.050653, 4.470236 ], [ 98.05069162500007, 4.470267965000062 ], [ 98.050798, 4.470356 ], [ 98.050828250000066, 4.470380750000063 ], [ 98.050835, 4.470386 ], [ 98.050882, 4.470425 ], [ 98.050913, 4.470451 ], [ 98.050979, 4.470489 ], [ 98.05106, 4.470536 ], [ 98.051098, 4.470558 ], [ 98.051103926000067, 4.47056155600006 ], [ 98.051128, 4.470575500000067 ], [ 98.051133, 4.470578 ], [ 98.051148, 4.470587 ], [ 98.05118, 4.470606 ], [ 98.051232, 4.470636 ], [ 98.051291, 4.47067 ], [ 98.051344, 4.4707 ], [ 98.051394229000024, 4.47073007400009 ], [ 98.051416, 4.470743 ], [ 98.051441, 4.470763 ], [ 98.051441500000081, 4.470763500000069 ], [ 98.051542, 4.470845 ], [ 98.051588, 4.470882 ], [ 98.051627250000095, 4.470914500000046 ], [ 98.051637, 4.470922 ], [ 98.051653, 4.470935 ], [ 98.051661250000052, 4.470941750000076 ], [ 98.051688357000046, 4.470963282000096 ], [ 98.051712, 4.470982 ], [ 98.051766, 4.471027 ], [ 98.051832, 4.47108 ], [ 98.051879, 4.471118 ], [ 98.051881259000083, 4.471120259000056 ], [ 98.051884908000034, 4.471123241000056 ], [ 98.051907945000039, 4.471141834000051 ], [ 98.051933, 4.471162 ], [ 98.051960879000035, 4.47118481000006 ], [ 98.051988, 4.471207 ], [ 98.052016, 4.471229 ], [ 98.052057464000086, 4.471288763000071 ], [ 98.052062, 4.471295 ], [ 98.052071, 4.471308 ], [ 98.052088, 4.471332000000104 ], [ 98.052117, 4.471373 ], [ 98.052173, 4.471453 ], [ 98.052193, 4.471482 ], [ 98.052196, 4.471486500000033 ], [ 98.052213250000079, 4.471511250000064 ], [ 98.052237, 4.471545 ], [ 98.052242, 4.471552500000037 ], [ 98.052284337000088, 4.471594670000064 ], [ 98.052289, 4.471599 ], [ 98.052322814000036, 4.471631687000087 ], [ 98.052349, 4.471657 ], [ 98.052373, 4.471679 ], [ 98.052376500000051, 4.471682500000054 ], [ 98.052423, 4.471727 ], [ 98.052472750000064, 4.471775500000052 ], [ 98.052481, 4.471783 ], [ 98.052546, 4.471848 ], [ 98.052582500000085, 4.471884 ], [ 98.052586000000105, 4.471887 ], [ 98.052605, 4.471906 ], [ 98.052665, 4.471966 ], [ 98.052726, 4.472027 ], [ 98.052730500000067, 4.472031500000102 ], [ 98.052735, 4.472036 ], [ 98.052749, 4.47205 ], [ 98.05277, 4.472071 ], [ 98.052818, 4.472122 ], [ 98.052859, 4.472164 ], [ 98.052891500000044, 4.472197500000062 ], [ 98.052894, 4.4722 ], [ 98.052936, 4.472244 ], [ 98.052962156000035, 4.472271557000073 ], [ 98.052995053000075, 4.472306184000055 ], [ 98.053062, 4.472376 ], [ 98.053084500000082, 4.472399500000066 ], [ 98.053087, 4.472402 ], [ 98.053121477000062, 4.472438292000049 ], [ 98.053182540000094, 4.472502116000077 ], [ 98.053228420000053, 4.472549595000049 ], [ 98.053256895000061, 4.472578895000038 ], [ 98.053263, 4.472585 ], [ 98.0533, 4.472624 ], [ 98.053335970000035, 4.472661991000048 ], [ 98.053389, 4.472718 ], [ 98.05343958800006, 4.472770392000061 ], [ 98.053440500000093, 4.472771 ], [ 98.053441, 4.472771 ], [ 98.05345443100002, 4.472785028000045 ], [ 98.053486, 4.472818 ], [ 98.053532, 4.472867 ], [ 98.053566, 4.472902 ], [ 98.053574, 4.472910500000077 ], [ 98.053601111000049, 4.472938111000105 ], [ 98.053606, 4.472943 ], [ 98.053639724000064, 4.47297795000005 ], [ 98.053661, 4.473 ], [ 98.053668758000086, 4.473008214000085 ], [ 98.053678, 4.473018 ], [ 98.053715, 4.473068 ], [ 98.053716253000076, 4.473069879000043 ], [ 98.05373, 4.473089 ], [ 98.053758, 4.473125 ], [ 98.053787, 4.473164 ], [ 98.053821, 4.47321 ], [ 98.053843400000062, 4.473239680000043 ], [ 98.053847, 4.473244 ], [ 98.053852040000038, 4.473251200000062 ], [ 98.053875, 4.473282 ], [ 98.053916, 4.473336 ], [ 98.053952564000042, 4.473385891000015 ], [ 98.053958, 4.473393 ], [ 98.05398, 4.473422 ], [ 98.054028500000086, 4.473486500000027 ], [ 98.054035, 4.473495 ], [ 98.054049540000051, 4.473514387000018 ], [ 98.054071, 4.473543 ], [ 98.054077750000033, 4.47355275000009 ], [ 98.05426931500007, 4.47380855100003 ], [ 98.054562, 4.474199 ], [ 98.054991000000101, 4.474772 ], [ 98.055080207000074, 4.474891153000054 ], [ 98.0555540000001, 4.475524 ], [ 98.055934110000067, 4.476030813000051 ], [ 98.056028, 4.476156 ], [ 98.05605201300007, 4.476188107000057 ], [ 98.056205386000045, 4.476393175000063 ], [ 98.056296725000038, 4.476515299000029 ], [ 98.056476, 4.476755 ], [ 98.056915333000077, 4.477339 ], [ 98.056991, 4.477327 ], [ 98.057076, 4.477314 ], [ 98.057162, 4.4773 ], [ 98.057244, 4.477287 ], [ 98.057276, 4.477282 ], [ 98.057311437000081, 4.477286500000057 ], [ 98.057339953000067, 4.47729 ], [ 98.057343, 4.47729 ], [ 98.057347904000054, 4.477290981000071 ], [ 98.057348, 4.477291 ], [ 98.057364468000074, 4.477293033000056 ], [ 98.05751, 4.477311 ], [ 98.057510745000059, 4.477311496000027 ], [ 98.057558, 4.477343000000115 ], [ 98.057569608000065, 4.477350932000078 ], [ 98.0577380000001, 4.477466 ], [ 98.057737350000082, 4.47749847700003 ], [ 98.057735, 4.477616 ], [ 98.057697, 4.477886 ], [ 98.057635116000085, 4.478242275000079 ], [ 98.057627, 4.478289 ], [ 98.057775, 4.478722 ], [ 98.058048732000032, 4.479029614000085 ], [ 98.058050931000082, 4.479028082000085 ], [ 98.058052400000079, 4.479027 ], [ 98.058052, 4.479027 ], [ 98.058142, 4.478961 ], [ 98.058221, 4.478904 ], [ 98.05831, 4.47884 ], [ 98.058324, 4.478829 ], [ 98.058328800000069, 4.47882580000006 ], [ 98.058411, 4.478768 ], [ 98.058483, 4.478719 ], [ 98.058559, 4.478667 ], [ 98.058587600000081, 4.478647800000029 ], [ 98.058594, 4.478643 ], [ 98.058634, 4.478616 ], [ 98.058642800000086, 4.478610400000072 ], [ 98.058672, 4.478591 ], [ 98.058768, 4.478527 ], [ 98.05883, 4.478485 ], [ 98.05886, 4.478465 ], [ 98.058869600000037, 4.478461 ], [ 98.058961, 4.47842 ], [ 98.059047, 4.478382 ], [ 98.059109, 4.478354 ], [ 98.059143500000062, 4.478338500000058 ], [ 98.059173, 4.478324 ], [ 98.05921, 4.478305 ], [ 98.059241, 4.478289 ], [ 98.059277, 4.478271 ], [ 98.059278, 4.478270500000087 ], [ 98.059279, 4.47827 ], [ 98.05936, 4.478229 ], [ 98.059433, 4.478192 ], [ 98.059512060000031, 4.478152403000027 ], [ 98.059532, 4.478142 ], [ 98.059643, 4.478129 ], [ 98.059646500000056, 4.47812850000002 ], [ 98.05965, 4.478128 ], [ 98.059781, 4.478113 ], [ 98.059787007000068, 4.478112538000087 ], [ 98.05982, 4.47811 ], [ 98.059849413000052, 4.47810823500003 ], [ 98.05992, 4.478104 ], [ 98.05996, 4.478102 ], [ 98.059961322000049, 4.47810202500006 ], [ 98.0600120000001, 4.47810299900005 ], [ 98.060012250000071, 4.478102999000054 ], [ 98.060012500000084, 4.478103 ], [ 98.060013, 4.478103 ], [ 98.060104, 4.478104 ], [ 98.060189967000056, 4.478105773000046 ], [ 98.060201, 4.478106 ], [ 98.06021607100007, 4.478106457000035 ], [ 98.060236800000055, 4.478107 ], [ 98.060248, 4.478107 ], [ 98.06027, 4.478108 ], [ 98.060436, 4.478117667000086 ], [ 98.060442, 4.478117999000073 ], [ 98.060444, 4.478118 ], [ 98.060498250000094, 4.478120995000063 ], [ 98.060607, 4.478127 ], [ 98.060667, 4.478131 ], [ 98.06078, 4.478161 ], [ 98.060843279000039, 4.47817748000005 ], [ 98.060850500000086, 4.478179 ], [ 98.060851, 4.478179 ], [ 98.060998, 4.478218 ], [ 98.061099, 4.478245000000111 ], [ 98.061157, 4.478261 ], [ 98.061157256000058, 4.478261322000042 ], [ 98.06120132000008, 4.478316844000074 ], [ 98.061207, 4.478324 ], [ 98.061226112000057, 4.478349014000067 ], [ 98.061275, 4.478413 ], [ 98.061300046000042, 4.478444046000067 ], [ 98.061301, 4.478445 ], [ 98.061325, 4.478476 ], [ 98.061389, 4.478559 ], [ 98.061402500000057, 4.478605500000068 ], [ 98.061403, 4.478607 ], [ 98.061428, 4.478694 ], [ 98.061451, 4.478773 ], [ 98.061457000000104, 4.478793 ], [ 98.061457532000077, 4.47879565900009 ], [ 98.061486, 4.478896 ], [ 98.061512, 4.478984 ], [ 98.061512500000063, 4.478986 ], [ 98.061536, 4.479067 ], [ 98.06155, 4.479118 ], [ 98.061559841000076, 4.47915106200003 ], [ 98.061562, 4.479157 ], [ 98.061569000000105, 4.479184 ], [ 98.061583, 4.47923 ], [ 98.061595, 4.479271 ], [ 98.061623234000095, 4.479337820000082 ], [ 98.061625, 4.479342 ], [ 98.061687123000084, 4.479488817000058 ], [ 98.062192, 4.480682 ], [ 98.062194, 4.480687 ], [ 98.062233, 4.480779 ], [ 98.06225643900008, 4.480834747000091 ], [ 98.06227, 4.480867 ], [ 98.062306662000097, 4.480948661000067 ], [ 98.06231092600008, 4.480954568000073 ], [ 98.062318, 4.480964 ], [ 98.062324250000088, 4.480973027000078 ], [ 98.062417, 4.481099 ], [ 98.062443569000038, 4.481135902000055 ], [ 98.062453, 4.481149 ], [ 98.062456325000085, 4.481154320000048 ], [ 98.062859600000095, 4.481706800000048 ], [ 98.062862, 4.48171 ], [ 98.062922, 4.481792 ], [ 98.063000693000063, 4.481900649000091 ], [ 98.063029, 4.481939 ], [ 98.063033500000088, 4.481945500000077 ], [ 98.06307979900005, 4.482008998000028 ], [ 98.063082, 4.482012 ], [ 98.063142, 4.482094 ], [ 98.063147892000075, 4.482102056000051 ], [ 98.063191, 4.482161 ], [ 98.063211554000077, 4.48221481500005 ], [ 98.063215, 4.482223 ], [ 98.063251, 4.482317 ], [ 98.063287, 4.482409 ], [ 98.063298465000074, 4.482438568 ], [ 98.063306, 4.482458 ], [ 98.063307600000087, 4.482462800000084 ], [ 98.063318667000033, 4.482491111000079 ], [ 98.063332, 4.482525 ], [ 98.063332500000058, 4.482526500000072 ], [ 98.063365368000063, 4.482611427000048 ], [ 98.063404, 4.482711 ], [ 98.063407, 4.482719 ], [ 98.063445232000049, 4.482819761000038 ], [ 98.063486, 4.482925 ], [ 98.063485950000086, 4.482926244000067 ], [ 98.063484, 4.482975000000105 ], [ 98.063473, 4.48323 ], [ 98.063464, 4.483438572000078 ], [ 98.063464, 4.483444 ], [ 98.063463031000097, 4.483461447000034 ], [ 98.063463, 4.483462 ], [ 98.06346, 4.483534 ], [ 98.063446390000081, 4.483572066000017 ], [ 98.063396, 4.483713 ], [ 98.06313, 4.484463 ], [ 98.063053, 4.484649 ], [ 98.06304, 4.484680502000091 ], [ 98.06304, 4.484681 ], [ 98.063021, 4.484725 ], [ 98.062997, 4.484779 ], [ 98.062981, 4.484814 ], [ 98.062952, 4.48488 ], [ 98.062924, 4.484941 ], [ 98.062922, 4.484946 ], [ 98.062879, 4.485042 ], [ 98.062825, 4.485161 ], [ 98.062824500000033, 4.485161500000065 ], [ 98.062803000000102, 4.48521 ], [ 98.06277, 4.485283 ], [ 98.062748, 4.485333 ], [ 98.062734, 4.485375 ], [ 98.062730985000101, 4.485384045000054 ], [ 98.062729, 4.48539 ], [ 98.062707, 4.485456 ], [ 98.062675, 4.485556 ], [ 98.062649585000031, 4.485631488000029 ], [ 98.062649, 4.485635 ], [ 98.062643779000041, 4.485648924000034 ], [ 98.06262, 4.485721 ], [ 98.06258, 4.485842 ], [ 98.062567, 4.485883 ], [ 98.06256688100008, 4.485883371000075 ], [ 98.062558, 4.485911 ], [ 98.062534000000113, 4.485983 ], [ 98.062516, 4.486039 ], [ 98.0625, 4.486084 ], [ 98.062489, 4.486121 ], [ 98.062487, 4.486126500000085 ], [ 98.062464, 4.486196 ], [ 98.062463630000082, 4.486197125000063 ], [ 98.062437, 4.486278 ], [ 98.062424, 4.486316 ], [ 98.06241, 4.486387 ], [ 98.062408856000047, 4.486390433000048 ], [ 98.062408333000064, 4.486393 ], [ 98.062394385000061, 4.486462919000071 ], [ 98.062392, 4.486475 ], [ 98.062377586000082, 4.486543467000044 ], [ 98.062368, 4.486589 ], [ 98.062353000000101, 4.486661 ], [ 98.062351500000034, 4.486668 ], [ 98.062348643000064, 4.486682464000075 ], [ 98.062346, 4.486697 ], [ 98.062343500000054, 4.486708500000019 ], [ 98.062321, 4.486816 ], [ 98.062311, 4.48689 ], [ 98.062301, 4.486956 ], [ 98.062282488000051, 4.487093914000069 ], [ 98.062281, 4.487105 ], [ 98.062274, 4.487153 ], [ 98.062273242000074, 4.487155273000051 ], [ 98.062256, 4.487279500000081 ], [ 98.062285, 4.487379 ], [ 98.062298200000058, 4.487421600000102 ], [ 98.062303, 4.487436 ], [ 98.062327, 4.487512 ], [ 98.062337237000065, 4.487544022000099 ], [ 98.062366, 4.487634000000108 ], [ 98.062377, 4.487667 ], [ 98.062378500000079, 4.487671500000052 ], [ 98.062398583000075, 4.487729624000066 ], [ 98.062474, 4.487807 ], [ 98.062574, 4.48791 ], [ 98.062589, 4.487925 ], [ 98.062591, 4.487927 ], [ 98.062593, 4.487929 ], [ 98.062608, 4.487944 ], [ 98.062609500000079, 4.487945500000027 ], [ 98.062611, 4.487947 ], [ 98.062671, 4.488008 ], [ 98.062780272000055, 4.488117749000043 ], [ 98.06278037400007, 4.488117843000062 ], [ 98.062786, 4.488123 ], [ 98.062798, 4.488135 ], [ 98.062881, 4.488218000000106 ], [ 98.062999, 4.488337 ], [ 98.063053, 4.488390500000058 ], [ 98.06306, 4.488397 ], [ 98.063107, 4.488444 ], [ 98.063202, 4.488524 ], [ 98.063277437000082, 4.488586077000059 ], [ 98.063284, 4.488591 ], [ 98.063345555000069, 4.488643503000048 ], [ 98.063366903000087, 4.488661377000026 ], [ 98.06347, 4.488747 ], [ 98.063520753000034, 4.488788956000082 ], [ 98.063545, 4.488809 ], [ 98.063547227000072, 4.488811227000066 ], [ 98.06355142600006, 4.488814760000042 ], [ 98.063558053000079, 4.488820243 ], [ 98.063559, 4.488821 ], [ 98.063568200000091, 4.488828638000043 ], [ 98.063571197000073, 4.488831126000054 ], [ 98.063612, 4.488865 ], [ 98.063655805000067, 4.48890140200005 ], [ 98.063683, 4.488924 ], [ 98.063793, 4.489016 ], [ 98.063850224000092, 4.489063819000034 ], [ 98.063859, 4.489071 ], [ 98.063928, 4.489129 ], [ 98.06402, 4.489205 ], [ 98.064062, 4.48924 ], [ 98.064154000000102, 4.489316 ], [ 98.064768, 4.489828 ], [ 98.064815602000067, 4.489890545000042 ], [ 98.0653, 4.490527 ], [ 98.065953, 4.491384 ], [ 98.066196313000034, 4.491813954000071 ], [ 98.066275, 4.491953 ], [ 98.066334711000081, 4.492058490000055 ], [ 98.066635, 4.492589 ], [ 98.066650849000041, 4.492661759000039 ], [ 98.066657, 4.49269 ], [ 98.066685349000082, 4.492817787000032 ], [ 98.066689, 4.492833 ], [ 98.066713, 4.492942 ], [ 98.066735400000084, 4.493042600000045 ], [ 98.066737, 4.493049 ], [ 98.066756, 4.493138 ], [ 98.066763, 4.493172 ], [ 98.06676, 4.493253 ], [ 98.066759555000047, 4.493261460000057 ], [ 98.066758, 4.493291 ], [ 98.066757500000065, 4.493295 ], [ 98.066752, 4.493417 ], [ 98.066750252000091, 4.493453367000049 ], [ 98.066747, 4.493521 ], [ 98.066746500000093, 4.493528500000015 ], [ 98.066741, 4.493645 ], [ 98.066738, 4.493702 ], [ 98.066732, 4.493766 ], [ 98.066731500000074, 4.49376950000006 ], [ 98.066718, 4.493895 ], [ 98.066713709000055, 4.493936995000101 ], [ 98.066704, 4.494032 ], [ 98.066703500000074, 4.494036 ], [ 98.066696, 4.494106 ], [ 98.066664064000079, 4.49424072800002 ], [ 98.066664, 4.494241 ], [ 98.066653500000086, 4.494284 ], [ 98.066651, 4.494295 ], [ 98.066624, 4.4944120000001 ], [ 98.0666, 4.49451 ], [ 98.066599, 4.494514 ], [ 98.066575, 4.494613 ], [ 98.066543, 4.494745 ], [ 98.066537, 4.494769 ], [ 98.066535500000057, 4.494775 ], [ 98.066505, 4.494899 ], [ 98.066483, 4.494987 ], [ 98.066475, 4.49502 ], [ 98.066472978000036, 4.495028089000075 ], [ 98.066471, 4.495036 ], [ 98.066464, 4.495062 ], [ 98.066422, 4.49517 ], [ 98.0664, 4.495227 ], [ 98.066398, 4.495231500000058 ], [ 98.066365, 4.495315 ], [ 98.066315, 4.495444 ], [ 98.066291, 4.495505 ], [ 98.066289, 4.495511 ], [ 98.066233, 4.495653 ], [ 98.066230500000088, 4.495659 ], [ 98.066228, 4.495665 ], [ 98.066200353000056, 4.495729827000047 ], [ 98.066199, 4.495733 ], [ 98.06619833200007, 4.49573450200004 ], [ 98.066183500000093, 4.495769 ], [ 98.06618, 4.495778 ], [ 98.066146, 4.495855 ], [ 98.066098, 4.495966 ], [ 98.066072, 4.496026 ], [ 98.066071500000092, 4.496027 ], [ 98.066026, 4.496133 ], [ 98.065983, 4.496232 ], [ 98.065961, 4.496285 ], [ 98.065958, 4.496291500000051 ], [ 98.065942, 4.496328 ], [ 98.065925, 4.496368 ], [ 98.065921500000073, 4.496376 ], [ 98.065918, 4.496384 ], [ 98.065857, 4.496484 ], [ 98.065507044000086, 4.49705739000007 ], [ 98.065337, 4.497336 ], [ 98.064958448000084, 4.49794531400009 ], [ 98.064753, 4.498276 ], [ 98.064697, 4.498364 ], [ 98.064634, 4.498463 ], [ 98.06459, 4.498532500000068 ], [ 98.064583, 4.498544 ], [ 98.064557, 4.498583 ], [ 98.064478, 4.498707 ], [ 98.064429, 4.498784 ], [ 98.064428011000075, 4.498785484000074 ], [ 98.064363, 4.498887 ], [ 98.064295, 4.498993 ], [ 98.064254, 4.49905750000007 ], [ 98.06425, 4.499064 ], [ 98.064233, 4.49909 ], [ 98.064174, 4.499183 ], [ 98.064124, 4.49927 ], [ 98.06411, 4.499294 ], [ 98.064105500000039, 4.499301500000084 ], [ 98.064091, 4.499327 ], [ 98.064050859000091, 4.499396334000033 ], [ 98.064036, 4.499422 ], [ 98.064016170000073, 4.499456702000026 ], [ 98.064016, 4.499457 ], [ 98.064002, 4.499482 ], [ 98.063981, 4.499518 ], [ 98.063977, 4.499525 ], [ 98.063959, 4.499555 ], [ 98.063928, 4.49961 ], [ 98.063892607000071, 4.499671957000069 ], [ 98.063885, 4.499686 ], [ 98.063883886000042, 4.499687782000048 ], [ 98.063843000000105, 4.499765 ], [ 98.063366000000102, 4.50069 ], [ 98.063333, 4.500762 ], [ 98.063304, 4.500824 ], [ 98.063265, 4.500908 ], [ 98.063261, 4.500917000000106 ], [ 98.063252, 4.500936 ], [ 98.063212, 4.501022 ], [ 98.063161, 4.501133 ], [ 98.063155500000065, 4.501144500000088 ], [ 98.063138, 4.501183 ], [ 98.063124, 4.501213 ], [ 98.063077, 4.501314 ], [ 98.063052, 4.501369 ], [ 98.063026500000049, 4.501422500000057 ], [ 98.062987, 4.50151 ], [ 98.062943, 4.501605 ], [ 98.062924500000079, 4.50164350000006 ], [ 98.062922, 4.50165 ], [ 98.062874, 4.501754 ], [ 98.062824, 4.501868 ], [ 98.062814, 4.501892 ], [ 98.062811038000078, 4.501898418000053 ], [ 98.062769, 4.501992 ], [ 98.062748185000046, 4.502039129000019 ], [ 98.06271495600005, 4.502114454000044 ], [ 98.062696, 4.502159 ], [ 98.062694, 4.502163500000067 ], [ 98.062692, 4.502168 ], [ 98.062661, 4.502237 ], [ 98.062644, 4.502278 ], [ 98.062639500000046, 4.502288 ], [ 98.062599, 4.502384 ], [ 98.062575, 4.502441 ], [ 98.062572500000044, 4.50244650000009 ], [ 98.062523, 4.502565 ], [ 98.062475517000081, 4.502677207000048 ], [ 98.06247, 4.502691 ], [ 98.06246156900005, 4.502710601000084 ], [ 98.06243, 4.502784 ], [ 98.062395, 4.502868 ], [ 98.062382, 4.502899000000101 ], [ 98.062377, 4.50291 ], [ 98.062341, 4.502996 ], [ 98.062302, 4.50309 ], [ 98.062280500000043, 4.503139500000028 ], [ 98.062277, 4.503149 ], [ 98.062259, 4.503192 ], [ 98.062213, 4.503301 ], [ 98.062192, 4.503349 ], [ 98.062174500000083, 4.503398500000078 ], [ 98.062174, 4.5034 ], [ 98.062138, 4.503499 ], [ 98.062084, 4.503645500000098 ], [ 98.062081, 4.503654 ], [ 98.06207790600007, 4.503662156000114 ], [ 98.062069, 4.503686500000081 ], [ 98.062068, 4.50369 ], [ 98.062033, 4.503785 ], [ 98.062001, 4.503874 ], [ 98.06199950000007, 4.503877500000081 ], [ 98.061982, 4.503925 ], [ 98.061943, 4.504033 ], [ 98.061919500000045, 4.504096500000069 ], [ 98.061917, 4.504104 ], [ 98.061886, 4.504188 ], [ 98.061874, 4.504222 ], [ 98.061871, 4.504231 ], [ 98.061853, 4.50428 ], [ 98.061835, 4.504333 ], [ 98.061832500000051, 4.504339500000073 ], [ 98.061805, 4.504417 ], [ 98.061767, 4.504528 ], [ 98.061745000000101, 4.50459 ], [ 98.061742500000065, 4.504596500000059 ], [ 98.061707, 4.504698 ], [ 98.061679, 4.504777 ], [ 98.061671, 4.504803 ], [ 98.061667900000032, 4.50481229900003 ], [ 98.061656500000097, 4.504847500000059 ], [ 98.061656, 4.50485 ], [ 98.061613, 4.504982 ], [ 98.061574, 4.505106 ], [ 98.061573, 4.505109 ], [ 98.06154078200008, 4.505209221000035 ], [ 98.061537, 4.505221 ], [ 98.061499, 4.505338 ], [ 98.061495333000039, 4.505349 ], [ 98.061459, 4.505468 ], [ 98.061431, 4.505562 ], [ 98.061416357000041, 4.505609358000089 ], [ 98.061414, 4.505618 ], [ 98.061402978000046, 4.505653886000077 ], [ 98.061371, 4.505758 ], [ 98.061344, 4.505849 ], [ 98.061339, 4.505869000000107 ], [ 98.061336500000053, 4.505876 ], [ 98.061318, 4.505938 ], [ 98.06129, 4.506034 ], [ 98.061287500000063, 4.506042500000019 ], [ 98.061286, 4.506108 ], [ 98.061309, 4.507052 ], [ 98.061374, 4.508123 ], [ 98.061603179000087, 4.509155721000083 ], [ 98.061617, 4.509218 ], [ 98.061785, 4.509944 ], [ 98.061813, 4.510062 ], [ 98.061816793000062, 4.510079447000079 ], [ 98.061816845000067, 4.510079685000087 ], [ 98.061843, 4.510192 ], [ 98.061874500000044, 4.510329 ], [ 98.061875, 4.510331 ], [ 98.061905, 4.510458 ], [ 98.061928, 4.510554 ], [ 98.061935, 4.510584500000062 ], [ 98.061955, 4.510668 ], [ 98.06198650000006, 4.510800000000111 ], [ 98.061987, 4.5108 ], [ 98.062033, 4.510995 ], [ 98.062296581000069, 4.510994045000056 ], [ 98.062585, 4.510993 ], [ 98.063885, 4.511465 ], [ 98.06441218100008, 4.511656624000084 ], [ 98.065112, 4.511911 ], [ 98.065159, 4.511928 ], [ 98.065246, 4.511959 ], [ 98.065552, 4.51207 ], [ 98.065583, 4.512081 ], [ 98.065616, 4.512087500000073 ], [ 98.065619, 4.512088 ], [ 98.065716676000079, 4.512105955000039 ], [ 98.065755, 4.512113 ], [ 98.065914000000106, 4.512143 ], [ 98.066050800000085, 4.512168400000059 ], [ 98.066062, 4.51217 ], [ 98.066208, 4.512197 ], [ 98.066369, 4.512227 ], [ 98.066472, 4.512246 ], [ 98.0665410000001, 4.512259 ], [ 98.066552, 4.512261 ], [ 98.066561974000081, 4.512263302000101 ], [ 98.066650406000065, 4.512279251000063 ], [ 98.066677, 4.512284 ], [ 98.066708, 4.51229 ], [ 98.066807, 4.512309 ], [ 98.066884550000054, 4.512322801000034 ], [ 98.066925, 4.51233 ], [ 98.068566655000041, 4.512635562000078 ], [ 98.068576, 4.512637 ], [ 98.068605, 4.512642 ], [ 98.068769, 4.512673 ], [ 98.068935, 4.512704 ], [ 98.068996177000088, 4.512715316000025 ], [ 98.069108, 4.512736 ], [ 98.069138, 4.512741 ], [ 98.069247, 4.512762 ], [ 98.069403, 4.51279 ], [ 98.069471, 4.512801 ], [ 98.069591, 4.51282 ], [ 98.069622602000052, 4.512825125000066 ], [ 98.069665, 4.512832 ], [ 98.069673, 4.512833600000033 ], [ 98.06977, 4.512849 ], [ 98.069847, 4.512861 ], [ 98.069972, 4.512881 ], [ 98.070031521000047, 4.512890398000025 ], [ 98.070143000000101, 4.512908 ], [ 98.070156600000104, 4.512910400000069 ], [ 98.070195, 4.512917000000113 ], [ 98.070285971000047, 4.51293130400007 ], [ 98.070354, 4.512942 ], [ 98.070524, 4.512969 ], [ 98.070625, 4.512969 ], [ 98.070627, 4.512969 ], [ 98.070629, 4.512969 ], [ 98.070659, 4.512969 ], [ 98.070785344000058, 4.512969340000066 ], [ 98.071031, 4.51297 ], [ 98.071136, 4.51297 ], [ 98.07114350000009, 4.51297 ], [ 98.071151, 4.51297 ], [ 98.071432, 4.51297 ], [ 98.071636, 4.51297 ], [ 98.071641500000069, 4.51297 ], [ 98.071647, 4.51297 ], [ 98.071905, 4.512971 ], [ 98.072085, 4.512971 ], [ 98.072124, 4.512971 ], [ 98.072129, 4.512971 ], [ 98.072134, 4.512971 ], [ 98.072229, 4.512971 ], [ 98.072291, 4.512971 ], [ 98.072293, 4.512971 ], [ 98.072295, 4.512971 ], [ 98.072314, 4.51297 ], [ 98.072431, 4.512963000000105 ], [ 98.07263, 4.512952 ], [ 98.072645200000082, 4.512951200000039 ], [ 98.072911, 4.512936 ], [ 98.07318, 4.512921 ], [ 98.073193256000096, 4.512920264000075 ], [ 98.073198, 4.512919999000055 ], [ 98.073449, 4.512905500000039 ], [ 98.073610000000116, 4.512889 ], [ 98.073676, 4.512882 ], [ 98.073714, 4.512878 ], [ 98.073856463000084, 4.512862430000057 ], [ 98.073897, 4.512858 ], [ 98.073985766000092, 4.512848272000068 ], [ 98.074043, 4.512842 ], [ 98.074232, 4.512822 ], [ 98.074245, 4.512820999000037 ], [ 98.074247448000065, 4.512820735000037 ], [ 98.074639, 4.512779 ], [ 98.074765200000073, 4.512765600000032 ], [ 98.074778, 4.512764 ], [ 98.074978, 4.512742 ], [ 98.075157, 4.512723 ], [ 98.075202, 4.512721 ], [ 98.075234111000057, 4.512720108000051 ], [ 98.07531, 4.512718 ], [ 98.078128, 4.512655 ], [ 98.0781360000001, 4.512655 ], [ 98.078363, 4.512651 ], [ 98.07855, 4.51264700000011 ], [ 98.078635, 4.512646001000068 ], [ 98.07863550000009, 4.512646000000101 ], [ 98.078635750000061, 4.512645999000014 ], [ 98.078636, 4.512645999000034 ], [ 98.078736, 4.512644 ], [ 98.078909, 4.51265 ], [ 98.07911, 4.512658 ], [ 98.07913923600006, 4.512659082000031 ], [ 98.079165, 4.51266 ], [ 98.079166, 4.51266 ], [ 98.079343, 4.512667 ], [ 98.079379530000054, 4.51266819100007 ], [ 98.079435, 4.51267 ], [ 98.079479125000049, 4.512672125000059 ], [ 98.079501, 4.512673 ], [ 98.079653, 4.512686 ], [ 98.07968416600005, 4.512688628000051 ], [ 98.079736, 4.512693 ], [ 98.079736500000095, 4.512693500000084 ], [ 98.079868, 4.512705 ], [ 98.079936409000098, 4.512710978000032 ], [ 98.080074, 4.512723 ], [ 98.080236, 4.512737 ], [ 98.080311, 4.512743 ], [ 98.080445630000057, 4.512754810000052 ], [ 98.080482, 4.512758 ], [ 98.080589, 4.512768 ], [ 98.080691, 4.512777 ], [ 98.080846, 4.51279 ], [ 98.080851600000088, 4.512790800000057 ], [ 98.080934, 4.512798 ], [ 98.080992, 4.51291 ], [ 98.081183, 4.513285 ], [ 98.081829371000097, 4.514547662000068 ], [ 98.082063766000047, 4.51500554200006 ], [ 98.082064, 4.515006 ], [ 98.081957165000077, 4.515817001000071 ], [ 98.081861, 4.516547 ], [ 98.081549, 4.51892 ], [ 98.081365, 4.520321 ], [ 98.081363, 4.520334500000079 ], [ 98.081351287000075, 4.52042085100004 ], [ 98.081351001000101, 4.520423 ], [ 98.08134790400004, 4.520446996000039 ], [ 98.081335, 4.520547 ], [ 98.081333500000099, 4.520558 ], [ 98.081317, 4.520682 ], [ 98.081302, 4.520799 ], [ 98.081294425000067, 4.520852972000089 ], [ 98.081302076000043, 4.520889314000067 ], [ 98.081302110000095, 4.520889455000058 ], [ 98.081318, 4.520955 ], [ 98.081321, 4.520967500000045 ], [ 98.081324, 4.52098 ], [ 98.081352457000051, 4.521099520000076 ], [ 98.081374, 4.521186 ], [ 98.081389, 4.521248 ], [ 98.081397, 4.52128 ], [ 98.0814058160001, 4.521316365000092 ], [ 98.081421, 4.521379 ], [ 98.081659616000096, 4.522367413000049 ], [ 98.081667, 4.522398 ], [ 98.082258, 4.523513 ], [ 98.082507, 4.523426 ], [ 98.082762, 4.523344 ], [ 98.083019, 4.523268 ], [ 98.083278, 4.523199 ], [ 98.083538, 4.523137000000114 ], [ 98.0838, 4.523082 ], [ 98.084064, 4.523033 ], [ 98.084328, 4.522992 ], [ 98.084594, 4.522957 ], [ 98.084786986000054, 4.522936686000041 ], [ 98.08486, 4.522929 ], [ 98.084967009000096, 4.522920584000101 ], [ 98.085127, 4.522908 ], [ 98.085385502000065, 4.522894446000067 ], [ 98.085394, 4.522894000000103 ], [ 98.085456823000072, 4.522892359000018 ], [ 98.085662, 4.522887 ] ] ] ] } }
]
}
