{
"type": "FeatureCollection",
"name": "kec",
"crs": { "type": "name", "properties": { "name": "urn:ogc:def:crs:OGC:1.3:CRS84" } },
"features": [
{ "type": "Feature", "properties": { "KEC": "KEC. TAMIANG HULU", "LUAS": 47456.36, "LUAS_KM": 474.56 }, "geometry": { "type": "MultiPolygon", "coordinates": [ [ [ [ 97.714747, 4.204082 ], [ 97.715228, 4.20493 ], [ 97.716311, 4.205779 ], [ 97.716188, 4.20723 ], [ 97.716428, 4.208441 ], [ 97.716908, 4.20944 ], [ 97.717027, 4.210166 ], [ 97.716544, 4.210892 ], [ 97.716061, 4.211617 ], [ 97.716662, 4.212465 ], [ 97.716902, 4.213434 ], [ 97.717022, 4.213797 ], [ 97.717261, 4.214644 ], [ 97.71738, 4.215734 ], [ 97.717257, 4.216944 ], [ 97.717255, 4.218275 ], [ 97.717736, 4.219002 ], [ 97.717855, 4.219849 ], [ 97.717733, 4.220817 ], [ 97.71737, 4.221905 ], [ 97.717609, 4.222753 ], [ 97.718211, 4.223238 ], [ 97.718692, 4.224086 ], [ 97.718208, 4.225295 ], [ 97.718085, 4.226505 ], [ 97.718324, 4.227958 ], [ 97.718684, 4.228805 ], [ 97.719285, 4.229774 ], [ 97.720007, 4.230623 ], [ 97.720609, 4.231229 ], [ 97.720728, 4.232439 ], [ 97.720485, 4.233528 ], [ 97.720845, 4.234375 ], [ 97.722171, 4.234498 ], [ 97.723014, 4.234742 ], [ 97.723757, 4.235303 ], [ 97.72463, 4.234779 ], [ 97.725529, 4.233928 ], [ 97.726558, 4.232852 ], [ 97.727021, 4.232476 ], [ 97.728189, 4.232419 ], [ 97.728773, 4.232566 ], [ 97.729386, 4.232597 ], [ 97.730205, 4.231866 ], [ 97.731754, 4.231165 ], [ 97.733741, 4.2307 ], [ 97.736545, 4.230616 ], [ 97.743093, 4.230577 ], [ 97.779387, 4.230215 ], [ 97.780747, 4.230228 ], [ 97.781202, 4.230063 ], [ 97.781818, 4.229909 ], [ 97.782006, 4.22991 ], [ 97.782245, 4.22991 ], [ 97.782536, 4.229928 ], [ 97.78286, 4.229928 ], [ 97.7831, 4.229929 ], [ 97.783254, 4.229997 ], [ 97.783305, 4.2301 ], [ 97.78334, 4.230251 ], [ 97.783338, 4.230426 ], [ 97.783338, 4.230598 ], [ 97.783338, 4.230752 ], [ 97.783252, 4.230906 ], [ 97.783133, 4.230923 ], [ 97.782927, 4.230871 ], [ 97.782842, 4.230905 ], [ 97.782825, 4.230957 ], [ 97.78279, 4.23106 ], [ 97.78279, 4.231214 ], [ 97.782841, 4.23142 ], [ 97.782892, 4.231523 ], [ 97.783012, 4.231609 ], [ 97.783234, 4.231643 ], [ 97.783336, 4.231746 ], [ 97.783353, 4.231866 ], [ 97.783319, 4.232021 ], [ 97.783302, 4.232158 ], [ 97.783318, 4.232364 ], [ 97.783369, 4.232501 ], [ 97.783472, 4.232604 ], [ 97.783626, 4.23269 ], [ 97.783814, 4.23269 ], [ 97.784043, 4.23269 ], [ 97.784189, 4.232568 ], [ 97.784251, 4.232458 ], [ 97.784349, 4.232397 ], [ 97.784532, 4.232348 ], [ 97.784703, 4.232373 ], [ 97.784752, 4.232495 ], [ 97.784776, 4.232679 ], [ 97.784824, 4.232826 ], [ 97.784922, 4.232912 ], [ 97.785008, 4.232925 ], [ 97.785118, 4.232888 ], [ 97.785228, 4.232753 ], [ 97.785375, 4.232668 ], [ 97.785595, 4.232582 ], [ 97.78579, 4.232521 ], [ 97.785961, 4.232473 ], [ 97.786133, 4.232473 ], [ 97.786291, 4.232547 ], [ 97.786438, 4.23262 ], [ 97.78656, 4.232743 ], [ 97.786657, 4.232841 ], [ 97.786816, 4.232976 ], [ 97.786975, 4.233136 ], [ 97.787145, 4.233369 ], [ 97.787329, 4.23348 ], [ 97.787524, 4.233578 ], [ 97.787768, 4.23364 ], [ 97.787903, 4.233677 ], [ 97.787988, 4.233738 ], [ 97.788025, 4.233824 ], [ 97.788061, 4.233959 ], [ 97.788012, 4.234143 ], [ 97.788012, 4.234228 ], [ 97.788036, 4.23429 ], [ 97.788146, 4.234449 ], [ 97.788341, 4.234572 ], [ 97.788659, 4.234671 ], [ 97.788891, 4.234695 ], [ 97.789245, 4.234745 ], [ 97.789514, 4.234794 ], [ 97.789685, 4.234795 ], [ 97.789807, 4.234758 ], [ 97.789881, 4.234685 ], [ 97.789869, 4.234599 ], [ 97.789808, 4.234513 ], [ 97.789722, 4.234439 ], [ 97.78971, 4.234341 ], [ 97.78971, 4.234206 ], [ 97.789747, 4.234035 ], [ 97.789796, 4.233876 ], [ 97.789882, 4.233802 ], [ 97.789956, 4.233753 ], [ 97.790127, 4.233705 ], [ 97.790347, 4.233631 ], [ 97.790457, 4.233534 ], [ 97.790579, 4.233301 ], [ 97.790678, 4.233093 ], [ 97.790653, 4.23286 ], [ 97.790605, 4.232713 ], [ 97.790556, 4.232529 ], [ 97.790569, 4.232394 ], [ 97.790642, 4.232333 ], [ 97.790764, 4.232296 ], [ 97.790899, 4.232345 ], [ 97.791012, 4.232403 ], [ 97.791155, 4.232579 ], [ 97.791238, 4.23268 ], [ 97.791332, 4.232734 ], [ 97.791433, 4.232754 ], [ 97.791541, 4.232727 ], [ 97.791574, 4.23264 ], [ 97.791575, 4.232545 ], [ 97.791548, 4.232424 ], [ 97.791501, 4.232309 ], [ 97.791421, 4.232181 ], [ 97.791374, 4.232039 ], [ 97.791334, 4.231911 ], [ 97.791368, 4.231669 ], [ 97.791401, 4.2315 ], [ 97.791422, 4.231352 ], [ 97.791489, 4.231133 ], [ 97.791476, 4.231018 ], [ 97.791456, 4.230931 ], [ 97.791429, 4.230836 ], [ 97.791389, 4.230715 ], [ 97.791349, 4.23058 ], [ 97.791295, 4.230405 ], [ 97.791296, 4.230243 ], [ 97.791289, 4.230068 ], [ 97.791262, 4.229859 ], [ 97.791243, 4.229643 ], [ 97.791243, 4.229488 ], [ 97.791304, 4.229326 ], [ 97.791432, 4.229131 ], [ 97.791559, 4.229057 ], [ 97.791647, 4.228941 ], [ 97.791748, 4.22888 ], [ 97.791863, 4.228793 ], [ 97.79201, 4.228752 ], [ 97.792185, 4.228732 ], [ 97.7924, 4.228773 ], [ 97.792602, 4.228841 ], [ 97.792756, 4.228929 ], [ 97.79289, 4.229017 ], [ 97.793011, 4.229057 ], [ 97.793139, 4.229084 ], [ 97.793287, 4.229105 ], [ 97.793509, 4.229044 ], [ 97.793677, 4.228971 ], [ 97.793872, 4.22893 ], [ 97.794046, 4.228944 ], [ 97.794214, 4.228978 ], [ 97.794436, 4.229019 ], [ 97.794611, 4.229053 ], [ 97.795016, 4.229006 ], [ 97.795123, 4.228909 ], [ 97.795134, 4.22878 ], [ 97.795134, 4.228651 ], [ 97.795092, 4.2285 ], [ 97.795017, 4.228306 ], [ 97.794909, 4.228208 ], [ 97.794748, 4.2281 ], [ 97.794662, 4.227992 ], [ 97.794534, 4.227852 ], [ 97.794437, 4.227755 ], [ 97.794351, 4.227593 ], [ 97.79433, 4.227399 ], [ 97.794416, 4.227226 ], [ 97.794653, 4.22713 ], [ 97.794847, 4.22699 ], [ 97.795084, 4.226764 ], [ 97.795288, 4.22657 ], [ 97.795525, 4.226387 ], [ 97.795762, 4.226291 ], [ 97.795944, 4.226237 ], [ 97.796084, 4.226237 ], [ 97.796191, 4.226324 ], [ 97.796277, 4.226453 ], [ 97.796298, 4.226658 ], [ 97.796298, 4.226895 ], [ 97.796308, 4.227359 ], [ 97.796308, 4.227564 ], [ 97.796286, 4.227747 ], [ 97.796211, 4.227876 ], [ 97.796092, 4.227984 ], [ 97.795995, 4.228102 ], [ 97.79592, 4.22821 ], [ 97.795898, 4.228296 ], [ 97.795877, 4.228372 ], [ 97.795898, 4.228458 ], [ 97.795909, 4.22849 ], [ 97.796038, 4.228458 ], [ 97.796188, 4.228394 ], [ 97.796457, 4.228286 ], [ 97.796834, 4.228211 ], [ 97.797199, 4.228201 ], [ 97.797511, 4.228148 ], [ 97.797887, 4.228105 ], [ 97.79821, 4.228116 ], [ 97.798467, 4.228181 ], [ 97.798629, 4.228279 ], [ 97.798725, 4.228484 ], [ 97.798821, 4.228764 ], [ 97.798954, 4.229133 ], [ 97.799158, 4.229467 ], [ 97.799297, 4.229748 ], [ 97.799437, 4.230017 ], [ 97.799673, 4.23032 ], [ 97.799834, 4.230417 ], [ 97.799963, 4.230396 ], [ 97.800081, 4.230342 ], [ 97.800135, 4.230256 ], [ 97.800157, 4.230137 ], [ 97.800157, 4.230029 ], [ 97.800071, 4.229878 ], [ 97.799964, 4.229749 ], [ 97.799857, 4.229587 ], [ 97.799803, 4.229393 ], [ 97.799814, 4.229209 ], [ 97.799825, 4.228972 ], [ 97.799901, 4.228789 ], [ 97.800009, 4.228628 ], [ 97.80017, 4.228552 ], [ 97.800353, 4.228488 ], [ 97.800482, 4.22838 ], [ 97.800601, 4.228186 ], [ 97.800644, 4.227982 ], [ 97.800655, 4.227809 ], [ 97.80072, 4.227691 ], [ 97.800838, 4.227659 ], [ 97.801107, 4.227659 ], [ 97.801278, 4.227692 ], [ 97.801579, 4.227703 ], [ 97.80173, 4.227703 ], [ 97.801891, 4.22766 ], [ 97.802074, 4.227628 ], [ 97.802375, 4.227639 ], [ 97.802579, 4.227661 ], [ 97.802848, 4.227748 ], [ 97.803052, 4.228007 ], [ 97.803116, 4.228179 ], [ 97.803116, 4.228298 ], [ 97.80318, 4.228471 ], [ 97.803276, 4.228719 ], [ 97.803351, 4.228891 ], [ 97.80359, 4.229229 ], [ 97.803826, 4.229434 ], [ 97.803901, 4.229585 ], [ 97.803976, 4.229768 ], [ 97.804051, 4.229962 ], [ 97.804062, 4.23021 ], [ 97.804029, 4.230415 ], [ 97.803975, 4.230566 ], [ 97.80391, 4.23076 ], [ 97.803889, 4.230835 ], [ 97.803888, 4.231008 ], [ 97.803931, 4.231245 ], [ 97.804038, 4.231418 ], [ 97.804242, 4.231494 ], [ 97.804468, 4.231602 ], [ 97.804726, 4.23171 ], [ 97.804908, 4.23184 ], [ 97.804962, 4.231915 ], [ 97.805155, 4.23198 ], [ 97.805327, 4.232034 ], [ 97.805456, 4.231981 ], [ 97.805585, 4.231948 ], [ 97.805768, 4.231938 ], [ 97.805962, 4.23196 ], [ 97.806123, 4.232046 ], [ 97.806241, 4.232165 ], [ 97.806378, 4.232387 ], [ 97.806532, 4.232456 ], [ 97.806704, 4.232456 ], [ 97.806894, 4.232284 ], [ 97.807169, 4.232181 ], [ 97.80753, 4.232078 ], [ 97.807822, 4.232113 ], [ 97.807994, 4.232199 ], [ 97.8082, 4.23232 ], [ 97.80832, 4.232579 ], [ 97.808492, 4.23289 ], [ 97.808668, 4.233165 ], [ 97.808773, 4.233299 ], [ 97.808924, 4.233405 ], [ 97.809146, 4.233469 ], [ 97.809425, 4.233563 ], [ 97.809635, 4.233727 ], [ 97.809792, 4.233862 ], [ 97.809955, 4.234031 ], [ 97.8101, 4.234189 ], [ 97.810287, 4.23432 ], [ 97.810497, 4.234531 ], [ 97.810572, 4.234653 ], [ 97.810636, 4.2348 ], [ 97.810717, 4.234917 ], [ 97.810846, 4.234987 ], [ 97.810939, 4.234987 ], [ 97.811044, 4.234917 ], [ 97.811149, 4.234771 ], [ 97.811248, 4.234619 ], [ 97.811342, 4.234427 ], [ 97.811441, 4.234281 ], [ 97.811575, 4.234094 ], [ 97.811704, 4.233983 ], [ 97.811832, 4.23389 ], [ 97.812001, 4.233867 ], [ 97.812152, 4.233925 ], [ 97.812428, 4.234196 ], [ 97.812585, 4.234418 ], [ 97.812713, 4.234605 ], [ 97.812847, 4.234822 ], [ 97.812957, 4.23498 ], [ 97.813085, 4.235132 ], [ 97.813207, 4.235225 ], [ 97.813347, 4.235296 ], [ 97.813498, 4.23529 ], [ 97.813603, 4.235214 ], [ 97.813749, 4.235098 ], [ 97.813837, 4.234981 ], [ 97.813971, 4.234876 ], [ 97.814105, 4.234812 ], [ 97.814239, 4.234713 ], [ 97.814368, 4.234654 ], [ 97.814525, 4.234596 ], [ 97.81472, 4.23452 ], [ 97.81497, 4.234445 ], [ 97.815128, 4.234381 ], [ 97.815309, 4.234311 ], [ 97.815472, 4.234253 ], [ 97.815617, 4.234206 ], [ 97.815775, 4.234189 ], [ 97.815973, 4.234289 ], [ 97.816089, 4.234452 ], [ 97.816188, 4.234657 ], [ 97.816228, 4.234873 ], [ 97.816222, 4.235055 ], [ 97.816164, 4.235341 ], [ 97.816181, 4.235644 ], [ 97.816372, 4.235764 ], [ 97.817148, 4.235957 ], [ 97.817482, 4.23605 ], [ 97.817693, 4.236066 ], [ 97.817837, 4.236066 ], [ 97.817935, 4.236064 ], [ 97.818029, 4.236032 ], [ 97.818194, 4.235948 ], [ 97.818332, 4.235937 ], [ 97.818435, 4.235934 ], [ 97.818539, 4.235903 ], [ 97.818651, 4.235817 ], [ 97.818708, 4.235802 ], [ 97.818789, 4.235823 ], [ 97.818892, 4.235826 ], [ 97.819025, 4.235858 ], [ 97.819214, 4.235829 ], [ 97.821444, 4.235695 ], [ 97.830034, 4.235006 ], [ 97.831283, 4.234794 ], [ 97.833965, 4.234235 ], [ 97.833963, 4.2346 ], [ 97.833962, 4.234899 ], [ 97.833962, 4.235183 ], [ 97.834008, 4.235411 ], [ 97.83404, 4.23553 ], [ 97.834055, 4.235663 ], [ 97.83404, 4.236077 ], [ 97.833969, 4.2362 ], [ 97.833931, 4.236355 ], [ 97.833924, 4.236529 ], [ 97.833956, 4.236652 ], [ 97.834001, 4.236736 ], [ 97.834046, 4.236871 ], [ 97.834084, 4.237013 ], [ 97.83409, 4.237149 ], [ 97.834058, 4.237323 ], [ 97.834, 4.237407 ], [ 97.833865, 4.237642 ], [ 97.833826, 4.237758 ], [ 97.833787, 4.237868 ], [ 97.833768, 4.237984 ], [ 97.833767, 4.23812 ], [ 97.833767, 4.238223 ], [ 97.833774, 4.23832 ], [ 97.833786, 4.238391 ], [ 97.833787, 4.238509 ], [ 97.833794, 4.238728 ], [ 97.833817, 4.238877 ], [ 97.833812, 4.239065 ], [ 97.833811, 4.239355 ], [ 97.83383, 4.239555 ], [ 97.833869, 4.239887 ], [ 97.833959, 4.240042 ], [ 97.83402, 4.240142 ], [ 97.834074, 4.240281 ], [ 97.83417, 4.240423 ], [ 97.834235, 4.240507 ], [ 97.834312, 4.240591 ], [ 97.834383, 4.24063 ], [ 97.834447, 4.24063 ], [ 97.834569, 4.240591 ], [ 97.834711, 4.240579 ], [ 97.834801, 4.240553 ], [ 97.834889, 4.240475 ], [ 97.83496, 4.24049 ], [ 97.835025, 4.240503 ], [ 97.835122, 4.240523 ], [ 97.835281, 4.240555 ], [ 97.835361, 4.240642 ], [ 97.835425, 4.240696 ], [ 97.835489, 4.240793 ], [ 97.835567, 4.240938 ], [ 97.835612, 4.241087 ], [ 97.835618, 4.241145 ], [ 97.835656, 4.241261 ], [ 97.835734, 4.241384 ], [ 97.835745, 4.241462 ], [ 97.835688, 4.241564 ], [ 97.835662, 4.241706 ], [ 97.835688, 4.241784 ], [ 97.835746, 4.241855 ], [ 97.835874, 4.241933 ], [ 97.835964, 4.241946 ], [ 97.836054, 4.241978 ], [ 97.836441, 4.242073 ], [ 97.836628, 4.242157 ], [ 97.836782, 4.242254 ], [ 97.836872, 4.242344 ], [ 97.836914, 4.242409 ], [ 97.836943, 4.242486 ], [ 97.83693, 4.242564 ], [ 97.836865, 4.242641 ], [ 97.836689, 4.242692 ], [ 97.836625, 4.242771 ], [ 97.836554, 4.242861 ], [ 97.83653, 4.242944 ], [ 97.83653, 4.243041 ], [ 97.836562, 4.243131 ], [ 97.83663, 4.243317 ], [ 97.836671, 4.243561 ], [ 97.836721, 4.244351 ], [ 97.836784, 4.244463 ], [ 97.83676, 4.244538 ], [ 97.836803, 4.244636 ], [ 97.837055, 4.244898 ], [ 97.837139, 4.245046 ], [ 97.837197, 4.245214 ], [ 97.837267, 4.245376 ], [ 97.837377, 4.245611 ], [ 97.837429, 4.24572 ], [ 97.837474, 4.24583 ], [ 97.837519, 4.245914 ], [ 97.837602, 4.246056 ], [ 97.837711, 4.246166 ], [ 97.837801, 4.246237 ], [ 97.837911, 4.246276 ], [ 97.838026, 4.246354 ], [ 97.838168, 4.24647 ], [ 97.838206, 4.246587 ], [ 97.838232, 4.24667 ], [ 97.838277, 4.246761 ], [ 97.838296, 4.246896 ], [ 97.838315, 4.246993 ], [ 97.838294, 4.247143 ], [ 97.838344, 4.24723 ], [ 97.838396, 4.247302 ], [ 97.838442, 4.247354 ], [ 97.83857, 4.247447 ], [ 97.838641, 4.247467 ], [ 97.838718, 4.247503 ], [ 97.8388, 4.24754 ], [ 97.838887, 4.24756 ], [ 97.838964, 4.247571 ], [ 97.839077, 4.247612 ], [ 97.839154, 4.247684 ], [ 97.839205, 4.247766 ], [ 97.839215, 4.247864 ], [ 97.839215, 4.247946 ], [ 97.839215, 4.248023 ], [ 97.839199, 4.248116 ], [ 97.839168, 4.248219 ], [ 97.839142, 4.248369 ], [ 97.839137, 4.248447 ], [ 97.839127, 4.248534 ], [ 97.839111, 4.248632 ], [ 97.839101, 4.248709 ], [ 97.839101, 4.248806 ], [ 97.839121, 4.248878 ], [ 97.839121, 4.249002 ], [ 97.839126, 4.249063 ], [ 97.839156, 4.249161 ], [ 97.839182, 4.249249 ], [ 97.839179, 4.249352 ], [ 97.839193, 4.249417 ], [ 97.839179, 4.249468 ], [ 97.839142, 4.249533 ], [ 97.839142, 4.24957 ], [ 97.839155, 4.249617 ], [ 97.839197, 4.249659 ], [ 97.839262, 4.249687 ], [ 97.839318, 4.249719 ], [ 97.839373, 4.249724 ], [ 97.839457, 4.249738 ], [ 97.839471, 4.24978 ], [ 97.839471, 4.249822 ], [ 97.839415, 4.24985 ], [ 97.839368, 4.249887 ], [ 97.839345, 4.249947 ], [ 97.83935, 4.24998 ], [ 97.839401, 4.250041 ], [ 97.839415, 4.250092 ], [ 97.839438, 4.250152 ], [ 97.839479, 4.250241 ], [ 97.839539, 4.250343 ], [ 97.839675, 4.250565 ], [ 97.83968, 4.250618 ], [ 97.839691, 4.250649 ], [ 97.839712, 4.250702 ], [ 97.839733, 4.250776 ], [ 97.839759, 4.250845 ], [ 97.839801, 4.250925 ], [ 97.839832, 4.251004 ], [ 97.839885, 4.251078 ], [ 97.839927, 4.251136 ], [ 97.83998, 4.251221 ], [ 97.840027, 4.251248 ], [ 97.840112, 4.25128 ], [ 97.840191, 4.251327 ], [ 97.84027, 4.251359 ], [ 97.840375, 4.251386 ], [ 97.840475, 4.251386 ], [ 97.84056, 4.251386 ], [ 97.84066, 4.251381 ], [ 97.840797, 4.251376 ], [ 97.840913, 4.25135 ], [ 97.841019, 4.251318 ], [ 97.84113, 4.251255 ], [ 97.841172, 4.25117 ], [ 97.841198, 4.251085 ], [ 97.841257, 4.251011 ], [ 97.841336, 4.250985 ], [ 97.84142, 4.250975 ], [ 97.841468, 4.251044 ], [ 97.841483, 4.251112 ], [ 97.841478, 4.251213 ], [ 97.841451, 4.251276 ], [ 97.841409, 4.251371 ], [ 97.841346, 4.251488 ], [ 97.841314, 4.251572 ], [ 97.84125, 4.251694 ], [ 97.841192, 4.251752 ], [ 97.841113, 4.251768 ], [ 97.841039, 4.251741 ], [ 97.840944, 4.251709 ], [ 97.840881, 4.251656 ], [ 97.840792, 4.251593 ], [ 97.840649, 4.251556 ], [ 97.840523, 4.251555 ], [ 97.840358, 4.25162 ], [ 97.840258, 4.251651 ], [ 97.840184, 4.251662 ], [ 97.840137, 4.251715 ], [ 97.840147, 4.251773 ], [ 97.840142, 4.251873 ], [ 97.840115, 4.251958 ], [ 97.840068, 4.252061 ], [ 97.840052, 4.252124 ], [ 97.839999, 4.252198 ], [ 97.839946, 4.25223 ], [ 97.839893, 4.252209 ], [ 97.83982, 4.252187 ], [ 97.839756, 4.252182 ], [ 97.839651, 4.252203 ], [ 97.839624, 4.252256 ], [ 97.839624, 4.252319 ], [ 97.839645, 4.252367 ], [ 97.839682, 4.25242 ], [ 97.839761, 4.252463 ], [ 97.839861, 4.252516 ], [ 97.839998, 4.252585 ], [ 97.840135, 4.252616 ], [ 97.840246, 4.252654 ], [ 97.84033, 4.252659 ], [ 97.840399, 4.252612 ], [ 97.840436, 4.252527 ], [ 97.8405, 4.252453 ], [ 97.840573, 4.252421 ], [ 97.840637, 4.252416 ], [ 97.840689, 4.252459 ], [ 97.8407, 4.252522 ], [ 97.840694, 4.252633 ], [ 97.840652, 4.252728 ], [ 97.840531, 4.252813 ], [ 97.840446, 4.252866 ], [ 97.840367, 4.252902 ], [ 97.840309, 4.252961 ], [ 97.840304, 4.253019 ], [ 97.840325, 4.253093 ], [ 97.840367, 4.253135 ], [ 97.840456, 4.25313 ], [ 97.840541, 4.253083 ], [ 97.840625, 4.25303 ], [ 97.840678, 4.252961 ], [ 97.840763, 4.252914 ], [ 97.840831, 4.252856 ], [ 97.840879, 4.252813 ], [ 97.840949, 4.252815 ], [ 97.840975, 4.252868 ], [ 97.840975, 4.252937 ], [ 97.840943, 4.253043 ], [ 97.8409, 4.253159 ], [ 97.840832, 4.253249 ], [ 97.840758, 4.253307 ], [ 97.840689, 4.253328 ], [ 97.840589, 4.253381 ], [ 97.840578, 4.253487 ], [ 97.840599, 4.253566 ], [ 97.840657, 4.253667 ], [ 97.840726, 4.253762 ], [ 97.840736, 4.253852 ], [ 97.84072, 4.253931 ], [ 97.840662, 4.254 ], [ 97.840625, 4.254011 ], [ 97.840599, 4.254044 ], [ 97.840641, 4.254123 ], [ 97.840652, 4.254203 ], [ 97.840657, 4.254287 ], [ 97.840673, 4.25434 ], [ 97.84072, 4.254409 ], [ 97.840767, 4.254446 ], [ 97.840815, 4.254473 ], [ 97.840867, 4.25451 ], [ 97.840904, 4.254558 ], [ 97.840936, 4.254637 ], [ 97.840952, 4.254701 ], [ 97.840988, 4.254796 ], [ 97.84103, 4.254854 ], [ 97.841067, 4.254896 ], [ 97.841141, 4.254934 ], [ 97.841194, 4.254971 ], [ 97.841257, 4.255003 ], [ 97.841352, 4.255029 ], [ 97.841431, 4.255045 ], [ 97.841457, 4.255061 ], [ 97.841521, 4.255093 ], [ 97.841621, 4.255109 ], [ 97.841711, 4.255125 ], [ 97.841795, 4.255167 ], [ 97.841858, 4.255247 ], [ 97.841937, 4.255295 ], [ 97.842165, 4.25533 ], [ 97.842192, 4.255187 ], [ 97.842247, 4.255059 ], [ 97.842283, 4.254914 ], [ 97.842283, 4.254759 ], [ 97.84232, 4.254658 ], [ 97.842584, 4.254385 ], [ 97.842802, 4.254213 ], [ 97.842911, 4.254158 ], [ 97.843211, 4.254186 ], [ 97.843375, 4.25415 ], [ 97.843675, 4.254013 ], [ 97.844048, 4.253795 ], [ 97.844394, 4.253568 ], [ 97.844503, 4.253541 ], [ 97.844821, 4.253614 ], [ 97.845175, 4.253697 ], [ 97.845366, 4.253651 ], [ 97.845539, 4.253533 ], [ 97.845739, 4.25326 ], [ 97.845957, 4.253033 ], [ 97.846176, 4.252869 ], [ 97.846439, 4.252778 ], [ 97.846733, 4.252814 ], [ 97.846997, 4.252923 ], [ 97.847351, 4.253033 ], [ 97.847578, 4.253088 ], [ 97.847969, 4.253144 ], [ 97.848478, 4.253236 ], [ 97.848914, 4.253273 ], [ 97.849232, 4.253282 ], [ 97.849399, 4.252988 ], [ 97.849598, 4.252788 ], [ 97.849857, 4.251773 ], [ 97.849817, 4.251375 ], [ 97.850016, 4.250659 ], [ 97.849917, 4.248708 ], [ 97.850116, 4.24833 ], [ 97.850076, 4.248031 ], [ 97.849956, 4.247633 ], [ 97.849499, 4.247175 ], [ 97.8492, 4.246817 ], [ 97.84918, 4.246419 ], [ 97.849399, 4.245742 ], [ 97.850155, 4.245861 ], [ 97.850753, 4.246379 ], [ 97.852086, 4.247016 ], [ 97.852982, 4.246797 ], [ 97.85342, 4.246897 ], [ 97.853679, 4.247175 ], [ 97.854435, 4.248608 ], [ 97.85476, 4.248827 ], [ 97.855251, 4.249086 ], [ 97.856625, 4.2504 ], [ 97.857998, 4.250698 ], [ 97.858396, 4.250679 ], [ 97.859192, 4.250499 ], [ 97.859531, 4.250559 ], [ 97.860108, 4.250937 ], [ 97.860904, 4.250798 ], [ 97.862317, 4.251335 ], [ 97.863074, 4.251534 ], [ 97.86379, 4.251415 ], [ 97.864447, 4.250997 ], [ 97.864891, 4.250489 ], [ 97.865402, 4.250132 ], [ 97.865557, 4.250097 ], [ 97.866877, 4.250775 ], [ 97.867532, 4.250787 ], [ 97.868127, 4.250453 ], [ 97.868496, 4.249966 ], [ 97.868997, 4.249304 ], [ 97.870157, 4.248664 ], [ 97.870906, 4.248027 ], [ 97.871482, 4.24786 ], [ 97.872374, 4.248101 ], [ 97.872765, 4.248045 ], [ 97.873397, 4.248176 ], [ 97.874122, 4.248194 ], [ 97.87481, 4.24799 ], [ 97.875423, 4.24799 ], [ 97.878174, 4.249031 ], [ 97.878509, 4.249514 ], [ 97.878658, 4.250536 ], [ 97.878862, 4.250797 ], [ 97.879476, 4.250964 ], [ 97.880182, 4.250908 ], [ 97.880424, 4.250574 ], [ 97.880498, 4.250109 ], [ 97.880888, 4.249681 ], [ 97.88126, 4.249737 ], [ 97.882524, 4.251447 ], [ 97.883101, 4.251615 ], [ 97.883435, 4.251429 ], [ 97.883937, 4.251484 ], [ 97.884309, 4.251689 ], [ 97.884662, 4.252321 ], [ 97.885052, 4.252414 ], [ 97.885313, 4.253362 ], [ 97.885461, 4.253604 ], [ 97.885666, 4.254775 ], [ 97.88641, 4.25563 ], [ 97.887004, 4.255816 ], [ 97.887785, 4.255834 ], [ 97.889923, 4.256504 ], [ 97.89102, 4.256652 ], [ 97.8926, 4.258177 ], [ 97.892934, 4.258623 ], [ 97.893343, 4.259497 ], [ 97.893364, 4.260054 ], [ 97.893027, 4.260835 ], [ 97.893081, 4.261133 ], [ 97.89405, 4.262266 ], [ 97.894607, 4.262434 ], [ 97.894924, 4.262601 ], [ 97.895088, 4.262657 ], [ 97.895281, 4.262739 ], [ 97.895418, 4.262766 ], [ 97.896694, 4.262533 ], [ 97.896818, 4.262513 ], [ 97.897058, 4.262465 ], [ 97.897374, 4.262465 ], [ 97.897826, 4.262485 ], [ 97.898094, 4.262506 ], [ 97.898307, 4.262506 ], [ 97.898815, 4.262471 ], [ 97.899295, 4.262451 ], [ 97.899727, 4.262616 ], [ 97.899981, 4.262691 ], [ 97.900283, 4.262828 ], [ 97.900436, 4.262744 ], [ 97.900728, 4.262369 ], [ 97.900856, 4.262239 ], [ 97.900977, 4.262192 ], [ 97.901263, 4.262118 ], [ 97.901354, 4.261948 ], [ 97.901375, 4.261872 ], [ 97.901355, 4.261761 ], [ 97.901341, 4.261671 ], [ 97.901327, 4.261518 ], [ 97.901293, 4.261387 ], [ 97.901314, 4.261262 ], [ 97.90139, 4.261117 ], [ 97.901528, 4.261013 ], [ 97.901653, 4.260909 ], [ 97.901798, 4.260819 ], [ 97.902069, 4.260699 ], [ 97.902138, 4.260665 ], [ 97.902242, 4.260582 ], [ 97.902277, 4.260457 ], [ 97.902319, 4.260284 ], [ 97.902374, 4.26018 ], [ 97.902388, 4.260062 ], [ 97.902388, 4.259889 ], [ 97.902409, 4.259723 ], [ 97.902458, 4.259577 ], [ 97.902492, 4.259494 ], [ 97.902555, 4.259391 ], [ 97.902652, 4.259273 ], [ 97.902742, 4.259107 ], [ 97.902811, 4.258975 ], [ 97.902818, 4.258871 ], [ 97.902922, 4.258653 ], [ 97.903005, 4.258514 ], [ 97.903116, 4.258396 ], [ 97.90324, 4.258314 ], [ 97.90333, 4.258217 ], [ 97.903393, 4.258106 ], [ 97.903476, 4.258044 ], [ 97.903499, 4.257975 ], [ 97.903514, 4.257892 ], [ 97.903522, 4.257825 ], [ 97.903541, 4.257738 ], [ 97.90356, 4.257637 ], [ 97.90359, 4.257543 ], [ 97.903646, 4.257445 ], [ 97.903713, 4.257363 ], [ 97.903803, 4.257318 ], [ 97.90389, 4.257277 ], [ 97.903991, 4.257258 ], [ 97.904066, 4.257258 ], [ 97.904125, 4.257273 ], [ 97.904178, 4.2573 ], [ 97.904204, 4.257334 ], [ 97.904219, 4.257397 ], [ 97.904226, 4.257488 ], [ 97.90423, 4.257533 ], [ 97.904249, 4.257578 ], [ 97.904301, 4.257608 ], [ 97.904368, 4.257604 ], [ 97.904421, 4.25757 ], [ 97.904458, 4.257507 ], [ 97.904481, 4.257439 ], [ 97.904504, 4.257334 ], [ 97.904496, 4.25727 ], [ 97.904477, 4.257218 ], [ 97.904459, 4.257157 ], [ 97.904463, 4.257105 ], [ 97.904481, 4.257064 ], [ 97.904534, 4.257041 ], [ 97.904583, 4.257041 ], [ 97.904624, 4.25706 ], [ 97.904661, 4.257113 ], [ 97.90471, 4.25715 ], [ 97.904805, 4.257212 ], [ 97.904872, 4.25722 ], [ 97.904962, 4.257212 ], [ 97.905056, 4.257175 ], [ 97.905161, 4.2571 ], [ 97.905198, 4.257055 ], [ 97.905243, 4.256965 ], [ 97.905262, 4.256894 ], [ 97.905259, 4.256818 ], [ 97.905244, 4.256724 ], [ 97.905251, 4.256642 ], [ 97.905296, 4.256559 ], [ 97.905334, 4.256492 ], [ 97.905356, 4.256421 ], [ 97.90539, 4.256334 ], [ 97.905488, 4.256334 ], [ 97.905585, 4.256365 ], [ 97.905641, 4.25638 ], [ 97.905716, 4.256387 ], [ 97.905862, 4.256395 ], [ 97.90596, 4.256385 ], [ 97.906007, 4.256364 ], [ 97.906066, 4.256331 ], [ 97.906095, 4.256252 ], [ 97.906131, 4.256225 ], [ 97.906195, 4.256251 ], [ 97.906299, 4.256297 ], [ 97.906361, 4.256295 ], [ 97.906423, 4.256282 ], [ 97.906469, 4.256277 ], [ 97.906573, 4.256313 ], [ 97.906661, 4.256339 ], [ 97.906736, 4.256365 ], [ 97.906816, 4.256376 ], [ 97.906886, 4.256375 ], [ 97.906948, 4.256378 ], [ 97.906974, 4.256369 ], [ 97.906978, 4.25635 ], [ 97.906972, 4.256333 ], [ 97.906964, 4.256306 ], [ 97.90696, 4.256285 ], [ 97.90697, 4.256256 ], [ 97.907014, 4.256239 ], [ 97.907066, 4.25622 ], [ 97.90712, 4.256218 ], [ 97.907168, 4.256229 ], [ 97.907208, 4.256246 ], [ 97.907243, 4.256269 ], [ 97.907293, 4.256286 ], [ 97.907329, 4.256296 ], [ 97.907369, 4.256286 ], [ 97.907398, 4.256265 ], [ 97.90741, 4.256244 ], [ 97.907419, 4.256213 ], [ 97.907423, 4.256146 ], [ 97.907427, 4.256087 ], [ 97.907438, 4.256024 ], [ 97.90744, 4.255974 ], [ 97.907459, 4.255914 ], [ 97.907484, 4.255861 ], [ 97.907503, 4.255826 ], [ 97.907532, 4.255801 ], [ 97.907572, 4.255771 ], [ 97.907641, 4.255695 ], [ 97.9077, 4.255643 ], [ 97.907752, 4.255608 ], [ 97.90781, 4.255568 ], [ 97.907881, 4.255539 ], [ 97.907929, 4.255514 ], [ 97.907967, 4.255495 ], [ 97.908002, 4.25547 ], [ 97.908067, 4.255449 ], [ 97.908117, 4.25543 ], [ 97.9082, 4.255393 ], [ 97.908237, 4.255356 ], [ 97.908257, 4.255306 ], [ 97.908277, 4.255249 ], [ 97.908297, 4.255189 ], [ 97.908334, 4.255132 ], [ 97.908357, 4.255095 ], [ 97.908394, 4.255048 ], [ 97.908464, 4.255008 ], [ 97.908537, 4.254992 ], [ 97.908634, 4.254982 ], [ 97.908694, 4.254972 ], [ 97.908754, 4.254945 ], [ 97.908791, 4.254905 ], [ 97.908821, 4.254825 ], [ 97.908858, 4.254764 ], [ 97.908938, 4.254724 ], [ 97.908992, 4.254691 ], [ 97.909038, 4.254661 ], [ 97.909109, 4.254634 ], [ 97.909165, 4.254608 ], [ 97.909222, 4.254588 ], [ 97.909292, 4.254578 ], [ 97.909376, 4.254574 ], [ 97.909535, 4.254563 ], [ 97.909676, 4.254563 ], [ 97.909774, 4.25454 ], [ 97.909983, 4.254373 ], [ 97.910362, 4.254171 ], [ 97.910623, 4.25406 ], [ 97.910848, 4.25392 ], [ 97.911134, 4.253692 ], [ 97.911523, 4.253431 ], [ 97.911814, 4.253189 ], [ 97.912056, 4.252934 ], [ 97.912141, 4.252821 ], [ 97.91218, 4.252498 ], [ 97.91218, 4.252306 ], [ 97.912184, 4.252059 ], [ 97.912275, 4.251973 ], [ 97.912628, 4.251814 ], [ 97.913072, 4.251644 ], [ 97.913669, 4.251411 ], [ 97.914249, 4.251258 ], [ 97.914915, 4.251001 ], [ 97.915599, 4.250856 ], [ 97.915876, 4.250448 ], [ 97.916371, 4.249967 ], [ 97.917613, 4.249394 ], [ 97.919312, 4.24879 ], [ 97.920034, 4.248558 ], [ 97.920825, 4.248722 ], [ 97.921593, 4.248863 ], [ 97.922291, 4.248864 ], [ 97.922896, 4.248491 ], [ 97.923946, 4.246743 ], [ 97.925069, 4.245335 ], [ 97.926351, 4.244356 ], [ 97.926864, 4.243517 ], [ 97.927563, 4.242258 ], [ 97.928138, 4.240926 ], [ 97.927556, 4.238763 ], [ 97.929443, 4.239528 ], [ 97.938311, 4.243807 ], [ 97.938535, 4.243842 ], [ 97.938637, 4.243851 ], [ 97.938764, 4.243876 ], [ 97.938876, 4.243883 ], [ 97.938973, 4.243864 ], [ 97.939165, 4.243907 ], [ 97.939258, 4.243925 ], [ 97.939357, 4.243921 ], [ 97.93946, 4.243894 ], [ 97.939626, 4.243872 ], [ 97.939787, 4.243865 ], [ 97.93988, 4.243846 ], [ 97.939968, 4.243767 ], [ 97.940088, 4.243622 ], [ 97.940326, 4.243438 ], [ 97.940555, 4.243319 ], [ 97.940775, 4.243241 ], [ 97.940978, 4.243151 ], [ 97.941253, 4.24305 ], [ 97.941465, 4.24295 ], [ 97.941681, 4.242867 ], [ 97.9419, 4.242793 ], [ 97.942109, 4.242722 ], [ 97.942383, 4.242613 ], [ 97.942577, 4.242506 ], [ 97.942787, 4.242412 ], [ 97.943193, 4.242301 ], [ 97.943552, 4.242236 ], [ 97.943692, 4.242206 ], [ 97.943865, 4.241968 ], [ 97.944124, 4.241613 ], [ 97.944399, 4.241301 ], [ 97.944563, 4.241079 ], [ 97.944702, 4.240866 ], [ 97.944777, 4.240656 ], [ 97.944852, 4.240415 ], [ 97.944969, 4.240124 ], [ 97.945095, 4.239909 ], [ 97.94521, 4.239761 ], [ 97.945411, 4.239623 ], [ 97.945769, 4.239372 ], [ 97.946069, 4.239207 ], [ 97.946427, 4.238899 ], [ 97.946614, 4.238656 ], [ 97.94688, 4.238236 ], [ 97.94713, 4.23792 ], [ 97.94751, 4.237627 ], [ 97.947782, 4.237448 ], [ 97.947911, 4.237319 ], [ 97.948026, 4.237147 ], [ 97.948148, 4.236953 ], [ 97.948278, 4.236745 ], [ 97.948867, 4.237105 ], [ 97.949581, 4.237897 ], [ 97.950721, 4.239048 ], [ 97.954041, 4.242286 ], [ 97.954798, 4.242849 ], [ 97.957015, 4.244322 ], [ 97.957346, 4.244518 ], [ 97.957678, 4.244728 ], [ 97.957829, 4.244938 ], [ 97.958196, 4.245452 ], [ 97.958564, 4.245643 ], [ 97.958696, 4.24569 ], [ 97.958971, 4.245719 ], [ 97.959477, 4.245835 ], [ 97.959706, 4.24591 ], [ 97.959844, 4.24602 ], [ 97.959987, 4.246256 ], [ 97.96016, 4.246504 ], [ 97.960304, 4.246676 ], [ 97.960573, 4.246789 ], [ 97.960881, 4.24687 ], [ 97.961127, 4.246989 ], [ 97.961331, 4.247103 ], [ 97.961591, 4.247232 ], [ 97.961867, 4.247352 ], [ 97.962059, 4.247454 ], [ 97.962366, 4.247642 ], [ 97.962851, 4.247848 ], [ 97.963279, 4.247961 ], [ 97.963718, 4.247962 ], [ 97.964205, 4.248037 ], [ 97.964615, 4.248038 ], [ 97.964989, 4.248083 ], [ 97.965669, 4.248073 ], [ 97.965878, 4.248268 ], [ 97.966385, 4.249059 ], [ 97.966609, 4.249462 ], [ 97.966897, 4.249958 ], [ 97.967465, 4.250641 ], [ 97.968156, 4.251323 ], [ 97.968762, 4.251735 ], [ 97.969376, 4.252213 ], [ 97.969749, 4.252466 ], [ 97.970089, 4.252786 ], [ 97.970666, 4.253254 ], [ 97.971291, 4.253555 ], [ 97.972334, 4.253921 ], [ 97.973005, 4.254127 ], [ 97.973303, 4.254156 ], [ 97.973695, 4.254072 ], [ 97.973947, 4.253979 ], [ 97.974134, 4.253923 ], [ 97.974348, 4.253933 ], [ 97.974562, 4.254008 ], [ 97.974888, 4.254158 ], [ 97.975205, 4.254461 ], [ 97.975576, 4.255458 ], [ 97.975845, 4.255928 ], [ 97.976073, 4.256398 ], [ 97.97715, 4.25417 ], [ 97.97814, 4.252773 ], [ 97.978494, 4.25226 ], [ 97.978741, 4.252101 ], [ 97.979694, 4.252137 ], [ 97.980771, 4.252298 ], [ 97.981442, 4.252317 ], [ 97.981742, 4.252211 ], [ 97.982343, 4.251769 ], [ 97.982845, 4.25142 ], [ 97.981803, 4.232961 ], [ 97.981199, 4.232296 ], [ 97.979626, 4.232115 ], [ 97.975272, 4.233807 ], [ 97.973941, 4.23417 ], [ 97.971159, 4.233565 ], [ 97.948177, 4.222505 ], [ 97.948156, 4.217493 ], [ 97.947786, 4.21469 ], [ 97.947844, 4.21439 ], [ 97.947964, 4.213966 ], [ 97.948148, 4.213475 ], [ 97.948237, 4.213198 ], [ 97.948318, 4.213004 ], [ 97.948483, 4.212902 ], [ 97.948683, 4.212648 ], [ 97.948782, 4.212309 ], [ 97.948858, 4.211949 ], [ 97.949015, 4.211628 ], [ 97.949095, 4.211369 ], [ 97.949323, 4.210898 ], [ 97.949461, 4.21051 ], [ 97.949591, 4.210162 ], [ 97.949783, 4.20979 ], [ 97.949859, 4.209638 ], [ 97.949891, 4.209553 ], [ 97.949971, 4.209031 ], [ 97.950102, 4.208306 ], [ 97.95016, 4.207864 ], [ 97.950225, 4.207563 ], [ 97.950242, 4.207399 ], [ 97.950254, 4.207222 ], [ 97.950316, 4.206648 ], [ 97.950351, 4.206473 ], [ 97.950397, 4.206294 ], [ 97.950429, 4.206133 ], [ 97.950429, 4.206008 ], [ 97.950369, 4.205892 ], [ 97.950178, 4.205595 ], [ 97.950062, 4.205379 ], [ 97.950046, 4.205317 ], [ 97.950043, 4.205234 ], [ 97.950062, 4.205018 ], [ 97.95009, 4.204725 ], [ 97.950097, 4.204386 ], [ 97.950069, 4.20411 ], [ 97.95007, 4.203922 ], [ 97.95007, 4.203768 ], [ 97.950101, 4.203645 ], [ 97.950194, 4.203342 ], [ 97.950268, 4.203107 ], [ 97.95037, 4.202803 ], [ 97.950432, 4.202594 ], [ 97.950493, 4.202498 ], [ 97.950538, 4.202279 ], [ 97.950524, 4.202062 ], [ 97.950431, 4.201741 ], [ 97.950333, 4.20141 ], [ 97.950265, 4.201006 ], [ 97.95026, 4.200814 ], [ 97.950321, 4.200646 ], [ 97.950669, 4.200006 ], [ 97.951211, 4.199243 ], [ 97.951376, 4.19914 ], [ 97.951656, 4.198945 ], [ 97.952014, 4.198593 ], [ 97.952388, 4.198227 ], [ 97.952566, 4.198088 ], [ 97.952688, 4.197933 ], [ 97.952745, 4.197821 ], [ 97.952894, 4.197524 ], [ 97.953003, 4.197326 ], [ 97.953043, 4.197167 ], [ 97.953129, 4.196807 ], [ 97.953366, 4.194426 ], [ 97.953657, 4.193031 ], [ 97.954638, 4.190667 ], [ 97.954915, 4.190445 ], [ 97.955145, 4.190244 ], [ 97.955279, 4.19009 ], [ 97.9554, 4.189952 ], [ 97.955691, 4.189716 ], [ 97.95743, 4.181613 ], [ 97.95776, 4.173675 ], [ 97.958861, 4.162031 ], [ 97.959523, 4.160039 ], [ 97.959611, 4.159717 ], [ 97.959915, 4.159697 ], [ 97.960435, 4.159594 ], [ 97.960599, 4.159512 ], [ 97.960831, 4.159347 ], [ 97.960965, 4.159171 ], [ 97.961147, 4.15856 ], [ 97.961364, 4.157956 ], [ 97.961566, 4.157297 ], [ 97.961675, 4.156744 ], [ 97.961701, 4.156264 ], [ 97.961799, 4.155821 ], [ 97.962218, 4.155135 ], [ 97.962558, 4.154697 ], [ 97.9628, 4.154356 ], [ 97.962929, 4.154042 ], [ 97.96294, 4.153737 ], [ 97.962941, 4.153412 ], [ 97.963093, 4.153213 ], [ 97.96333, 4.153042 ], [ 97.963654, 4.152976 ], [ 97.964056, 4.153018 ], [ 97.964576, 4.153013 ], [ 97.964946, 4.152931 ], [ 97.965415, 4.152818 ], [ 97.965708, 4.152679 ], [ 97.965914, 4.152478 ], [ 97.966121, 4.152163 ], [ 97.966358, 4.151807 ], [ 97.966768, 4.151392 ], [ 97.967057, 4.151109 ], [ 97.967299, 4.150861 ], [ 97.967448, 4.150624 ], [ 97.967689, 4.15027 ], [ 97.967886, 4.150145 ], [ 97.968217, 4.150146 ], [ 97.968538, 4.150157 ], [ 97.968963, 4.150105 ], [ 97.969419, 4.150064 ], [ 97.969719, 4.14994 ], [ 97.969906, 4.149805 ], [ 97.969999, 4.149608 ], [ 97.97002, 4.149379 ], [ 97.970021, 4.149203 ], [ 97.969938, 4.148964 ], [ 97.969752, 4.148735 ], [ 97.96941, 4.148506 ], [ 97.969017, 4.148318 ], [ 97.968417, 4.148141 ], [ 97.968013, 4.148067 ], [ 97.967712, 4.147813 ], [ 97.967505, 4.147678 ], [ 97.967453, 4.14746 ], [ 97.967506, 4.147221 ], [ 97.967693, 4.146712 ], [ 97.967963, 4.146002 ], [ 97.968005, 4.145493 ], [ 97.968047, 4.145296 ], [ 97.968099, 4.145109 ], [ 97.968234, 4.144922 ], [ 97.9684, 4.144839 ], [ 97.968576, 4.144829 ], [ 97.968866, 4.144933 ], [ 97.969042, 4.1451 ], [ 97.969321, 4.14535 ], [ 97.969538, 4.145402 ], [ 97.969818, 4.145381 ], [ 97.970098, 4.145268 ], [ 97.970212, 4.145101 ], [ 97.970285, 4.144873 ], [ 97.970295, 4.144634 ], [ 97.970254, 4.144291 ], [ 97.970089, 4.144031 ], [ 97.969799, 4.143864 ], [ 97.969416, 4.143777 ], [ 97.969085, 4.143829 ], [ 97.968815, 4.143901 ], [ 97.968618, 4.143963 ], [ 97.968391, 4.143973 ], [ 97.968204, 4.143942 ], [ 97.967987, 4.143837 ], [ 97.967801, 4.143661 ], [ 97.967511, 4.143473 ], [ 97.967314, 4.14339 ], [ 97.967097, 4.143234 ], [ 97.96688, 4.143015 ], [ 97.966787, 4.142651 ], [ 97.966829, 4.14236 ], [ 97.966943, 4.142059 ], [ 97.967129, 4.14169 ], [ 97.967181, 4.141493 ], [ 97.967254, 4.141264 ], [ 97.967265, 4.141035 ], [ 97.967265, 4.140848 ], [ 97.967203, 4.140672 ], [ 97.967079, 4.140505 ], [ 97.966903, 4.140401 ], [ 97.966675, 4.140359 ], [ 97.966437, 4.140276 ], [ 97.966199, 4.140192 ], [ 97.965982, 4.140015 ], [ 97.965847, 4.139756 ], [ 97.965817, 4.139444 ], [ 97.965983, 4.139122 ], [ 97.96619, 4.138977 ], [ 97.966646, 4.138946 ], [ 97.967174, 4.139051 ], [ 97.967568, 4.139223 ], [ 97.967899, 4.139255 ], [ 97.968158, 4.139255 ], [ 97.968386, 4.13912 ], [ 97.968542, 4.138902 ], [ 97.968583, 4.138622 ], [ 97.968542, 4.138352 ], [ 97.968325, 4.138195 ], [ 97.967973, 4.13806 ], [ 97.967497, 4.138007 ], [ 97.967082, 4.138059 ], [ 97.966606, 4.138131 ], [ 97.966243, 4.138245 ], [ 97.965798, 4.138296 ], [ 97.965508, 4.138223 ], [ 97.965384, 4.138098 ], [ 97.965332, 4.137911 ], [ 97.965343, 4.137682 ], [ 97.965488, 4.137495 ], [ 97.965757, 4.137371 ], [ 97.966048, 4.137268 ], [ 97.966431, 4.137081 ], [ 97.966825, 4.136967 ], [ 97.967301, 4.136874 ], [ 97.967467, 4.136792 ], [ 97.96754, 4.136636 ], [ 97.96755, 4.136459 ], [ 97.967457, 4.136314 ], [ 97.967281, 4.136241 ], [ 97.966992, 4.136136 ], [ 97.966338, 4.136068 ], [ 97.965872, 4.136098 ], [ 97.965427, 4.136191 ], [ 97.964919, 4.136388 ], [ 97.96465, 4.136585 ], [ 97.96438, 4.136772 ], [ 97.964163, 4.136813 ], [ 97.963955, 4.136782 ], [ 97.963883, 4.136647 ], [ 97.963801, 4.136376 ], [ 97.963801, 4.136148 ], [ 97.963822, 4.135774 ], [ 97.963926, 4.135483 ], [ 97.964175, 4.135172 ], [ 97.964372, 4.134922 ], [ 97.964497, 4.134569 ], [ 97.964508, 4.134289 ], [ 97.964435, 4.133942 ], [ 97.96428, 4.133713 ], [ 97.964083, 4.13364 ], [ 97.963783, 4.133608 ], [ 97.963513, 4.133639 ], [ 97.963296, 4.133743 ], [ 97.963047, 4.133929 ], [ 97.96286, 4.134231 ], [ 97.962725, 4.13448 ], [ 97.96257, 4.134635 ], [ 97.962383, 4.134677 ], [ 97.962207, 4.134614 ], [ 97.962104, 4.134531 ], [ 97.962042, 4.134292 ], [ 97.962011, 4.13397 ], [ 97.962053, 4.133668 ], [ 97.962147, 4.133336 ], [ 97.962406, 4.133056 ], [ 97.962779, 4.132952 ], [ 97.963152, 4.132932 ], [ 97.963853, 4.132972 ], [ 97.964133, 4.132951 ], [ 97.964413, 4.132848 ], [ 97.964589, 4.132755 ], [ 97.964693, 4.132609 ], [ 97.964714, 4.132391 ], [ 97.964652, 4.132142 ], [ 97.964486, 4.131996 ], [ 97.964197, 4.131902 ], [ 97.963938, 4.131881 ], [ 97.96371, 4.131943 ], [ 97.963326, 4.132046 ], [ 97.962995, 4.132181 ], [ 97.962725, 4.132326 ], [ 97.962456, 4.132461 ], [ 97.962238, 4.132533 ], [ 97.962031, 4.132533 ], [ 97.961876, 4.132481 ], [ 97.96171, 4.132325 ], [ 97.961628, 4.132096 ], [ 97.961628, 4.131888 ], [ 97.96166, 4.131307 ], [ 97.961723, 4.130953 ], [ 97.961826, 4.130777 ], [ 97.962054, 4.130517 ], [ 97.962417, 4.130393 ], [ 97.96278, 4.130383 ], [ 97.96337, 4.130374 ], [ 97.963888, 4.130416 ], [ 97.964271, 4.130333 ], [ 97.964468, 4.13025 ], [ 97.964748, 4.130012 ], [ 97.964905, 4.129692 ], [ 97.964885, 4.129422 ], [ 97.964802, 4.129162 ], [ 97.964709, 4.128944 ], [ 97.964523, 4.128798 ], [ 97.964306, 4.128611 ], [ 97.964078, 4.128465 ], [ 97.963944, 4.12835 ], [ 97.963861, 4.128111 ], [ 97.963861, 4.127893 ], [ 97.963965, 4.127592 ], [ 97.964256, 4.127177 ], [ 97.964525, 4.126969 ], [ 97.964867, 4.126845 ], [ 97.965302, 4.126804 ], [ 97.965758, 4.126825 ], [ 97.966131, 4.127013 ], [ 97.966369, 4.127252 ], [ 97.96671, 4.127699 ], [ 97.966865, 4.128188 ], [ 97.96704, 4.128541 ], [ 97.967371, 4.12877 ], [ 97.967765, 4.128854 ], [ 97.968117, 4.128792 ], [ 97.968697, 4.128647 ], [ 97.969029, 4.128596 ], [ 97.969503, 4.128345 ], [ 97.969658, 4.128085 ], [ 97.969804, 4.127743 ], [ 97.969929, 4.127161 ], [ 97.970012, 4.126839 ], [ 97.969981, 4.126538 ], [ 97.969837, 4.126319 ], [ 97.969619, 4.126215 ], [ 97.96934, 4.126163 ], [ 97.96907, 4.126152 ], [ 97.968604, 4.126183 ], [ 97.9682, 4.126296 ], [ 97.967848, 4.1264 ], [ 97.967558, 4.126482 ], [ 97.967289, 4.126482 ], [ 97.966957, 4.126471 ], [ 97.96675, 4.126367 ], [ 97.966488, 4.126021 ], [ 97.966364, 4.125678 ], [ 97.966374, 4.125356 ], [ 97.966458, 4.125024 ], [ 97.966645, 4.124661 ], [ 97.967111, 4.124339 ], [ 97.96823, 4.123779 ], [ 97.969401, 4.123293 ], [ 97.969795, 4.123033 ], [ 97.970398, 4.122569 ], [ 97.970533, 4.122341 ], [ 97.970554, 4.122081 ], [ 97.970502, 4.121853 ], [ 97.970285, 4.121769 ], [ 97.969943, 4.121717 ], [ 97.969456, 4.121706 ], [ 97.969166, 4.121684 ], [ 97.968731, 4.12157 ], [ 97.968462, 4.121403 ], [ 97.968287, 4.121226 ], [ 97.968194, 4.12106 ], [ 97.968152, 4.120966 ], [ 97.967344, 4.120892 ], [ 97.967348, 4.117791 ], [ 97.96296, 4.117762 ], [ 97.957329, 4.106338 ], [ 97.953059, 4.102176 ], [ 97.949224, 4.09848 ], [ 97.947072, 4.097519 ], [ 97.942851, 4.096345 ], [ 97.941226, 4.096204 ], [ 97.941059, 4.096203 ], [ 97.940585, 4.09618 ], [ 97.93724, 4.095756 ], [ 97.936728, 4.0957 ], [ 97.936513, 4.095695 ], [ 97.936457, 4.095712 ], [ 97.936362, 4.095776 ], [ 97.93623, 4.0958 ], [ 97.936091, 4.095789 ], [ 97.935942, 4.095734 ], [ 97.93588, 4.095694 ], [ 97.935767, 4.095598 ], [ 97.935634, 4.095514 ], [ 97.935473, 4.095419 ], [ 97.935373, 4.095375 ], [ 97.93534, 4.09533 ], [ 97.935318, 4.095258 ], [ 97.935318, 4.095129 ], [ 97.935312, 4.09499 ], [ 97.935285, 4.094856 ], [ 97.935207, 4.094745 ], [ 97.935124, 4.094689 ], [ 97.934924, 4.094639 ], [ 97.934796, 4.094633 ], [ 97.934691, 4.094661 ], [ 97.934552, 4.094699 ], [ 97.934441, 4.094749 ], [ 97.934385, 4.094833 ], [ 97.934363, 4.094889 ], [ 97.934346, 4.094956 ], [ 97.934357, 4.095028 ], [ 97.934362, 4.095123 ], [ 97.934335, 4.095206 ], [ 97.934346, 4.09529 ], [ 97.934384, 4.095385 ], [ 97.934351, 4.095442 ], [ 97.934267, 4.095471 ], [ 97.934178, 4.095481 ], [ 97.934108, 4.095495 ], [ 97.934044, 4.09553 ], [ 97.934004, 4.09558 ], [ 97.933945, 4.09561 ], [ 97.933865, 4.09561 ], [ 97.933672, 4.095535 ], [ 97.933489, 4.095485 ], [ 97.933435, 4.09545 ], [ 97.93337, 4.09538 ], [ 97.933346, 4.095271 ], [ 97.933331, 4.095179 ], [ 97.933291, 4.095082 ], [ 97.933101, 4.094921 ], [ 97.933032, 4.094861 ], [ 97.932973, 4.094826 ], [ 97.932859, 4.094786 ], [ 97.932765, 4.094786 ], [ 97.932541, 4.094761 ], [ 97.932353, 4.094741 ], [ 97.932289, 4.094746 ], [ 97.932204, 4.094751 ], [ 97.932145, 4.094755 ], [ 97.932105, 4.094701 ], [ 97.932106, 4.094636 ], [ 97.932111, 4.094571 ], [ 97.932086, 4.094527 ], [ 97.932041, 4.094487 ], [ 97.931977, 4.094472 ], [ 97.931913, 4.094447 ], [ 97.931848, 4.094452 ], [ 97.931749, 4.094462 ], [ 97.931648, 4.094431 ], [ 97.931519, 4.094356 ], [ 97.931385, 4.094336 ], [ 97.931232, 4.094286 ], [ 97.931123, 4.094226 ], [ 97.931073, 4.094157 ], [ 97.931029, 4.094092 ], [ 97.93093, 4.094057 ], [ 97.930816, 4.094062 ], [ 97.930751, 4.094116 ], [ 97.930721, 4.094206 ], [ 97.930682, 4.094315 ], [ 97.930604, 4.094445 ], [ 97.930498, 4.094479 ], [ 97.930359, 4.094474 ], [ 97.930201, 4.094474 ], [ 97.929973, 4.094478 ], [ 97.929675, 4.094508 ], [ 97.929492, 4.094468 ], [ 97.929333, 4.094403 ], [ 97.929249, 4.094293 ], [ 97.929215, 4.094189 ], [ 97.92923, 4.094104 ], [ 97.92924, 4.09396 ], [ 97.92927, 4.093856 ], [ 97.929285, 4.093786 ], [ 97.929324, 4.093717 ], [ 97.929325, 4.093632 ], [ 97.929335, 4.093478 ], [ 97.929346, 4.093312 ], [ 97.929396, 4.093249 ], [ 97.929422, 4.09316 ], [ 97.929378, 4.093053 ], [ 97.929308, 4.093027 ], [ 97.929131, 4.093027 ], [ 97.929056, 4.093033 ], [ 97.928992, 4.09309 ], [ 97.928973, 4.093154 ], [ 97.928967, 4.093223 ], [ 97.928954, 4.093299 ], [ 97.92886, 4.09335 ], [ 97.928784, 4.093324 ], [ 97.928778, 4.093242 ], [ 97.928784, 4.093088 ], [ 97.928847, 4.09298 ], [ 97.928929, 4.09286 ], [ 97.929062, 4.092765 ], [ 97.929182, 4.092657 ], [ 97.929258, 4.092588 ], [ 97.929245, 4.092499 ], [ 97.929163, 4.092429 ], [ 97.929088, 4.092429 ], [ 97.928974, 4.092423 ], [ 97.92893, 4.092379 ], [ 97.92893, 4.092302 ], [ 97.928968, 4.092233 ], [ 97.929031, 4.092182 ], [ 97.929094, 4.0921 ], [ 97.92912, 4.092018 ], [ 97.929076, 4.091929 ], [ 97.928994, 4.091866 ], [ 97.928836, 4.091878 ], [ 97.928665, 4.09184 ], [ 97.92864, 4.091783 ], [ 97.928609, 4.091694 ], [ 97.928584, 4.091637 ], [ 97.928508, 4.091637 ], [ 97.928407, 4.091656 ], [ 97.928281, 4.091611 ], [ 97.928148, 4.091554 ], [ 97.928028, 4.091497 ], [ 97.927896, 4.091497 ], [ 97.927744, 4.091497 ], [ 97.927567, 4.091534 ], [ 97.927381, 4.09158 ], [ 97.92728, 4.091631 ], [ 97.927211, 4.0917 ], [ 97.927027, 4.091922 ], [ 97.926926, 4.092073 ], [ 97.926838, 4.092219 ], [ 97.926762, 4.092339 ], [ 97.926661, 4.092396 ], [ 97.926572, 4.092415 ], [ 97.926452, 4.092421 ], [ 97.926313, 4.092408 ], [ 97.926225, 4.092446 ], [ 97.926181, 4.092516 ], [ 97.926149, 4.092585 ], [ 97.926054, 4.092794 ], [ 97.925991, 4.092895 ], [ 97.92589, 4.092984 ], [ 97.925782, 4.093066 ], [ 97.925725, 4.093117 ], [ 97.925624, 4.093123 ], [ 97.925574, 4.093072 ], [ 97.925549, 4.09299 ], [ 97.925549, 4.092895 ], [ 97.925568, 4.092794 ], [ 97.925543, 4.092718 ], [ 97.925473, 4.092673 ], [ 97.925416, 4.092705 ], [ 97.925378, 4.092762 ], [ 97.925328, 4.092907 ], [ 97.92529, 4.093053 ], [ 97.925252, 4.093167 ], [ 97.925214, 4.093274 ], [ 97.925176, 4.09335 ], [ 97.925081, 4.093369 ], [ 97.925018, 4.09335 ], [ 97.92486, 4.093293 ], [ 97.924778, 4.093166 ], [ 97.92474, 4.093008 ], [ 97.924753, 4.092894 ], [ 97.924804, 4.092824 ], [ 97.924886, 4.092824 ], [ 97.924943, 4.092755 ], [ 97.924981, 4.092654 ], [ 97.924975, 4.092423 ], [ 97.924962, 4.092321 ], [ 97.924899, 4.092258 ], [ 97.924824, 4.09222 ], [ 97.92471, 4.092163 ], [ 97.92459, 4.092112 ], [ 97.924483, 4.092036 ], [ 97.924388, 4.091922 ], [ 97.924332, 4.091852 ], [ 97.924294, 4.091751 ], [ 97.924307, 4.091662 ], [ 97.924345, 4.091605 ], [ 97.924401, 4.091586 ], [ 97.924477, 4.09158 ], [ 97.924543, 4.091529 ], [ 97.924566, 4.091485 ], [ 97.924566, 4.091441 ], [ 97.924547, 4.091377 ], [ 97.924548, 4.091258 ], [ 97.92451, 4.091129 ], [ 97.924407, 4.091012 ], [ 97.924291, 4.090999 ], [ 97.924163, 4.091064 ], [ 97.924021, 4.091102 ], [ 97.923931, 4.091089 ], [ 97.923887, 4.090891 ], [ 97.923924, 4.090818 ], [ 97.923988, 4.090781 ], [ 97.924061, 4.090754 ], [ 97.924116, 4.090708 ], [ 97.924171, 4.090644 ], [ 97.92418, 4.09057 ], [ 97.924153, 4.09047 ], [ 97.92397, 4.090359 ], [ 97.923833, 4.090295 ], [ 97.923732, 4.090221 ], [ 97.92365, 4.090102 ], [ 97.923605, 4.089974 ], [ 97.923541, 4.089845 ], [ 97.92345, 4.089753 ], [ 97.923312, 4.089735 ], [ 97.923175, 4.089762 ], [ 97.923139, 4.089854 ], [ 97.923138, 4.089955 ], [ 97.923147, 4.090028 ], [ 97.92323, 4.090202 ], [ 97.923229, 4.090331 ], [ 97.923193, 4.090459 ], [ 97.923101, 4.090532 ], [ 97.922973, 4.090541 ], [ 97.922799, 4.090541 ], [ 97.922745, 4.090449 ], [ 97.922772, 4.090303 ], [ 97.922818, 4.090165 ], [ 97.922855, 4.090046 ], [ 97.922883, 4.089899 ], [ 97.922892, 4.089753 ], [ 97.922874, 4.089642 ], [ 97.922792, 4.089551 ], [ 97.9227, 4.089486 ], [ 97.922627, 4.089394 ], [ 97.922646, 4.089321 ], [ 97.922737, 4.089257 ], [ 97.922893, 4.089193 ], [ 97.923066, 4.089175 ], [ 97.923167, 4.089148 ], [ 97.923268, 4.089102 ], [ 97.923313, 4.088983 ], [ 97.923286, 4.088818 ], [ 97.923177, 4.08868 ], [ 97.923012, 4.08857 ], [ 97.922848, 4.08845 ], [ 97.922711, 4.088331 ], [ 97.922583, 4.088303 ], [ 97.922482, 4.08833 ], [ 97.922427, 4.088449 ], [ 97.922418, 4.088605 ], [ 97.922409, 4.088743 ], [ 97.922345, 4.088825 ], [ 97.922006, 4.088843 ], [ 97.921897, 4.088641 ], [ 97.921815, 4.08854 ], [ 97.921702, 4.088484 ], [ 97.921539, 4.088462 ], [ 97.921371, 4.088481 ], [ 97.921202, 4.088503 ], [ 97.92112, 4.088512 ], [ 97.92099, 4.08849 ], [ 97.920889, 4.088433 ], [ 97.920887, 4.088348 ], [ 97.921017, 4.088223 ], [ 97.921095, 4.088158 ], [ 97.921114, 4.088037 ], [ 97.921079, 4.08785 ], [ 97.920908, 4.08758 ], [ 97.920762, 4.087445 ], [ 97.920607, 4.087314 ], [ 97.920507, 4.087195 ], [ 97.920415, 4.087113 ], [ 97.92033, 4.087106 ], [ 97.920278, 4.087181 ], [ 97.920259, 4.08734 ], [ 97.920252, 4.087506 ], [ 97.920261, 4.087674 ], [ 97.920204, 4.087805 ], [ 97.920114, 4.087883 ], [ 97.919985, 4.087873 ], [ 97.919893, 4.087772 ], [ 97.919832, 4.087583 ], [ 97.919821, 4.087313 ], [ 97.919839, 4.087157 ], [ 97.919881, 4.086871 ], [ 97.919867, 4.08668 ], [ 97.91984, 4.086585 ], [ 97.919767, 4.08646 ], [ 97.919593, 4.086396 ], [ 97.91931, 4.086386 ], [ 97.919045, 4.086322 ], [ 97.918917, 4.086248 ], [ 97.918872, 4.086129 ], [ 97.918844, 4.085973 ], [ 97.918872, 4.085844 ], [ 97.918927, 4.085753 ], [ 97.918941, 4.085638 ], [ 97.918946, 4.085505 ], [ 97.918928, 4.085221 ], [ 97.918831, 4.085183 ], [ 97.918751, 4.0852 ], [ 97.918648, 4.085188 ], [ 97.918539, 4.085165 ], [ 97.918465, 4.085125 ], [ 97.918402, 4.085044 ], [ 97.91831, 4.084916 ], [ 97.918304, 4.084824 ], [ 97.918333, 4.084744 ], [ 97.91835, 4.084658 ], [ 97.91835, 4.084561 ], [ 97.91831, 4.084469 ], [ 97.918248, 4.084423 ], [ 97.918145, 4.084434 ], [ 97.91803, 4.084463 ], [ 97.91791, 4.084503 ], [ 97.917802, 4.084537 ], [ 97.917682, 4.084531 ], [ 97.917591, 4.084482 ], [ 97.91751, 4.084422 ], [ 97.917499, 4.084315 ], [ 97.917535, 4.084223 ], [ 97.917641, 4.084104 ], [ 97.917778, 4.084001 ], [ 97.917887, 4.083858 ], [ 97.917864, 4.083737 ], [ 97.917749, 4.083647 ], [ 97.917579, 4.083605 ], [ 97.917305, 4.083605 ], [ 97.917087, 4.083582 ], [ 97.916927, 4.083507 ], [ 97.916745, 4.083392 ], [ 97.916568, 4.083231 ], [ 97.916419, 4.083156 ], [ 97.916362, 4.083065 ], [ 97.916345, 4.083013 ], [ 97.916345, 4.082904 ], [ 97.91638, 4.082834 ], [ 97.916403, 4.082759 ], [ 97.916391, 4.082679 ], [ 97.916346, 4.082639 ], [ 97.916277, 4.082622 ], [ 97.916231, 4.082621 ], [ 97.916168, 4.082604 ], [ 97.916094, 4.082535 ], [ 97.916094, 4.082455 ], [ 97.916123, 4.082352 ], [ 97.916146, 4.082272 ], [ 97.916163, 4.082174 ], [ 97.916163, 4.082082 ], [ 97.916146, 4.081996 ], [ 97.916112, 4.081939 ], [ 97.916044, 4.081887 ], [ 97.915912, 4.081844 ], [ 97.915885, 4.081793 ], [ 97.915907, 4.081745 ], [ 97.915947, 4.081689 ], [ 97.916004, 4.081574 ], [ 97.916044, 4.081454 ], [ 97.916061, 4.081362 ], [ 97.916039, 4.081282 ], [ 97.916027, 4.081144 ], [ 97.916062, 4.08103 ], [ 97.916079, 4.080921 ], [ 97.916079, 4.080846 ], [ 97.916039, 4.080812 ], [ 97.915999, 4.080823 ], [ 97.915953, 4.080858 ], [ 97.915913, 4.080921 ], [ 97.915839, 4.081029 ], [ 97.915816, 4.081087 ], [ 97.91577, 4.081144 ], [ 97.915713, 4.081138 ], [ 97.915707, 4.081069 ], [ 97.91573, 4.080989 ], [ 97.91573, 4.080903 ], [ 97.915748, 4.0808 ], [ 97.915788, 4.080725 ], [ 97.915845, 4.080685 ], [ 97.915891, 4.080657 ], [ 97.915942, 4.080628 ], [ 97.915942, 4.080588 ], [ 97.915925, 4.080531 ], [ 97.915868, 4.080508 ], [ 97.915742, 4.080467 ], [ 97.915668, 4.080444 ], [ 97.9156, 4.080438 ], [ 97.915525, 4.080444 ], [ 97.915445, 4.080433 ], [ 97.915394, 4.080392 ], [ 97.915388, 4.080329 ], [ 97.915428, 4.080295 ], [ 97.915474, 4.080283 ], [ 97.915554, 4.080278 ], [ 97.915634, 4.080284 ], [ 97.915726, 4.080301 ], [ 97.915794, 4.080341 ], [ 97.915845, 4.080387 ], [ 97.915897, 4.080439 ], [ 97.915943, 4.080433 ], [ 97.915965, 4.080382 ], [ 97.915966, 4.080301 ], [ 97.91596, 4.08021 ], [ 97.915914, 4.080118 ], [ 97.91587, 4.079928 ], [ 97.91585, 4.079872 ], [ 97.915835, 4.079831 ], [ 97.91585, 4.079764 ], [ 97.915896, 4.079698 ], [ 97.915963, 4.079652 ], [ 97.915993, 4.079611 ], [ 97.916034, 4.079555 ], [ 97.91606, 4.079493 ], [ 97.91607, 4.079396 ], [ 97.916065, 4.079319 ], [ 97.91604, 4.079248 ], [ 97.915984, 4.079181 ], [ 97.915907, 4.079155 ], [ 97.915856, 4.07912 ], [ 97.915841, 4.079043 ], [ 97.915862, 4.078956 ], [ 97.915902, 4.078894 ], [ 97.915954, 4.078859 ], [ 97.916015, 4.078838 ], [ 97.916096, 4.078787 ], [ 97.916158, 4.078716 ], [ 97.916183, 4.078654 ], [ 97.916183, 4.078557 ], [ 97.916132, 4.078496 ], [ 97.916061, 4.078455 ], [ 97.91598, 4.078449 ], [ 97.915913, 4.078454 ], [ 97.915867, 4.07849 ], [ 97.915842, 4.078557 ], [ 97.91577, 4.078623 ], [ 97.915643, 4.078651 ], [ 97.915576, 4.07861 ], [ 97.91548, 4.078543 ], [ 97.915403, 4.078436 ], [ 97.915332, 4.078323 ], [ 97.915286, 4.078195 ], [ 97.915276, 4.078072 ], [ 97.91526, 4.077854 ], [ 97.91524, 4.077762 ], [ 97.915194, 4.077634 ], [ 97.915148, 4.077516 ], [ 97.915141, 4.077431 ], [ 97.915184, 4.077363 ], [ 97.915245, 4.077266 ], [ 97.915271, 4.077194 ], [ 97.915302, 4.077112 ], [ 97.915317, 4.07702 ], [ 97.915312, 4.076954 ], [ 97.915261, 4.076902 ], [ 97.9152, 4.076892 ], [ 97.915113, 4.076887 ], [ 97.915042, 4.076902 ], [ 97.914945, 4.076958 ], [ 97.914868, 4.077035 ], [ 97.914833, 4.077117 ], [ 97.914792, 4.077188 ], [ 97.914735, 4.07725 ], [ 97.914659, 4.07728 ], [ 97.914432, 4.07727 ], [ 97.91434, 4.077295 ], [ 97.914274, 4.077356 ], [ 97.914243, 4.077413 ], [ 97.914218, 4.077474 ], [ 97.914172, 4.077494 ], [ 97.914116, 4.077479 ], [ 97.914059, 4.077402 ], [ 97.914039, 4.077361 ], [ 97.913998, 4.077356 ], [ 97.913963, 4.077376 ], [ 97.913942, 4.077407 ], [ 97.913917, 4.077438 ], [ 97.913876, 4.077484 ], [ 97.913804, 4.077519 ], [ 97.913733, 4.07755 ], [ 97.913626, 4.07757 ], [ 97.913524, 4.07756 ], [ 97.913457, 4.077555 ], [ 97.913373, 4.07755 ], [ 97.91332, 4.077519 ], [ 97.913274, 4.077462 ], [ 97.913203, 4.077406 ], [ 97.913101, 4.07735 ], [ 97.913045, 4.077278 ], [ 97.912948, 4.077201 ], [ 97.912764, 4.077093 ], [ 97.912698, 4.077037 ], [ 97.912673, 4.076981 ], [ 97.912668, 4.076914 ], [ 97.912673, 4.076858 ], [ 97.912698, 4.076776 ], [ 97.912714, 4.076725 ], [ 97.91275, 4.076674 ], [ 97.91277, 4.076623 ], [ 97.912765, 4.076571 ], [ 97.912729, 4.07652 ], [ 97.912663, 4.076505 ], [ 97.912571, 4.07651 ], [ 97.912468, 4.076517 ], [ 97.912381, 4.076517 ], [ 97.912325, 4.076507 ], [ 97.912274, 4.076481 ], [ 97.912274, 4.07642 ], [ 97.91229, 4.076363 ], [ 97.91231, 4.076307 ], [ 97.912341, 4.076261 ], [ 97.912387, 4.076236 ], [ 97.912412, 4.076205 ], [ 97.912412, 4.076159 ], [ 97.912392, 4.076123 ], [ 97.912336, 4.076123 ], [ 97.912234, 4.076154 ], [ 97.912193, 4.076189 ], [ 97.912142, 4.076205 ], [ 97.912096, 4.076189 ], [ 97.912055, 4.076143 ], [ 97.912009, 4.076071 ], [ 97.911913, 4.076005 ], [ 97.911826, 4.075964 ], [ 97.91176, 4.075892 ], [ 97.911739, 4.075836 ], [ 97.911719, 4.075759 ], [ 97.911709, 4.075692 ], [ 97.911663, 4.075621 ], [ 97.911597, 4.075585 ], [ 97.91152, 4.07558 ], [ 97.911413, 4.075579 ], [ 97.911342, 4.075559 ], [ 97.911286, 4.075528 ], [ 97.911209, 4.075518 ], [ 97.911128, 4.075518 ], [ 97.910995, 4.075538 ], [ 97.910862, 4.075553 ], [ 97.910771, 4.075558 ], [ 97.910689, 4.075548 ], [ 97.910638, 4.075502 ], [ 97.910643, 4.075461 ], [ 97.910643, 4.075399 ], [ 97.910608, 4.075322 ], [ 97.910501, 4.075302 ], [ 97.910414, 4.07532 ], [ 97.910321, 4.075357 ], [ 97.910237, 4.075385 ], [ 97.910203, 4.075354 ], [ 97.910247, 4.075227 ], [ 97.910219, 4.075125 ], [ 97.910098, 4.075087 ], [ 97.909996, 4.075087 ], [ 97.909783, 4.07505 ], [ 97.909579, 4.075096 ], [ 97.909431, 4.075179 ], [ 97.909226, 4.075216 ], [ 97.909032, 4.07517 ], [ 97.908837, 4.075169 ], [ 97.908716, 4.075225 ], [ 97.908614, 4.075337 ], [ 97.908531, 4.075383 ], [ 97.908438, 4.075373 ], [ 97.908289, 4.075317 ], [ 97.908169, 4.075234 ], [ 97.908076, 4.075112 ], [ 97.907928, 4.075019 ], [ 97.907706, 4.075028 ], [ 97.907539, 4.075065 ], [ 97.907372, 4.075121 ], [ 97.907205, 4.075148 ], [ 97.907047, 4.07512 ], [ 97.906917, 4.075055 ], [ 97.906728, 4.074932 ], [ 97.906609, 4.074746 ], [ 97.906464, 4.074547 ], [ 97.906411, 4.074361 ], [ 97.906318, 4.074254 ], [ 97.90616, 4.074188 ], [ 97.90608, 4.074121 ], [ 97.906014, 4.074001 ], [ 97.905908, 4.073988 ], [ 97.905749, 4.074001 ], [ 97.905604, 4.074041 ], [ 97.905485, 4.074001 ], [ 97.905432, 4.073921 ], [ 97.905405, 4.073815 ], [ 97.905353, 4.073668 ], [ 97.90526, 4.073629 ], [ 97.905154, 4.073708 ], [ 97.905088, 4.073801 ], [ 97.905035, 4.073881 ], [ 97.904915, 4.07396 ], [ 97.904796, 4.07408 ], [ 97.904703, 4.074199 ], [ 97.90461, 4.074212 ], [ 97.904558, 4.074132 ], [ 97.904478, 4.074026 ], [ 97.904319, 4.073973 ], [ 97.904161, 4.073959 ], [ 97.904041, 4.073999 ], [ 97.903962, 4.074025 ], [ 97.903843, 4.074025 ], [ 97.903604, 4.074025 ], [ 97.903459, 4.074024 ], [ 97.903313, 4.074091 ], [ 97.903207, 4.07413 ], [ 97.903022, 4.074117 ], [ 97.902903, 4.07413 ], [ 97.902757, 4.074156 ], [ 97.902638, 4.074196 ], [ 97.902558, 4.074382 ], [ 97.902465, 4.074475 ], [ 97.90228, 4.074435 ], [ 97.902055, 4.074461 ], [ 97.901962, 4.074567 ], [ 97.901895, 4.07474 ], [ 97.901829, 4.074992 ], [ 97.901657, 4.075071 ], [ 97.901382, 4.075011 ], [ 97.90118, 4.074757 ], [ 97.901045, 4.074537 ], [ 97.900911, 4.074097 ], [ 97.900557, 4.074029 ], [ 97.900337, 4.074147 ], [ 97.90005, 4.074248 ], [ 97.89965, 4.074277 ], [ 97.899359, 4.074315 ], [ 97.899123, 4.074162 ], [ 97.899056, 4.073959 ], [ 97.898915, 4.073542 ], [ 97.898922, 4.07313 ], [ 97.898804, 4.07274 ], [ 97.898248, 4.072367 ], [ 97.897961, 4.071959 ], [ 97.897425, 4.071269 ], [ 97.896932, 4.070729 ], [ 97.896717, 4.070276 ], [ 97.896589, 4.069866 ], [ 97.896547, 4.069543 ], [ 97.896612, 4.068983 ], [ 97.896376, 4.068249 ], [ 97.896377, 4.067689 ], [ 97.896421, 4.067344 ], [ 97.896529, 4.06687 ], [ 97.896508, 4.066374 ], [ 97.896681, 4.065793 ], [ 97.896724, 4.065426 ], [ 97.896316, 4.065189 ], [ 97.895607, 4.065101 ], [ 97.894834, 4.065122 ], [ 97.894082, 4.064905 ], [ 97.893481, 4.064689 ], [ 97.892943, 4.064167 ], [ 97.892751, 4.06352 ], [ 97.892515, 4.06311 ], [ 97.892258, 4.0627 ], [ 97.891549, 4.062441 ], [ 97.891077, 4.062289 ], [ 97.890346, 4.062073 ], [ 97.889702, 4.061878 ], [ 97.888908, 4.061575 ], [ 97.888092, 4.061186 ], [ 97.887462, 4.060442 ], [ 97.881412, 4.059038 ], [ 97.88083, 4.058945 ], [ 97.880308, 4.058945 ], [ 97.879909, 4.058975 ], [ 97.879449, 4.059005 ], [ 97.878989, 4.058943 ], [ 97.878131, 4.058726 ], [ 97.877456, 4.058479 ], [ 97.876905, 4.058048 ], [ 97.876353, 4.058047 ], [ 97.874922, 4.058397 ], [ 97.87386, 4.058288 ], [ 97.872481, 4.057671 ], [ 97.871469, 4.057269 ], [ 97.870857, 4.056715 ], [ 97.870699, 4.055781 ], [ 97.870394, 4.054242 ], [ 97.869507, 4.052856 ], [ 97.868527, 4.051501 ], [ 97.867884, 4.051162 ], [ 97.867301, 4.051284 ], [ 97.866779, 4.051376 ], [ 97.866258, 4.051375 ], [ 97.865706, 4.051067 ], [ 97.865124, 4.050697 ], [ 97.864358, 4.050203 ], [ 97.863776, 4.049926 ], [ 97.862948, 4.049832 ], [ 97.862119, 4.049985 ], [ 97.861444, 4.050261 ], [ 97.860492, 4.050998 ], [ 97.859864, 4.051078 ], [ 97.85879, 4.050892 ], [ 97.858024, 4.05046 ], [ 97.857442, 4.050305 ], [ 97.85689, 4.050274 ], [ 97.855878, 4.050272 ], [ 97.853793, 4.049715 ], [ 97.851126, 4.048512 ], [ 97.839153, 4.045978 ], [ 97.832007, 4.045209 ], [ 97.829144, 4.044517 ], [ 97.828266, 4.044199 ], [ 97.827867, 4.043921 ], [ 97.827347, 4.043336 ], [ 97.826703, 4.04315 ], [ 97.822213, 4.041856 ], [ 97.821251, 4.041328 ], [ 97.820331, 4.04137 ], [ 97.819674, 4.041589 ], [ 97.818973, 4.042203 ], [ 97.818315, 4.042817 ], [ 97.817395, 4.043606 ], [ 97.816868, 4.044517 ], [ 97.816152, 4.044517 ], [ 97.815495, 4.044211 ], [ 97.814752, 4.043991 ], [ 97.814139, 4.043639 ], [ 97.813614, 4.043462 ], [ 97.813176, 4.043461 ], [ 97.812432, 4.043416 ], [ 97.811776, 4.04324 ], [ 97.811032, 4.042843 ], [ 97.810376, 4.042535 ], [ 97.80972, 4.042007 ], [ 97.809151, 4.04183 ], [ 97.808188, 4.041609 ], [ 97.807138, 4.040993 ], [ 97.802184, 4.039269 ], [ 97.800682, 4.039007 ], [ 97.799433, 4.038629 ], [ 97.798246, 4.038251 ], [ 97.797059, 4.037999 ], [ 97.794935, 4.037494 ], [ 97.793092, 4.037032 ], [ 97.792923, 4.037808 ], [ 97.792678, 4.040591 ], [ 97.792797, 4.042043 ], [ 97.793157, 4.043012 ], [ 97.793396, 4.044101 ], [ 97.793033, 4.04519 ], [ 97.79291, 4.046642 ], [ 97.79315, 4.04761 ], [ 97.793751, 4.048579 ], [ 97.794835, 4.049186 ], [ 97.795315, 4.050155 ], [ 97.794952, 4.051244 ], [ 97.794227, 4.052816 ], [ 97.794104, 4.054389 ], [ 97.794585, 4.054995 ], [ 97.794945, 4.056205 ], [ 97.794702, 4.057536 ], [ 97.794218, 4.058625 ], [ 97.793372, 4.060076 ], [ 97.792527, 4.061527 ], [ 97.792163, 4.06322 ], [ 97.79216, 4.064793 ], [ 97.792521, 4.06552 ], [ 97.793483, 4.066611 ], [ 97.79312, 4.06782 ], [ 97.792757, 4.068667 ], [ 97.792633, 4.070845 ], [ 97.791546, 4.072538 ], [ 97.7907, 4.073898 ], [ 97.788275, 4.083818 ], [ 97.785616, 4.088775 ], [ 97.782594, 4.095003 ], [ 97.781747, 4.097543 ], [ 97.781142, 4.098753 ], [ 97.780898, 4.100688 ], [ 97.780415, 4.101172 ], [ 97.779689, 4.102986 ], [ 97.779204, 4.105042 ], [ 97.778478, 4.106978 ], [ 97.778253, 4.107428 ], [ 97.777846, 4.108241 ], [ 97.77711, 4.108354 ], [ 97.776445, 4.108531 ], [ 97.775893, 4.108679 ], [ 97.774578, 4.109041 ], [ 97.773174, 4.10948 ], [ 97.772259, 4.109888 ], [ 97.771076, 4.110415 ], [ 97.770088, 4.1109 ], [ 97.769237, 4.111318 ], [ 97.767904, 4.111688 ], [ 97.766712, 4.112019 ], [ 97.766029, 4.112208 ], [ 97.765216, 4.112434 ], [ 97.764478, 4.112611 ], [ 97.763474, 4.112852 ], [ 97.761893, 4.113464 ], [ 97.760846, 4.114087 ], [ 97.758668, 4.115692 ], [ 97.757014, 4.116983 ], [ 97.755424, 4.118309 ], [ 97.754176, 4.119534 ], [ 97.752159, 4.121647 ], [ 97.75, 4.124051 ], [ 97.748508, 4.126866 ], [ 97.746657, 4.130341 ], [ 97.745513, 4.132139 ], [ 97.744301, 4.132928 ], [ 97.738117, 4.136956 ], [ 97.734496, 4.140339 ], [ 97.731237, 4.143692 ], [ 97.729547, 4.145383 ], [ 97.728214, 4.149496 ], [ 97.727852, 4.150221 ], [ 97.728089, 4.152279 ], [ 97.728328, 4.153852 ], [ 97.728325, 4.155547 ], [ 97.726998, 4.156271 ], [ 97.725671, 4.157358 ], [ 97.725547, 4.159415 ], [ 97.725183, 4.160624 ], [ 97.724097, 4.16147 ], [ 97.723613, 4.162679 ], [ 97.723368, 4.165099 ], [ 97.723004, 4.166671 ], [ 97.721677, 4.167395 ], [ 97.720589, 4.169209 ], [ 97.720828, 4.170661 ], [ 97.720827, 4.171388 ], [ 97.72179, 4.172115 ], [ 97.721788, 4.173083 ], [ 97.721908, 4.17381 ], [ 97.721785, 4.175141 ], [ 97.72094, 4.175986 ], [ 97.720094, 4.177195 ], [ 97.71937, 4.178192 ], [ 97.718645, 4.17928 ], [ 97.71828, 4.180974 ], [ 97.71876, 4.182427 ], [ 97.718397, 4.183273 ], [ 97.718395, 4.184604 ], [ 97.718513, 4.186057 ], [ 97.718149, 4.187629 ], [ 97.717304, 4.188475 ], [ 97.716699, 4.189805 ], [ 97.716577, 4.191136 ], [ 97.716575, 4.192225 ], [ 97.716331, 4.193798 ], [ 97.715967, 4.195492 ], [ 97.716204, 4.197549 ], [ 97.717045, 4.199245 ], [ 97.717044, 4.200334 ], [ 97.7168, 4.201544 ], [ 97.715473, 4.20251 ], [ 97.71511, 4.203114 ], [ 97.714747, 4.204082 ] ] ] ] } },
{ "type": "Feature", "properties": { "KEC": "KEC. MANYAK PAYED", "LUAS": 22210.6, "LUAS_KM": 222.11 }, "geometry": { "type": "MultiPolygon", "coordinates": [ [ [ [ 97.784861, 4.35075 ], [ 97.785902, 4.351064 ], [ 97.787206, 4.35167 ], [ 97.787765, 4.352182 ], [ 97.788208, 4.353067 ], [ 97.789093, 4.353976 ], [ 97.790094, 4.354791 ], [ 97.790467, 4.35549 ], [ 97.791655, 4.357027 ], [ 97.792796, 4.357888 ], [ 97.793448, 4.358634 ], [ 97.795009, 4.359286 ], [ 97.795242, 4.359612 ], [ 97.796243, 4.360683 ], [ 97.796895, 4.361219 ], [ 97.798362, 4.361335 ], [ 97.799341, 4.362011 ], [ 97.801041, 4.363129 ], [ 97.802042, 4.363548 ], [ 97.80316, 4.363059 ], [ 97.804558, 4.36257 ], [ 97.805303, 4.361941 ], [ 97.806398, 4.360893 ], [ 97.80698, 4.360357 ], [ 97.807749, 4.360334 ], [ 97.809682, 4.360381 ], [ 97.812756, 4.36073 ], [ 97.815924, 4.361545 ], [ 97.818413, 4.362436 ], [ 97.818961, 4.362712 ], [ 97.82048, 4.363478 ], [ 97.821702, 4.363763 ], [ 97.822831, 4.363576 ], [ 97.823583, 4.36386 ], [ 97.823675, 4.364993 ], [ 97.823768, 4.365748 ], [ 97.824614, 4.366151 ], [ 97.82499, 4.366246 ], [ 97.826776, 4.366626 ], [ 97.827527, 4.367382 ], [ 97.828184, 4.367855 ], [ 97.8295, 4.368518 ], [ 97.829968, 4.369935 ], [ 97.830624, 4.370974 ], [ 97.831562, 4.372486 ], [ 97.832314, 4.373053 ], [ 97.833348, 4.373244 ], [ 97.8341, 4.373056 ], [ 97.835135, 4.373058 ], [ 97.836451, 4.372871 ], [ 97.836827, 4.373061 ], [ 97.837672, 4.374289 ], [ 97.838705, 4.375046 ], [ 97.839832, 4.375708 ], [ 97.841899, 4.376844 ], [ 97.843497, 4.377602 ], [ 97.844625, 4.378076 ], [ 97.846128, 4.37855 ], [ 97.84735, 4.379307 ], [ 97.848006, 4.380441 ], [ 97.848757, 4.381575 ], [ 97.84932, 4.382614 ], [ 97.849789, 4.382803 ], [ 97.850354, 4.382238 ], [ 97.85045, 4.381577 ], [ 97.85092, 4.381389 ], [ 97.851295, 4.381956 ], [ 97.851577, 4.382523 ], [ 97.852234, 4.383184 ], [ 97.852704, 4.383563 ], [ 97.85289, 4.384507 ], [ 97.852606, 4.385639 ], [ 97.852606, 4.386111 ], [ 97.853075, 4.386773 ], [ 97.854109, 4.38668 ], [ 97.854862, 4.386209 ], [ 97.855428, 4.386555 ], [ 97.854671, 4.388097 ], [ 97.8542, 4.38904 ], [ 97.854574, 4.390456 ], [ 97.854431, 4.391589 ], [ 97.854994, 4.392156 ], [ 97.855559, 4.391968 ], [ 97.856029, 4.391874 ], [ 97.856405, 4.392158 ], [ 97.856876, 4.391781 ], [ 97.857453, 4.391521 ], [ 97.857695, 4.391219 ], [ 97.858118, 4.390736 ], [ 97.85854, 4.390192 ], [ 97.858963, 4.389527 ], [ 97.859326, 4.388922 ], [ 97.859026, 4.388317 ], [ 97.859388, 4.387864 ], [ 97.860172, 4.387865 ], [ 97.860835, 4.387866 ], [ 97.861317, 4.388169 ], [ 97.861436, 4.388835 ], [ 97.862039, 4.388775 ], [ 97.862642, 4.388655 ], [ 97.863004, 4.388232 ], [ 97.863487, 4.388233 ], [ 97.863607, 4.388475 ], [ 97.863727, 4.388838 ], [ 97.864028, 4.389383 ], [ 97.86445, 4.389444 ], [ 97.864631, 4.389263 ], [ 97.864812, 4.388961 ], [ 97.865475, 4.389022 ], [ 97.865897, 4.389144 ], [ 97.866198, 4.389326 ], [ 97.866681, 4.389024 ], [ 97.867163, 4.389085 ], [ 97.867584, 4.389328 ], [ 97.867825, 4.38951 ], [ 97.86885, 4.389874 ], [ 97.869333, 4.389391 ], [ 97.869635, 4.388605 ], [ 97.870118, 4.388243 ], [ 97.870842, 4.388002 ], [ 97.871505, 4.387821 ], [ 97.872168, 4.387943 ], [ 97.872529, 4.388428 ], [ 97.87301, 4.389578 ], [ 97.873672, 4.390245 ], [ 97.874576, 4.390488 ], [ 97.874997, 4.390912 ], [ 97.875478, 4.391639 ], [ 97.87596, 4.392185 ], [ 97.876623, 4.392064 ], [ 97.877045, 4.392065 ], [ 97.877406, 4.392429 ], [ 97.878249, 4.392914 ], [ 97.87861, 4.39352 ], [ 97.87867, 4.394004 ], [ 97.879212, 4.393944 ], [ 97.879936, 4.393703 ], [ 97.880539, 4.393886 ], [ 97.881322, 4.394129 ], [ 97.882166, 4.394009 ], [ 97.882649, 4.393647 ], [ 97.883132, 4.393163 ], [ 97.883795, 4.393225 ], [ 97.884699, 4.39365 ], [ 97.885362, 4.393772 ], [ 97.885964, 4.394075 ], [ 97.886506, 4.394258 ], [ 97.886747, 4.394561 ], [ 97.887229, 4.394985 ], [ 97.887651, 4.395046 ], [ 97.887831, 4.395167 ], [ 97.888555, 4.394866 ], [ 97.889038, 4.394746 ], [ 97.889459, 4.39517 ], [ 97.890001, 4.395776 ], [ 97.890663, 4.3962 ], [ 97.891748, 4.396565 ], [ 97.892711, 4.397172 ], [ 97.893374, 4.397657 ], [ 97.893917, 4.397294 ], [ 97.893978, 4.396992 ], [ 97.894341, 4.396206 ], [ 97.894944, 4.396086 ], [ 97.895787, 4.396268 ], [ 97.896571, 4.39627 ], [ 97.896873, 4.395544 ], [ 97.897356, 4.395545 ], [ 97.897958, 4.39609 ], [ 97.899163, 4.396697 ], [ 97.900006, 4.397001 ], [ 97.90085, 4.397426 ], [ 97.901513, 4.397185 ], [ 97.901936, 4.396641 ], [ 97.902539, 4.396702 ], [ 97.903322, 4.397127 ], [ 97.904346, 4.397673 ], [ 97.904647, 4.397976 ], [ 97.905913, 4.398039 ], [ 97.906516, 4.397797 ], [ 97.9073, 4.397496 ], [ 97.908024, 4.397255 ], [ 97.908264, 4.397497 ], [ 97.908505, 4.398042 ], [ 97.908987, 4.398043 ], [ 97.909289, 4.39756 ], [ 97.909652, 4.396834 ], [ 97.909894, 4.396471 ], [ 97.909834, 4.395926 ], [ 97.909293, 4.39526 ], [ 97.909293, 4.394655 ], [ 97.909897, 4.394111 ], [ 97.910379, 4.394293 ], [ 97.9108, 4.395081 ], [ 97.911462, 4.395808 ], [ 97.912065, 4.396051 ], [ 97.912185, 4.39587 ], [ 97.912246, 4.395386 ], [ 97.912608, 4.395265 ], [ 97.91303, 4.395326 ], [ 97.913632, 4.39569 ], [ 97.914236, 4.39557 ], [ 97.914658, 4.395208 ], [ 97.91496, 4.394724 ], [ 97.915142, 4.394119 ], [ 97.915564, 4.39412 ], [ 97.916166, 4.394363 ], [ 97.916588, 4.394787 ], [ 97.91713, 4.395211 ], [ 97.917793, 4.395212 ], [ 97.918155, 4.394789 ], [ 97.918276, 4.394487 ], [ 97.918758, 4.394911 ], [ 97.919301, 4.394488 ], [ 97.919543, 4.394004 ], [ 97.920025, 4.394187 ], [ 97.920507, 4.39449 ], [ 97.92117, 4.394672 ], [ 97.921773, 4.394068 ], [ 97.922678, 4.393888 ], [ 97.923522, 4.393768 ], [ 97.924004, 4.393769 ], [ 97.924366, 4.393951 ], [ 97.924847, 4.394435 ], [ 97.925269, 4.39492 ], [ 97.925449, 4.395344 ], [ 97.926052, 4.395103 ], [ 97.926113, 4.39474 ], [ 97.926234, 4.394135 ], [ 97.926596, 4.394014 ], [ 97.92726, 4.393894 ], [ 97.927621, 4.393955 ], [ 97.928163, 4.394622 ], [ 97.928646, 4.394259 ], [ 97.929008, 4.393957 ], [ 97.929792, 4.393958 ], [ 97.930334, 4.393778 ], [ 97.930878, 4.393294 ], [ 97.931541, 4.393356 ], [ 97.932199, 4.393875 ], [ 97.93248, 4.394725 ], [ 97.932573, 4.395858 ], [ 97.933512, 4.396897 ], [ 97.934452, 4.396804 ], [ 97.935581, 4.396712 ], [ 97.936804, 4.396524 ], [ 97.93765, 4.39662 ], [ 97.938215, 4.396338 ], [ 97.938968, 4.395678 ], [ 97.939157, 4.394829 ], [ 97.939159, 4.393885 ], [ 97.938878, 4.392752 ], [ 97.938785, 4.391902 ], [ 97.938881, 4.390958 ], [ 97.93954, 4.390298 ], [ 97.940857, 4.389922 ], [ 97.942175, 4.389264 ], [ 97.943397, 4.389454 ], [ 97.944713, 4.389645 ], [ 97.945935, 4.390118 ], [ 97.946781, 4.390686 ], [ 97.94772, 4.391348 ], [ 97.948377, 4.392104 ], [ 97.94913, 4.391916 ], [ 97.950071, 4.39154 ], [ 97.950635, 4.391541 ], [ 97.951575, 4.39192 ], [ 97.95195, 4.392581 ], [ 97.952137, 4.393337 ], [ 97.952795, 4.393432 ], [ 97.952891, 4.392582 ], [ 97.953268, 4.391922 ], [ 97.954584, 4.392019 ], [ 97.955807, 4.39202 ], [ 97.956747, 4.392399 ], [ 97.957875, 4.392873 ], [ 97.959003, 4.393252 ], [ 97.960131, 4.393253 ], [ 97.960977, 4.393349 ], [ 97.962576, 4.393635 ], [ 97.963422, 4.393919 ], [ 97.964079, 4.394581 ], [ 97.965489, 4.39496 ], [ 97.966617, 4.395151 ], [ 97.967464, 4.395057 ], [ 97.969063, 4.394493 ], [ 97.970005, 4.393928 ], [ 97.970899, 4.393269 ], [ 97.971934, 4.393176 ], [ 97.972403, 4.393932 ], [ 97.97259, 4.394498 ], [ 97.975507, 4.393558 ], [ 97.978893, 4.392714 ], [ 97.980492, 4.392621 ], [ 97.982184, 4.393403 ], [ 97.983594, 4.393877 ], [ 97.985381, 4.393973 ], [ 97.987167, 4.394259 ], [ 97.991208, 4.396246 ], [ 97.997975, 4.399842 ], [ 98.006997, 4.404763 ], [ 98.013199, 4.408453 ], [ 98.01442, 4.409209 ], [ 98.015735, 4.410627 ], [ 98.016298, 4.41169 ], [ 98.017425, 4.413202 ], [ 98.018522, 4.414221 ], [ 98.018755, 4.414348 ], [ 98.019219, 4.414597 ], [ 98.019398, 4.414692 ], [ 98.019428, 4.414709 ], [ 98.019828, 4.41493 ], [ 98.020208, 4.415114 ], [ 98.020639, 4.415319 ], [ 98.020909, 4.415444 ], [ 98.020915, 4.415445 ], [ 98.020937, 4.415448 ], [ 98.020973, 4.415453 ], [ 98.021014, 4.415458 ], [ 98.021076, 4.415466 ], [ 98.021143, 4.415475 ], [ 98.021202, 4.415483 ], [ 98.021239, 4.415488 ], [ 98.021274, 4.415493 ], [ 98.021315, 4.415498 ], [ 98.021349, 4.415503 ], [ 98.021382, 4.415507 ], [ 98.02141, 4.415512 ], [ 98.021456, 4.415518 ], [ 98.021544, 4.415532 ], [ 98.021582, 4.415537 ], [ 98.021618, 4.415542 ], [ 98.021669, 4.41555 ], [ 98.021711, 4.415556 ], [ 98.02174, 4.41556 ], [ 98.021781, 4.415567 ], [ 98.021788, 4.415568 ], [ 98.021792, 4.415568 ], [ 98.021825, 4.415573 ], [ 98.021872, 4.415581 ], [ 98.021913, 4.415587 ], [ 98.021949, 4.415593 ], [ 98.021988, 4.415599 ], [ 98.022106, 4.415617 ], [ 98.022303, 4.415647 ], [ 98.022395, 4.415663 ], [ 98.022512, 4.415678 ], [ 98.022718, 4.415706 ], [ 98.022998, 4.415743 ], [ 98.023235, 4.415775 ], [ 98.023319, 4.415786 ], [ 98.023385, 4.415795 ], [ 98.023437, 4.415802 ], [ 98.023664, 4.415825 ], [ 98.024045, 4.415863 ], [ 98.024483, 4.415908 ], [ 98.024603, 4.41592 ], [ 98.024697, 4.415933 ], [ 98.024854, 4.415955 ], [ 98.024979, 4.415972 ], [ 98.025279, 4.416014 ], [ 98.025481, 4.416042 ], [ 98.0255, 4.415935 ], [ 98.025505, 4.415903 ], [ 98.025522, 4.415806 ], [ 98.025529, 4.415769 ], [ 98.025553, 4.41563 ], [ 98.025606, 4.415328 ], [ 98.025696, 4.414409 ], [ 98.025772, 4.413648 ], [ 98.025773, 4.413634 ], [ 98.025778, 4.413591 ], [ 98.025786, 4.413512 ], [ 98.02579, 4.413469 ], [ 98.025793, 4.413437 ], [ 98.025795, 4.413421 ], [ 98.025798, 4.413397 ], [ 98.025807, 4.413337 ], [ 98.025814, 4.413285 ], [ 98.025818, 4.413259 ], [ 98.02583, 4.413181 ], [ 98.025838, 4.413121 ], [ 98.025848, 4.413056 ], [ 98.025851, 4.413029 ], [ 98.025852, 4.413024 ], [ 98.025858, 4.412982 ], [ 98.025869, 4.412909 ], [ 98.025973, 4.412192 ], [ 98.026013, 4.411396 ], [ 98.025994, 4.410786 ], [ 98.025906, 4.40996 ], [ 98.025904, 4.409941 ], [ 98.025894, 4.409852 ], [ 98.025883, 4.409741 ], [ 98.025882, 4.409734 ], [ 98.02588, 4.409714 ], [ 98.025876, 4.409679 ], [ 98.025871, 4.409627 ], [ 98.025869, 4.409611 ], [ 98.02586, 4.409553 ], [ 98.025855, 4.409518 ], [ 98.025842, 4.409432 ], [ 98.025826, 4.409325 ], [ 98.025817, 4.409265 ], [ 98.02581, 4.409217 ], [ 98.025809, 4.409211 ], [ 98.025802, 4.409164 ], [ 98.025746, 4.408789 ], [ 98.025741, 4.408758 ], [ 98.02574, 4.408753 ], [ 98.025737, 4.408732 ], [ 98.025729, 4.408677 ], [ 98.025717, 4.4086 ], [ 98.02571, 4.408547 ], [ 98.025708, 4.408538 ], [ 98.025704, 4.408511 ], [ 98.025703, 4.4085 ], [ 98.025702, 4.408481 ], [ 98.025698, 4.408422 ], [ 98.025693, 4.408341 ], [ 98.025691, 4.408312 ], [ 98.02569, 4.408299 ], [ 98.025689, 4.408284 ], [ 98.025689, 4.408282 ], [ 98.025687, 4.408256 ], [ 98.025686, 4.408237 ], [ 98.025685, 4.408223 ], [ 98.0257, 4.408226 ], [ 98.025701, 4.408226 ], [ 98.02571, 4.408228 ], [ 98.025729, 4.408232 ], [ 98.025749, 4.408235 ], [ 98.025752, 4.408237 ], [ 98.025753, 4.408237 ], [ 98.025753, 4.408238 ], [ 98.025809, 4.408262 ], [ 98.02582, 4.408267 ], [ 98.025839, 4.40828 ], [ 98.025876, 4.408304 ], [ 98.025917, 4.408332 ], [ 98.025936, 4.408345 ], [ 98.02596, 4.408361 ], [ 98.025965, 4.408365 ], [ 98.025991, 4.408382 ], [ 98.02601, 4.408395 ], [ 98.026035, 4.408412 ], [ 98.02604, 4.408415 ], [ 98.026044, 4.408418 ], [ 98.02606, 4.408429 ], [ 98.026077, 4.40844 ], [ 98.026094, 4.408452 ], [ 98.026113, 4.408464 ], [ 98.026124, 4.408472 ], [ 98.026138, 4.408481 ], [ 98.026148, 4.408488 ], [ 98.02615, 4.408489 ], [ 98.026163, 4.408498 ], [ 98.026186, 4.408514 ], [ 98.026204, 4.408525 ], [ 98.02622, 4.408536 ], [ 98.026233, 4.408545 ], [ 98.026235, 4.408546 ], [ 98.02625, 4.408557 ], [ 98.026268, 4.408569 ], [ 98.026285, 4.408581 ], [ 98.026302, 4.408592 ], [ 98.026315, 4.4086 ], [ 98.026323, 4.408606 ], [ 98.026328, 4.408609 ], [ 98.026331, 4.408611 ], [ 98.026334, 4.408613 ], [ 98.026336, 4.408614 ], [ 98.026345, 4.408621 ], [ 98.026626, 4.408822 ], [ 98.026678, 4.40886 ], [ 98.026684, 4.408864 ], [ 98.026693, 4.408871 ], [ 98.026697, 4.408873 ], [ 98.026701, 4.408876 ], [ 98.026712, 4.408884 ], [ 98.026721, 4.40889 ], [ 98.026721, 4.408891 ], [ 98.026722, 4.408891 ], [ 98.02674, 4.408904 ], [ 98.02675, 4.408911 ], [ 98.026757, 4.408916 ], [ 98.026764, 4.408921 ], [ 98.026778, 4.408931 ], [ 98.026781, 4.408933 ], [ 98.026784, 4.408936 ], [ 98.026785, 4.408936 ], [ 98.026798, 4.408945 ], [ 98.026811, 4.408955 ], [ 98.026821, 4.408962 ], [ 98.02683, 4.408968 ], [ 98.026839, 4.408975 ], [ 98.026841, 4.408976 ], [ 98.026843, 4.408978 ], [ 98.026858, 4.408989 ], [ 98.026874, 4.409 ], [ 98.02689, 4.409011 ], [ 98.026897, 4.409016 ], [ 98.026899, 4.409018 ], [ 98.026901, 4.409019 ], [ 98.026918, 4.409031 ], [ 98.02693, 4.40904 ], [ 98.026938, 4.409046 ], [ 98.026945, 4.40905 ], [ 98.026951, 4.409055 ], [ 98.026953, 4.409056 ], [ 98.026955, 4.409058 ], [ 98.02697, 4.409068 ], [ 98.026985, 4.409079 ], [ 98.026999, 4.409089 ], [ 98.027012, 4.409099 ], [ 98.027015, 4.409101 ], [ 98.027038, 4.409117 ], [ 98.027058, 4.409131 ], [ 98.027071, 4.409141 ], [ 98.027072, 4.409141 ], [ 98.027078, 4.409145 ], [ 98.027096, 4.409158 ], [ 98.027116, 4.409172 ], [ 98.027133, 4.409184 ], [ 98.027134, 4.409185 ], [ 98.027148, 4.409195 ], [ 98.027173, 4.409213 ], [ 98.027194, 4.409228 ], [ 98.027195, 4.409228 ], [ 98.027226, 4.409251 ], [ 98.027247, 4.409266 ], [ 98.027249, 4.409267 ], [ 98.027251, 4.409269 ], [ 98.027258, 4.409273 ], [ 98.027268, 4.409281 ], [ 98.02728, 4.409289 ], [ 98.027285, 4.409293 ], [ 98.027289, 4.409295 ], [ 98.027293, 4.409299 ], [ 98.027302, 4.409305 ], [ 98.027306, 4.409308 ], [ 98.027308, 4.409309 ], [ 98.027324, 4.40932 ], [ 98.027334, 4.409327 ], [ 98.027343, 4.409334 ], [ 98.027348, 4.409337 ], [ 98.027356, 4.409343 ], [ 98.02736, 4.409346 ], [ 98.027363, 4.409348 ], [ 98.027368, 4.409351 ], [ 98.027373, 4.409356 ], [ 98.02738, 4.40936 ], [ 98.027387, 4.409365 ], [ 98.027395, 4.409371 ], [ 98.027403, 4.409377 ], [ 98.027412, 4.409383 ], [ 98.027417, 4.409387 ], [ 98.027428, 4.409395 ], [ 98.027437, 4.409402 ], [ 98.027448, 4.40941 ], [ 98.02746, 4.409418 ], [ 98.027466, 4.409423 ], [ 98.027474, 4.409429 ], [ 98.027477, 4.409431 ], [ 98.027494, 4.409443 ], [ 98.027508, 4.409454 ], [ 98.027513, 4.409457 ], [ 98.027518, 4.409461 ], [ 98.027524, 4.409465 ], [ 98.027528, 4.409468 ], [ 98.027532, 4.409471 ], [ 98.027544, 4.40948 ], [ 98.02756, 4.409492 ], [ 98.027572, 4.4095 ], [ 98.027578, 4.409504 ], [ 98.027584, 4.409509 ], [ 98.02759, 4.409514 ], [ 98.027591, 4.409514 ], [ 98.027601, 4.409521 ], [ 98.027613, 4.40953 ], [ 98.027627, 4.40954 ], [ 98.027638, 4.409549 ], [ 98.027642, 4.409551 ], [ 98.027644, 4.409553 ], [ 98.027652, 4.409559 ], [ 98.027654, 4.40956 ], [ 98.027679, 4.409579 ], [ 98.027688, 4.409586 ], [ 98.027892, 4.40974 ], [ 98.027895, 4.409743 ], [ 98.027912, 4.409755 ], [ 98.027925, 4.409766 ], [ 98.027937, 4.409775 ], [ 98.027944, 4.40978 ], [ 98.027964, 4.409795 ], [ 98.027979, 4.409806 ], [ 98.027992, 4.409816 ], [ 98.027995, 4.409818 ], [ 98.027997, 4.40982 ], [ 98.027998, 4.40982 ], [ 98.028034, 4.409848 ], [ 98.028051, 4.409861 ], [ 98.028053, 4.409863 ], [ 98.028056, 4.409865 ], [ 98.028066, 4.409871 ], [ 98.028084, 4.409882 ], [ 98.028103, 4.409893 ], [ 98.02812, 4.409904 ], [ 98.028122, 4.409905 ], [ 98.028125, 4.409906 ], [ 98.028142, 4.409917 ], [ 98.028156, 4.409925 ], [ 98.028162, 4.409929 ], [ 98.028172, 4.409935 ], [ 98.028179, 4.409939 ], [ 98.028189, 4.409945 ], [ 98.028198, 4.409951 ], [ 98.028212, 4.409959 ], [ 98.028226, 4.409968 ], [ 98.028239, 4.409975 ], [ 98.028246, 4.40998 ], [ 98.02825, 4.409982 ], [ 98.028253, 4.409984 ], [ 98.028255, 4.409985 ], [ 98.028274, 4.409996 ], [ 98.028286, 4.410004 ], [ 98.028291, 4.410007 ], [ 98.028295, 4.410009 ], [ 98.028296, 4.410009 ], [ 98.028301, 4.410013 ], [ 98.028302, 4.410013 ], [ 98.028305, 4.410016 ], [ 98.028313, 4.410023 ], [ 98.028325, 4.410033 ], [ 98.028335, 4.410042 ], [ 98.028344, 4.41005 ], [ 98.028345, 4.41005 ], [ 98.028354, 4.410058 ], [ 98.02836, 4.410062 ], [ 98.02836, 4.410063 ], [ 98.028584, 4.410211 ], [ 98.02901, 4.410499 ], [ 98.029343, 4.410725 ], [ 98.029677, 4.41095 ], [ 98.029678, 4.410951 ], [ 98.029683, 4.410955 ], [ 98.029687, 4.410957 ], [ 98.029694, 4.410962 ], [ 98.0297, 4.410966 ], [ 98.02971, 4.410972 ], [ 98.02971, 4.410973 ], [ 98.029735, 4.41099 ], [ 98.02975, 4.411 ], [ 98.029751, 4.411 ], [ 98.029771, 4.411014 ], [ 98.029787, 4.411025 ], [ 98.029805, 4.411037 ], [ 98.029824, 4.41105 ], [ 98.029824, 4.411051 ], [ 98.029849, 4.411068 ], [ 98.029875, 4.411086 ], [ 98.029892, 4.411098 ], [ 98.0299, 4.411103 ], [ 98.029918, 4.411116 ], [ 98.029934, 4.411127 ], [ 98.029951, 4.411139 ], [ 98.029965, 4.411149 ], [ 98.029972, 4.411154 ], [ 98.029973, 4.411154 ], [ 98.029987, 4.411164 ], [ 98.030002, 4.411175 ], [ 98.030017, 4.411185 ], [ 98.030031, 4.411195 ], [ 98.030043, 4.411203 ], [ 98.030049, 4.411208 ], [ 98.030065, 4.411219 ], [ 98.030087, 4.411234 ], [ 98.030105, 4.411246 ], [ 98.030117, 4.411255 ], [ 98.030122, 4.411259 ], [ 98.030135, 4.411267 ], [ 98.030149, 4.411277 ], [ 98.030162, 4.411286 ], [ 98.030176, 4.411296 ], [ 98.030188, 4.411305 ], [ 98.030191, 4.411307 ], [ 98.030195, 4.411309 ], [ 98.030195, 4.41131 ], [ 98.030205, 4.411316 ], [ 98.030207, 4.411318 ], [ 98.030223, 4.411329 ], [ 98.030234, 4.411337 ], [ 98.030278, 4.411367 ], [ 98.030278, 4.411368 ], [ 98.03028, 4.411369 ], [ 98.030286, 4.411373 ], [ 98.030295, 4.411379 ], [ 98.030315, 4.411393 ], [ 98.030331, 4.411404 ], [ 98.030343, 4.411413 ], [ 98.030359, 4.411424 ], [ 98.030363, 4.411427 ], [ 98.030366, 4.411429 ], [ 98.030369, 4.411431 ], [ 98.030391, 4.411447 ], [ 98.030411, 4.41146 ], [ 98.030431, 4.411474 ], [ 98.030441, 4.411481 ], [ 98.030445, 4.411484 ], [ 98.030447, 4.411485 ], [ 98.030455, 4.411491 ], [ 98.030481, 4.411509 ], [ 98.030492, 4.411517 ], [ 98.030501, 4.411523 ], [ 98.030506, 4.411527 ], [ 98.030516, 4.411534 ], [ 98.030519, 4.411536 ], [ 98.030523, 4.411539 ], [ 98.030535, 4.411547 ], [ 98.030556, 4.411561 ], [ 98.030571, 4.411572 ], [ 98.030586, 4.411583 ], [ 98.030588, 4.411584 ], [ 98.030591, 4.411586 ], [ 98.030595, 4.411589 ], [ 98.030617, 4.411604 ], [ 98.030635, 4.411617 ], [ 98.030652, 4.411629 ], [ 98.030668, 4.41164 ], [ 98.030716, 4.411674 ], [ 98.030741, 4.41169 ], [ 98.030751, 4.411698 ], [ 98.030755, 4.4117 ], [ 98.030783, 4.411719 ], [ 98.030803, 4.411733 ], [ 98.030827, 4.411749 ], [ 98.030829, 4.411751 ], [ 98.030867, 4.411777 ], [ 98.030872, 4.41178 ], [ 98.0309, 4.411799 ], [ 98.031329, 4.412094 ], [ 98.031348, 4.412107 ], [ 98.031366, 4.41212 ], [ 98.031375, 4.412126 ], [ 98.031391, 4.412136 ], [ 98.031412, 4.412151 ], [ 98.03142, 4.412156 ], [ 98.031424, 4.412159 ], [ 98.031448, 4.412176 ], [ 98.031473, 4.412193 ], [ 98.031488, 4.412203 ], [ 98.031503, 4.412213 ], [ 98.031507, 4.412216 ], [ 98.031518, 4.412224 ], [ 98.031541, 4.412239 ], [ 98.031559, 4.412252 ], [ 98.031579, 4.412266 ], [ 98.031584, 4.412269 ], [ 98.031588, 4.412271 ], [ 98.031588, 4.412272 ], [ 98.031611, 4.412287 ], [ 98.031629, 4.4123 ], [ 98.03164, 4.412308 ], [ 98.031649, 4.412313 ], [ 98.031662, 4.412322 ], [ 98.03167, 4.412327 ], [ 98.031672, 4.412329 ], [ 98.031676, 4.412332 ], [ 98.031699, 4.412347 ], [ 98.031721, 4.412362 ], [ 98.031746, 4.412379 ], [ 98.031751, 4.412382 ], [ 98.031754, 4.412384 ], [ 98.031774, 4.412397 ], [ 98.031784, 4.412404 ], [ 98.031803, 4.412417 ], [ 98.031824, 4.412431 ], [ 98.032215, 4.412693 ], [ 98.032227, 4.412702 ], [ 98.03227, 4.41273 ], [ 98.032279, 4.412736 ], [ 98.032281, 4.412738 ], [ 98.032302, 4.412751 ], [ 98.032337, 4.412775 ], [ 98.032343, 4.412779 ], [ 98.032353, 4.412785 ], [ 98.032356, 4.412787 ], [ 98.032361, 4.412789 ], [ 98.032368, 4.412794 ], [ 98.032392, 4.412807 ], [ 98.032413, 4.412819 ], [ 98.032424, 4.412825 ], [ 98.032435, 4.412831 ], [ 98.032439, 4.412834 ], [ 98.032455, 4.412842 ], [ 98.03248, 4.412857 ], [ 98.032492, 4.412864 ], [ 98.032508, 4.412873 ], [ 98.032515, 4.412877 ], [ 98.032517, 4.412878 ], [ 98.032532, 4.412886 ], [ 98.032555, 4.4129 ], [ 98.032569, 4.412907 ], [ 98.03258, 4.412914 ], [ 98.032585, 4.412917 ], [ 98.032592, 4.41292 ], [ 98.032599, 4.412924 ], [ 98.032602, 4.412926 ], [ 98.032605, 4.412928 ], [ 98.03262, 4.412936 ], [ 98.032635, 4.412945 ], [ 98.032665, 4.412962 ], [ 98.032926, 4.41311 ], [ 98.0332, 4.413299 ], [ 98.033207, 4.413303 ], [ 98.03322, 4.413312 ], [ 98.033234, 4.413322 ], [ 98.033239, 4.413325 ], [ 98.033256, 4.413337 ], [ 98.033273, 4.413349 ], [ 98.033284, 4.413356 ], [ 98.0333, 4.413368 ], [ 98.033322, 4.413383 ], [ 98.033334, 4.413391 ], [ 98.033343, 4.413397 ], [ 98.033356, 4.413406 ], [ 98.033367, 4.413413 ], [ 98.033383, 4.413424 ], [ 98.033393, 4.413431 ], [ 98.033413, 4.413444 ], [ 98.033431, 4.413457 ], [ 98.033435, 4.413459 ], [ 98.033473, 4.413485 ], [ 98.03388, 4.413761 ], [ 98.034488, 4.41415 ], [ 98.034724, 4.4143 ], [ 98.034735, 4.414308 ], [ 98.034763, 4.414326 ], [ 98.034771, 4.41433 ], [ 98.034773, 4.414332 ], [ 98.034786, 4.41434 ], [ 98.034815, 4.414359 ], [ 98.034839, 4.414374 ], [ 98.034847, 4.41438 ], [ 98.034848, 4.41438 ], [ 98.034861, 4.414388 ], [ 98.034874, 4.414396 ], [ 98.034888, 4.414405 ], [ 98.034898, 4.414412 ], [ 98.034913, 4.414422 ], [ 98.034923, 4.41443 ], [ 98.034926, 4.414432 ], [ 98.03493, 4.414435 ], [ 98.03495, 4.414449 ], [ 98.034971, 4.414464 ], [ 98.034992, 4.414479 ], [ 98.035, 4.414484 ], [ 98.035018, 4.414498 ], [ 98.035034, 4.414509 ], [ 98.035045, 4.414517 ], [ 98.035057, 4.414525 ], [ 98.03506, 4.414527 ], [ 98.035063, 4.414529 ], [ 98.035283, 4.414686 ], [ 98.035513, 4.414849 ], [ 98.035782, 4.414999 ], [ 98.035793, 4.415005 ], [ 98.035827, 4.415024 ], [ 98.035848, 4.415036 ], [ 98.035854, 4.415039 ], [ 98.035857, 4.415041 ], [ 98.035879, 4.415053 ], [ 98.035915, 4.415073 ], [ 98.035924, 4.415078 ], [ 98.035942, 4.415086 ], [ 98.035946, 4.415088 ], [ 98.035963, 4.415096 ], [ 98.035999, 4.415114 ], [ 98.036025, 4.415126 ], [ 98.036041, 4.415134 ], [ 98.036267, 4.415242 ], [ 98.036274, 4.415246 ], [ 98.036301, 4.415259 ], [ 98.036334, 4.415275 ], [ 98.03636, 4.415287 ], [ 98.036368, 4.415291 ], [ 98.036401, 4.415307 ], [ 98.036429, 4.415321 ], [ 98.036442, 4.415327 ], [ 98.036443, 4.415328 ], [ 98.03646, 4.415336 ], [ 98.036495, 4.415353 ], [ 98.036498, 4.415354 ], [ 98.036527, 4.415369 ], [ 98.03688, 4.415542 ], [ 98.037164, 4.415681 ], [ 98.037165, 4.415682 ], [ 98.037219, 4.415708 ], [ 98.03724, 4.415719 ], [ 98.037275, 4.415737 ], [ 98.037293, 4.415747 ], [ 98.037295, 4.415748 ], [ 98.037329, 4.415766 ], [ 98.037385, 4.415795 ], [ 98.037426, 4.415817 ], [ 98.037444, 4.415826 ], [ 98.037485, 4.415848 ], [ 98.037532, 4.415872 ], [ 98.037547, 4.41588 ], [ 98.037571, 4.415893 ], [ 98.037739, 4.415981 ], [ 98.037749, 4.416061 ], [ 98.037757, 4.416129 ], [ 98.037771, 4.416247 ], [ 98.037821, 4.416303 ], [ 98.037866, 4.416354 ], [ 98.037887, 4.416407 ], [ 98.037908, 4.416463 ], [ 98.037933, 4.416526 ], [ 98.037958, 4.41659 ], [ 98.037984, 4.416658 ], [ 98.038012, 4.41673 ], [ 98.038039, 4.416798 ], [ 98.038056, 4.416844 ], [ 98.038109, 4.416918 ], [ 98.038136, 4.416957 ], [ 98.038162, 4.416993 ], [ 98.038266, 4.417015 ], [ 98.038311, 4.417025 ], [ 98.038354, 4.41705 ], [ 98.038433, 4.417096 ], [ 98.038405, 4.417123 ], [ 98.038345, 4.417184 ], [ 98.038273, 4.417263 ], [ 98.038289, 4.417311 ], [ 98.038331, 4.417329 ], [ 98.038384, 4.417351 ], [ 98.038432, 4.417399 ], [ 98.038408, 4.417511 ], [ 98.038432, 4.417647 ], [ 98.038452, 4.417713 ], [ 98.038503, 4.417879 ], [ 98.038567, 4.417959 ], [ 98.038574, 4.418118 ], [ 98.038568, 4.418232 ], [ 98.038565, 4.418284 ], [ 98.038558, 4.418406 ], [ 98.038654, 4.418454 ], [ 98.038669, 4.418614 ], [ 98.038765, 4.41871 ], [ 98.038908, 4.418706 ], [ 98.039051, 4.418702 ], [ 98.03913, 4.418708 ], [ 98.039266, 4.418718 ], [ 98.039489, 4.418782 ], [ 98.039569, 4.418849 ], [ 98.039624, 4.418894 ], [ 98.039687, 4.418966 ], [ 98.039695, 4.419086 ], [ 98.03971, 4.419195 ], [ 98.039727, 4.419318 ], [ 98.039568, 4.419334 ], [ 98.039416, 4.419341 ], [ 98.039369, 4.419349 ], [ 98.039305, 4.419413 ], [ 98.039313, 4.419474 ], [ 98.039336, 4.419637 ], [ 98.039304, 4.419788 ], [ 98.039296, 4.419972 ], [ 98.039154, 4.419972 ], [ 98.03897, 4.419972 ], [ 98.038962, 4.420179 ], [ 98.03881, 4.420203 ], [ 98.038745, 4.420354 ], [ 98.038635, 4.42061 ], [ 98.038495, 4.420878 ], [ 98.038364, 4.421129 ], [ 98.038226, 4.421398 ], [ 98.038084, 4.421672 ], [ 98.037968, 4.421901 ], [ 98.037845, 4.422146 ], [ 98.037781, 4.42227 ], [ 98.037601, 4.422621 ], [ 98.03759, 4.422641 ], [ 98.037579, 4.422663 ], [ 98.037566, 4.422689 ], [ 98.037564, 4.422692 ], [ 98.037544, 4.42273 ], [ 98.037533, 4.422753 ], [ 98.037519, 4.422779 ], [ 98.037518, 4.422781 ], [ 98.037509, 4.422791 ], [ 98.037487, 4.422818 ], [ 98.03747, 4.422838 ], [ 98.037422, 4.422914 ], [ 98.037408, 4.422942 ], [ 98.0374, 4.422958 ], [ 98.037397, 4.422964 ], [ 98.037397, 4.422965 ], [ 98.037388, 4.422983 ], [ 98.037381, 4.422998 ], [ 98.037359, 4.423044 ], [ 98.037356, 4.423049 ], [ 98.037349, 4.423063 ], [ 98.037387, 4.423087 ], [ 98.037413, 4.423104 ], [ 98.037452, 4.423129 ], [ 98.037489, 4.423154 ], [ 98.037502, 4.423163 ], [ 98.037503, 4.423163 ], [ 98.037523, 4.423176 ], [ 98.037552, 4.423196 ], [ 98.037555, 4.423198 ], [ 98.037576, 4.423212 ], [ 98.037614, 4.423238 ], [ 98.037679, 4.423281 ], [ 98.038037, 4.423612 ], [ 98.038049, 4.423623 ], [ 98.038072, 4.423644 ], [ 98.038105, 4.423674 ], [ 98.038106, 4.423675 ], [ 98.038132, 4.423701 ], [ 98.038175, 4.423743 ], [ 98.038176, 4.423744 ], [ 98.038196, 4.423764 ], [ 98.038226, 4.423794 ], [ 98.03825, 4.423817 ], [ 98.038266, 4.423833 ], [ 98.038445, 4.424009 ], [ 98.038592, 4.424155 ], [ 98.038595, 4.424157 ], [ 98.038615, 4.424177 ], [ 98.038628, 4.42419 ], [ 98.038648, 4.42421 ], [ 98.038679, 4.424239 ], [ 98.03868, 4.424241 ], [ 98.038695, 4.424256 ], [ 98.038737, 4.424297 ], [ 98.038762, 4.424321 ], [ 98.038831, 4.424388 ], [ 98.03908, 4.424629 ], [ 98.039114, 4.424662 ], [ 98.039128, 4.424676 ], [ 98.039133, 4.424681 ], [ 98.039167, 4.424713 ], [ 98.039217, 4.424759 ], [ 98.039219, 4.424761 ], [ 98.039225, 4.424766 ], [ 98.03926, 4.424798 ], [ 98.039307, 4.42484 ], [ 98.039312, 4.424844 ], [ 98.039337, 4.424866 ], [ 98.039339, 4.424868 ], [ 98.039359, 4.424885 ], [ 98.03936, 4.424886 ], [ 98.039487, 4.424989 ], [ 98.0397, 4.425162 ], [ 98.039727, 4.425185 ], [ 98.039728, 4.425185 ], [ 98.039739, 4.425194 ], [ 98.039768, 4.425218 ], [ 98.039795, 4.42524 ], [ 98.039834, 4.425272 ], [ 98.039835, 4.425274 ], [ 98.039871, 4.425304 ], [ 98.03988, 4.425311 ], [ 98.039902, 4.42533 ], [ 98.039925, 4.425348 ], [ 98.039925, 4.425349 ], [ 98.04016, 4.425547 ], [ 98.040269, 4.425638 ], [ 98.040297, 4.425692 ], [ 98.04031, 4.425717 ], [ 98.04031, 4.425718 ], [ 98.040331, 4.425759 ], [ 98.040347, 4.425789 ], [ 98.040349, 4.425828 ], [ 98.04035, 4.425846 ], [ 98.04035, 4.425847 ], [ 98.040354, 4.425907 ], [ 98.040354, 4.425909 ], [ 98.040355, 4.425928 ], [ 98.040359, 4.425996 ], [ 98.040367, 4.426141 ], [ 98.040419, 4.426346 ], [ 98.040421, 4.42635 ], [ 98.040428, 4.426381 ], [ 98.04043, 4.426386 ], [ 98.040431, 4.426391 ], [ 98.040442, 4.426436 ], [ 98.040447, 4.426456 ], [ 98.040448, 4.426457 ], [ 98.040454, 4.426481 ], [ 98.040456, 4.42651 ], [ 98.040456, 4.426512 ], [ 98.040457, 4.426523 ], [ 98.040459, 4.426561 ], [ 98.040461, 4.426594 ], [ 98.040461, 4.426598 ], [ 98.040465, 4.426654 ], [ 98.040466, 4.426669 ], [ 98.040466, 4.426678 ], [ 98.040468, 4.426703 ], [ 98.040469, 4.426724 ], [ 98.04047, 4.426734 ], [ 98.040472, 4.426763 ], [ 98.040472, 4.426777 ], [ 98.040474, 4.426785 ], [ 98.040477, 4.426799 ], [ 98.040486, 4.426842 ], [ 98.040491, 4.426865 ], [ 98.040492, 4.426871 ], [ 98.040562, 4.427202 ], [ 98.040612, 4.427438 ], [ 98.040623, 4.42749 ], [ 98.040625, 4.427501 ], [ 98.040632, 4.427535 ], [ 98.040642, 4.42758 ], [ 98.040642, 4.427584 ], [ 98.040655, 4.427644 ], [ 98.040659, 4.427666 ], [ 98.040661, 4.427672 ], [ 98.040671, 4.427721 ], [ 98.040678, 4.427755 ], [ 98.040679, 4.42776 ], [ 98.040689, 4.427811 ], [ 98.040696, 4.427845 ], [ 98.040698, 4.427854 ], [ 98.040714, 4.427934 ], [ 98.040727, 4.427998 ], [ 98.040734, 4.428032 ], [ 98.040735, 4.428033 ], [ 98.040744, 4.428081 ], [ 98.040746, 4.428089 ], [ 98.040747, 4.428092 ], [ 98.040756, 4.42814 ], [ 98.040758, 4.428151 ], [ 98.04076, 4.428158 ], [ 98.040763, 4.428175 ], [ 98.040769, 4.428205 ], [ 98.04077, 4.42821 ], [ 98.040781, 4.428271 ], [ 98.040783, 4.428278 ], [ 98.040784, 4.428283 ], [ 98.040793, 4.42833 ], [ 98.040799, 4.428362 ], [ 98.0408, 4.428367 ], [ 98.040808, 4.428412 ], [ 98.040815, 4.428451 ], [ 98.040816, 4.428451 ], [ 98.040816, 4.428456 ], [ 98.040826, 4.428508 ], [ 98.040833, 4.428546 ], [ 98.040841, 4.428586 ], [ 98.040898, 4.429039 ], [ 98.040932, 4.429305 ], [ 98.040934, 4.42932 ], [ 98.040939, 4.42936 ], [ 98.040939, 4.429363 ], [ 98.040947, 4.429424 ], [ 98.040949, 4.429437 ], [ 98.04095, 4.429451 ], [ 98.040956, 4.429496 ], [ 98.040958, 4.42951 ], [ 98.040958, 4.429513 ], [ 98.04096, 4.429529 ], [ 98.040965, 4.42956 ], [ 98.040971, 4.429592 ], [ 98.040972, 4.4296 ], [ 98.040973, 4.429603 ], [ 98.040982, 4.429663 ], [ 98.040987, 4.429687 ], [ 98.040987, 4.429689 ], [ 98.040988, 4.429693 ], [ 98.040994, 4.429725 ], [ 98.040999, 4.429752 ], [ 98.041003, 4.429769 ], [ 98.041003, 4.429772 ], [ 98.041004, 4.429777 ], [ 98.04101, 4.429805 ], [ 98.041014, 4.429825 ], [ 98.041017, 4.429842 ], [ 98.041019, 4.429853 ], [ 98.04102, 4.429857 ], [ 98.041023, 4.429874 ], [ 98.041031, 4.429911 ], [ 98.041034, 4.429926 ], [ 98.041036, 4.429939 ], [ 98.041038, 4.429946 ], [ 98.041103, 4.430282 ], [ 98.041193, 4.430754 ], [ 98.041203, 4.430797 ], [ 98.041209, 4.430822 ], [ 98.041211, 4.430833 ], [ 98.041212, 4.430834 ], [ 98.041221, 4.430872 ], [ 98.041225, 4.430892 ], [ 98.041227, 4.430911 ], [ 98.041228, 4.430913 ], [ 98.041232, 4.430954 ], [ 98.041237, 4.430995 ], [ 98.041237, 4.431001 ], [ 98.041238, 4.431003 ], [ 98.041243, 4.431052 ], [ 98.041246, 4.43108 ], [ 98.041246, 4.431084 ], [ 98.041249, 4.431104 ], [ 98.041252, 4.43113 ], [ 98.041254, 4.431148 ], [ 98.041306, 4.431573 ], [ 98.041308, 4.431588 ], [ 98.041312, 4.431614 ], [ 98.041316, 4.431644 ], [ 98.041317, 4.431653 ], [ 98.041317, 4.431657 ], [ 98.041325, 4.43171 ], [ 98.041329, 4.431744 ], [ 98.04133, 4.431747 ], [ 98.04133, 4.431751 ], [ 98.041337, 4.431802 ], [ 98.041339, 4.431814 ], [ 98.041343, 4.431831 ], [ 98.041344, 4.431835 ], [ 98.041357, 4.431886 ], [ 98.041363, 4.431912 ], [ 98.041365, 4.431916 ], [ 98.041379, 4.431974 ], [ 98.041386, 4.432002 ], [ 98.041387, 4.432004 ], [ 98.041397, 4.432046 ], [ 98.041406, 4.43208 ], [ 98.041408, 4.43209 ], [ 98.04141, 4.432095 ], [ 98.041419, 4.432131 ], [ 98.041428, 4.432168 ], [ 98.041431, 4.432182 ], [ 98.041432, 4.432185 ], [ 98.041443, 4.43223 ], [ 98.041448, 4.432247 ], [ 98.041453, 4.432269 ], [ 98.041494, 4.43243 ], [ 98.041498, 4.432447 ], [ 98.041508, 4.432487 ], [ 98.041508, 4.432488 ], [ 98.041509, 4.432493 ], [ 98.041521, 4.432541 ], [ 98.041529, 4.432572 ], [ 98.04153, 4.432574 ], [ 98.041531, 4.43258 ], [ 98.041535, 4.432596 ], [ 98.041539, 4.432613 ], [ 98.041544, 4.432631 ], [ 98.041547, 4.432644 ], [ 98.041548, 4.432646 ], [ 98.041549, 4.432651 ], [ 98.041564, 4.432711 ], [ 98.041569, 4.43273 ], [ 98.041571, 4.432737 ], [ 98.041575, 4.432753 ], [ 98.041578, 4.432767 ], [ 98.041588, 4.43279 ], [ 98.04159, 4.432793 ], [ 98.041592, 4.432798 ], [ 98.041605, 4.432827 ], [ 98.041615, 4.43285 ], [ 98.041616, 4.432852 ], [ 98.041627, 4.432877 ], [ 98.041628, 4.432879 ], [ 98.04164, 4.432906 ], [ 98.041756, 4.433167 ], [ 98.041758, 4.433171 ], [ 98.04176, 4.433176 ], [ 98.041771, 4.433202 ], [ 98.041781, 4.433224 ], [ 98.041783, 4.433229 ], [ 98.041786, 4.433233 ], [ 98.041797, 4.433259 ], [ 98.041806, 4.433279 ], [ 98.041808, 4.433285 ], [ 98.04181, 4.433289 ], [ 98.041816, 4.433302 ], [ 98.041829, 4.433323 ], [ 98.041841, 4.433341 ], [ 98.041845, 4.433348 ], [ 98.041863, 4.433377 ], [ 98.041875, 4.433396 ], [ 98.041879, 4.433402 ], [ 98.04188, 4.433405 ], [ 98.041885, 4.433412 ], [ 98.041895, 4.433429 ], [ 98.041913, 4.433458 ], [ 98.041919, 4.433467 ], [ 98.04192, 4.433469 ], [ 98.041925, 4.433476 ], [ 98.041934, 4.433492 ], [ 98.041946, 4.433511 ], [ 98.041956, 4.433527 ], [ 98.041962, 4.433537 ], [ 98.041964, 4.433539 ], [ 98.041965, 4.433541 ], [ 98.041969, 4.433547 ], [ 98.041975, 4.433557 ], [ 98.041977, 4.433561 ], [ 98.041983, 4.43357 ], [ 98.041985, 4.433572 ], [ 98.041991, 4.433585 ], [ 98.042001, 4.433603 ], [ 98.042003, 4.433606 ], [ 98.042014, 4.433626 ], [ 98.042028, 4.433652 ], [ 98.042034, 4.433664 ], [ 98.042036, 4.433667 ], [ 98.042038, 4.433671 ], [ 98.042045, 4.433683 ], [ 98.042054, 4.4337 ], [ 98.04206, 4.433712 ], [ 98.042066, 4.433723 ], [ 98.04207, 4.43373 ], [ 98.042073, 4.433735 ], [ 98.042079, 4.433747 ], [ 98.042088, 4.433763 ], [ 98.042099, 4.433784 ], [ 98.042104, 4.433792 ], [ 98.042105, 4.433796 ], [ 98.042115, 4.433814 ], [ 98.042127, 4.433835 ], [ 98.042134, 4.433849 ], [ 98.042137, 4.433853 ], [ 98.042139, 4.433858 ], [ 98.042145, 4.433868 ], [ 98.042147, 4.433873 ], [ 98.042162, 4.433903 ], [ 98.0423, 4.434175 ], [ 98.042378, 4.434518 ], [ 98.042381, 4.43453 ], [ 98.042383, 4.43454 ], [ 98.042387, 4.434558 ], [ 98.042388, 4.434561 ], [ 98.042393, 4.434583 ], [ 98.0424, 4.434614 ], [ 98.042403, 4.434625 ], [ 98.042403, 4.434628 ], [ 98.042408, 4.434651 ], [ 98.042416, 4.434682 ], [ 98.042416, 4.434686 ], [ 98.042417, 4.434689 ], [ 98.04242, 4.434704 ], [ 98.042422, 4.43471 ], [ 98.042423, 4.43473 ], [ 98.042424, 4.434739 ], [ 98.042424, 4.434742 ], [ 98.042426, 4.434771 ], [ 98.042428, 4.434801 ], [ 98.042429, 4.434804 ], [ 98.042429, 4.434807 ], [ 98.04243, 4.434826 ], [ 98.042432, 4.434847 ], [ 98.042432, 4.434849 ], [ 98.042433, 4.434871 ], [ 98.042459, 4.435234 ], [ 98.042483, 4.435646 ], [ 98.042498, 4.435981 ], [ 98.042511, 4.436265 ], [ 98.042522, 4.436708 ], [ 98.042512, 4.436869 ], [ 98.042484, 4.437273 ], [ 98.042458, 4.437645 ], [ 98.042415, 4.437989 ], [ 98.042343, 4.438494 ], [ 98.042314, 4.438715 ], [ 98.042314, 4.438721 ], [ 98.042312, 4.438732 ], [ 98.042307, 4.438769 ], [ 98.042307, 4.438773 ], [ 98.042303, 4.438802 ], [ 98.0423, 4.438828 ], [ 98.042299, 4.438831 ], [ 98.042299, 4.438837 ], [ 98.042296, 4.438859 ], [ 98.042293, 4.438876 ], [ 98.042293, 4.438883 ], [ 98.042293, 4.438886 ], [ 98.042291, 4.438908 ], [ 98.042289, 4.438937 ], [ 98.042288, 4.438949 ], [ 98.042288, 4.438953 ], [ 98.042286, 4.438978 ], [ 98.042283, 4.439011 ], [ 98.042283, 4.439013 ], [ 98.042282, 4.439024 ], [ 98.042281, 4.439045 ], [ 98.042254, 4.439391 ], [ 98.042357, 4.439821 ], [ 98.042422, 4.440111 ], [ 98.042488, 4.440404 ], [ 98.042587, 4.440845 ], [ 98.042645, 4.441115 ], [ 98.042654, 4.441154 ], [ 98.042655, 4.44116 ], [ 98.042661, 4.441188 ], [ 98.042665, 4.441205 ], [ 98.042668, 4.441221 ], [ 98.042669, 4.441225 ], [ 98.042676, 4.441256 ], [ 98.042682, 4.441286 ], [ 98.042683, 4.44129 ], [ 98.042689, 4.441321 ], [ 98.042695, 4.441347 ], [ 98.042696, 4.44135 ], [ 98.042697, 4.441354 ], [ 98.042701, 4.441375 ], [ 98.042708, 4.441408 ], [ 98.042719, 4.441459 ], [ 98.042784, 4.441769 ], [ 98.042786, 4.441778 ], [ 98.042787, 4.441784 ], [ 98.042791, 4.441802 ], [ 98.042797, 4.441828 ], [ 98.0428, 4.441842 ], [ 98.042801, 4.441846 ], [ 98.042805, 4.441868 ], [ 98.042813, 4.441904 ], [ 98.042814, 4.441907 ], [ 98.042814, 4.44191 ], [ 98.04282, 4.441938 ], [ 98.042826, 4.441967 ], [ 98.042827, 4.441969 ], [ 98.042828, 4.441975 ], [ 98.042835, 4.442004 ], [ 98.042842, 4.442035 ], [ 98.042842, 4.442036 ], [ 98.042843, 4.442041 ], [ 98.042846, 4.442056 ], [ 98.042854, 4.44209 ], [ 98.042856, 4.442101 ], [ 98.042857, 4.442104 ], [ 98.042862, 4.442127 ], [ 98.04287, 4.442159 ], [ 98.042872, 4.44217 ], [ 98.042873, 4.442173 ], [ 98.042878, 4.442196 ], [ 98.042883, 4.442218 ], [ 98.042887, 4.442235 ], [ 98.042894, 4.442267 ], [ 98.042924, 4.442404 ], [ 98.042962, 4.4427 ], [ 98.042997, 4.442983 ], [ 98.04304, 4.443325 ], [ 98.043075, 4.443607 ], [ 98.043076, 4.443616 ], [ 98.043086, 4.443682 ], [ 98.043087, 4.443685 ], [ 98.043091, 4.443711 ], [ 98.043095, 4.443737 ], [ 98.043096, 4.443745 ], [ 98.043102, 4.443788 ], [ 98.043104, 4.443798 ], [ 98.043104, 4.443801 ], [ 98.043108, 4.443826 ], [ 98.043112, 4.443854 ], [ 98.043114, 4.443866 ], [ 98.04312, 4.443902 ], [ 98.043122, 4.443919 ], [ 98.043123, 4.443921 ], [ 98.043127, 4.443949 ], [ 98.043132, 4.443982 ], [ 98.043134, 4.443989 ], [ 98.043134, 4.443993 ], [ 98.043138, 4.444016 ], [ 98.043144, 4.444052 ], [ 98.043144, 4.444056 ], [ 98.043148, 4.444076 ], [ 98.043153, 4.44411 ], [ 98.043155, 4.44412 ], [ 98.043155, 4.444121 ], [ 98.043163, 4.444171 ], [ 98.043164, 4.444178 ], [ 98.043165, 4.444187 ], [ 98.043168, 4.444203 ], [ 98.043174, 4.44424 ], [ 98.043175, 4.444246 ], [ 98.043179, 4.444271 ], [ 98.043215, 4.444496 ], [ 98.043217, 4.444554 ], [ 98.043219, 4.444596 ], [ 98.043219, 4.444618 ], [ 98.043219, 4.444621 ], [ 98.04322, 4.444659 ], [ 98.043221, 4.444682 ], [ 98.043221, 4.444683 ], [ 98.043222, 4.444704 ], [ 98.043223, 4.444734 ], [ 98.043223, 4.444743 ], [ 98.043224, 4.444779 ], [ 98.043224, 4.444791 ], [ 98.043227, 4.4449 ], [ 98.043228, 4.444906 ], [ 98.043229, 4.444945 ], [ 98.043229, 4.44496 ], [ 98.043229, 4.444963 ], [ 98.043231, 4.445007 ], [ 98.043231, 4.445029 ], [ 98.043231, 4.445031 ], [ 98.043232, 4.445056 ], [ 98.043233, 4.445084 ], [ 98.043233, 4.445095 ], [ 98.043233, 4.445099 ], [ 98.043233, 4.445123 ], [ 98.043234, 4.44515 ], [ 98.043234, 4.44516 ], [ 98.043234, 4.445185 ], [ 98.043234, 4.445206 ], [ 98.043234, 4.445209 ], [ 98.043235, 4.445239 ], [ 98.043235, 4.445268 ], [ 98.043235, 4.44527 ], [ 98.043235, 4.445273 ], [ 98.043235, 4.445291 ], [ 98.043236, 4.445313 ], [ 98.043236, 4.445328 ], [ 98.043236, 4.445335 ], [ 98.043236, 4.445347 ], [ 98.043236, 4.445352 ], [ 98.043236, 4.44537 ], [ 98.043235, 4.445391 ], [ 98.04323, 4.445581 ], [ 98.04322, 4.445954 ], [ 98.043219, 4.446284 ], [ 98.043224, 4.446618 ], [ 98.04324, 4.447025 ], [ 98.043241, 4.447035 ], [ 98.043241, 4.447037 ], [ 98.043241, 4.44704 ], [ 98.043243, 4.447049 ], [ 98.043245, 4.447059 ], [ 98.043247, 4.447071 ], [ 98.043249, 4.447087 ], [ 98.04325, 4.447089 ], [ 98.043259, 4.447139 ], [ 98.04326, 4.447149 ], [ 98.043261, 4.447154 ], [ 98.043267, 4.447188 ], [ 98.043272, 4.447213 ], [ 98.043272, 4.447217 ], [ 98.043277, 4.447247 ], [ 98.043262, 4.447259 ], [ 98.043258, 4.447262 ], [ 98.043253, 4.447266 ], [ 98.043254, 4.447278 ], [ 98.043265, 4.447317 ], [ 98.043267, 4.447323 ], [ 98.043268, 4.447326 ], [ 98.043275, 4.447351 ], [ 98.043286, 4.447387 ], [ 98.043286, 4.447389 ], [ 98.043292, 4.447409 ], [ 98.043299, 4.447432 ], [ 98.043299, 4.447433 ], [ 98.043303, 4.447447 ], [ 98.043305, 4.447452 ], [ 98.043307, 4.447456 ], [ 98.043374, 4.447647 ], [ 98.043503, 4.447983 ], [ 98.043533, 4.448006 ], [ 98.043573, 4.448038 ], [ 98.043579, 4.448043 ], [ 98.043581, 4.448044 ], [ 98.043625, 4.448079 ], [ 98.043655, 4.448103 ], [ 98.043658, 4.448106 ], [ 98.043664, 4.44811 ], [ 98.043671, 4.448116 ], [ 98.043683, 4.448125 ], [ 98.043697, 4.448135 ], [ 98.04372, 4.44815 ], [ 98.043738, 4.448162 ], [ 98.043739, 4.448163 ], [ 98.043747, 4.448168 ], [ 98.043761, 4.448178 ], [ 98.043776, 4.448187 ], [ 98.043793, 4.448199 ], [ 98.043797, 4.448202 ], [ 98.043831, 4.448325 ], [ 98.043843, 4.448369 ], [ 98.043848, 4.448388 ], [ 98.043849, 4.448391 ], [ 98.043857, 4.44842 ], [ 98.043864, 4.448447 ], [ 98.043866, 4.448453 ], [ 98.043877, 4.448495 ], [ 98.043879, 4.448503 ], [ 98.043894, 4.448556 ], [ 98.043896, 4.448564 ], [ 98.043902, 4.448587 ], [ 98.043905, 4.448598 ], [ 98.043907, 4.448605 ], [ 98.043915, 4.448632 ], [ 98.043922, 4.448659 ], [ 98.043922, 4.44866 ], [ 98.043923, 4.448664 ], [ 98.043927, 4.448677 ], [ 98.043931, 4.4487 ], [ 98.043934, 4.448717 ], [ 98.043936, 4.448724 ], [ 98.043936, 4.448728 ], [ 98.043941, 4.448753 ], [ 98.043944, 4.448773 ], [ 98.043948, 4.448791 ], [ 98.043948, 4.448794 ], [ 98.043949, 4.4488 ], [ 98.043953, 4.448822 ], [ 98.043959, 4.448851 ], [ 98.043986, 4.448999 ], [ 98.043986, 4.449158 ], [ 98.043979, 4.449175 ], [ 98.043966, 4.449207 ], [ 98.043963, 4.449213 ], [ 98.043961, 4.44922 ], [ 98.043958, 4.449226 ], [ 98.043951, 4.44924 ], [ 98.043935, 4.449267 ], [ 98.043932, 4.449274 ], [ 98.043929, 4.449279 ], [ 98.043921, 4.449294 ], [ 98.043914, 4.449319 ], [ 98.043909, 4.449339 ], [ 98.043908, 4.449345 ], [ 98.043902, 4.44937 ], [ 98.043894, 4.449399 ], [ 98.043893, 4.449403 ], [ 98.043887, 4.449428 ], [ 98.043881, 4.449454 ], [ 98.043877, 4.449469 ], [ 98.043877, 4.449606 ], [ 98.043865, 4.449792 ], [ 98.043888, 4.44993 ], [ 98.043898, 4.449993 ], [ 98.04388, 4.450085 ], [ 98.043845, 4.450211 ], [ 98.043827, 4.450267 ], [ 98.043826, 4.450349 ], [ 98.043824, 4.450466 ], [ 98.043831, 4.450555 ], [ 98.043837, 4.450643 ], [ 98.043837, 4.45065 ], [ 98.043837, 4.4507 ], [ 98.043837, 4.450707 ], [ 98.043837, 4.450711 ], [ 98.043837, 4.450727 ], [ 98.043837, 4.450732 ], [ 98.04384, 4.45075 ], [ 98.043842, 4.450765 ], [ 98.043843, 4.450771 ], [ 98.043843, 4.450774 ], [ 98.043845, 4.450788 ], [ 98.043848, 4.450806 ], [ 98.043853, 4.450846 ], [ 98.043935, 4.450939 ], [ 98.044008, 4.450989 ], [ 98.044174, 4.451103 ], [ 98.044347, 4.451198 ], [ 98.044354, 4.451201 ], [ 98.044396, 4.451213 ], [ 98.044443, 4.451226 ], [ 98.044459, 4.451231 ], [ 98.044463, 4.451232 ], [ 98.044497, 4.451241 ], [ 98.04452, 4.451248 ], [ 98.044545, 4.451254 ], [ 98.044573, 4.45126 ], [ 98.044606, 4.451267 ], [ 98.044607, 4.451267 ], [ 98.044681, 4.451282 ], [ 98.044691, 4.451284 ], [ 98.044717, 4.451297 ], [ 98.044751, 4.451314 ], [ 98.044778, 4.451328 ], [ 98.044805, 4.451353 ], [ 98.044827, 4.451372 ], [ 98.044829, 4.451374 ], [ 98.044832, 4.451377 ], [ 98.044835, 4.451379 ], [ 98.044838, 4.451382 ], [ 98.044844, 4.451404 ], [ 98.044885, 4.451537 ], [ 98.044952, 4.451748 ], [ 98.045022, 4.451869 ], [ 98.045044, 4.452011 ], [ 98.04518, 4.452131 ], [ 98.045205, 4.452252 ], [ 98.045207, 4.452263 ], [ 98.045208, 4.452283 ], [ 98.045208, 4.45231 ], [ 98.045208, 4.452315 ], [ 98.045208, 4.45232 ], [ 98.045205, 4.452336 ], [ 98.045203, 4.452353 ], [ 98.045202, 4.452364 ], [ 98.045201, 4.452371 ], [ 98.045199, 4.452384 ], [ 98.045196, 4.452411 ], [ 98.045194, 4.452427 ], [ 98.045186, 4.452494 ], [ 98.045186, 4.452497 ], [ 98.045184, 4.452507 ], [ 98.045181, 4.452539 ], [ 98.045179, 4.452548 ], [ 98.045179, 4.452552 ], [ 98.045174, 4.452575 ], [ 98.045168, 4.452601 ], [ 98.045165, 4.452613 ], [ 98.045164, 4.452616 ], [ 98.045159, 4.452637 ], [ 98.045155, 4.452652 ], [ 98.045155, 4.452654 ], [ 98.045148, 4.452682 ], [ 98.045136, 4.452734 ], [ 98.045135, 4.452738 ], [ 98.045138, 4.452768 ], [ 98.04514, 4.452797 ], [ 98.04514, 4.452799 ], [ 98.045141, 4.45282 ], [ 98.045144, 4.452859 ], [ 98.045144, 4.452862 ], [ 98.045145, 4.452865 ], [ 98.045146, 4.452885 ], [ 98.045153, 4.452905 ], [ 98.045157, 4.452916 ], [ 98.04516, 4.452924 ], [ 98.045161, 4.452927 ], [ 98.045162, 4.452932 ], [ 98.045168, 4.452947 ], [ 98.045174, 4.452966 ], [ 98.045181, 4.452985 ], [ 98.04521, 4.453069 ], [ 98.045211, 4.453072 ], [ 98.045218, 4.453097 ], [ 98.045222, 4.453112 ], [ 98.045224, 4.453121 ], [ 98.045232, 4.453152 ], [ 98.045235, 4.453164 ], [ 98.045238, 4.453173 ], [ 98.045238, 4.453175 ], [ 98.045233, 4.453199 ], [ 98.04523, 4.453213 ], [ 98.045228, 4.45322 ], [ 98.045227, 4.453227 ], [ 98.045222, 4.453247 ], [ 98.045211, 4.4533 ], [ 98.045156, 4.4534 ], [ 98.045153, 4.453405 ], [ 98.045142, 4.453426 ], [ 98.045127, 4.453454 ], [ 98.045122, 4.453462 ], [ 98.045113, 4.45348 ], [ 98.045113, 4.453515 ], [ 98.045113, 4.45352 ], [ 98.045112, 4.453555 ], [ 98.045113, 4.453579 ], [ 98.045113, 4.453607 ], [ 98.045114, 4.453634 ], [ 98.045114, 4.453646 ], [ 98.045114, 4.453648 ], [ 98.045114, 4.45365 ], [ 98.045115, 4.45366 ], [ 98.045117, 4.453681 ], [ 98.045117, 4.453687 ], [ 98.045117, 4.453693 ], [ 98.045118, 4.453702 ], [ 98.04512, 4.453733 ], [ 98.045122, 4.453759 ], [ 98.045122, 4.453763 ], [ 98.045123, 4.453777 ], [ 98.045127, 4.453804 ], [ 98.045129, 4.453823 ], [ 98.04513, 4.453829 ], [ 98.045132, 4.453849 ], [ 98.045135, 4.453875 ], [ 98.045136, 4.45388 ], [ 98.045138, 4.453898 ], [ 98.045142, 4.453932 ], [ 98.045143, 4.453941 ], [ 98.045144, 4.453947 ], [ 98.045145, 4.453956 ], [ 98.04517, 4.453987 ], [ 98.045182, 4.454001 ], [ 98.045184, 4.454004 ], [ 98.045202, 4.454026 ], [ 98.045222, 4.454051 ], [ 98.045225, 4.454055 ], [ 98.045227, 4.454057 ], [ 98.045238, 4.45407 ], [ 98.045252, 4.454089 ], [ 98.045267, 4.454107 ], [ 98.045273, 4.454115 ], [ 98.045276, 4.454119 ], [ 98.045294, 4.454142 ], [ 98.045315, 4.454167 ], [ 98.045318, 4.454172 ], [ 98.045323, 4.454178 ], [ 98.04534, 4.454199 ], [ 98.045358, 4.454221 ], [ 98.045365, 4.45423 ], [ 98.045367, 4.454232 ], [ 98.045391, 4.454262 ], [ 98.045412, 4.454287 ], [ 98.045417, 4.454293 ], [ 98.045422, 4.454301 ], [ 98.045436, 4.454318 ], [ 98.045457, 4.454344 ], [ 98.045465, 4.454353 ], [ 98.045471, 4.45436 ], [ 98.045485, 4.454391 ], [ 98.045493, 4.454407 ], [ 98.045499, 4.454419 ], [ 98.045507, 4.454437 ], [ 98.045521, 4.454465 ], [ 98.045525, 4.454475 ], [ 98.045527, 4.45448 ], [ 98.04553, 4.454486 ], [ 98.04553, 4.454523 ], [ 98.04553, 4.454529 ], [ 98.04553, 4.454548 ], [ 98.04553, 4.454567 ], [ 98.04553, 4.454575 ], [ 98.04553, 4.454663 ], [ 98.04553, 4.454669 ], [ 98.04553, 4.454686 ], [ 98.04553, 4.454724 ], [ 98.04553, 4.454748 ], [ 98.045543, 4.454808 ], [ 98.045543, 4.454811 ], [ 98.045549, 4.454836 ], [ 98.045561, 4.454893 ], [ 98.045574, 4.454956 ], [ 98.045576, 4.454964 ], [ 98.045577, 4.454971 ], [ 98.045579, 4.454977 ], [ 98.045579, 4.454978 ], [ 98.045587, 4.455014 ], [ 98.045604, 4.45509 ], [ 98.045609, 4.455112 ], [ 98.045613, 4.45513 ], [ 98.045617, 4.455151 ], [ 98.045627, 4.455196 ], [ 98.045649, 4.455232 ], [ 98.045667, 4.455263 ], [ 98.045672, 4.455271 ], [ 98.04568, 4.455285 ], [ 98.04569, 4.4553 ], [ 98.045716, 4.45534 ], [ 98.045737, 4.455372 ], [ 98.045741, 4.455377 ], [ 98.045742, 4.455378 ], [ 98.045743, 4.45538 ], [ 98.045775, 4.455421 ], [ 98.045778, 4.455425 ], [ 98.045784, 4.455432 ], [ 98.045806, 4.455461 ], [ 98.045818, 4.455475 ], [ 98.045846, 4.455496 ], [ 98.045879, 4.455521 ], [ 98.045921, 4.455552 ], [ 98.04593, 4.455575 ], [ 98.045935, 4.455585 ], [ 98.04595, 4.455624 ], [ 98.045959, 4.455645 ], [ 98.045952, 4.455693 ], [ 98.045949, 4.455716 ], [ 98.045948, 4.455726 ], [ 98.045942, 4.455765 ], [ 98.045924, 4.455808 ], [ 98.045915, 4.455826 ], [ 98.045905, 4.45585 ], [ 98.045899, 4.455862 ], [ 98.045897, 4.455868 ], [ 98.045882, 4.455901 ], [ 98.045863, 4.455926 ], [ 98.045812, 4.45599 ], [ 98.045786, 4.456023 ], [ 98.045783, 4.456027 ], [ 98.045779, 4.456032 ], [ 98.045742, 4.456095 ], [ 98.045708, 4.456152 ], [ 98.045704, 4.45619 ], [ 98.045704, 4.456197 ], [ 98.045701, 4.456233 ], [ 98.045696, 4.456272 ], [ 98.04569, 4.456323 ], [ 98.04569, 4.456325 ], [ 98.045686, 4.456351 ], [ 98.045685, 4.456357 ], [ 98.045682, 4.456377 ], [ 98.04568, 4.456387 ], [ 98.045667, 4.456421 ], [ 98.045648, 4.456469 ], [ 98.045602, 4.456511 ], [ 98.045597, 4.456515 ], [ 98.045585, 4.456526 ], [ 98.045527, 4.456574 ], [ 98.045518, 4.456581 ], [ 98.045504, 4.456592 ], [ 98.045501, 4.456595 ], [ 98.045472, 4.456614 ], [ 98.045443, 4.456633 ], [ 98.045401, 4.456661 ], [ 98.045386, 4.456671 ], [ 98.045307, 4.456722 ], [ 98.045277, 4.456742 ], [ 98.045223, 4.456796 ], [ 98.04519, 4.456829 ], [ 98.045178, 4.456894 ], [ 98.045176, 4.456905 ], [ 98.045174, 4.456915 ], [ 98.045162, 4.456976 ], [ 98.045162, 4.456984 ], [ 98.045158, 4.457045 ], [ 98.045157, 4.457064 ], [ 98.045163, 4.457078 ], [ 98.045164, 4.457078 ], [ 98.0452, 4.457148 ], [ 98.045214, 4.45718 ], [ 98.04523, 4.457218 ], [ 98.045233, 4.457227 ], [ 98.045238, 4.457239 ], [ 98.045244, 4.45726 ], [ 98.045247, 4.457269 ], [ 98.045259, 4.457307 ], [ 98.045264, 4.457317 ], [ 98.045282, 4.457352 ], [ 98.045309, 4.457403 ], [ 98.045318, 4.457439 ], [ 98.045319, 4.457443 ], [ 98.045331, 4.457485 ], [ 98.045311, 4.457563 ], [ 98.045296, 4.457617 ], [ 98.045291, 4.457636 ], [ 98.045285, 4.457655 ], [ 98.045271, 4.457704 ], [ 98.045259, 4.457741 ], [ 98.045252, 4.457783 ], [ 98.045244, 4.457826 ], [ 98.045222, 4.457915 ], [ 98.045215, 4.457944 ], [ 98.045203, 4.457997 ], [ 98.0452, 4.458012 ], [ 98.045189, 4.458062 ], [ 98.045177, 4.458113 ], [ 98.045179, 4.458175 ], [ 98.045179, 4.458182 ], [ 98.045181, 4.458274 ], [ 98.045182, 4.458337 ], [ 98.045212, 4.458366 ], [ 98.045226, 4.458381 ], [ 98.04525, 4.458405 ], [ 98.045288, 4.458443 ], [ 98.045352, 4.45851 ], [ 98.045389, 4.458547 ], [ 98.045422, 4.45858 ], [ 98.045457, 4.458614 ], [ 98.045482, 4.458639 ], [ 98.045572, 4.458716 ], [ 98.045736, 4.458857 ], [ 98.046063, 4.459134 ], [ 98.04607, 4.45914 ], [ 98.046076, 4.459145 ], [ 98.046094, 4.459164 ], [ 98.046094, 4.459165 ], [ 98.046112, 4.459184 ], [ 98.046137, 4.459212 ], [ 98.046183, 4.459263 ], [ 98.046232, 4.459316 ], [ 98.046238, 4.459323 ], [ 98.04628, 4.45937 ], [ 98.046318, 4.459411 ], [ 98.046346, 4.459442 ], [ 98.046372, 4.45949 ], [ 98.04638, 4.459503 ], [ 98.046399, 4.459537 ], [ 98.04642, 4.459567 ], [ 98.046425, 4.459575 ], [ 98.046438, 4.459592 ], [ 98.046471, 4.459638 ], [ 98.046486, 4.459688 ], [ 98.046489, 4.459698 ], [ 98.046497, 4.459727 ], [ 98.046509, 4.459764 ], [ 98.046514, 4.459815 ], [ 98.046529, 4.459965 ], [ 98.04655, 4.460246 ], [ 98.046551, 4.460253 ], [ 98.046558, 4.460344 ], [ 98.046562, 4.460403 ], [ 98.046561, 4.460427 ], [ 98.04656, 4.460443 ], [ 98.046557, 4.460506 ], [ 98.046553, 4.460599 ], [ 98.046552, 4.460623 ], [ 98.046551, 4.460632 ], [ 98.046547, 4.460716 ], [ 98.046544, 4.460778 ], [ 98.046542, 4.460826 ], [ 98.046541, 4.460837 ], [ 98.046537, 4.460927 ], [ 98.046534, 4.460972 ], [ 98.046533, 4.461006 ], [ 98.046531, 4.461036 ], [ 98.046517, 4.461294 ], [ 98.046517, 4.461324 ], [ 98.046516, 4.461324 ], [ 98.046514, 4.461432 ], [ 98.046513, 4.461474 ], [ 98.046514, 4.461545 ], [ 98.046515, 4.461657 ], [ 98.046516, 4.461677 ], [ 98.046516, 4.461681 ], [ 98.046517, 4.461753 ], [ 98.046517, 4.46178 ], [ 98.04653, 4.461866 ], [ 98.046549, 4.461988 ], [ 98.046631, 4.462206 ], [ 98.046643, 4.462239 ], [ 98.046643, 4.462238 ], [ 98.046698, 4.462388 ], [ 98.046713, 4.462431 ], [ 98.046718, 4.462444 ], [ 98.046737, 4.462498 ], [ 98.046755, 4.46255 ], [ 98.046777, 4.462622 ], [ 98.046783, 4.462641 ], [ 98.046834, 4.46281 ], [ 98.046837, 4.462818 ], [ 98.046834, 4.462887 ], [ 98.046831, 4.462938 ], [ 98.04681, 4.462994 ], [ 98.046808, 4.462999 ], [ 98.046805, 4.463007 ], [ 98.046793, 4.463037 ], [ 98.046748, 4.463082 ], [ 98.046711, 4.46312 ], [ 98.046687, 4.463145 ], [ 98.046678, 4.463155 ], [ 98.046651, 4.463184 ], [ 98.0466, 4.463215 ], [ 98.046558, 4.463242 ], [ 98.046537, 4.463255 ], [ 98.046481, 4.463272 ], [ 98.046433, 4.463287 ], [ 98.046379, 4.463287 ], [ 98.046371, 4.463287 ], [ 98.046334, 4.463292 ], [ 98.04631, 4.463296 ], [ 98.046297, 4.463298 ], [ 98.046292, 4.463299 ], [ 98.04624, 4.463306 ], [ 98.046224, 4.463309 ], [ 98.046221, 4.463309 ], [ 98.046203, 4.463316 ], [ 98.046145, 4.463339 ], [ 98.046095, 4.463358 ], [ 98.046057, 4.463373 ], [ 98.046014, 4.463422 ], [ 98.045987, 4.463453 ], [ 98.045977, 4.463464 ], [ 98.045965, 4.463478 ], [ 98.045959, 4.463486 ], [ 98.045913, 4.463544 ], [ 98.045889, 4.463574 ], [ 98.045878, 4.463587 ], [ 98.045871, 4.463649 ], [ 98.045871, 4.463651 ], [ 98.045867, 4.463691 ], [ 98.045886, 4.463739 ], [ 98.045899, 4.463773 ], [ 98.045941, 4.463811 ], [ 98.04598, 4.463846 ], [ 98.045986, 4.463851 ], [ 98.045996, 4.46386 ], [ 98.046093, 4.463917 ], [ 98.046162, 4.463957 ], [ 98.046194, 4.463976 ], [ 98.046256, 4.464015 ], [ 98.046261, 4.464018 ], [ 98.046291, 4.464036 ], [ 98.046333, 4.464063 ], [ 98.046342, 4.464069 ], [ 98.046378, 4.464093 ], [ 98.046428, 4.464126 ], [ 98.046449, 4.46414 ], [ 98.046461, 4.464148 ], [ 98.046475, 4.464174 ], [ 98.04648, 4.464182 ], [ 98.046496, 4.464211 ], [ 98.046502, 4.46422 ], [ 98.046538, 4.464284 ], [ 98.046562, 4.464325 ], [ 98.046564, 4.464328 ], [ 98.046569, 4.464338 ], [ 98.046581, 4.464379 ], [ 98.046589, 4.464406 ], [ 98.046593, 4.464421 ], [ 98.046615, 4.464496 ], [ 98.046616, 4.464501 ], [ 98.046631, 4.464551 ], [ 98.046634, 4.464564 ], [ 98.046634, 4.464609 ], [ 98.046634, 4.46466 ], [ 98.046634, 4.464671 ], [ 98.046633, 4.464753 ], [ 98.046633, 4.464848 ], [ 98.046632, 4.465064 ], [ 98.046699, 4.465423 ], [ 98.046786, 4.465518 ], [ 98.046887, 4.465591 ], [ 98.046935, 4.465617 ], [ 98.04701, 4.465658 ], [ 98.047115, 4.465715 ], [ 98.047138, 4.465728 ], [ 98.047155, 4.465737 ], [ 98.047211, 4.465774 ], [ 98.047293, 4.465828 ], [ 98.047352, 4.465868 ], [ 98.047355, 4.46587 ], [ 98.04739, 4.465894 ], [ 98.047496, 4.46597 ], [ 98.047504, 4.465976 ], [ 98.047529, 4.465996 ], [ 98.047594, 4.466049 ], [ 98.047686, 4.466124 ], [ 98.047706, 4.46614 ], [ 98.047716, 4.466148 ], [ 98.047752, 4.466178 ], [ 98.047757, 4.466182 ], [ 98.047793, 4.466237 ], [ 98.047828, 4.466289 ], [ 98.047833, 4.466297 ], [ 98.047851, 4.466325 ], [ 98.047863, 4.466342 ], [ 98.047869, 4.466352 ], [ 98.047933, 4.466449 ], [ 98.048026, 4.466591 ], [ 98.048235, 4.466923 ], [ 98.048402, 4.467195 ], [ 98.048575, 4.467393 ], [ 98.048587, 4.467407 ], [ 98.048636, 4.467463 ], [ 98.048682, 4.467515 ], [ 98.048782, 4.467526 ], [ 98.04892, 4.467542 ], [ 98.048952, 4.467546 ], [ 98.048973, 4.467549 ], [ 98.049011, 4.467553 ], [ 98.049031, 4.467555 ], [ 98.049108, 4.467564 ], [ 98.049189, 4.467624 ], [ 98.049213, 4.46764 ], [ 98.049218, 4.467645 ], [ 98.049275, 4.467693 ], [ 98.049331, 4.467742 ], [ 98.049397, 4.4678 ], [ 98.049418, 4.467817 ], [ 98.049432, 4.467831 ], [ 98.049564, 4.46796 ], [ 98.049723, 4.468157 ], [ 98.049787, 4.468253 ], [ 98.049847, 4.468341 ], [ 98.049853, 4.46835 ], [ 98.049857, 4.468356 ], [ 98.049876, 4.468386 ], [ 98.049903, 4.468432 ], [ 98.049933, 4.468483 ], [ 98.049962, 4.468532 ], [ 98.049975, 4.468554 ], [ 98.049978, 4.468559 ], [ 98.049987, 4.468575 ], [ 98.05001, 4.468655 ], [ 98.050036, 4.468742 ], [ 98.050037, 4.468746 ], [ 98.050114, 4.469025 ], [ 98.050178, 4.46928 ], [ 98.05018, 4.469284 ], [ 98.050191, 4.46937 ], [ 98.050201, 4.469447 ], [ 98.050204, 4.469465 ], [ 98.050205, 4.469474 ], [ 98.050208, 4.469498 ], [ 98.050209, 4.469508 ], [ 98.05021, 4.469568 ], [ 98.050212, 4.469644 ], [ 98.050213, 4.469666 ], [ 98.050213, 4.469677 ], [ 98.050214, 4.469701 ], [ 98.050279, 4.469785 ], [ 98.050469, 4.470027 ], [ 98.05059, 4.470181 ], [ 98.050596, 4.470189 ], [ 98.050653, 4.470236 ], [ 98.050798, 4.470356 ], [ 98.050826, 4.470379 ], [ 98.050835, 4.470386 ], [ 98.050882, 4.470425 ], [ 98.050913, 4.470451 ], [ 98.050979, 4.470489 ], [ 98.05106, 4.470536 ], [ 98.051098, 4.470558 ], [ 98.051123, 4.470573 ], [ 98.051133, 4.470578 ], [ 98.051148, 4.470587 ], [ 98.05118, 4.470606 ], [ 98.051232, 4.470636 ], [ 98.051291, 4.47067 ], [ 98.051344, 4.4707 ], [ 98.051384, 4.470724 ], [ 98.051416, 4.470743 ], [ 98.051441, 4.470763 ], [ 98.051442, 4.470764 ], [ 98.051542, 4.470845 ], [ 98.051588, 4.470882 ], [ 98.051624, 4.470912 ], [ 98.051637, 4.470922 ], [ 98.051653, 4.470935 ], [ 98.051664, 4.470944 ], [ 98.051712, 4.470982 ], [ 98.051766, 4.471027 ], [ 98.051832, 4.47108 ], [ 98.051879, 4.471118 ], [ 98.051882, 4.471121 ], [ 98.051892, 4.471129 ], [ 98.051933, 4.471162 ], [ 98.051988, 4.471207 ], [ 98.052016, 4.471229 ], [ 98.052054, 4.471284 ], [ 98.052062, 4.471295 ], [ 98.052071, 4.471308 ], [ 98.052088, 4.471332 ], [ 98.052117, 4.471373 ], [ 98.052173, 4.471453 ], [ 98.052193, 4.471482 ], [ 98.052199, 4.471491 ], [ 98.052237, 4.471545 ], [ 98.052247, 4.47156 ], [ 98.052289, 4.471599 ], [ 98.052349, 4.471657 ], [ 98.052373, 4.471679 ], [ 98.05238, 4.471686 ], [ 98.052423, 4.471727 ], [ 98.05247, 4.471773 ], [ 98.052481, 4.471783 ], [ 98.052546, 4.471848 ], [ 98.052579, 4.471881 ], [ 98.052586, 4.471887 ], [ 98.052605, 4.471906 ], [ 98.052665, 4.471966 ], [ 98.052726, 4.472027 ], [ 98.052735, 4.472036 ], [ 98.052749, 4.47205 ], [ 98.05277, 4.472071 ], [ 98.052818, 4.472122 ], [ 98.052859, 4.472164 ], [ 98.052889, 4.472195 ], [ 98.052894, 4.4722 ], [ 98.052936, 4.472244 ], [ 98.052992, 4.472303 ], [ 98.053062, 4.472376 ], [ 98.053082, 4.472397 ], [ 98.053087, 4.472402 ], [ 98.053125, 4.472442 ], [ 98.053192, 4.472512 ], [ 98.053254, 4.472576 ], [ 98.053263, 4.472585 ], [ 98.0533, 4.472624 ], [ 98.053389, 4.472718 ], [ 98.053439, 4.47277 ], [ 98.05344, 4.472771 ], [ 98.053441, 4.472771 ], [ 98.053486, 4.472818 ], [ 98.053532, 4.472867 ], [ 98.053566, 4.472902 ], [ 98.053582, 4.472919 ], [ 98.053606, 4.472943 ], [ 98.053661, 4.473 ], [ 98.053678, 4.473018 ], [ 98.053715, 4.473068 ], [ 98.053717, 4.473071 ], [ 98.05373, 4.473089 ], [ 98.053758, 4.473125 ], [ 98.053787, 4.473164 ], [ 98.053821, 4.47321 ], [ 98.053842, 4.473238 ], [ 98.053847, 4.473244 ], [ 98.053854, 4.473254 ], [ 98.053875, 4.473282 ], [ 98.053916, 4.473336 ], [ 98.053945, 4.473376 ], [ 98.053958, 4.473393 ], [ 98.05398, 4.473422 ], [ 98.054022, 4.473478 ], [ 98.054035, 4.473495 ], [ 98.054071, 4.473543 ], [ 98.05408, 4.473556 ], [ 98.054562, 4.474199 ], [ 98.054991, 4.474772 ], [ 98.055554, 4.475524 ], [ 98.056028, 4.476156 ], [ 98.056476, 4.476755 ], [ 98.056913, 4.477339 ], [ 98.056916, 4.477339 ], [ 98.056917, 4.477339 ], [ 98.056991, 4.477327 ], [ 98.057076, 4.477314 ], [ 98.057162, 4.4773 ], [ 98.057244, 4.477287 ], [ 98.057276, 4.477282 ], [ 98.057339, 4.47729 ], [ 98.057343, 4.47729 ], [ 98.057348, 4.477291 ], [ 98.05751, 4.477311 ], [ 98.057558, 4.477343 ], [ 98.057738, 4.477466 ], [ 98.057735, 4.477616 ], [ 98.057697, 4.477886 ], [ 98.057627, 4.478289 ], [ 98.057775, 4.478722 ], [ 98.058041, 4.479035 ], [ 98.058053, 4.479027 ], [ 98.058052, 4.479027 ], [ 98.058142, 4.478961 ], [ 98.058221, 4.478904 ], [ 98.05831, 4.47884 ], [ 98.058324, 4.478829 ], [ 98.05833, 4.478825 ], [ 98.058411, 4.478768 ], [ 98.058483, 4.478719 ], [ 98.058559, 4.478667 ], [ 98.058586, 4.478649 ], [ 98.058594, 4.478643 ], [ 98.058634, 4.478616 ], [ 98.058645, 4.478609 ], [ 98.058672, 4.478591 ], [ 98.058768, 4.478527 ], [ 98.05883, 4.478485 ], [ 98.05886, 4.478465 ], [ 98.058872, 4.47846 ], [ 98.058961, 4.47842 ], [ 98.059047, 4.478382 ], [ 98.059109, 4.478354 ], [ 98.059138, 4.478341 ], [ 98.059149, 4.478336 ], [ 98.059173, 4.478324 ], [ 98.05921, 4.478305 ], [ 98.059241, 4.478289 ], [ 98.059277, 4.478271 ], [ 98.059279, 4.47827 ], [ 98.05936, 4.478229 ], [ 98.059433, 4.478192 ], [ 98.059509, 4.478154 ], [ 98.059532, 4.478142 ], [ 98.059643, 4.478129 ], [ 98.05965, 4.478128 ], [ 98.059781, 4.478113 ], [ 98.05982, 4.47811 ], [ 98.05992, 4.478104 ], [ 98.05996, 4.478102 ], [ 98.060012, 4.478103 ], [ 98.060013, 4.478103 ], [ 98.060104, 4.478104 ], [ 98.060201, 4.478106 ], [ 98.060234, 4.478107 ], [ 98.060248, 4.478107 ], [ 98.06027, 4.478108 ], [ 98.060422, 4.478117 ], [ 98.060442, 4.478118 ], [ 98.060444, 4.478118 ], [ 98.060607, 4.478127 ], [ 98.060667, 4.478131 ], [ 98.06078, 4.478161 ], [ 98.060841, 4.478177 ], [ 98.06085, 4.478179 ], [ 98.060851, 4.478179 ], [ 98.060998, 4.478218 ], [ 98.061099, 4.478245 ], [ 98.061157, 4.478261 ], [ 98.061207, 4.478324 ], [ 98.061275, 4.478413 ], [ 98.061299, 4.478443 ], [ 98.061301, 4.478445 ], [ 98.061325, 4.478476 ], [ 98.061389, 4.478559 ], [ 98.061402, 4.478604 ], [ 98.061403, 4.478607 ], [ 98.061428, 4.478694 ], [ 98.061451, 4.478773 ], [ 98.061457, 4.478793 ], [ 98.061458, 4.478798 ], [ 98.061486, 4.478896 ], [ 98.061512, 4.478984 ], [ 98.061513, 4.478988 ], [ 98.061536, 4.479067 ], [ 98.06155, 4.479118 ], [ 98.061558, 4.479146 ], [ 98.061562, 4.479157 ], [ 98.061569, 4.479184 ], [ 98.061583, 4.47923 ], [ 98.061595, 4.479271 ], [ 98.061625, 4.479342 ], [ 98.062192, 4.480682 ], [ 98.062196, 4.480692 ], [ 98.062233, 4.480779 ], [ 98.06227, 4.480867 ], [ 98.062302, 4.480942 ], [ 98.062306, 4.480948 ], [ 98.062318, 4.480964 ], [ 98.062327, 4.480977 ], [ 98.062417, 4.481099 ], [ 98.062453, 4.481149 ], [ 98.062458, 4.481157 ], [ 98.062859, 4.481706 ], [ 98.062862, 4.48171 ], [ 98.062922, 4.481792 ], [ 98.062998, 4.481897 ], [ 98.063029, 4.481939 ], [ 98.063038, 4.481952 ], [ 98.063082, 4.482012 ], [ 98.063142, 4.482094 ], [ 98.063191, 4.482161 ], [ 98.063207, 4.482204 ], [ 98.063215, 4.482223 ], [ 98.063251, 4.482317 ], [ 98.063287, 4.482409 ], [ 98.063306, 4.482458 ], [ 98.063308, 4.482464 ], [ 98.063332, 4.482525 ], [ 98.063333, 4.482528 ], [ 98.063404, 4.482711 ], [ 98.06341, 4.482727 ], [ 98.063443, 4.482814 ], [ 98.063486, 4.482925 ], [ 98.063484, 4.482975 ], [ 98.063473, 4.48323 ], [ 98.063464, 4.483436 ], [ 98.063464, 4.483444 ], [ 98.063463, 4.483462 ], [ 98.06346, 4.483534 ], [ 98.063396, 4.483713 ], [ 98.06313, 4.484463 ], [ 98.063053, 4.484649 ], [ 98.06304, 4.48468 ], [ 98.06304, 4.484681 ], [ 98.063021, 4.484725 ], [ 98.062997, 4.484779 ], [ 98.062981, 4.484814 ], [ 98.062952, 4.48488 ], [ 98.062926, 4.484936 ], [ 98.062922, 4.484946 ], [ 98.062879, 4.485042 ], [ 98.062825, 4.485161 ], [ 98.062824, 4.485162 ], [ 98.062803, 4.48521 ], [ 98.06277, 4.485283 ], [ 98.062748, 4.485333 ], [ 98.062734, 4.485375 ], [ 98.062729, 4.48539 ], [ 98.062707, 4.485456 ], [ 98.062675, 4.485556 ], [ 98.06265, 4.485629 ], [ 98.062649, 4.485635 ], [ 98.062643, 4.485651 ], [ 98.06262, 4.485721 ], [ 98.06258, 4.485842 ], [ 98.062567, 4.485883 ], [ 98.062558, 4.485911 ], [ 98.062534, 4.485983 ], [ 98.062516, 4.486039 ], [ 98.0625, 4.486084 ], [ 98.062489, 4.486121 ], [ 98.062485, 4.486132 ], [ 98.062464, 4.486196 ], [ 98.062437, 4.486278 ], [ 98.062424, 4.486316 ], [ 98.06241, 4.486387 ], [ 98.062408, 4.486393 ], [ 98.062407, 4.486399 ], [ 98.062392, 4.486475 ], [ 98.062368, 4.486589 ], [ 98.062353, 4.486661 ], [ 98.06235, 4.486675 ], [ 98.062346, 4.486697 ], [ 98.062341, 4.48672 ], [ 98.062321, 4.486816 ], [ 98.062311, 4.48689 ], [ 98.062301, 4.486956 ], [ 98.062281, 4.487105 ], [ 98.062274, 4.487153 ], [ 98.062273, 4.487156 ], [ 98.062257, 4.487272 ], [ 98.062255, 4.487287 ], [ 98.062285, 4.487379 ], [ 98.062297, 4.487418 ], [ 98.062303, 4.487436 ], [ 98.062327, 4.487512 ], [ 98.062366, 4.487634 ], [ 98.062377, 4.487667 ], [ 98.06238, 4.487676 ], [ 98.062397, 4.487728 ], [ 98.062474, 4.487807 ], [ 98.062574, 4.48791 ], [ 98.062589, 4.487925 ], [ 98.062593, 4.487929 ], [ 98.062608, 4.487944 ], [ 98.062611, 4.487947 ], [ 98.062671, 4.488008 ], [ 98.062774, 4.488112 ], [ 98.062786, 4.488123 ], [ 98.062798, 4.488135 ], [ 98.062881, 4.488218 ], [ 98.062999, 4.488337 ], [ 98.063046, 4.488384 ], [ 98.06306, 4.488397 ], [ 98.063107, 4.488444 ], [ 98.063202, 4.488524 ], [ 98.063276, 4.488585 ], [ 98.063284, 4.488591 ], [ 98.063352, 4.488649 ], [ 98.06347, 4.488747 ], [ 98.063545, 4.488809 ], [ 98.063549, 4.488813 ], [ 98.063559, 4.488821 ], [ 98.063612, 4.488865 ], [ 98.063683, 4.488924 ], [ 98.063793, 4.489016 ], [ 98.063848, 4.489062 ], [ 98.063859, 4.489071 ], [ 98.063928, 4.489129 ], [ 98.06402, 4.489205 ], [ 98.064062, 4.48924 ], [ 98.064154, 4.489316 ], [ 98.064768, 4.489828 ], [ 98.0653, 4.490527 ], [ 98.065953, 4.491384 ], [ 98.066275, 4.491953 ], [ 98.066635, 4.492589 ], [ 98.066657, 4.49269 ], [ 98.066683, 4.492808 ], [ 98.066689, 4.492833 ], [ 98.066713, 4.492942 ], [ 98.066735, 4.493041 ], [ 98.066737, 4.493049 ], [ 98.066756, 4.493138 ], [ 98.066763, 4.493172 ], [ 98.06676, 4.493253 ], [ 98.066758, 4.493291 ], [ 98.066757, 4.493299 ], [ 98.066752, 4.493417 ], [ 98.066747, 4.493521 ], [ 98.066746, 4.493536 ], [ 98.066741, 4.493645 ], [ 98.066738, 4.493702 ], [ 98.066732, 4.493766 ], [ 98.066731, 4.493773 ], [ 98.066718, 4.493895 ], [ 98.066704, 4.494032 ], [ 98.066703, 4.49404 ], [ 98.066696, 4.494106 ], [ 98.066664, 4.494241 ], [ 98.066656, 4.494273 ], [ 98.066651, 4.494295 ], [ 98.066624, 4.494412 ], [ 98.0666, 4.49451 ], [ 98.066598, 4.494518 ], [ 98.066575, 4.494613 ], [ 98.066543, 4.494745 ], [ 98.066537, 4.494769 ], [ 98.066534, 4.494781 ], [ 98.066505, 4.494899 ], [ 98.066483, 4.494987 ], [ 98.066475, 4.49502 ], [ 98.066471, 4.495036 ], [ 98.066464, 4.495062 ], [ 98.066422, 4.49517 ], [ 98.0664, 4.495227 ], [ 98.066396, 4.495236 ], [ 98.066365, 4.495315 ], [ 98.066315, 4.495444 ], [ 98.066293, 4.495499 ], [ 98.066289, 4.495511 ], [ 98.066233, 4.495653 ], [ 98.066228, 4.495665 ], [ 98.066199, 4.495733 ], [ 98.066187, 4.49576 ], [ 98.06618, 4.495778 ], [ 98.066146, 4.495855 ], [ 98.066098, 4.495966 ], [ 98.066072, 4.496026 ], [ 98.066071, 4.496028 ], [ 98.066026, 4.496133 ], [ 98.065983, 4.496232 ], [ 98.065961, 4.496285 ], [ 98.065955, 4.496298 ], [ 98.065942, 4.496328 ], [ 98.065925, 4.496368 ], [ 98.065918, 4.496384 ], [ 98.065857, 4.496484 ], [ 98.065337, 4.497336 ], [ 98.064753, 4.498276 ], [ 98.064697, 4.498364 ], [ 98.064634, 4.498463 ], [ 98.064597, 4.498521 ], [ 98.064583, 4.498544 ], [ 98.064557, 4.498583 ], [ 98.064478, 4.498707 ], [ 98.064429, 4.498784 ], [ 98.064427, 4.498787 ], [ 98.064363, 4.498887 ], [ 98.064295, 4.498993 ], [ 98.064258, 4.499051 ], [ 98.06425, 4.499064 ], [ 98.064233, 4.49909 ], [ 98.064174, 4.499183 ], [ 98.064124, 4.49927 ], [ 98.06411, 4.499294 ], [ 98.064101, 4.499309 ], [ 98.064091, 4.499327 ], [ 98.064036, 4.499422 ], [ 98.064016, 4.499457 ], [ 98.064002, 4.499482 ], [ 98.063981, 4.499518 ], [ 98.063977, 4.499525 ], [ 98.063959, 4.499555 ], [ 98.063928, 4.49961 ], [ 98.063898, 4.499662 ], [ 98.063885, 4.499686 ], [ 98.06388, 4.499694 ], [ 98.063843, 4.499765 ], [ 98.063368, 4.500686 ], [ 98.063364, 4.500694 ], [ 98.063333, 4.500762 ], [ 98.063304, 4.500824 ], [ 98.063269, 4.500899 ], [ 98.063261, 4.500917 ], [ 98.063252, 4.500936 ], [ 98.063212, 4.501022 ], [ 98.063161, 4.501133 ], [ 98.06315, 4.501156 ], [ 98.063138, 4.501183 ], [ 98.063124, 4.501213 ], [ 98.063077, 4.501314 ], [ 98.063052, 4.501369 ], [ 98.063029, 4.501417 ], [ 98.063024, 4.501428 ], [ 98.062987, 4.50151 ], [ 98.062943, 4.501605 ], [ 98.062927, 4.501637 ], [ 98.062922, 4.50165 ], [ 98.062874, 4.501754 ], [ 98.062824, 4.501868 ], [ 98.062814, 4.501892 ], [ 98.062808, 4.501905 ], [ 98.062769, 4.501992 ], [ 98.062716, 4.502112 ], [ 98.062696, 4.502159 ], [ 98.062692, 4.502168 ], [ 98.062661, 4.502237 ], [ 98.062644, 4.502278 ], [ 98.062635, 4.502298 ], [ 98.062599, 4.502384 ], [ 98.062575, 4.502441 ], [ 98.06257, 4.502452 ], [ 98.062523, 4.502565 ], [ 98.062478, 4.502671 ], [ 98.062476, 4.502676 ], [ 98.06247, 4.502691 ], [ 98.06243, 4.502784 ], [ 98.062395, 4.502868 ], [ 98.062382, 4.502899 ], [ 98.062372, 4.502921 ], [ 98.062341, 4.502996 ], [ 98.062302, 4.50309 ], [ 98.062284, 4.50313 ], [ 98.062277, 4.503149 ], [ 98.062259, 4.503192 ], [ 98.062213, 4.503301 ], [ 98.062192, 4.503349 ], [ 98.062175, 4.503397 ], [ 98.062174, 4.5034 ], [ 98.062138, 4.503499 ], [ 98.062087, 4.503637 ], [ 98.062081, 4.503654 ], [ 98.06207, 4.503683 ], [ 98.062068, 4.50369 ], [ 98.062033, 4.503785 ], [ 98.062001, 4.503874 ], [ 98.061998, 4.503881 ], [ 98.061982, 4.503925 ], [ 98.061943, 4.504033 ], [ 98.061922, 4.504089 ], [ 98.061917, 4.504104 ], [ 98.061886, 4.504188 ], [ 98.061877, 4.504213 ], [ 98.061871, 4.504231 ], [ 98.061853, 4.50428 ], [ 98.061835, 4.504333 ], [ 98.06183, 4.504346 ], [ 98.061805, 4.504417 ], [ 98.061767, 4.504528 ], [ 98.061745, 4.50459 ], [ 98.06174, 4.504603 ], [ 98.061707, 4.504698 ], [ 98.061679, 4.504777 ], [ 98.061671, 4.504803 ], [ 98.061657, 4.504845 ], [ 98.061656, 4.50485 ], [ 98.061613, 4.504982 ], [ 98.061574, 4.505106 ], [ 98.061572, 4.505112 ], [ 98.061537, 4.505221 ], [ 98.061499, 4.505338 ], [ 98.061495, 4.50535 ], [ 98.061492, 4.505359 ], [ 98.061459, 4.505468 ], [ 98.061431, 4.505562 ], [ 98.061417, 4.505607 ], [ 98.061414, 4.505618 ], [ 98.061371, 4.505758 ], [ 98.061344, 4.505849 ], [ 98.061339, 4.505869 ], [ 98.061334, 4.505883 ], [ 98.061318, 4.505938 ], [ 98.06129, 4.506034 ], [ 98.061285, 4.506051 ], [ 98.061286, 4.506108 ], [ 98.061309, 4.507052 ], [ 98.061374, 4.508123 ], [ 98.061617, 4.509218 ], [ 98.061785, 4.509944 ], [ 98.061813, 4.510062 ], [ 98.061818, 4.510085 ], [ 98.061843, 4.510192 ], [ 98.061874, 4.510327 ], [ 98.061875, 4.510331 ], [ 98.061905, 4.510458 ], [ 98.061928, 4.510554 ], [ 98.061933, 4.510576 ], [ 98.061937, 4.510593 ], [ 98.061955, 4.510668 ], [ 98.061986, 4.5108 ], [ 98.061987, 4.5108 ], [ 98.062033, 4.510995 ], [ 98.062585, 4.510993 ], [ 98.063885, 4.511465 ], [ 98.065112, 4.511911 ], [ 98.065159, 4.511928 ], [ 98.065246, 4.511959 ], [ 98.065552, 4.51207 ], [ 98.065583, 4.512081 ], [ 98.065613, 4.512087 ], [ 98.065619, 4.512088 ], [ 98.065755, 4.512113 ], [ 98.065914, 4.512143 ], [ 98.066048, 4.512168 ], [ 98.066062, 4.51217 ], [ 98.066208, 4.512197 ], [ 98.066369, 4.512227 ], [ 98.066472, 4.512246 ], [ 98.066541, 4.512259 ], [ 98.066552, 4.512261 ], [ 98.066565, 4.512264 ], [ 98.066677, 4.512284 ], [ 98.066708, 4.51229 ], [ 98.066807, 4.512309 ], [ 98.066925, 4.51233 ], [ 98.068563, 4.512635 ], [ 98.068576, 4.512637 ], [ 98.068605, 4.512642 ], [ 98.068769, 4.512673 ], [ 98.068935, 4.512704 ], [ 98.069108, 4.512736 ], [ 98.069138, 4.512741 ], [ 98.069247, 4.512762 ], [ 98.069403, 4.51279 ], [ 98.069471, 4.512801 ], [ 98.069591, 4.51282 ], [ 98.069665, 4.512832 ], [ 98.069675, 4.512834 ], [ 98.06977, 4.512849 ], [ 98.069847, 4.512861 ], [ 98.069972, 4.512881 ], [ 98.070143, 4.512908 ], [ 98.07016, 4.512911 ], [ 98.070195, 4.512917 ], [ 98.070354, 4.512942 ], [ 98.070524, 4.512969 ], [ 98.070625, 4.512969 ], [ 98.070629, 4.512969 ], [ 98.070659, 4.512969 ], [ 98.071031, 4.51297 ], [ 98.071136, 4.51297 ], [ 98.071151, 4.51297 ], [ 98.071432, 4.51297 ], [ 98.071636, 4.51297 ], [ 98.071647, 4.51297 ], [ 98.071905, 4.512971 ], [ 98.072085, 4.512971 ], [ 98.072124, 4.512971 ], [ 98.072134, 4.512971 ], [ 98.072229, 4.512971 ], [ 98.072291, 4.512971 ], [ 98.072293, 4.512971 ], [ 98.072301, 4.512971 ], [ 98.072314, 4.51297 ], [ 98.072431, 4.512963 ], [ 98.07263, 4.512952 ], [ 98.072649, 4.512951 ], [ 98.072911, 4.512936 ], [ 98.07318, 4.512921 ], [ 98.073198, 4.51292 ], [ 98.073443, 4.512906 ], [ 98.073455, 4.512905 ], [ 98.07361, 4.512889 ], [ 98.073676, 4.512882 ], [ 98.073714, 4.512878 ], [ 98.073897, 4.512858 ], [ 98.074043, 4.512842 ], [ 98.074232, 4.512822 ], [ 98.074245, 4.512821 ], [ 98.074255, 4.51282 ], [ 98.074639, 4.512779 ], [ 98.074762, 4.512766 ], [ 98.074778, 4.512764 ], [ 98.074978, 4.512742 ], [ 98.075157, 4.512723 ], [ 98.075202, 4.512721 ], [ 98.07531, 4.512718 ], [ 98.078128, 4.512655 ], [ 98.078138, 4.512655 ], [ 98.078363, 4.512651 ], [ 98.07855, 4.512647 ], [ 98.078635, 4.512646 ], [ 98.078636, 4.512646 ], [ 98.078736, 4.512644 ], [ 98.078909, 4.51265 ], [ 98.07911, 4.512658 ], [ 98.079164, 4.51266 ], [ 98.079166, 4.51266 ], [ 98.079343, 4.512667 ], [ 98.079435, 4.51267 ], [ 98.079476, 4.512672 ], [ 98.079501, 4.512673 ], [ 98.079653, 4.512686 ], [ 98.079736, 4.512693 ], [ 98.079737, 4.512694 ], [ 98.079868, 4.512705 ], [ 98.080074, 4.512723 ], [ 98.080236, 4.512737 ], [ 98.080311, 4.512743 ], [ 98.080482, 4.512758 ], [ 98.080589, 4.512768 ], [ 98.080691, 4.512777 ], [ 98.080846, 4.51279 ], [ 98.080853, 4.512791 ], [ 98.080934, 4.512798 ], [ 98.080992, 4.51291 ], [ 98.081183, 4.513285 ], [ 98.082064, 4.515006 ], [ 98.081861, 4.516547 ], [ 98.081549, 4.51892 ], [ 98.081365, 4.520321 ], [ 98.081361, 4.520348 ], [ 98.081351, 4.520423 ], [ 98.081335, 4.520547 ], [ 98.081332, 4.520569 ], [ 98.081317, 4.520682 ], [ 98.081302, 4.520799 ], [ 98.081294, 4.520856 ], [ 98.081318, 4.520955 ], [ 98.081324, 4.52098 ], [ 98.081354, 4.521106 ], [ 98.081374, 4.521186 ], [ 98.081389, 4.521248 ], [ 98.081397, 4.52128 ], [ 98.081421, 4.521379 ], [ 98.081667, 4.522398 ], [ 98.082258, 4.523513 ], [ 98.082295, 4.5235 ], [ 98.082269, 4.523534 ], [ 98.082507, 4.523426 ], [ 98.082762, 4.523344 ], [ 98.083019, 4.523268 ], [ 98.083278, 4.523199 ], [ 98.083538, 4.523137 ], [ 98.0838, 4.523082 ], [ 98.084064, 4.523033 ], [ 98.084328, 4.522992 ], [ 98.084594, 4.522957 ], [ 98.08486, 4.522929 ], [ 98.085127, 4.522908 ], [ 98.085394, 4.522894 ], [ 98.085662, 4.522887 ], [ 98.08593, 4.522887 ], [ 98.086197, 4.522893 ], [ 98.086465, 4.522907 ], [ 98.086732, 4.522927 ], [ 98.086998, 4.522955 ], [ 98.087265, 4.523032 ], [ 98.088015, 4.522969 ], [ 98.089173, 4.522817 ], [ 98.090013, 4.522742 ], [ 98.090483, 4.52264 ], [ 98.090613, 4.522562 ], [ 98.0908, 4.522426 ], [ 98.090871, 4.522318 ], [ 98.090964, 4.522232 ], [ 98.091058, 4.522167 ], [ 98.091179, 4.522081 ], [ 98.091358, 4.522039 ], [ 98.091551, 4.522024 ], [ 98.091709, 4.522053 ], [ 98.091866, 4.522125 ], [ 98.092052, 4.522233 ], [ 98.092216, 4.522334 ], [ 98.092349, 4.522412 ], [ 98.092388, 4.522435 ], [ 98.092567, 4.522593 ], [ 98.092702, 4.522715 ], [ 98.092945, 4.522902 ], [ 98.093224, 4.52306 ], [ 98.093446, 4.523197 ], [ 98.093761, 4.523255 ], [ 98.09404, 4.52327 ], [ 98.094149, 4.523271 ], [ 98.094705, 4.523278 ], [ 98.095084, 4.523257 ], [ 98.095335, 4.523228 ], [ 98.095542, 4.5232 ], [ 98.095742, 4.523178 ], [ 98.096558, 4.523086 ], [ 98.097553, 4.522965 ], [ 98.098376, 4.522938 ], [ 98.099027, 4.52291 ], [ 98.099277, 4.522953 ], [ 98.09952, 4.523011 ], [ 98.099878, 4.523054 ], [ 98.100178, 4.523162 ], [ 98.100407, 4.523191 ], [ 98.100686, 4.523206 ], [ 98.101115, 4.523192 ], [ 98.101817, 4.523143 ], [ 98.102053, 4.523158 ], [ 98.10221, 4.5231 ], [ 98.102353, 4.523029 ], [ 98.102454, 4.523 ], [ 98.102604, 4.522979 ], [ 98.102647, 4.523022 ], [ 98.102704, 4.523079 ], [ 98.10284, 4.523123 ], [ 98.103147, 4.523188 ], [ 98.103412, 4.523202 ], [ 98.103634, 4.523195 ], [ 98.10387, 4.523145 ], [ 98.103984, 4.523138 ], [ 98.104228, 4.523017 ], [ 98.104328, 4.522952 ], [ 98.104464, 4.522837 ], [ 98.104607, 4.522809 ], [ 98.104836, 4.522809 ], [ 98.104958, 4.522917 ], [ 98.105058, 4.523003 ], [ 98.105208, 4.523104 ], [ 98.105408, 4.523133 ], [ 98.105666, 4.523062 ], [ 98.105788, 4.522925 ], [ 98.105902, 4.522868 ], [ 98.106017, 4.522789 ], [ 98.106296, 4.522639 ], [ 98.106611, 4.522632 ], [ 98.106811, 4.522603 ], [ 98.10699, 4.52251 ], [ 98.107262, 4.522389 ], [ 98.107684, 4.522303 ], [ 98.107914, 4.522167 ], [ 98.108164, 4.522081 ], [ 98.108386, 4.522017 ], [ 98.108615, 4.521945 ], [ 98.108822, 4.521902 ], [ 98.109252, 4.521817 ], [ 98.109452, 4.521824 ], [ 98.109731, 4.52176 ], [ 98.109953, 4.521667 ], [ 98.110096, 4.521602 ], [ 98.110182, 4.521617 ], [ 98.110289, 4.521617 ], [ 98.110375, 4.521646 ], [ 98.110511, 4.521646 ], [ 98.11059, 4.521646 ], [ 98.110633, 4.521624 ], [ 98.110654, 4.521538 ], [ 98.110662, 4.521402 ], [ 98.110662, 4.521251 ], [ 98.110569, 4.521194 ], [ 98.11044, 4.521158 ], [ 98.110283, 4.521107 ], [ 98.110197, 4.521064 ], [ 98.110219, 4.521042 ], [ 98.110319, 4.521014 ], [ 98.110584, 4.520957 ], [ 98.110741, 4.520842 ], [ 98.110806, 4.520734 ], [ 98.110942, 4.520411 ], [ 98.110992, 4.520304 ], [ 98.1111, 4.520232 ], [ 98.111193, 4.520254 ], [ 98.111328, 4.520398 ], [ 98.111407, 4.520513 ], [ 98.111485, 4.520656 ], [ 98.1116, 4.520778 ], [ 98.111857, 4.520987 ], [ 98.112372, 4.52121 ], [ 98.112808, 4.521534 ], [ 98.112915, 4.521785 ], [ 98.112978, 4.521952 ], [ 98.113008, 4.522029 ], [ 98.113058, 4.522245 ], [ 98.113102, 4.522365 ], [ 98.113245, 4.522709 ], [ 98.113332, 4.522916 ], [ 98.113512, 4.52315 ], [ 98.113653, 4.52325 ], [ 98.11384, 4.523297 ], [ 98.11392, 4.523297 ], [ 98.114134, 4.523364 ], [ 98.114208, 4.523444 ], [ 98.114468, 4.523551 ], [ 98.114909, 4.523615 ], [ 98.115758, 4.523645 ], [ 98.116534, 4.523732 ], [ 98.11753, 4.523799 ], [ 98.118365, 4.523792 ], [ 98.119623, 4.523601 ], [ 98.120552, 4.523374 ], [ 98.12096, 4.523254 ], [ 98.121488, 4.52306 ], [ 98.122042, 4.522819 ], [ 98.122537, 4.522665 ], [ 98.122744, 4.522662 ], [ 98.122818, 4.522709 ], [ 98.122878, 4.522749 ], [ 98.123052, 4.522723 ], [ 98.123199, 4.522642 ], [ 98.123446, 4.522489 ], [ 98.123847, 4.522308 ], [ 98.124776, 4.521823 ], [ 98.125211, 4.521536 ], [ 98.125492, 4.521268 ], [ 98.125619, 4.521061 ], [ 98.125773, 4.520914 ], [ 98.125953, 4.52082 ], [ 98.126254, 4.52076 ], [ 98.126461, 4.52078 ], [ 98.126662, 4.520854 ], [ 98.126856, 4.5209 ], [ 98.127009, 4.520907 ], [ 98.12717, 4.52088 ], [ 98.12737, 4.520807 ], [ 98.127705, 4.520673 ], [ 98.128173, 4.520473 ], [ 98.129703, 4.519835 ], [ 98.130799, 4.519333 ], [ 98.131602, 4.518958 ], [ 98.132534, 4.518527 ], [ 98.132782, 4.518423 ], [ 98.132885, 4.518306 ], [ 98.132966, 4.518138 ], [ 98.132952, 4.518001 ], [ 98.132916, 4.517831 ], [ 98.132919, 4.517717 ], [ 98.132959, 4.51765 ], [ 98.133109, 4.517584 ], [ 98.133363, 4.517463 ], [ 98.133464, 4.517356 ], [ 98.13352, 4.517191 ], [ 98.133604, 4.51697 ], [ 98.133661, 4.516604 ], [ 98.133741, 4.516303 ], [ 98.133865, 4.516166 ], [ 98.133935, 4.516173 ], [ 98.134035, 4.51623 ], [ 98.134199, 4.516293 ], [ 98.134359, 4.516303 ], [ 98.134486, 4.516297 ], [ 98.134613, 4.516253 ], [ 98.134787, 4.51624 ], [ 98.134934, 4.516193 ], [ 98.135078, 4.51617 ], [ 98.135275, 4.516186 ], [ 98.135432, 4.516233 ], [ 98.135526, 4.516308 ], [ 98.13568, 4.516412 ], [ 98.135837, 4.516485 ], [ 98.135967, 4.516525 ], [ 98.136051, 4.516532 ], [ 98.136198, 4.516512 ], [ 98.136422, 4.516485 ], [ 98.136682, 4.516438 ], [ 98.13702, 4.516307 ], [ 98.137348, 4.516176 ], [ 98.137785, 4.515972 ], [ 98.138641, 4.51553 ], [ 98.138815, 4.515446 ], [ 98.138922, 4.515409 ], [ 98.139035, 4.515339 ], [ 98.139136, 4.515262 ], [ 98.139236, 4.515215 ], [ 98.139316, 4.515189 ], [ 98.139413, 4.515142 ], [ 98.139664, 4.514995 ], [ 98.140306, 4.514672 ], [ 98.140593, 4.514518 ], [ 98.140967, 4.514328 ], [ 98.141195, 4.514217 ], [ 98.141389, 4.514114 ], [ 98.141622, 4.513957 ], [ 98.142044, 4.513655 ], [ 98.142412, 4.513417 ], [ 98.142696, 4.5132 ], [ 98.142863, 4.513066 ], [ 98.14296, 4.512926 ], [ 98.143033, 4.512742 ], [ 98.143033, 4.512605 ], [ 98.14306, 4.512462 ], [ 98.14318, 4.512322 ], [ 98.143217, 4.512285 ], [ 98.143341, 4.512252 ], [ 98.143394, 4.512222 ], [ 98.143474, 4.512142 ], [ 98.143585, 4.512068 ], [ 98.143708, 4.512048 ], [ 98.143829, 4.512035 ], [ 98.143952, 4.511985 ], [ 98.144073, 4.511924 ], [ 98.144163, 4.511871 ], [ 98.144283, 4.511824 ], [ 98.144283, 4.511754 ], [ 98.144313, 4.511714 ], [ 98.14419, 4.511513 ], [ 98.144183, 4.511457 ], [ 98.144143, 4.511284 ], [ 98.14408, 4.511161 ], [ 98.143973, 4.51104 ], [ 98.143862, 4.510937 ], [ 98.143655, 4.510813 ], [ 98.143339, 4.510472 ], [ 98.143397, 4.510168 ], [ 98.143498, 4.509965 ], [ 98.144068, 4.509513 ], [ 98.144239, 4.509443 ], [ 98.144379, 4.509378 ], [ 98.144564, 4.509334 ], [ 98.144793, 4.50927 ], [ 98.144873, 4.509291 ], [ 98.144993, 4.50934 ], [ 98.145066, 4.50934 ], [ 98.145165, 4.509325 ], [ 98.145251, 4.509279 ], [ 98.145302, 4.509231 ], [ 98.145393, 4.509188 ], [ 98.145442, 4.50919 ], [ 98.145473, 4.509243 ], [ 98.145512, 4.509323 ], [ 98.145574, 4.509335 ], [ 98.145678, 4.509335 ], [ 98.145762, 4.509315 ], [ 98.145847, 4.509267 ], [ 98.14595, 4.509236 ], [ 98.146035, 4.509243 ], [ 98.146153, 4.509231 ], [ 98.146208, 4.509231 ], [ 98.146241, 4.509254 ], [ 98.146266, 4.509272 ], [ 98.14628, 4.509347 ], [ 98.146264, 4.509465 ], [ 98.146252, 4.509561 ], [ 98.146247, 4.5096 ], [ 98.146256, 4.509654 ], [ 98.146319, 4.509678 ], [ 98.146406, 4.509678 ], [ 98.146521, 4.509635 ], [ 98.14669, 4.509534 ], [ 98.146791, 4.509461 ], [ 98.146936, 4.509404 ], [ 98.147114, 4.509394 ], [ 98.14738, 4.509346 ], [ 98.147688, 4.509249 ], [ 98.148291, 4.509047 ], [ 98.148436, 4.508965 ], [ 98.148551, 4.508929 ], [ 98.148698, 4.508937 ], [ 98.148838, 4.508994 ], [ 98.149568, 4.509309 ], [ 98.149783, 4.509381 ], [ 98.149908, 4.5094 ], [ 98.150031, 4.509393 ], [ 98.150166, 4.50933 ], [ 98.15033, 4.509258 ], [ 98.150451, 4.509195 ], [ 98.150742, 4.509154 ], [ 98.151053, 4.509176 ], [ 98.15109, 4.509195 ], [ 98.151145, 4.509222 ], [ 98.151227, 4.50929 ], [ 98.151263, 4.509404 ], [ 98.15129, 4.509732 ], [ 98.151266, 4.509792 ], [ 98.151193, 4.509879 ], [ 98.151126, 4.509917 ], [ 98.151049, 4.509929 ], [ 98.15095, 4.50999 ], [ 98.150926, 4.51002 ], [ 98.150854, 4.51011 ], [ 98.150847, 4.51015 ], [ 98.150837, 4.510202 ], [ 98.150854, 4.510255 ], [ 98.150866, 4.510293 ], [ 98.150909, 4.510341 ], [ 98.150938, 4.510379 ], [ 98.151039, 4.510447 ], [ 98.151063, 4.510591 ], [ 98.151121, 4.510755 ], [ 98.151213, 4.510885 ], [ 98.151324, 4.510948 ], [ 98.151449, 4.511001 ], [ 98.15169, 4.51102 ], [ 98.151946, 4.510967 ], [ 98.151994, 4.510905 ], [ 98.152008, 4.510852 ], [ 98.152085, 4.510832 ], [ 98.15223, 4.510847 ], [ 98.152423, 4.510803 ], [ 98.152751, 4.510796 ], [ 98.153098, 4.510733 ], [ 98.1536, 4.510598 ], [ 98.15385, 4.510531 ], [ 98.154193, 4.510536 ], [ 98.154453, 4.510545 ], [ 98.154593, 4.510526 ], [ 98.154868, 4.510386 ], [ 98.155191, 4.510198 ], [ 98.155725, 4.509868 ], [ 98.156285, 4.509554 ], [ 98.156844, 4.509304 ], [ 98.157693, 4.508889 ], [ 98.158435, 4.508602 ], [ 98.159024, 4.508371 ], [ 98.159863, 4.507976 ], [ 98.162206, 4.506862 ], [ 98.162949, 4.506525 ], [ 98.163547, 4.506293 ], [ 98.163682, 4.506216 ], [ 98.163759, 4.506158 ], [ 98.163894, 4.505985 ], [ 98.165215, 4.505329 ], [ 98.166121, 4.504832 ], [ 98.167182, 4.504177 ], [ 98.16804, 4.503685 ], [ 98.168532, 4.503357 ], [ 98.168879, 4.503193 ], [ 98.16911, 4.503087 ], [ 98.1694, 4.502942 ], [ 98.169872, 4.502634 ], [ 98.171386, 4.501433 ], [ 98.171936, 4.500902 ], [ 98.17236, 4.500459 ], [ 98.172784, 4.499996 ], [ 98.173276, 4.499465 ], [ 98.174096, 4.498815 ], [ 98.17479, 4.498313 ], [ 98.17535, 4.497792 ], [ 98.175543, 4.497542 ], [ 98.175745, 4.497127 ], [ 98.176044, 4.496568 ], [ 98.176459, 4.496003 ], [ 98.177269, 4.495425 ], [ 98.177857, 4.49502 ], [ 98.178146, 4.494596 ], [ 98.178067, 4.493526 ], [ 98.178067, 4.493524 ], [ 98.178066, 4.493525 ], [ 98.178065, 4.493525 ], [ 98.177415, 4.493675 ], [ 98.1752, 4.495005 ], [ 98.173982, 4.495892 ], [ 98.172873, 4.497224 ], [ 98.171987, 4.498223 ], [ 98.171045, 4.498555 ], [ 98.170326, 4.49861 ], [ 98.169717, 4.498387 ], [ 98.168999, 4.497719 ], [ 98.168059, 4.496719 ], [ 98.167618, 4.495385 ], [ 98.167122, 4.493718 ], [ 98.16585, 4.492106 ], [ 98.165242, 4.491994 ], [ 98.164578, 4.492104 ], [ 98.163968, 4.49277 ], [ 98.163746, 4.493492 ], [ 98.163911, 4.49427 ], [ 98.164186, 4.495437 ], [ 98.164462, 4.496214 ], [ 98.164406, 4.497381 ], [ 98.164073, 4.49788 ], [ 98.163408, 4.498213 ], [ 98.162025, 4.498044 ], [ 98.160753, 4.497265 ], [ 98.159371, 4.495986 ], [ 98.15832, 4.49543 ], [ 98.157214, 4.49504 ], [ 98.15572, 4.494649 ], [ 98.154669, 4.494259 ], [ 98.153507, 4.493887 ], [ 98.152807, 4.493479 ], [ 98.152254, 4.493145 ], [ 98.151775, 4.492589 ], [ 98.151628, 4.492071 ], [ 98.151481, 4.491552 ], [ 98.151371, 4.490812 ], [ 98.151372, 4.489701 ], [ 98.151188, 4.489034 ], [ 98.150857, 4.48833 ], [ 98.150378, 4.487885 ], [ 98.149862, 4.487329 ], [ 98.149531, 4.486736 ], [ 98.149126, 4.486144 ], [ 98.148758, 4.485366 ], [ 98.148648, 4.48444 ], [ 98.148834, 4.483329 ], [ 98.149204, 4.482552 ], [ 98.149794, 4.482071 ], [ 98.150459, 4.481887 ], [ 98.151086, 4.481925 ], [ 98.15164, 4.481703 ], [ 98.151714, 4.481111 ], [ 98.151567, 4.48074 ], [ 98.151125, 4.480073 ], [ 98.15072, 4.479406 ], [ 98.150425, 4.478888 ], [ 98.150241, 4.478369 ], [ 98.150168, 4.477813 ], [ 98.150538, 4.477518 ], [ 98.150722, 4.477185 ], [ 98.150797, 4.476889 ], [ 98.150612, 4.476592 ], [ 98.149949, 4.476295 ], [ 98.149506, 4.476035 ], [ 98.148843, 4.475775 ], [ 98.148806, 4.475738 ], [ 98.148585, 4.475553 ], [ 98.148437, 4.475257 ], [ 98.148548, 4.475034 ], [ 98.14888, 4.474924 ], [ 98.149139, 4.474924 ], [ 98.149434, 4.474813 ], [ 98.149729, 4.474629 ], [ 98.149877, 4.474444 ], [ 98.149877, 4.47411 ], [ 98.149841, 4.473888 ], [ 98.14962, 4.473666 ], [ 98.149066, 4.473665 ], [ 98.148587, 4.473739 ], [ 98.147996, 4.473997 ], [ 98.147627, 4.474034 ], [ 98.147258, 4.474107 ], [ 98.147147, 4.473959 ], [ 98.147111, 4.473663 ], [ 98.147111, 4.473293 ], [ 98.146853, 4.473218 ], [ 98.146558, 4.473292 ], [ 98.1463, 4.47318 ], [ 98.146079, 4.472995 ], [ 98.145895, 4.472736 ], [ 98.145637, 4.472365 ], [ 98.145342, 4.472254 ], [ 98.145083, 4.472624 ], [ 98.144898, 4.472957 ], [ 98.144603, 4.473105 ], [ 98.144308, 4.473067 ], [ 98.143754, 4.473066 ], [ 98.143496, 4.473029 ], [ 98.143386, 4.472807 ], [ 98.143312, 4.472548 ], [ 98.14346, 4.472326 ], [ 98.143423, 4.472177 ], [ 98.143276, 4.471955 ], [ 98.143055, 4.471881 ], [ 98.142834, 4.471658 ], [ 98.142871, 4.471399 ], [ 98.142982, 4.471251 ], [ 98.143277, 4.47114 ], [ 98.143314, 4.470807 ], [ 98.14313, 4.470696 ], [ 98.142761, 4.470362 ], [ 98.14136, 4.469361 ], [ 98.141049, 4.469204 ], [ 98.141, 4.469286 ], [ 98.140934, 4.469402 ], [ 98.140852, 4.469451 ], [ 98.140655, 4.469451 ], [ 98.140524, 4.469483 ], [ 98.140442, 4.469549 ], [ 98.140327, 4.469681 ], [ 98.140245, 4.469812 ], [ 98.140163, 4.46996 ], [ 98.139982, 4.470075 ], [ 98.139917, 4.469976 ], [ 98.139933, 4.469878 ], [ 98.139901, 4.469746 ], [ 98.139753, 4.469647 ], [ 98.139671, 4.469746 ], [ 98.139655, 4.469828 ], [ 98.139589, 4.469861 ], [ 98.139458, 4.469828 ], [ 98.139261, 4.46986 ], [ 98.139114, 4.469811 ], [ 98.138868, 4.469712 ], [ 98.138507, 4.469728 ], [ 98.138162, 4.469941 ], [ 98.137965, 4.470056 ], [ 98.137539, 4.470122 ], [ 98.137326, 4.47022 ], [ 98.137096, 4.470533 ], [ 98.13685, 4.470615 ], [ 98.136669, 4.470631 ], [ 98.136325, 4.470746 ], [ 98.136095, 4.470811 ], [ 98.135784, 4.47091 ], [ 98.135128, 4.470958 ], [ 98.130947, 4.470739 ], [ 98.130701, 4.47069 ], [ 98.130455, 4.470558 ], [ 98.130193, 4.470492 ], [ 98.129848, 4.470458 ], [ 98.129635, 4.470327 ], [ 98.129422, 4.470211 ], [ 98.129176, 4.470161 ], [ 98.128898, 4.470145 ], [ 98.128554, 4.46998 ], [ 98.128177, 4.469848 ], [ 98.127521, 4.469699 ], [ 98.126816, 4.469451 ], [ 98.126177, 4.469203 ], [ 98.125456, 4.468906 ], [ 98.125243, 4.46889 ], [ 98.125079, 4.468972 ], [ 98.124914, 4.46912 ], [ 98.124767, 4.469301 ], [ 98.124602, 4.469481 ], [ 98.124225, 4.469645 ], [ 98.123979, 4.469596 ], [ 98.123898, 4.469365 ], [ 98.123832, 4.469069 ], [ 98.123701, 4.468773 ], [ 98.123079, 4.468393 ], [ 98.122866, 4.468245 ], [ 98.12239, 4.468113 ], [ 98.122079, 4.467882 ], [ 98.121735, 4.46752 ], [ 98.12149, 4.467157 ], [ 98.121097, 4.466762 ], [ 98.120736, 4.466531 ], [ 98.120376, 4.466267 ], [ 98.11995, 4.465707 ], [ 98.119672, 4.465559 ], [ 98.119426, 4.465427 ], [ 98.119279, 4.465147 ], [ 98.119099, 4.464653 ], [ 98.119034, 4.464324 ], [ 98.118347, 4.46239 ], [ 98.117979, 4.461772 ], [ 98.11766, 4.461377 ], [ 98.117242, 4.461154 ], [ 98.116996, 4.460969 ], [ 98.116701, 4.460561 ], [ 98.111733, 4.451915 ], [ 98.112435, 4.450799 ], [ 98.113119, 4.449935 ], [ 98.110765, 4.44844 ], [ 98.111099, 4.447917 ], [ 98.111233, 4.447622 ], [ 98.11172, 4.446545 ], [ 98.111924, 4.446104 ], [ 98.11203, 4.445957 ], [ 98.112144, 4.445859 ], [ 98.112161, 4.445736 ], [ 98.112104, 4.445671 ], [ 98.11199, 4.445646 ], [ 98.111705, 4.445564 ], [ 98.11146, 4.445515 ], [ 98.111338, 4.445334 ], [ 98.111273, 4.445138 ], [ 98.111111, 4.444664 ], [ 98.110851, 4.44423 ], [ 98.110542, 4.444066 ], [ 98.110143, 4.443911 ], [ 98.109899, 4.443837 ], [ 98.109583, 4.44382 ], [ 98.1095, 4.443779 ], [ 98.109206, 4.443697 ], [ 98.109068, 4.443697 ], [ 98.108889, 4.443795 ], [ 98.108783, 4.443925 ], [ 98.108612, 4.443974 ], [ 98.108457, 4.443933 ], [ 98.108408, 4.443827 ], [ 98.108319, 4.443663 ], [ 98.108262, 4.443589 ], [ 98.10814, 4.443573 ], [ 98.108058, 4.443597 ], [ 98.107993, 4.443679 ], [ 98.107944, 4.44381 ], [ 98.107887, 4.4439 ], [ 98.107773, 4.443883 ], [ 98.107626, 4.443793 ], [ 98.107496, 4.443597 ], [ 98.107325, 4.443498 ], [ 98.107154, 4.443327 ], [ 98.107041, 4.443179 ], [ 98.106911, 4.443016 ], [ 98.106837, 4.442876 ], [ 98.106764, 4.442754 ], [ 98.106667, 4.442664 ], [ 98.106593, 4.442492 ], [ 98.106528, 4.442377 ], [ 98.106455, 4.442296 ], [ 98.106341, 4.442246 ], [ 98.106235, 4.442197 ], [ 98.106025, 4.442167 ], [ 98.106062, 4.44193 ], [ 98.10603, 4.441758 ], [ 98.105858, 4.441661 ], [ 98.105719, 4.441499 ], [ 98.105569, 4.441284 ], [ 98.105494, 4.441047 ], [ 98.105548, 4.440702 ], [ 98.105656, 4.440498 ], [ 98.105828, 4.440315 ], [ 98.105882, 4.4401 ], [ 98.105893, 4.43997 ], [ 98.105893, 4.43982 ], [ 98.105871, 4.439712 ], [ 98.105829, 4.439615 ], [ 98.105807, 4.439529 ], [ 98.105818, 4.43941 ], [ 98.105883, 4.439314 ], [ 98.106001, 4.439281 ], [ 98.10614, 4.439325 ], [ 98.106291, 4.439486 ], [ 98.106344, 4.439745 ], [ 98.106408, 4.439917 ], [ 98.106526, 4.440025 ], [ 98.106687, 4.440047 ], [ 98.106762, 4.440004 ], [ 98.106773, 4.439692 ], [ 98.106763, 4.439347 ], [ 98.106817, 4.439185 ], [ 98.106871, 4.439056 ], [ 98.106978, 4.438927 ], [ 98.107161, 4.438831 ], [ 98.107183, 4.438734 ], [ 98.10714, 4.438701 ], [ 98.107099, 4.438662 ], [ 98.106971, 4.438463 ], [ 98.106807, 4.43838 ], [ 98.106642, 4.438076 ], [ 98.106642, 4.437856 ], [ 98.106643, 4.43758 ], [ 98.106698, 4.437276 ], [ 98.106836, 4.437111 ], [ 98.106781, 4.43689 ], [ 98.106781, 4.436697 ], [ 98.106754, 4.436476 ], [ 98.106562, 4.436255 ], [ 98.10637, 4.436007 ], [ 98.106205, 4.435813 ], [ 98.106068, 4.43573 ], [ 98.10582, 4.435537 ], [ 98.105766, 4.435454 ], [ 98.105766, 4.435233 ], [ 98.105739, 4.434957 ], [ 98.105492, 4.434819 ], [ 98.105327, 4.434791 ], [ 98.105272, 4.434598 ], [ 98.105327, 4.434405 ], [ 98.1053, 4.434157 ], [ 98.105163, 4.433936 ], [ 98.104915, 4.433798 ], [ 98.104751, 4.433632 ], [ 98.104696, 4.433439 ], [ 98.104614, 4.433246 ], [ 98.104449, 4.433052 ], [ 98.104422, 4.432749 ], [ 98.10445, 4.432528 ], [ 98.104505, 4.432252 ], [ 98.104478, 4.432059 ], [ 98.104396, 4.431866 ], [ 98.104258, 4.431645 ], [ 98.104204, 4.431452 ], [ 98.104341, 4.431176 ], [ 98.104424, 4.430983 ], [ 98.104534, 4.430762 ], [ 98.104507, 4.430514 ], [ 98.10448, 4.430155 ], [ 98.104755, 4.42988 ], [ 98.105072, 4.429342 ], [ 98.105569, 4.427439 ], [ 98.106397, 4.425123 ], [ 98.105049, 4.425222 ], [ 98.101806, 4.422478 ], [ 98.100671, 4.421419 ], [ 98.099779, 4.420587 ], [ 98.096721, 4.418029 ], [ 98.094546, 4.416101 ], [ 98.093404, 4.415099 ], [ 98.092188, 4.413765 ], [ 98.091585, 4.413061 ], [ 98.092363, 4.41233 ], [ 98.092117, 4.411668 ], [ 98.091963, 4.411329 ], [ 98.09184, 4.410729 ], [ 98.091609, 4.41016 ], [ 98.090886, 4.40919 ], [ 98.09064, 4.408929 ], [ 98.090466, 4.408807 ], [ 98.090854, 4.408289 ], [ 98.091115, 4.40794 ], [ 98.091946, 4.406879 ], [ 98.09254, 4.406145 ], [ 98.092631, 4.406 ], [ 98.092114, 4.405246 ], [ 98.092633, 4.404816 ], [ 98.09192, 4.403953 ], [ 98.091797, 4.403718 ], [ 98.091712, 4.403489 ], [ 98.091722, 4.403445 ], [ 98.091893, 4.403315 ], [ 98.092068, 4.402638 ], [ 98.092088, 4.402262 ], [ 98.091926, 4.401367 ], [ 98.091909, 4.401049 ], [ 98.091881, 4.400746 ], [ 98.092212, 4.400681 ], [ 98.092175, 4.399808 ], [ 98.092144, 4.399545 ], [ 98.091864, 4.398468 ], [ 98.092192, 4.398198 ], [ 98.092386, 4.397959 ], [ 98.092584, 4.397758 ], [ 98.091884, 4.396715 ], [ 98.091431, 4.396073 ], [ 98.090403, 4.39469 ], [ 98.090834, 4.394457 ], [ 98.091498, 4.393962 ], [ 98.092127, 4.393543 ], [ 98.092902, 4.392989 ], [ 98.093202, 4.392867 ], [ 98.092321, 4.390772 ], [ 98.091975, 4.389949 ], [ 98.091571, 4.388924 ], [ 98.091174, 4.38795 ], [ 98.090669, 4.386708 ], [ 98.090439, 4.38616 ], [ 98.090098, 4.385348 ], [ 98.089769, 4.384565 ], [ 98.088408, 4.386146 ], [ 98.086904, 4.387783 ], [ 98.084966, 4.386049 ], [ 98.084959, 4.386044 ], [ 98.0849, 4.386255 ], [ 98.084638, 4.387201 ], [ 98.08451, 4.389431 ], [ 98.084095, 4.390887 ], [ 98.084129, 4.390904 ], [ 98.084095, 4.390943 ], [ 98.084085, 4.39285 ], [ 98.084077, 4.394559 ], [ 98.083967, 4.394745 ], [ 98.083792, 4.395007 ], [ 98.082477, 4.395518 ], [ 98.080928, 4.396095 ], [ 98.079218, 4.396729 ], [ 98.077679, 4.397295 ], [ 98.077232, 4.396384 ], [ 98.074038, 4.397436 ], [ 98.073656, 4.397018 ], [ 98.073799, 4.396909 ], [ 98.073602, 4.39659 ], [ 98.073297, 4.396118 ], [ 98.072991, 4.395537 ], [ 98.072282, 4.39434 ], [ 98.071527, 4.395052 ], [ 98.071374, 4.395216 ], [ 98.071265, 4.39526 ], [ 98.070708, 4.395084 ], [ 98.070281, 4.394919 ], [ 98.069287, 4.394632 ], [ 98.069189, 4.394665 ], [ 98.06909, 4.394786 ], [ 98.069046, 4.394841 ], [ 98.068795, 4.394818 ], [ 98.068391, 4.394719 ], [ 98.06803, 4.394576 ], [ 98.068051, 4.394493 ], [ 98.068042, 4.394285 ], [ 98.067976, 4.394038 ], [ 98.068026, 4.393759 ], [ 98.067961, 4.393479 ], [ 98.067764, 4.393281 ], [ 98.067584, 4.3931 ], [ 98.067355, 4.393017 ], [ 98.066945, 4.393033 ], [ 98.066469, 4.392901 ], [ 98.065813, 4.393032 ], [ 98.065108, 4.393311 ], [ 98.064402, 4.393818 ], [ 98.064106, 4.394098 ], [ 98.063908, 4.394434 ], [ 98.063746, 4.394148 ], [ 98.063343, 4.393622 ], [ 98.063157, 4.393105 ], [ 98.063075, 4.393072 ], [ 98.062846, 4.393072 ], [ 98.062436, 4.392973 ], [ 98.061863, 4.392775 ], [ 98.061223, 4.392659 ], [ 98.060518, 4.392526 ], [ 98.06001, 4.392394 ], [ 98.05942, 4.392294 ], [ 98.058812, 4.392308 ], [ 98.058716, 4.391668 ], [ 98.058487, 4.391224 ], [ 98.05816, 4.390762 ], [ 98.057939, 4.390491 ], [ 98.057054, 4.390341 ], [ 98.056758, 4.390292 ], [ 98.056488, 4.389995 ], [ 98.056243, 4.389822 ], [ 98.055923, 4.389673 ], [ 98.05585, 4.389352 ], [ 98.055973, 4.389032 ], [ 98.056048, 4.388415 ], [ 98.05627, 4.38802 ], [ 98.056565, 4.387625 ], [ 98.056861, 4.38728 ], [ 98.056444, 4.386317 ], [ 98.056272, 4.386144 ], [ 98.05605, 4.386218 ], [ 98.055878, 4.386267 ], [ 98.055657, 4.386267 ], [ 98.05546, 4.38639 ], [ 98.055239, 4.386439 ], [ 98.054944, 4.386266 ], [ 98.05487, 4.386142 ], [ 98.054698, 4.385821 ], [ 98.054403, 4.385722 ], [ 98.054108, 4.38582 ], [ 98.053518, 4.385795 ], [ 98.053149, 4.385696 ], [ 98.052805, 4.385547 ], [ 98.052436, 4.385646 ], [ 98.052092, 4.385695 ], [ 98.051723, 4.385472 ], [ 98.051477, 4.385373 ], [ 98.051133, 4.385372 ], [ 98.050641, 4.385323 ], [ 98.050272, 4.385445 ], [ 98.050124, 4.386013 ], [ 98.04973, 4.386235 ], [ 98.049041, 4.386629 ], [ 98.048524, 4.386949 ], [ 98.048131, 4.387121 ], [ 98.047934, 4.386849 ], [ 98.04791, 4.386306 ], [ 98.047788, 4.38564 ], [ 98.04769, 4.385121 ], [ 98.047592, 4.384874 ], [ 98.047371, 4.384751 ], [ 98.04683, 4.38475 ], [ 98.046191, 4.3847 ], [ 98.045503, 4.384501 ], [ 98.044888, 4.384081 ], [ 98.044667, 4.384056 ], [ 98.044224, 4.384154 ], [ 98.043742, 4.3843 ], [ 98.043261, 4.384365 ], [ 98.042507, 4.38443 ], [ 98.042004, 4.384462 ], [ 98.041676, 4.384461 ], [ 98.041523, 4.384538 ], [ 98.041403, 4.384724 ], [ 98.041282, 4.384998 ], [ 98.041063, 4.385174 ], [ 98.040801, 4.385283 ], [ 98.040604, 4.38536 ], [ 98.040276, 4.385535 ], [ 98.039991, 4.38582 ], [ 98.039879, 4.386178 ], [ 98.039299, 4.385988 ], [ 98.039009, 4.385844 ], [ 98.0388, 4.385763 ], [ 98.038658, 4.385697 ], [ 98.038057, 4.385532 ], [ 98.03785, 4.3854 ], [ 98.037631, 4.385323 ], [ 98.037358, 4.385322 ], [ 98.037063, 4.385322 ], [ 98.036702, 4.385311 ], [ 98.036385, 4.38519 ], [ 98.036243, 4.385135 ], [ 98.036069, 4.384915 ], [ 98.035562, 4.384823 ], [ 98.035322, 4.384757 ], [ 98.035027, 4.384679 ], [ 98.034612, 4.384481 ], [ 98.034164, 4.384316 ], [ 98.034033, 4.384294 ], [ 98.033935, 4.384239 ], [ 98.033585, 4.384096 ], [ 98.033476, 4.383723 ], [ 98.033378, 4.383514 ], [ 98.033313, 4.383514 ], [ 98.033028, 4.383536 ], [ 98.032777, 4.383404 ], [ 98.032439, 4.383162 ], [ 98.032318, 4.383129 ], [ 98.032133, 4.38303 ], [ 98.031707, 4.382613 ], [ 98.031565, 4.38247 ], [ 98.031401, 4.382437 ], [ 98.030866, 4.382392 ], [ 98.030374, 4.382358 ], [ 98.030286, 4.382424 ], [ 98.030166, 4.382621 ], [ 98.02998, 4.382731 ], [ 98.02986, 4.382709 ], [ 98.029707, 4.382621 ], [ 98.029303, 4.382489 ], [ 98.028942, 4.382411 ], [ 98.028831, 4.382386 ], [ 98.02876, 4.382332 ], [ 98.028711, 4.382277 ], [ 98.028679, 4.382234 ], [ 98.028614, 4.382179 ], [ 98.028516, 4.38213 ], [ 98.028451, 4.38207 ], [ 98.028321, 4.38207 ], [ 98.028267, 4.382075 ], [ 98.028212, 4.382086 ], [ 98.02818, 4.382113 ], [ 98.028147, 4.382167 ], [ 98.028098, 4.382238 ], [ 98.028049, 4.382233 ], [ 98.027957, 4.382216 ], [ 98.027903, 4.382178 ], [ 98.027865, 4.382113 ], [ 98.027854, 4.381982 ], [ 98.027898, 4.381835 ], [ 98.027915, 4.381724 ], [ 98.027916, 4.381626 ], [ 98.027891, 4.381516 ], [ 98.027647, 4.381393 ], [ 98.027489, 4.381184 ], [ 98.027159, 4.381135 ], [ 98.026878, 4.381134 ], [ 98.02667, 4.381183 ], [ 98.026499, 4.381269 ], [ 98.026352, 4.381367 ], [ 98.026242, 4.381342 ], [ 98.026108, 4.381268 ], [ 98.026023, 4.381109 ], [ 98.025986, 4.381023 ], [ 98.025889, 4.380937 ], [ 98.02573, 4.380814 ], [ 98.02573, 4.380667 ], [ 98.025523, 4.380556 ], [ 98.025254, 4.380593 ], [ 98.025058, 4.380727 ], [ 98.024985, 4.38085 ], [ 98.024814, 4.380862 ], [ 98.02463, 4.380886 ], [ 98.024472, 4.380837 ], [ 98.024337, 4.380837 ], [ 98.024203, 4.380922 ], [ 98.024105, 4.380984 ], [ 98.023971, 4.381082 ], [ 98.023861, 4.38113 ], [ 98.023763, 4.381094 ], [ 98.023629, 4.38102 ], [ 98.023604, 4.380983 ], [ 98.023543, 4.380725 ], [ 98.023519, 4.380529 ], [ 98.023495, 4.38037 ], [ 98.023324, 4.380235 ], [ 98.023239, 4.380051 ], [ 98.02319, 4.379928 ], [ 98.023068, 4.379903 ], [ 98.022922, 4.37994 ], [ 98.022824, 4.37994 ], [ 98.022641, 4.379841 ], [ 98.02225, 4.379731 ], [ 98.021493, 4.379423 ], [ 98.021383, 4.379435 ], [ 98.021334, 4.379374 ], [ 98.021346, 4.3793 ], [ 98.021371, 4.379165 ], [ 98.021374, 4.378966 ], [ 98.020177, 4.378998 ], [ 98.019973, 4.379005 ], [ 98.019729, 4.379054 ], [ 98.019623, 4.379119 ], [ 98.019574, 4.379226 ], [ 98.019521, 4.379298 ], [ 98.019459, 4.379327 ], [ 98.019386, 4.379389 ], [ 98.019307, 4.379465 ], [ 98.019231, 4.379509 ], [ 98.019075, 4.379556 ], [ 98.018706, 4.379704 ], [ 98.018651, 4.379559 ], [ 98.018588, 4.37941 ], [ 98.018463, 4.379442 ], [ 98.018317, 4.379453 ], [ 98.0181, 4.379442 ], [ 98.01798, 4.379469 ], [ 98.017844, 4.37948 ], [ 98.017676, 4.37949 ], [ 98.017562, 4.379479 ], [ 98.01735, 4.37949 ], [ 98.017128, 4.379566 ], [ 98.016921, 4.379636 ], [ 98.016796, 4.379642 ], [ 98.016666, 4.379641 ], [ 98.016465, 4.379668 ], [ 98.016329, 4.379712 ], [ 98.016036, 4.37976 ], [ 98.015406, 4.379896 ], [ 98.015292, 4.379852 ], [ 98.015222, 4.379819 ], [ 98.015075, 4.379776 ], [ 98.014907, 4.379748 ], [ 98.014744, 4.379704 ], [ 98.014608, 4.379661 ], [ 98.014467, 4.379579 ], [ 98.01431, 4.379518 ], [ 98.014185, 4.379469 ], [ 98.014017, 4.379447 ], [ 98.013908, 4.379398 ], [ 98.013762, 4.379289 ], [ 98.013653, 4.379185 ], [ 98.01355, 4.379114 ], [ 98.013415, 4.378951 ], [ 98.013234, 4.378714 ], [ 98.013115, 4.378553 ], [ 98.012841, 4.378426 ], [ 98.012735, 4.378192 ], [ 98.012735, 4.377897 ], [ 98.012682, 4.37771 ], [ 98.012529, 4.377496 ], [ 98.012329, 4.377362 ], [ 98.01209, 4.377221 ], [ 98.011863, 4.377114 ], [ 98.011557, 4.376967 ], [ 98.01125, 4.376819 ], [ 98.01107, 4.376759 ], [ 98.010748, 4.376651 ], [ 98.010621, 4.376638 ], [ 98.010381, 4.376771 ], [ 98.010168, 4.376851 ], [ 98.009947, 4.376937 ], [ 98.009701, 4.377031 ], [ 98.009454, 4.377057 ], [ 98.009161, 4.37705 ], [ 98.009014, 4.37703 ], [ 98.008908, 4.37697 ], [ 98.008768, 4.376889 ], [ 98.008708, 4.376849 ], [ 98.008766, 4.37674 ], [ 98.009051, 4.376446 ], [ 98.009253, 4.376211 ], [ 98.009295, 4.376001 ], [ 98.009329, 4.375799 ], [ 98.009556, 4.37558 ], [ 98.009573, 4.375488 ], [ 98.009564, 4.375395 ], [ 98.009581, 4.375227 ], [ 98.009649, 4.375076 ], [ 98.009848, 4.374938 ], [ 98.009996, 4.37479 ], [ 98.010144, 4.374562 ], [ 98.010184, 4.37432 ], [ 98.010104, 4.374037 ], [ 98.010091, 4.373808 ], [ 98.010051, 4.37362 ], [ 98.009904, 4.373499 ], [ 98.009891, 4.373216 ], [ 98.009945, 4.37296 ], [ 98.010106, 4.372772 ], [ 98.010187, 4.372444 ], [ 98.010483, 4.371597 ], [ 98.010713, 4.37119 ], [ 98.010713, 4.370656 ], [ 98.010631, 4.370169 ], [ 98.010466, 4.369492 ], [ 98.010195, 4.368981 ], [ 98.009958, 4.368672 ], [ 98.009686, 4.368339 ], [ 98.009557, 4.368125 ], [ 98.009273, 4.367887 ], [ 98.008756, 4.367733 ], [ 98.008428, 4.367627 ], [ 98.008147, 4.367509 ], [ 98.00776, 4.36732 ], [ 98.007245, 4.367108 ], [ 98.00687, 4.366896 ], [ 98.006319, 4.366766 ], [ 98.005874, 4.366718 ], [ 98.005464, 4.366577 ], [ 98.005136, 4.366459 ], [ 98.004817, 4.36636 ], [ 98.004606, 4.366265 ], [ 98.004489, 4.366077 ], [ 98.004419, 4.365947 ], [ 98.004361, 4.3659 ], [ 98.00422, 4.365935 ], [ 98.003985, 4.365994 ], [ 98.003821, 4.365958 ], [ 98.003599, 4.365782 ], [ 98.003458, 4.365723 ], [ 98.001351, 4.362966 ], [ 98.001046, 4.362895 ], [ 98.000718, 4.362977 ], [ 98.000296, 4.363059 ], [ 98.000014, 4.363117 ], [ 97.999885, 4.363152 ], [ 97.999675, 4.363022 ], [ 97.999402, 4.362799 ], [ 97.998939, 4.362566 ], [ 97.998757, 4.362283 ], [ 97.998444, 4.361702 ], [ 97.998296, 4.361221 ], [ 97.998064, 4.360922 ], [ 97.997866, 4.360772 ], [ 97.997602, 4.360556 ], [ 97.997337, 4.36044 ], [ 97.997056, 4.360439 ], [ 97.996692, 4.360422 ], [ 97.996411, 4.360339 ], [ 97.996063, 4.360272 ], [ 97.995733, 4.360255 ], [ 97.995336, 4.360221 ], [ 97.994938, 4.360337 ], [ 97.994772, 4.360718 ], [ 97.994524, 4.361083 ], [ 97.994143, 4.361298 ], [ 97.993954, 4.36132 ], [ 97.993375, 4.36122 ], [ 97.991519, 4.361046 ], [ 97.991462, 4.361006 ], [ 97.991411, 4.360958 ], [ 97.991355, 4.360854 ], [ 97.991285, 4.360702 ], [ 97.991181, 4.360689 ], [ 97.99106, 4.360689 ], [ 97.990939, 4.360671 ], [ 97.990783, 4.360623 ], [ 97.990593, 4.360579 ], [ 97.990437, 4.360562 ], [ 97.990359, 4.360492 ], [ 97.990273, 4.360405 ], [ 97.990116, 4.360335 ], [ 97.989978, 4.360257 ], [ 97.989723, 4.36013 ], [ 97.989503, 4.360043 ], [ 97.989386, 4.360043 ], [ 97.989308, 4.360065 ], [ 97.989273, 4.360143 ], [ 97.98923, 4.360156 ], [ 97.989138, 4.360116 ], [ 97.988991, 4.360059 ], [ 97.988758, 4.359976 ], [ 97.988632, 4.359941 ], [ 97.988511, 4.359846 ], [ 97.988395, 4.359798 ], [ 97.988256, 4.359759 ], [ 97.988122, 4.359707 ], [ 97.988005, 4.359646 ], [ 97.987802, 4.359546 ], [ 97.987578, 4.359459 ], [ 97.987474, 4.359419 ], [ 97.987483, 4.359263 ], [ 97.987475, 4.359189 ], [ 97.987466, 4.359088 ], [ 97.987466, 4.358979 ], [ 97.987479, 4.358909 ], [ 97.987427, 4.358781 ], [ 97.987244, 4.358689 ], [ 97.987135, 4.358597 ], [ 97.98703, 4.358487 ], [ 97.986785, 4.358404 ], [ 97.986361, 4.358244 ], [ 97.986123, 4.358189 ], [ 97.985757, 4.358084 ], [ 97.985355, 4.357971 ], [ 97.984833, 4.357774 ], [ 97.98438, 4.357629 ], [ 97.984066, 4.357471 ], [ 97.983839, 4.35735 ], [ 97.983374, 4.357261 ], [ 97.982955, 4.357196 ], [ 97.982653, 4.35719 ], [ 97.982333, 4.357105 ], [ 97.982069, 4.357065 ], [ 97.981739, 4.356997 ], [ 97.981475, 4.356991 ], [ 97.981105, 4.357024 ], [ 97.980925, 4.357075 ], [ 97.980751, 4.357097 ], [ 97.980622, 4.357069 ], [ 97.980454, 4.357018 ], [ 97.980297, 4.357006 ], [ 97.980106, 4.357012 ], [ 97.979932, 4.357062 ], [ 97.97982, 4.357096 ], [ 97.979624, 4.357107 ], [ 97.979386, 4.357173 ], [ 97.979234, 4.357167 ], [ 97.979145, 4.3571 ], [ 97.979027, 4.356993 ], [ 97.978859, 4.356947 ], [ 97.978679, 4.356947 ], [ 97.978539, 4.356969 ], [ 97.978402, 4.356963 ], [ 97.978172, 4.356917 ], [ 97.977959, 4.356878 ], [ 97.977813, 4.356799 ], [ 97.977623, 4.356776 ], [ 97.977398, 4.356702 ], [ 97.977241, 4.356674 ], [ 97.97709, 4.356674 ], [ 97.976978, 4.356612 ], [ 97.976787, 4.356583 ], [ 97.97658, 4.356538 ], [ 97.976395, 4.356487 ], [ 97.976165, 4.356448 ], [ 97.975957, 4.356369 ], [ 97.975761, 4.356295 ], [ 97.975526, 4.356255 ], [ 97.975318, 4.356188 ], [ 97.975128, 4.356166 ], [ 97.974731, 4.356177 ], [ 97.974221, 4.356214 ], [ 97.973851, 4.356152 ], [ 97.97366, 4.356141 ], [ 97.973447, 4.356101 ], [ 97.973122, 4.356095 ], [ 97.972903, 4.356055 ], [ 97.972686, 4.356034 ], [ 97.97211, 4.355896 ], [ 97.971332, 4.355779 ], [ 97.970791, 4.355836 ], [ 97.970322, 4.355828 ], [ 97.969696, 4.355661 ], [ 97.96907, 4.355704 ], [ 97.96827, 4.355832 ], [ 97.967613, 4.356034 ], [ 97.966391, 4.356402 ], [ 97.965159, 4.356668 ], [ 97.964215, 4.356999 ], [ 97.963985, 4.357357 ], [ 97.963429, 4.357691 ], [ 97.963345, 4.357772 ], [ 97.963309, 4.357885 ], [ 97.963261, 4.358041 ], [ 97.963245, 4.358209 ], [ 97.96317, 4.358461 ], [ 97.962835, 4.358449 ], [ 97.962746, 4.358251 ], [ 97.962668, 4.358119 ], [ 97.962543, 4.357908 ], [ 97.962453, 4.35768 ], [ 97.962376, 4.357536 ], [ 97.962304, 4.357386 ], [ 97.962203, 4.357224 ], [ 97.962161, 4.35705 ], [ 97.962045, 4.356891 ], [ 97.961896, 4.356747 ], [ 97.961759, 4.356626 ], [ 97.961639, 4.356518 ], [ 97.961585, 4.35644 ], [ 97.961542, 4.356337 ], [ 97.961532, 4.356211 ], [ 97.961532, 4.356092 ], [ 97.961565, 4.355986 ], [ 97.961655, 4.355904 ], [ 97.961744, 4.355867 ], [ 97.961856, 4.355821 ], [ 97.961919, 4.355768 ], [ 97.961975, 4.355666 ], [ 97.961972, 4.35558 ], [ 97.961946, 4.35552 ], [ 97.961863, 4.355447 ], [ 97.961743, 4.355379 ], [ 97.961583, 4.355342 ], [ 97.961453, 4.355305 ], [ 97.961326, 4.35526 ], [ 97.961199, 4.355186 ], [ 97.961092, 4.355097 ], [ 97.960949, 4.354954 ], [ 97.96084, 4.354879 ], [ 97.960706, 4.354809 ], [ 97.960516, 4.354742 ], [ 97.960326, 4.354693 ], [ 97.960039, 4.354634 ], [ 97.959854, 4.354588 ], [ 97.95972, 4.354571 ], [ 97.95956, 4.354569 ], [ 97.959368, 4.354584 ], [ 97.959183, 4.354598 ], [ 97.959032, 4.354607 ], [ 97.958854, 4.354619 ], [ 97.958648, 4.354644 ], [ 97.95852, 4.354662 ], [ 97.958367, 4.354671 ], [ 97.95827, 4.354715 ], [ 97.958191, 4.35478 ], [ 97.958075, 4.35481 ], [ 97.957957, 4.354806 ], [ 97.957863, 4.354787 ], [ 97.957754, 4.354778 ], [ 97.957643, 4.354784 ], [ 97.957486, 4.354861 ], [ 97.957388, 4.354907 ], [ 97.957284, 4.354963 ], [ 97.957099, 4.355028 ], [ 97.956971, 4.355053 ], [ 97.956853, 4.35512 ], [ 97.956721, 4.355178 ], [ 97.95663, 4.355255 ], [ 97.956572, 4.355325 ], [ 97.956521, 4.355397 ], [ 97.956467, 4.355501 ], [ 97.956379, 4.355587 ], [ 97.956263, 4.355606 ], [ 97.956166, 4.355624 ], [ 97.956087, 4.355619 ], [ 97.956027, 4.355624 ], [ 97.955958, 4.355633 ], [ 97.955867, 4.355661 ], [ 97.955798, 4.355677 ], [ 97.955689, 4.355707 ], [ 97.955577, 4.35574 ], [ 97.95544, 4.355744 ], [ 97.955341, 4.355772 ], [ 97.955222, 4.35583 ], [ 97.955137, 4.355899 ], [ 97.955067, 4.356002 ], [ 97.955055, 4.356147 ], [ 97.95508, 4.356268 ], [ 97.955073, 4.35637 ], [ 97.955036, 4.356458 ], [ 97.954967, 4.356502 ], [ 97.954913, 4.356502 ], [ 97.954837, 4.35646 ], [ 97.954765, 4.356395 ], [ 97.954691, 4.356314 ], [ 97.954606, 4.356258 ], [ 97.954478, 4.356214 ], [ 97.954344, 4.356186 ], [ 97.954226, 4.356202 ], [ 97.95417, 4.356255 ], [ 97.954101, 4.356276 ], [ 97.954057, 4.356278 ], [ 97.953925, 4.356252 ], [ 97.953791, 4.356185 ], [ 97.953696, 4.356113 ], [ 97.953606, 4.356055 ], [ 97.953516, 4.356024 ], [ 97.953409, 4.356024 ], [ 97.953303, 4.356022 ], [ 97.953194, 4.356003 ], [ 97.953076, 4.355972 ], [ 97.952969, 4.355919 ], [ 97.952865, 4.355872 ], [ 97.952657, 4.3557 ], [ 97.952618, 4.35564 ], [ 97.952598, 4.355555 ], [ 97.952552, 4.355622 ], [ 97.952497, 4.355665 ], [ 97.952432, 4.355757 ], [ 97.95235, 4.355824 ], [ 97.952187, 4.355936 ], [ 97.952056, 4.355971 ], [ 97.951981, 4.355998 ], [ 97.95193, 4.356044 ], [ 97.951856, 4.356211 ], [ 97.951805, 4.356278 ], [ 97.951707, 4.356353 ], [ 97.951569, 4.356521 ], [ 97.951543, 4.35663 ], [ 97.951523, 4.356747 ], [ 97.951474, 4.356855 ], [ 97.951364, 4.356963 ], [ 97.951288, 4.357038 ], [ 97.951187, 4.357089 ], [ 97.951079, 4.357145 ], [ 97.950988, 4.357186 ], [ 97.950894, 4.357191 ], [ 97.950846, 4.357203 ], [ 97.950765, 4.357278 ], [ 97.950707, 4.357329 ], [ 97.950682, 4.3574 ], [ 97.950647, 4.357444 ], [ 97.950569, 4.357459 ], [ 97.950475, 4.357492 ], [ 97.950329, 4.357505 ], [ 97.950189, 4.357507 ], [ 97.950037, 4.357516 ], [ 97.949911, 4.357544 ], [ 97.949704, 4.357527 ], [ 97.949575, 4.357548 ], [ 97.949449, 4.357566 ], [ 97.949369, 4.357564 ], [ 97.949256, 4.35758 ], [ 97.949151, 4.357605 ], [ 97.949047, 4.357642 ], [ 97.949008, 4.357704 ], [ 97.948965, 4.357777 ], [ 97.948933, 4.357832 ], [ 97.948855, 4.357874 ], [ 97.948686, 4.357888 ], [ 97.948612, 4.357847 ], [ 97.948429, 4.357901 ], [ 97.9482, 4.357986 ], [ 97.948098, 4.358029 ], [ 97.947983, 4.358111 ], [ 97.947895, 4.358246 ], [ 97.947814, 4.358307 ], [ 97.947619, 4.358314 ], [ 97.94745, 4.358311 ], [ 97.947347, 4.358306 ], [ 97.947225, 4.358306 ], [ 97.947063, 4.358231 ], [ 97.946948, 4.358224 ], [ 97.94682, 4.358245 ], [ 97.946741, 4.358326 ], [ 97.946715, 4.358437 ], [ 97.946704, 4.358502 ], [ 97.946637, 4.358685 ], [ 97.946589, 4.358787 ], [ 97.946501, 4.358827 ], [ 97.9464, 4.358827 ], [ 97.946278, 4.3588 ], [ 97.946143, 4.358766 ], [ 97.945967, 4.358718 ], [ 97.945866, 4.358738 ], [ 97.945785, 4.358772 ], [ 97.94569, 4.358765 ], [ 97.945656, 4.358724 ], [ 97.945595, 4.358697 ], [ 97.945535, 4.358683 ], [ 97.945413, 4.358676 ], [ 97.945298, 4.35867 ], [ 97.945163, 4.358595 ], [ 97.944933, 4.358289 ], [ 97.944864, 4.35817 ], [ 97.944785, 4.358051 ], [ 97.944697, 4.357943 ], [ 97.94463, 4.35774 ], [ 97.944481, 4.35757 ], [ 97.944286, 4.357353 ], [ 97.944033, 4.357175 ], [ 97.943966, 4.357032 ], [ 97.943878, 4.35691 ], [ 97.943777, 4.356857 ], [ 97.943457, 4.356835 ], [ 97.943072, 4.35681 ], [ 97.94295, 4.356802 ], [ 97.942853, 4.356795 ], [ 97.942145, 4.356795 ], [ 97.941715, 4.356795 ], [ 97.938011, 4.356795 ], [ 97.928933, 4.35498 ], [ 97.922579, 4.353467 ], [ 97.911988, 4.350441 ], [ 97.894135, 4.349381 ], [ 97.89005, 4.348171 ], [ 97.883393, 4.346507 ], [ 97.874466, 4.346355 ], [ 97.86917, 4.346053 ], [ 97.866144, 4.345448 ], [ 97.85858, 4.345448 ], [ 97.855402, 4.346053 ], [ 97.84587, 4.346053 ], [ 97.834069, 4.346053 ], [ 97.829682, 4.345599 ], [ 97.819999, 4.345448 ], [ 97.814394, 4.345974 ], [ 97.813315, 4.346076 ], [ 97.813079, 4.346098 ], [ 97.812827, 4.34607 ], [ 97.8124, 4.346021 ], [ 97.811614, 4.345902 ], [ 97.810916, 4.345788 ], [ 97.810432, 4.34599 ], [ 97.810189, 4.346091 ], [ 97.809618, 4.346296 ], [ 97.808622, 4.346416 ], [ 97.807906, 4.34635 ], [ 97.807061, 4.345782 ], [ 97.80685, 4.345758 ], [ 97.806215, 4.345686 ], [ 97.806009, 4.345656 ], [ 97.805557, 4.345591 ], [ 97.805203, 4.346157 ], [ 97.805085, 4.346345 ], [ 97.804998, 4.346548 ], [ 97.804802, 4.347005 ], [ 97.804563, 4.347285 ], [ 97.804237, 4.347665 ], [ 97.803587, 4.347736 ], [ 97.803347, 4.347706 ], [ 97.803015, 4.347663 ], [ 97.802581, 4.347614 ], [ 97.802169, 4.347568 ], [ 97.801913, 4.347567 ], [ 97.801397, 4.347627 ], [ 97.801029, 4.347793 ], [ 97.800663, 4.348037 ], [ 97.800005, 4.348225 ], [ 97.799641, 4.348042 ], [ 97.799253, 4.347846 ], [ 97.798784, 4.347279 ], [ 97.798182, 4.346875 ], [ 97.797657, 4.346522 ], [ 97.79726, 4.345923 ], [ 97.797094, 4.345672 ], [ 97.796719, 4.344633 ], [ 97.795967, 4.344443 ], [ 97.795477, 4.344723 ], [ 97.795044, 4.344971 ], [ 97.79465, 4.345196 ], [ 97.794409, 4.345292 ], [ 97.793893, 4.345498 ], [ 97.793508, 4.345751 ], [ 97.79345, 4.345803 ], [ 97.792861, 4.346326 ], [ 97.791994, 4.346957 ], [ 97.791628, 4.347205 ], [ 97.79079, 4.347739 ], [ 97.790225, 4.348115 ], [ 97.789968, 4.34852 ], [ 97.789566, 4.349152 ], [ 97.789046, 4.349483 ], [ 97.788681, 4.349715 ], [ 97.788394, 4.349811 ], [ 97.787532, 4.34981 ], [ 97.78712, 4.349809 ], [ 97.786913, 4.34975 ], [ 97.786462, 4.34962 ], [ 97.785898, 4.349619 ], [ 97.785521, 4.349712 ], [ 97.785144, 4.350278 ], [ 97.784861, 4.35075 ] ] ] ] } },
{ "type": "Feature", "properties": { "KEC": "KEC. KOTA KUALASIMPANG", "LUAS": 1004.79, "LUAS_KM": 10.05 }, "geometry": { "type": "MultiPolygon", "coordinates": [ [ [ [ 98.067756, 4.297735 ], [ 98.068891, 4.297653 ], [ 98.070279, 4.297654 ], [ 98.07175, 4.297698 ], [ 98.072885, 4.297489 ], [ 98.073853, 4.297068 ], [ 98.074488, 4.296421 ], [ 98.074762, 4.295928 ], [ 98.074847, 4.295633 ], [ 98.074887, 4.295475 ], [ 98.074958, 4.295294 ], [ 98.075023, 4.295086 ], [ 98.075115, 4.294664 ], [ 98.075203, 4.294139 ], [ 98.07527, 4.293784 ], [ 98.075328, 4.293478 ], [ 98.075394, 4.29316 ], [ 98.075552, 4.292648 ], [ 98.075651, 4.292401 ], [ 98.075666, 4.292305 ], [ 98.075775, 4.292089 ], [ 98.07579, 4.292058 ], [ 98.076004, 4.291631 ], [ 98.076551, 4.291168 ], [ 98.076647, 4.291116 ], [ 98.076355, 4.290565 ], [ 98.076086, 4.290156 ], [ 98.075911, 4.289816 ], [ 98.075822, 4.289362 ], [ 98.076063, 4.288397 ], [ 98.078402, 4.286868 ], [ 98.080359, 4.284717 ], [ 98.081744, 4.282756 ], [ 98.082224, 4.280315 ], [ 98.082798, 4.278449 ], [ 98.084329, 4.273983 ], [ 98.075276, 4.271217 ], [ 98.075179, 4.268713 ], [ 98.076304, 4.267041 ], [ 98.077199, 4.265426 ], [ 98.076232, 4.265077 ], [ 98.072887, 4.262835 ], [ 98.072816, 4.262861 ], [ 98.072747, 4.262741 ], [ 98.071916, 4.262365 ], [ 98.071223, 4.262312 ], [ 98.071028, 4.262297 ], [ 98.070419, 4.261989 ], [ 98.06985, 4.261725 ], [ 98.069726, 4.261667 ], [ 98.069294, 4.261355 ], [ 98.068885, 4.261085 ], [ 98.068712, 4.260976 ], [ 98.068374, 4.260999 ], [ 98.067883, 4.260976 ], [ 98.067384, 4.260772 ], [ 98.066791, 4.260486 ], [ 98.066449, 4.260463 ], [ 98.065994, 4.260377 ], [ 98.065534, 4.260239 ], [ 98.065175, 4.260048 ], [ 98.064841, 4.259928 ], [ 98.06465, 4.25986 ], [ 98.063712, 4.259543 ], [ 98.062826, 4.259596 ], [ 98.061064, 4.258813 ], [ 98.061065, 4.25894 ], [ 98.061123, 4.260938 ], [ 98.061094, 4.26153 ], [ 98.060891, 4.262335 ], [ 98.060381, 4.26215 ], [ 98.059608, 4.261388 ], [ 98.05908, 4.261442 ], [ 98.057917, 4.262647 ], [ 98.057438, 4.262168 ], [ 98.057391, 4.262149 ], [ 98.056936, 4.261969 ], [ 98.056922, 4.261964 ], [ 98.056853, 4.261966 ], [ 98.056998, 4.262495 ], [ 98.057391, 4.263555 ], [ 98.057543, 4.264191 ], [ 98.057755, 4.264645 ], [ 98.058088, 4.26519 ], [ 98.058391, 4.266038 ], [ 98.058784, 4.266462 ], [ 98.059057, 4.266825 ], [ 98.059087, 4.267037 ], [ 98.058845, 4.267461 ], [ 98.0583, 4.268218 ], [ 98.058011, 4.2687 ], [ 98.057651, 4.26946 ], [ 98.057603, 4.26958 ], [ 98.057452, 4.270277 ], [ 98.057391, 4.270731 ], [ 98.057361, 4.271276 ], [ 98.057391, 4.27173 ], [ 98.057375, 4.271976 ], [ 98.057388, 4.272241 ], [ 98.057411, 4.27247 ], [ 98.057442, 4.272636 ], [ 98.057474, 4.272726 ], [ 98.057492, 4.272973 ], [ 98.057469, 4.273162 ], [ 98.05742, 4.273427 ], [ 98.057357, 4.273634 ], [ 98.057341, 4.273696 ], [ 98.057271, 4.273955 ], [ 98.057245, 4.274047 ], [ 98.057213, 4.274236 ], [ 98.057168, 4.274348 ], [ 98.057114, 4.274537 ], [ 98.057043, 4.27477 ], [ 98.056984, 4.274999 ], [ 98.056939, 4.275179 ], [ 98.056898, 4.275288 ], [ 98.056812, 4.275466 ], [ 98.056777, 4.275529 ], [ 98.05667, 4.275736 ], [ 98.056584, 4.275911 ], [ 98.056477, 4.276095 ], [ 98.056459, 4.276126 ], [ 98.056457, 4.27613 ], [ 98.056455, 4.276132 ], [ 98.056454, 4.276131 ], [ 98.056453, 4.27613 ], [ 98.056328, 4.275971 ], [ 98.056305, 4.276018 ], [ 98.056248, 4.276166 ], [ 98.056165, 4.276304 ], [ 98.056095, 4.276447 ], [ 98.056037, 4.276565 ], [ 98.055977, 4.276688 ], [ 98.055921, 4.276747 ], [ 98.055919, 4.276748 ], [ 98.055886, 4.276872 ], [ 98.055822, 4.277006 ], [ 98.055648, 4.277327 ], [ 98.055256, 4.277955 ], [ 98.055227, 4.277998 ], [ 98.055133, 4.278141 ], [ 98.055089, 4.278224 ], [ 98.055016, 4.27837 ], [ 98.054999, 4.278405 ], [ 98.054827, 4.278747 ], [ 98.054812, 4.278783 ], [ 98.054757, 4.278959 ], [ 98.054735, 4.279029 ], [ 98.054672, 4.279233 ], [ 98.054631, 4.279358 ], [ 98.054574, 4.27953 ], [ 98.054505, 4.279784 ], [ 98.054493, 4.279827 ], [ 98.054414, 4.280143 ], [ 98.054393, 4.280237 ], [ 98.054363, 4.280419 ], [ 98.054357, 4.280481 ], [ 98.054348, 4.280585 ], [ 98.05434, 4.280706 ], [ 98.054334, 4.280815 ], [ 98.054348, 4.280888 ], [ 98.05437, 4.281001 ], [ 98.054394, 4.281094 ], [ 98.054424, 4.281184 ], [ 98.054444, 4.28124 ], [ 98.054677, 4.281751 ], [ 98.054873, 4.282162 ], [ 98.054877, 4.282165 ], [ 98.055271, 4.282475 ], [ 98.055665, 4.282789 ], [ 98.055667, 4.282791 ], [ 98.056032, 4.283305 ], [ 98.056174, 4.28355 ], [ 98.056317, 4.283847 ], [ 98.056458, 4.284144 ], [ 98.05656, 4.284352 ], [ 98.0566, 4.284582 ], [ 98.056681, 4.285043 ], [ 98.056744, 4.285427 ], [ 98.056721, 4.286246 ], [ 98.056705, 4.286739 ], [ 98.056696, 4.287052 ], [ 98.056501, 4.288027 ], [ 98.056408, 4.288462 ], [ 98.056183, 4.28939 ], [ 98.056059, 4.289922 ], [ 98.055999, 4.290245 ], [ 98.055897, 4.291049 ], [ 98.055901, 4.291734 ], [ 98.055867, 4.292492 ], [ 98.055761, 4.293214 ], [ 98.055641, 4.293935 ], [ 98.055581, 4.294747 ], [ 98.055595, 4.295536 ], [ 98.055645, 4.296061 ], [ 98.055784, 4.296633 ], [ 98.055795, 4.296663 ], [ 98.055942, 4.29707 ], [ 98.056026, 4.297511 ], [ 98.056269, 4.298463 ], [ 98.056317, 4.298649 ], [ 98.056403, 4.298987 ], [ 98.056484, 4.299296 ], [ 98.056674, 4.300014 ], [ 98.056679, 4.300036 ], [ 98.056711, 4.300156 ], [ 98.056989, 4.301307 ], [ 98.057323, 4.302868 ], [ 98.057491, 4.3035 ], [ 98.057911, 4.303712 ], [ 98.058457, 4.303628 ], [ 98.058962, 4.303291 ], [ 98.059762, 4.30266 ], [ 98.060562, 4.301691 ], [ 98.061404, 4.300806 ], [ 98.062456, 4.29988 ], [ 98.063844, 4.29908 ], [ 98.065022, 4.298533 ], [ 98.066452, 4.298113 ], [ 98.067756, 4.297735 ] ] ] ] } },
{ "type": "Feature", "properties": { "KEC": "KEC. TENGGULUN", "LUAS": 46306.13, "LUAS_KM": 463.06 }, "geometry": { "type": "MultiPolygon", "coordinates": [ [ [ [ 97.793092, 4.037032 ], [ 97.794935, 4.037494 ], [ 97.797059, 4.037999 ], [ 97.798246, 4.038251 ], [ 97.799433, 4.038629 ], [ 97.800682, 4.039007 ], [ 97.802184, 4.039269 ], [ 97.807138, 4.040993 ], [ 97.808188, 4.041609 ], [ 97.809151, 4.04183 ], [ 97.80972, 4.042007 ], [ 97.810376, 4.042535 ], [ 97.811032, 4.042843 ], [ 97.811776, 4.04324 ], [ 97.812432, 4.043416 ], [ 97.813176, 4.043461 ], [ 97.813614, 4.043462 ], [ 97.814139, 4.043639 ], [ 97.814752, 4.043991 ], [ 97.815495, 4.044211 ], [ 97.816152, 4.044517 ], [ 97.816868, 4.044517 ], [ 97.817395, 4.043606 ], [ 97.818315, 4.042817 ], [ 97.818973, 4.042203 ], [ 97.819674, 4.041589 ], [ 97.820331, 4.04137 ], [ 97.821251, 4.041328 ], [ 97.822213, 4.041856 ], [ 97.826703, 4.04315 ], [ 97.827347, 4.043336 ], [ 97.827867, 4.043921 ], [ 97.828266, 4.044199 ], [ 97.829144, 4.044517 ], [ 97.832007, 4.045209 ], [ 97.839153, 4.045978 ], [ 97.851126, 4.048512 ], [ 97.853793, 4.049715 ], [ 97.855878, 4.050272 ], [ 97.85689, 4.050274 ], [ 97.857442, 4.050305 ], [ 97.858024, 4.05046 ], [ 97.85879, 4.050892 ], [ 97.859864, 4.051078 ], [ 97.860492, 4.050998 ], [ 97.861444, 4.050261 ], [ 97.862119, 4.049985 ], [ 97.862948, 4.049832 ], [ 97.863776, 4.049926 ], [ 97.864358, 4.050203 ], [ 97.865124, 4.050697 ], [ 97.865706, 4.051067 ], [ 97.866258, 4.051375 ], [ 97.866779, 4.051376 ], [ 97.867301, 4.051284 ], [ 97.867884, 4.051162 ], [ 97.868527, 4.051501 ], [ 97.869507, 4.052856 ], [ 97.870394, 4.054242 ], [ 97.870699, 4.055781 ], [ 97.870857, 4.056715 ], [ 97.871469, 4.057269 ], [ 97.872481, 4.057671 ], [ 97.87386, 4.058288 ], [ 97.874922, 4.058397 ], [ 97.876353, 4.058047 ], [ 97.876905, 4.058048 ], [ 97.877456, 4.058479 ], [ 97.878131, 4.058726 ], [ 97.878989, 4.058943 ], [ 97.879449, 4.059005 ], [ 97.879909, 4.058975 ], [ 97.880308, 4.058945 ], [ 97.88083, 4.058945 ], [ 97.881412, 4.059038 ], [ 97.887462, 4.060442 ], [ 97.888092, 4.061186 ], [ 97.888908, 4.061575 ], [ 97.889702, 4.061878 ], [ 97.890346, 4.062073 ], [ 97.891077, 4.062289 ], [ 97.891549, 4.062441 ], [ 97.892258, 4.0627 ], [ 97.892515, 4.06311 ], [ 97.892751, 4.06352 ], [ 97.892943, 4.064167 ], [ 97.893481, 4.064689 ], [ 97.894082, 4.064905 ], [ 97.894834, 4.065122 ], [ 97.895607, 4.065101 ], [ 97.896316, 4.065189 ], [ 97.896724, 4.065426 ], [ 97.896681, 4.065793 ], [ 97.896508, 4.066374 ], [ 97.896529, 4.06687 ], [ 97.896421, 4.067344 ], [ 97.896377, 4.067689 ], [ 97.896376, 4.068249 ], [ 97.896612, 4.068983 ], [ 97.896547, 4.069543 ], [ 97.896589, 4.069866 ], [ 97.896717, 4.070276 ], [ 97.896932, 4.070729 ], [ 97.897425, 4.071269 ], [ 97.897961, 4.071959 ], [ 97.898248, 4.072367 ], [ 97.898804, 4.07274 ], [ 97.898922, 4.07313 ], [ 97.898915, 4.073542 ], [ 97.899056, 4.073959 ], [ 97.899123, 4.074162 ], [ 97.899359, 4.074315 ], [ 97.89965, 4.074277 ], [ 97.90005, 4.074248 ], [ 97.900337, 4.074147 ], [ 97.900557, 4.074029 ], [ 97.900911, 4.074097 ], [ 97.901045, 4.074537 ], [ 97.90118, 4.074757 ], [ 97.901382, 4.075011 ], [ 97.901657, 4.075071 ], [ 97.901829, 4.074992 ], [ 97.901895, 4.07474 ], [ 97.901962, 4.074567 ], [ 97.902055, 4.074461 ], [ 97.90228, 4.074435 ], [ 97.902465, 4.074475 ], [ 97.902558, 4.074382 ], [ 97.902638, 4.074196 ], [ 97.902757, 4.074156 ], [ 97.902903, 4.07413 ], [ 97.903022, 4.074117 ], [ 97.903207, 4.07413 ], [ 97.903313, 4.074091 ], [ 97.903459, 4.074024 ], [ 97.903604, 4.074025 ], [ 97.903843, 4.074025 ], [ 97.903962, 4.074025 ], [ 97.904041, 4.073999 ], [ 97.904161, 4.073959 ], [ 97.904319, 4.073973 ], [ 97.904478, 4.074026 ], [ 97.904558, 4.074132 ], [ 97.90461, 4.074212 ], [ 97.904703, 4.074199 ], [ 97.904796, 4.07408 ], [ 97.904915, 4.07396 ], [ 97.905035, 4.073881 ], [ 97.905088, 4.073801 ], [ 97.905154, 4.073708 ], [ 97.90526, 4.073629 ], [ 97.905353, 4.073668 ], [ 97.905405, 4.073815 ], [ 97.905432, 4.073921 ], [ 97.905485, 4.074001 ], [ 97.905604, 4.074041 ], [ 97.905749, 4.074001 ], [ 97.905908, 4.073988 ], [ 97.906014, 4.074001 ], [ 97.90608, 4.074121 ], [ 97.90616, 4.074188 ], [ 97.906318, 4.074254 ], [ 97.906411, 4.074361 ], [ 97.906464, 4.074547 ], [ 97.906609, 4.074746 ], [ 97.906728, 4.074932 ], [ 97.906917, 4.075055 ], [ 97.907047, 4.07512 ], [ 97.907205, 4.075148 ], [ 97.907372, 4.075121 ], [ 97.907539, 4.075065 ], [ 97.907706, 4.075028 ], [ 97.907928, 4.075019 ], [ 97.908076, 4.075112 ], [ 97.908169, 4.075234 ], [ 97.908289, 4.075317 ], [ 97.908438, 4.075373 ], [ 97.908531, 4.075383 ], [ 97.908614, 4.075337 ], [ 97.908716, 4.075225 ], [ 97.908837, 4.075169 ], [ 97.909032, 4.07517 ], [ 97.909226, 4.075216 ], [ 97.909431, 4.075179 ], [ 97.909579, 4.075096 ], [ 97.909783, 4.07505 ], [ 97.909996, 4.075087 ], [ 97.910098, 4.075087 ], [ 97.910219, 4.075125 ], [ 97.910247, 4.075227 ], [ 97.910203, 4.075354 ], [ 97.910237, 4.075385 ], [ 97.910321, 4.075357 ], [ 97.910414, 4.07532 ], [ 97.910501, 4.075302 ], [ 97.910608, 4.075322 ], [ 97.910643, 4.075399 ], [ 97.910643, 4.075461 ], [ 97.910638, 4.075502 ], [ 97.910689, 4.075548 ], [ 97.910771, 4.075558 ], [ 97.910862, 4.075553 ], [ 97.910995, 4.075538 ], [ 97.911128, 4.075518 ], [ 97.911209, 4.075518 ], [ 97.911286, 4.075528 ], [ 97.911342, 4.075559 ], [ 97.911413, 4.075579 ], [ 97.91152, 4.07558 ], [ 97.911597, 4.075585 ], [ 97.911663, 4.075621 ], [ 97.911709, 4.075692 ], [ 97.911719, 4.075759 ], [ 97.911739, 4.075836 ], [ 97.91176, 4.075892 ], [ 97.911826, 4.075964 ], [ 97.911913, 4.076005 ], [ 97.912009, 4.076071 ], [ 97.912055, 4.076143 ], [ 97.912096, 4.076189 ], [ 97.912142, 4.076205 ], [ 97.912193, 4.076189 ], [ 97.912234, 4.076154 ], [ 97.912336, 4.076123 ], [ 97.912392, 4.076123 ], [ 97.912412, 4.076159 ], [ 97.912412, 4.076205 ], [ 97.912387, 4.076236 ], [ 97.912341, 4.076261 ], [ 97.91231, 4.076307 ], [ 97.91229, 4.076363 ], [ 97.912274, 4.07642 ], [ 97.912274, 4.076481 ], [ 97.912325, 4.076507 ], [ 97.912381, 4.076517 ], [ 97.912468, 4.076517 ], [ 97.912571, 4.07651 ], [ 97.912663, 4.076505 ], [ 97.912729, 4.07652 ], [ 97.912765, 4.076571 ], [ 97.91277, 4.076623 ], [ 97.91275, 4.076674 ], [ 97.912714, 4.076725 ], [ 97.912698, 4.076776 ], [ 97.912673, 4.076858 ], [ 97.912668, 4.076914 ], [ 97.912673, 4.076981 ], [ 97.912698, 4.077037 ], [ 97.912764, 4.077093 ], [ 97.912948, 4.077201 ], [ 97.913045, 4.077278 ], [ 97.913101, 4.07735 ], [ 97.913203, 4.077406 ], [ 97.913274, 4.077462 ], [ 97.91332, 4.077519 ], [ 97.913373, 4.07755 ], [ 97.913457, 4.077555 ], [ 97.913524, 4.07756 ], [ 97.913626, 4.07757 ], [ 97.913733, 4.07755 ], [ 97.913804, 4.077519 ], [ 97.913876, 4.077484 ], [ 97.913917, 4.077438 ], [ 97.913942, 4.077407 ], [ 97.913963, 4.077376 ], [ 97.913998, 4.077356 ], [ 97.914039, 4.077361 ], [ 97.914059, 4.077402 ], [ 97.914116, 4.077479 ], [ 97.914172, 4.077494 ], [ 97.914218, 4.077474 ], [ 97.914243, 4.077413 ], [ 97.914274, 4.077356 ], [ 97.91434, 4.077295 ], [ 97.914432, 4.07727 ], [ 97.914659, 4.07728 ], [ 97.914735, 4.07725 ], [ 97.914792, 4.077188 ], [ 97.914833, 4.077117 ], [ 97.914868, 4.077035 ], [ 97.914945, 4.076958 ], [ 97.915042, 4.076902 ], [ 97.915113, 4.076887 ], [ 97.9152, 4.076892 ], [ 97.915261, 4.076902 ], [ 97.915312, 4.076954 ], [ 97.915317, 4.07702 ], [ 97.915302, 4.077112 ], [ 97.915271, 4.077194 ], [ 97.915245, 4.077266 ], [ 97.915184, 4.077363 ], [ 97.915141, 4.077431 ], [ 97.915148, 4.077516 ], [ 97.915194, 4.077634 ], [ 97.91524, 4.077762 ], [ 97.91526, 4.077854 ], [ 97.915276, 4.078072 ], [ 97.915286, 4.078195 ], [ 97.915332, 4.078323 ], [ 97.915403, 4.078436 ], [ 97.91548, 4.078543 ], [ 97.915576, 4.07861 ], [ 97.915643, 4.078651 ], [ 97.91577, 4.078623 ], [ 97.915842, 4.078557 ], [ 97.915867, 4.07849 ], [ 97.915913, 4.078454 ], [ 97.91598, 4.078449 ], [ 97.916061, 4.078455 ], [ 97.916132, 4.078496 ], [ 97.916183, 4.078557 ], [ 97.916183, 4.078654 ], [ 97.916158, 4.078716 ], [ 97.916096, 4.078787 ], [ 97.916015, 4.078838 ], [ 97.915954, 4.078859 ], [ 97.915902, 4.078894 ], [ 97.915862, 4.078956 ], [ 97.915841, 4.079043 ], [ 97.915856, 4.07912 ], [ 97.915907, 4.079155 ], [ 97.915984, 4.079181 ], [ 97.91604, 4.079248 ], [ 97.916065, 4.079319 ], [ 97.91607, 4.079396 ], [ 97.91606, 4.079493 ], [ 97.916034, 4.079555 ], [ 97.915993, 4.079611 ], [ 97.915963, 4.079652 ], [ 97.915896, 4.079698 ], [ 97.91585, 4.079764 ], [ 97.915835, 4.079831 ], [ 97.91585, 4.079872 ], [ 97.91587, 4.079928 ], [ 97.915914, 4.080118 ], [ 97.91596, 4.08021 ], [ 97.915966, 4.080301 ], [ 97.915965, 4.080382 ], [ 97.915943, 4.080433 ], [ 97.915897, 4.080439 ], [ 97.915845, 4.080387 ], [ 97.915794, 4.080341 ], [ 97.915726, 4.080301 ], [ 97.915634, 4.080284 ], [ 97.915554, 4.080278 ], [ 97.915474, 4.080283 ], [ 97.915428, 4.080295 ], [ 97.915388, 4.080329 ], [ 97.915394, 4.080392 ], [ 97.915445, 4.080433 ], [ 97.915525, 4.080444 ], [ 97.9156, 4.080438 ], [ 97.915668, 4.080444 ], [ 97.915742, 4.080467 ], [ 97.915868, 4.080508 ], [ 97.915925, 4.080531 ], [ 97.915942, 4.080588 ], [ 97.915942, 4.080628 ], [ 97.915891, 4.080657 ], [ 97.915845, 4.080685 ], [ 97.915788, 4.080725 ], [ 97.915748, 4.0808 ], [ 97.91573, 4.080903 ], [ 97.91573, 4.080989 ], [ 97.915707, 4.081069 ], [ 97.915713, 4.081138 ], [ 97.91577, 4.081144 ], [ 97.915816, 4.081087 ], [ 97.915839, 4.081029 ], [ 97.915913, 4.080921 ], [ 97.915953, 4.080858 ], [ 97.915999, 4.080823 ], [ 97.916039, 4.080812 ], [ 97.916079, 4.080846 ], [ 97.916079, 4.080921 ], [ 97.916062, 4.08103 ], [ 97.916027, 4.081144 ], [ 97.916039, 4.081282 ], [ 97.916061, 4.081362 ], [ 97.916044, 4.081454 ], [ 97.916004, 4.081574 ], [ 97.915947, 4.081689 ], [ 97.915907, 4.081745 ], [ 97.915885, 4.081793 ], [ 97.915912, 4.081844 ], [ 97.916044, 4.081887 ], [ 97.916112, 4.081939 ], [ 97.916146, 4.081996 ], [ 97.916163, 4.082082 ], [ 97.916163, 4.082174 ], [ 97.916146, 4.082272 ], [ 97.916123, 4.082352 ], [ 97.916094, 4.082455 ], [ 97.916094, 4.082535 ], [ 97.916168, 4.082604 ], [ 97.916231, 4.082621 ], [ 97.916277, 4.082622 ], [ 97.916346, 4.082639 ], [ 97.916391, 4.082679 ], [ 97.916403, 4.082759 ], [ 97.91638, 4.082834 ], [ 97.916345, 4.082904 ], [ 97.916345, 4.083013 ], [ 97.916362, 4.083065 ], [ 97.916419, 4.083156 ], [ 97.916568, 4.083231 ], [ 97.916745, 4.083392 ], [ 97.916927, 4.083507 ], [ 97.917087, 4.083582 ], [ 97.917305, 4.083605 ], [ 97.917579, 4.083605 ], [ 97.917749, 4.083647 ], [ 97.917864, 4.083737 ], [ 97.917887, 4.083858 ], [ 97.917778, 4.084001 ], [ 97.917641, 4.084104 ], [ 97.917535, 4.084223 ], [ 97.917499, 4.084315 ], [ 97.91751, 4.084422 ], [ 97.917591, 4.084482 ], [ 97.917682, 4.084531 ], [ 97.917802, 4.084537 ], [ 97.91791, 4.084503 ], [ 97.91803, 4.084463 ], [ 97.918145, 4.084434 ], [ 97.918248, 4.084423 ], [ 97.91831, 4.084469 ], [ 97.91835, 4.084561 ], [ 97.91835, 4.084658 ], [ 97.918333, 4.084744 ], [ 97.918304, 4.084824 ], [ 97.91831, 4.084916 ], [ 97.918402, 4.085044 ], [ 97.918465, 4.085125 ], [ 97.918539, 4.085165 ], [ 97.918648, 4.085188 ], [ 97.918751, 4.0852 ], [ 97.918831, 4.085183 ], [ 97.918928, 4.085221 ], [ 97.918946, 4.085505 ], [ 97.918941, 4.085638 ], [ 97.918927, 4.085753 ], [ 97.918872, 4.085844 ], [ 97.918844, 4.085973 ], [ 97.918872, 4.086129 ], [ 97.918917, 4.086248 ], [ 97.919045, 4.086322 ], [ 97.91931, 4.086386 ], [ 97.919593, 4.086396 ], [ 97.919767, 4.08646 ], [ 97.91984, 4.086585 ], [ 97.919867, 4.08668 ], [ 97.919881, 4.086871 ], [ 97.919839, 4.087157 ], [ 97.919821, 4.087313 ], [ 97.919832, 4.087583 ], [ 97.919893, 4.087772 ], [ 97.919985, 4.087873 ], [ 97.920114, 4.087883 ], [ 97.920204, 4.087805 ], [ 97.920261, 4.087674 ], [ 97.920252, 4.087506 ], [ 97.920259, 4.08734 ], [ 97.920278, 4.087181 ], [ 97.92033, 4.087106 ], [ 97.920415, 4.087113 ], [ 97.920507, 4.087195 ], [ 97.920607, 4.087314 ], [ 97.920762, 4.087445 ], [ 97.920908, 4.08758 ], [ 97.921079, 4.08785 ], [ 97.921114, 4.088037 ], [ 97.921095, 4.088158 ], [ 97.921017, 4.088223 ], [ 97.920887, 4.088348 ], [ 97.920889, 4.088433 ], [ 97.92099, 4.08849 ], [ 97.92112, 4.088512 ], [ 97.921202, 4.088503 ], [ 97.921371, 4.088481 ], [ 97.921539, 4.088462 ], [ 97.921702, 4.088484 ], [ 97.921815, 4.08854 ], [ 97.921897, 4.088641 ], [ 97.922006, 4.088843 ], [ 97.922345, 4.088825 ], [ 97.922409, 4.088743 ], [ 97.922418, 4.088605 ], [ 97.922427, 4.088449 ], [ 97.922482, 4.08833 ], [ 97.922583, 4.088303 ], [ 97.922711, 4.088331 ], [ 97.922848, 4.08845 ], [ 97.923012, 4.08857 ], [ 97.923177, 4.08868 ], [ 97.923286, 4.088818 ], [ 97.923313, 4.088983 ], [ 97.923268, 4.089102 ], [ 97.923167, 4.089148 ], [ 97.923066, 4.089175 ], [ 97.922893, 4.089193 ], [ 97.922737, 4.089257 ], [ 97.922646, 4.089321 ], [ 97.922627, 4.089394 ], [ 97.9227, 4.089486 ], [ 97.922792, 4.089551 ], [ 97.922874, 4.089642 ], [ 97.922892, 4.089753 ], [ 97.922883, 4.089899 ], [ 97.922855, 4.090046 ], [ 97.922818, 4.090165 ], [ 97.922772, 4.090303 ], [ 97.922745, 4.090449 ], [ 97.922799, 4.090541 ], [ 97.922973, 4.090541 ], [ 97.923101, 4.090532 ], [ 97.923193, 4.090459 ], [ 97.923229, 4.090331 ], [ 97.92323, 4.090202 ], [ 97.923147, 4.090028 ], [ 97.923138, 4.089955 ], [ 97.923139, 4.089854 ], [ 97.923175, 4.089762 ], [ 97.923312, 4.089735 ], [ 97.92345, 4.089753 ], [ 97.923541, 4.089845 ], [ 97.923605, 4.089974 ], [ 97.92365, 4.090102 ], [ 97.923732, 4.090221 ], [ 97.923833, 4.090295 ], [ 97.92397, 4.090359 ], [ 97.924153, 4.09047 ], [ 97.92418, 4.09057 ], [ 97.924171, 4.090644 ], [ 97.924116, 4.090708 ], [ 97.924061, 4.090754 ], [ 97.923988, 4.090781 ], [ 97.923924, 4.090818 ], [ 97.923887, 4.090891 ], [ 97.923931, 4.091089 ], [ 97.924021, 4.091102 ], [ 97.924163, 4.091064 ], [ 97.924291, 4.090999 ], [ 97.924407, 4.091012 ], [ 97.92451, 4.091129 ], [ 97.924548, 4.091258 ], [ 97.924547, 4.091377 ], [ 97.924566, 4.091441 ], [ 97.924566, 4.091485 ], [ 97.924543, 4.091529 ], [ 97.924477, 4.09158 ], [ 97.924401, 4.091586 ], [ 97.924345, 4.091605 ], [ 97.924307, 4.091662 ], [ 97.924294, 4.091751 ], [ 97.924332, 4.091852 ], [ 97.924388, 4.091922 ], [ 97.924483, 4.092036 ], [ 97.92459, 4.092112 ], [ 97.92471, 4.092163 ], [ 97.924824, 4.09222 ], [ 97.924899, 4.092258 ], [ 97.924962, 4.092321 ], [ 97.924975, 4.092423 ], [ 97.924981, 4.092654 ], [ 97.924943, 4.092755 ], [ 97.924886, 4.092824 ], [ 97.924804, 4.092824 ], [ 97.924753, 4.092894 ], [ 97.92474, 4.093008 ], [ 97.924778, 4.093166 ], [ 97.92486, 4.093293 ], [ 97.925018, 4.09335 ], [ 97.925081, 4.093369 ], [ 97.925176, 4.09335 ], [ 97.925214, 4.093274 ], [ 97.925252, 4.093167 ], [ 97.92529, 4.093053 ], [ 97.925328, 4.092907 ], [ 97.925378, 4.092762 ], [ 97.925416, 4.092705 ], [ 97.925473, 4.092673 ], [ 97.925543, 4.092718 ], [ 97.925568, 4.092794 ], [ 97.925549, 4.092895 ], [ 97.925549, 4.09299 ], [ 97.925574, 4.093072 ], [ 97.925624, 4.093123 ], [ 97.925725, 4.093117 ], [ 97.925782, 4.093066 ], [ 97.92589, 4.092984 ], [ 97.925991, 4.092895 ], [ 97.926054, 4.092794 ], [ 97.926149, 4.092585 ], [ 97.926181, 4.092516 ], [ 97.926225, 4.092446 ], [ 97.926313, 4.092408 ], [ 97.926452, 4.092421 ], [ 97.926572, 4.092415 ], [ 97.926661, 4.092396 ], [ 97.926762, 4.092339 ], [ 97.926838, 4.092219 ], [ 97.926926, 4.092073 ], [ 97.927027, 4.091922 ], [ 97.927211, 4.0917 ], [ 97.92728, 4.091631 ], [ 97.927381, 4.09158 ], [ 97.927567, 4.091534 ], [ 97.927744, 4.091497 ], [ 97.927896, 4.091497 ], [ 97.928028, 4.091497 ], [ 97.928148, 4.091554 ], [ 97.928281, 4.091611 ], [ 97.928407, 4.091656 ], [ 97.928508, 4.091637 ], [ 97.928584, 4.091637 ], [ 97.928609, 4.091694 ], [ 97.92864, 4.091783 ], [ 97.928665, 4.09184 ], [ 97.928836, 4.091878 ], [ 97.928994, 4.091866 ], [ 97.929076, 4.091929 ], [ 97.92912, 4.092018 ], [ 97.929094, 4.0921 ], [ 97.929031, 4.092182 ], [ 97.928968, 4.092233 ], [ 97.92893, 4.092302 ], [ 97.92893, 4.092379 ], [ 97.928974, 4.092423 ], [ 97.929088, 4.092429 ], [ 97.929163, 4.092429 ], [ 97.929245, 4.092499 ], [ 97.929258, 4.092588 ], [ 97.929182, 4.092657 ], [ 97.929062, 4.092765 ], [ 97.928929, 4.09286 ], [ 97.928847, 4.09298 ], [ 97.928784, 4.093088 ], [ 97.928778, 4.093242 ], [ 97.928784, 4.093324 ], [ 97.92886, 4.09335 ], [ 97.928954, 4.093299 ], [ 97.928967, 4.093223 ], [ 97.928973, 4.093154 ], [ 97.928992, 4.09309 ], [ 97.929056, 4.093033 ], [ 97.929131, 4.093027 ], [ 97.929308, 4.093027 ], [ 97.929378, 4.093053 ], [ 97.929422, 4.09316 ], [ 97.929396, 4.093249 ], [ 97.929346, 4.093312 ], [ 97.929335, 4.093478 ], [ 97.929325, 4.093632 ], [ 97.929324, 4.093717 ], [ 97.929285, 4.093786 ], [ 97.92927, 4.093856 ], [ 97.92924, 4.09396 ], [ 97.92923, 4.094104 ], [ 97.929215, 4.094189 ], [ 97.929249, 4.094293 ], [ 97.929333, 4.094403 ], [ 97.929492, 4.094468 ], [ 97.929675, 4.094508 ], [ 97.929973, 4.094478 ], [ 97.930201, 4.094474 ], [ 97.930359, 4.094474 ], [ 97.930498, 4.094479 ], [ 97.930604, 4.094445 ], [ 97.930682, 4.094315 ], [ 97.930721, 4.094206 ], [ 97.930751, 4.094116 ], [ 97.930816, 4.094062 ], [ 97.93093, 4.094057 ], [ 97.931029, 4.094092 ], [ 97.931073, 4.094157 ], [ 97.931123, 4.094226 ], [ 97.931232, 4.094286 ], [ 97.931385, 4.094336 ], [ 97.931519, 4.094356 ], [ 97.931648, 4.094431 ], [ 97.931749, 4.094462 ], [ 97.931848, 4.094452 ], [ 97.931913, 4.094447 ], [ 97.931977, 4.094472 ], [ 97.932041, 4.094487 ], [ 97.932086, 4.094527 ], [ 97.932111, 4.094571 ], [ 97.932106, 4.094636 ], [ 97.932105, 4.094701 ], [ 97.932145, 4.094755 ], [ 97.932204, 4.094751 ], [ 97.932289, 4.094746 ], [ 97.932353, 4.094741 ], [ 97.932541, 4.094761 ], [ 97.932765, 4.094786 ], [ 97.932859, 4.094786 ], [ 97.932973, 4.094826 ], [ 97.933032, 4.094861 ], [ 97.933101, 4.094921 ], [ 97.933291, 4.095082 ], [ 97.933331, 4.095179 ], [ 97.933346, 4.095271 ], [ 97.93337, 4.09538 ], [ 97.933435, 4.09545 ], [ 97.933489, 4.095485 ], [ 97.933672, 4.095535 ], [ 97.933865, 4.09561 ], [ 97.933945, 4.09561 ], [ 97.934004, 4.09558 ], [ 97.934044, 4.09553 ], [ 97.934108, 4.095495 ], [ 97.934178, 4.095481 ], [ 97.934267, 4.095471 ], [ 97.934351, 4.095442 ], [ 97.934384, 4.095385 ], [ 97.934346, 4.09529 ], [ 97.934335, 4.095206 ], [ 97.934362, 4.095123 ], [ 97.934357, 4.095028 ], [ 97.934346, 4.094956 ], [ 97.934363, 4.094889 ], [ 97.934385, 4.094833 ], [ 97.934441, 4.094749 ], [ 97.934552, 4.094699 ], [ 97.934691, 4.094661 ], [ 97.934796, 4.094633 ], [ 97.934924, 4.094639 ], [ 97.935124, 4.094689 ], [ 97.935207, 4.094745 ], [ 97.935285, 4.094856 ], [ 97.935312, 4.09499 ], [ 97.935318, 4.095129 ], [ 97.935318, 4.095258 ], [ 97.93534, 4.09533 ], [ 97.935373, 4.095375 ], [ 97.935473, 4.095419 ], [ 97.935634, 4.095514 ], [ 97.935767, 4.095598 ], [ 97.93588, 4.095694 ], [ 97.935942, 4.095734 ], [ 97.936091, 4.095789 ], [ 97.93623, 4.0958 ], [ 97.936362, 4.095776 ], [ 97.936457, 4.095712 ], [ 97.936513, 4.095695 ], [ 97.936728, 4.0957 ], [ 97.93724, 4.095756 ], [ 97.940585, 4.09618 ], [ 97.941059, 4.096203 ], [ 97.941226, 4.096204 ], [ 97.942851, 4.096345 ], [ 97.947072, 4.097519 ], [ 97.949224, 4.09848 ], [ 97.953059, 4.102176 ], [ 97.957329, 4.106338 ], [ 97.96296, 4.117762 ], [ 97.967348, 4.117791 ], [ 97.967344, 4.120892 ], [ 97.968152, 4.120966 ], [ 97.968194, 4.12106 ], [ 97.968287, 4.121226 ], [ 97.968462, 4.121403 ], [ 97.968731, 4.12157 ], [ 97.969166, 4.121684 ], [ 97.969456, 4.121706 ], [ 97.969943, 4.121717 ], [ 97.970285, 4.121769 ], [ 97.970502, 4.121853 ], [ 97.970554, 4.122081 ], [ 97.970533, 4.122341 ], [ 97.970398, 4.122569 ], [ 97.969795, 4.123033 ], [ 97.969401, 4.123293 ], [ 97.96823, 4.123779 ], [ 97.967111, 4.124339 ], [ 97.966645, 4.124661 ], [ 97.966458, 4.125024 ], [ 97.966374, 4.125356 ], [ 97.966364, 4.125678 ], [ 97.966488, 4.126021 ], [ 97.96675, 4.126367 ], [ 97.966957, 4.126471 ], [ 97.967289, 4.126482 ], [ 97.967558, 4.126482 ], [ 97.967848, 4.1264 ], [ 97.9682, 4.126296 ], [ 97.968604, 4.126183 ], [ 97.96907, 4.126152 ], [ 97.96934, 4.126163 ], [ 97.969619, 4.126215 ], [ 97.969837, 4.126319 ], [ 97.969981, 4.126538 ], [ 97.970012, 4.126839 ], [ 97.969929, 4.127161 ], [ 97.969804, 4.127743 ], [ 97.969658, 4.128085 ], [ 97.969503, 4.128345 ], [ 97.969029, 4.128596 ], [ 97.968697, 4.128647 ], [ 97.968117, 4.128792 ], [ 97.967765, 4.128854 ], [ 97.967371, 4.12877 ], [ 97.96704, 4.128541 ], [ 97.966865, 4.128188 ], [ 97.96671, 4.127699 ], [ 97.966369, 4.127252 ], [ 97.966131, 4.127013 ], [ 97.965758, 4.126825 ], [ 97.965302, 4.126804 ], [ 97.964867, 4.126845 ], [ 97.964525, 4.126969 ], [ 97.964256, 4.127177 ], [ 97.963965, 4.127592 ], [ 97.963861, 4.127893 ], [ 97.963861, 4.128111 ], [ 97.963944, 4.12835 ], [ 97.964078, 4.128465 ], [ 97.964306, 4.128611 ], [ 97.964523, 4.128798 ], [ 97.964709, 4.128944 ], [ 97.964802, 4.129162 ], [ 97.964885, 4.129422 ], [ 97.964905, 4.129692 ], [ 97.964748, 4.130012 ], [ 97.964468, 4.13025 ], [ 97.964271, 4.130333 ], [ 97.963888, 4.130416 ], [ 97.96337, 4.130374 ], [ 97.96278, 4.130383 ], [ 97.962417, 4.130393 ], [ 97.962054, 4.130517 ], [ 97.961826, 4.130777 ], [ 97.961723, 4.130953 ], [ 97.96166, 4.131307 ], [ 97.961628, 4.131888 ], [ 97.961628, 4.132096 ], [ 97.96171, 4.132325 ], [ 97.961876, 4.132481 ], [ 97.962031, 4.132533 ], [ 97.962238, 4.132533 ], [ 97.962456, 4.132461 ], [ 97.962725, 4.132326 ], [ 97.962995, 4.132181 ], [ 97.963326, 4.132046 ], [ 97.96371, 4.131943 ], [ 97.963938, 4.131881 ], [ 97.964197, 4.131902 ], [ 97.964486, 4.131996 ], [ 97.964652, 4.132142 ], [ 97.964714, 4.132391 ], [ 97.964693, 4.132609 ], [ 97.964589, 4.132755 ], [ 97.964413, 4.132848 ], [ 97.964133, 4.132951 ], [ 97.963853, 4.132972 ], [ 97.963152, 4.132932 ], [ 97.962779, 4.132952 ], [ 97.962406, 4.133056 ], [ 97.962147, 4.133336 ], [ 97.962053, 4.133668 ], [ 97.962011, 4.13397 ], [ 97.962042, 4.134292 ], [ 97.962104, 4.134531 ], [ 97.962207, 4.134614 ], [ 97.962383, 4.134677 ], [ 97.96257, 4.134635 ], [ 97.962725, 4.13448 ], [ 97.96286, 4.134231 ], [ 97.963047, 4.133929 ], [ 97.963296, 4.133743 ], [ 97.963513, 4.133639 ], [ 97.963783, 4.133608 ], [ 97.964083, 4.13364 ], [ 97.96428, 4.133713 ], [ 97.964435, 4.133942 ], [ 97.964508, 4.134289 ], [ 97.964497, 4.134569 ], [ 97.964372, 4.134922 ], [ 97.964175, 4.135172 ], [ 97.963926, 4.135483 ], [ 97.963822, 4.135774 ], [ 97.963801, 4.136148 ], [ 97.963801, 4.136376 ], [ 97.963883, 4.136647 ], [ 97.963955, 4.136782 ], [ 97.964163, 4.136813 ], [ 97.96438, 4.136772 ], [ 97.96465, 4.136585 ], [ 97.964919, 4.136388 ], [ 97.965427, 4.136191 ], [ 97.965872, 4.136098 ], [ 97.966338, 4.136068 ], [ 97.966992, 4.136136 ], [ 97.967281, 4.136241 ], [ 97.967457, 4.136314 ], [ 97.96755, 4.136459 ], [ 97.96754, 4.136636 ], [ 97.967467, 4.136792 ], [ 97.967301, 4.136874 ], [ 97.966825, 4.136967 ], [ 97.966431, 4.137081 ], [ 97.966048, 4.137268 ], [ 97.965757, 4.137371 ], [ 97.965488, 4.137495 ], [ 97.965343, 4.137682 ], [ 97.965332, 4.137911 ], [ 97.965384, 4.138098 ], [ 97.965508, 4.138223 ], [ 97.965798, 4.138296 ], [ 97.966243, 4.138245 ], [ 97.966606, 4.138131 ], [ 97.967082, 4.138059 ], [ 97.967497, 4.138007 ], [ 97.967973, 4.13806 ], [ 97.968325, 4.138195 ], [ 97.968542, 4.138352 ], [ 97.968583, 4.138622 ], [ 97.968542, 4.138902 ], [ 97.968386, 4.13912 ], [ 97.968158, 4.139255 ], [ 97.967899, 4.139255 ], [ 97.967568, 4.139223 ], [ 97.967174, 4.139051 ], [ 97.966646, 4.138946 ], [ 97.96619, 4.138977 ], [ 97.965983, 4.139122 ], [ 97.965817, 4.139444 ], [ 97.965847, 4.139756 ], [ 97.965982, 4.140015 ], [ 97.966199, 4.140192 ], [ 97.966437, 4.140276 ], [ 97.966675, 4.140359 ], [ 97.966903, 4.140401 ], [ 97.967079, 4.140505 ], [ 97.967203, 4.140672 ], [ 97.967265, 4.140848 ], [ 97.967265, 4.141035 ], [ 97.967254, 4.141264 ], [ 97.967181, 4.141493 ], [ 97.967129, 4.14169 ], [ 97.966943, 4.142059 ], [ 97.966829, 4.14236 ], [ 97.966787, 4.142651 ], [ 97.96688, 4.143015 ], [ 97.967097, 4.143234 ], [ 97.967314, 4.14339 ], [ 97.967511, 4.143473 ], [ 97.967801, 4.143661 ], [ 97.967987, 4.143837 ], [ 97.968204, 4.143942 ], [ 97.968391, 4.143973 ], [ 97.968618, 4.143963 ], [ 97.968815, 4.143901 ], [ 97.969085, 4.143829 ], [ 97.969416, 4.143777 ], [ 97.969799, 4.143864 ], [ 97.970089, 4.144031 ], [ 97.970254, 4.144291 ], [ 97.970295, 4.144634 ], [ 97.970285, 4.144873 ], [ 97.970212, 4.145101 ], [ 97.970098, 4.145268 ], [ 97.969818, 4.145381 ], [ 97.969538, 4.145402 ], [ 97.969321, 4.14535 ], [ 97.969042, 4.1451 ], [ 97.968866, 4.144933 ], [ 97.968576, 4.144829 ], [ 97.9684, 4.144839 ], [ 97.968234, 4.144922 ], [ 97.968099, 4.145109 ], [ 97.968047, 4.145296 ], [ 97.968005, 4.145493 ], [ 97.967963, 4.146002 ], [ 97.967693, 4.146712 ], [ 97.967506, 4.147221 ], [ 97.967453, 4.14746 ], [ 97.967505, 4.147678 ], [ 97.967712, 4.147813 ], [ 97.968013, 4.148067 ], [ 97.968417, 4.148141 ], [ 97.969017, 4.148318 ], [ 97.96941, 4.148506 ], [ 97.969752, 4.148735 ], [ 97.969938, 4.148964 ], [ 97.970021, 4.149203 ], [ 97.97002, 4.149379 ], [ 97.969999, 4.149608 ], [ 97.969906, 4.149805 ], [ 97.969719, 4.14994 ], [ 97.969419, 4.150064 ], [ 97.968963, 4.150105 ], [ 97.968538, 4.150157 ], [ 97.968217, 4.150146 ], [ 97.967886, 4.150145 ], [ 97.967689, 4.15027 ], [ 97.967448, 4.150624 ], [ 97.967299, 4.150861 ], [ 97.967057, 4.151109 ], [ 97.966768, 4.151392 ], [ 97.966358, 4.151807 ], [ 97.966121, 4.152163 ], [ 97.965914, 4.152478 ], [ 97.965708, 4.152679 ], [ 97.965415, 4.152818 ], [ 97.964946, 4.152931 ], [ 97.964576, 4.153013 ], [ 97.964056, 4.153018 ], [ 97.963654, 4.152976 ], [ 97.96333, 4.153042 ], [ 97.963093, 4.153213 ], [ 97.962941, 4.153412 ], [ 97.96294, 4.153737 ], [ 97.962929, 4.154042 ], [ 97.9628, 4.154356 ], [ 97.962558, 4.154697 ], [ 97.962218, 4.155135 ], [ 97.961799, 4.155821 ], [ 97.961701, 4.156264 ], [ 97.961675, 4.156744 ], [ 97.961566, 4.157297 ], [ 97.961364, 4.157956 ], [ 97.961147, 4.15856 ], [ 97.960965, 4.159171 ], [ 97.960831, 4.159347 ], [ 97.960599, 4.159512 ], [ 97.960435, 4.159594 ], [ 97.959915, 4.159697 ], [ 97.959611, 4.159717 ], [ 97.959523, 4.160039 ], [ 97.958861, 4.162031 ], [ 97.959085, 4.162001 ], [ 97.959287, 4.162026 ], [ 97.959584, 4.162086 ], [ 97.959964, 4.162146 ], [ 97.960297, 4.162265 ], [ 97.960546, 4.162337 ], [ 97.961365, 4.163065 ], [ 97.961543, 4.163113 ], [ 97.9619, 4.163102 ], [ 97.962518, 4.163115 ], [ 97.963136, 4.163163 ], [ 97.963646, 4.163223 ], [ 97.964062, 4.163307 ], [ 97.964371, 4.16332 ], [ 97.964882, 4.163296 ], [ 97.96531, 4.163297 ], [ 97.965752, 4.163305 ], [ 97.966068, 4.163336 ], [ 97.966259, 4.163337 ], [ 97.966434, 4.163395 ], [ 97.966625, 4.163479 ], [ 97.966758, 4.163546 ], [ 97.966908, 4.16358 ], [ 97.967108, 4.163538 ], [ 97.967391, 4.163547 ], [ 97.967607, 4.163547 ], [ 97.967765, 4.163589 ], [ 97.96794, 4.163723 ], [ 97.968065, 4.163957 ], [ 97.968149, 4.164188 ], [ 97.968157, 4.164347 ], [ 97.968132, 4.164514 ], [ 97.968156, 4.164773 ], [ 97.968264, 4.16494 ], [ 97.968497, 4.165149 ], [ 97.968688, 4.165233 ], [ 97.968863, 4.165241 ], [ 97.969155, 4.165225 ], [ 97.969421, 4.1652 ], [ 97.969629, 4.165209 ], [ 97.969829, 4.165242 ], [ 97.970045, 4.165343 ], [ 97.970578, 4.165594 ], [ 97.970877, 4.165778 ], [ 97.97126, 4.165946 ], [ 97.971551, 4.166105 ], [ 97.97175, 4.166197 ], [ 97.971934, 4.166247 ], [ 97.972121, 4.166214 ], [ 97.97247, 4.166073 ], [ 97.972662, 4.165939 ], [ 97.97287, 4.165714 ], [ 97.973112, 4.165481 ], [ 97.973504, 4.165097 ], [ 97.973737, 4.164914 ], [ 97.974195, 4.164706 ], [ 97.974628, 4.164489 ], [ 97.974828, 4.164389 ], [ 97.975003, 4.164231 ], [ 97.975073, 4.164143 ], [ 97.97514, 4.163951 ], [ 97.975282, 4.163568 ], [ 97.975374, 4.163267 ], [ 97.975466, 4.163084 ], [ 97.975641, 4.16295 ], [ 97.976024, 4.162683 ], [ 97.976349, 4.162542 ], [ 97.976574, 4.162442 ], [ 97.976707, 4.16235 ], [ 97.976957, 4.162175 ], [ 97.977082, 4.161992 ], [ 97.977332, 4.1618 ], [ 97.977552, 4.161603 ], [ 97.977719, 4.161436 ], [ 97.97781, 4.161261 ], [ 97.977902, 4.161128 ], [ 97.978044, 4.161011 ], [ 97.978244, 4.160903 ], [ 97.978469, 4.160786 ], [ 97.978677, 4.160645 ], [ 97.978835, 4.160536 ], [ 97.978985, 4.160428 ], [ 97.979277, 4.160295 ], [ 97.97961, 4.160145 ], [ 97.979785, 4.16012 ], [ 97.980009, 4.160137 ], [ 97.980276, 4.160146 ], [ 97.980525, 4.160096 ], [ 97.980767, 4.16008 ], [ 97.981025, 4.16003 ], [ 97.981158, 4.159997 ], [ 97.981333, 4.159888 ], [ 97.98145, 4.159797 ], [ 97.981608, 4.15968 ], [ 97.98182, 4.159543 ], [ 97.981995, 4.159459 ], [ 97.982129, 4.159343 ], [ 97.982287, 4.159168 ], [ 97.98232, 4.159026 ], [ 97.982321, 4.158809 ], [ 97.982263, 4.158566 ], [ 97.982213, 4.158307 ], [ 97.982164, 4.157915 ], [ 97.982148, 4.157564 ], [ 97.98214, 4.157205 ], [ 97.982207, 4.157041 ], [ 97.982357, 4.15695 ], [ 97.982531, 4.156875 ], [ 97.982706, 4.156783 ], [ 97.982865, 4.15665 ], [ 97.982965, 4.156499 ], [ 97.983032, 4.156249 ], [ 97.983024, 4.155982 ], [ 97.983016, 4.155681 ], [ 97.983049, 4.155422 ], [ 97.98315, 4.155239 ], [ 97.983275, 4.155089 ], [ 97.983456, 4.154943 ], [ 97.983658, 4.154839 ], [ 97.983741, 4.154789 ], [ 97.984016, 4.152692 ], [ 97.983989, 4.152536 ], [ 97.984003, 4.152338 ], [ 97.984078, 4.152147 ], [ 97.984233, 4.151929 ], [ 97.984824, 4.151289 ], [ 97.986209, 4.149494 ], [ 97.987783, 4.147459 ], [ 97.989489, 4.145572 ], [ 97.989519, 4.145276 ], [ 97.98938, 4.144308 ], [ 97.989297, 4.143982 ], [ 97.989208, 4.143713 ], [ 97.989148, 4.143473 ], [ 97.98894, 4.143084 ], [ 97.988851, 4.142844 ], [ 97.988836, 4.14259 ], [ 97.988836, 4.14232 ], [ 97.988896, 4.142096 ], [ 97.988971, 4.141916 ], [ 97.989091, 4.141812 ], [ 97.989333, 4.141757 ], [ 97.989638, 4.141971 ], [ 97.989942, 4.142173 ], [ 97.990299, 4.142382 ], [ 97.990642, 4.142502 ], [ 97.990995, 4.142615 ], [ 97.991343, 4.142697 ], [ 97.991534, 4.142755 ], [ 97.991701, 4.142753 ], [ 97.991782, 4.142694 ], [ 97.991834, 4.142525 ], [ 97.991914, 4.142349 ], [ 97.991995, 4.142232 ], [ 97.992112, 4.142203 ], [ 97.992237, 4.142195 ], [ 97.992595, 4.142291 ], [ 97.992852, 4.14238 ], [ 97.992925, 4.142468 ], [ 97.992976, 4.142512 ], [ 97.993195, 4.142513 ], [ 97.993649, 4.142513 ], [ 97.994023, 4.142462 ], [ 97.994136, 4.142446 ], [ 97.994502, 4.142476 ], [ 97.994766, 4.142491 ], [ 97.994897, 4.142477 ], [ 97.995073, 4.142418 ], [ 97.99522, 4.14233 ], [ 97.9953, 4.142198 ], [ 97.995396, 4.142073 ], [ 97.99563, 4.141995 ], [ 97.995913, 4.141909 ], [ 97.996197, 4.141761 ], [ 97.99637, 4.141477 ], [ 97.996406, 4.14134 ], [ 97.996493, 4.141292 ], [ 97.996604, 4.141168 ], [ 97.996715, 4.141131 ], [ 97.996801, 4.141218 ], [ 98.00132, 4.142879 ], [ 98.00363, 4.143788 ], [ 98.004045, 4.143914 ], [ 98.004442, 4.14403 ], [ 98.004923, 4.144188 ], [ 98.005157, 4.144254 ], [ 98.004897, 4.143958 ], [ 98.004823, 4.143822 ], [ 98.004823, 4.143612 ], [ 98.004922, 4.143427 ], [ 98.005045, 4.143341 ], [ 98.005292, 4.143279 ], [ 98.005638, 4.143265 ], [ 98.006209, 4.143539 ], [ 98.006794, 4.143959 ], [ 98.007614, 4.14443 ], [ 98.008015, 4.144783 ], [ 98.008432, 4.145589 ], [ 98.008715, 4.146596 ], [ 98.00915, 4.147887 ], [ 98.009557, 4.148678 ], [ 98.010024, 4.149235 ], [ 98.010311, 4.149421 ], [ 98.010656, 4.149533 ], [ 98.010856, 4.149475 ], [ 98.011071, 4.149289 ], [ 98.011504, 4.14876 ], [ 98.01199, 4.14804 ], [ 98.012535, 4.147394 ], [ 98.013414, 4.146674 ], [ 98.0143, 4.145869 ], [ 98.015002, 4.145353 ], [ 98.015318, 4.145123 ], [ 98.015504, 4.145052 ], [ 98.015719, 4.145038 ], [ 98.015962, 4.145225 ], [ 98.016391, 4.145656 ], [ 98.016821, 4.146116 ], [ 98.016963, 4.14649 ], [ 98.017435, 4.14764 ], [ 98.017906, 4.148948 ], [ 98.018276, 4.150045 ], [ 98.018516, 4.150931 ], [ 98.018644, 4.151639 ], [ 98.018659, 4.152267 ], [ 98.018514, 4.152863 ], [ 98.017914, 4.154129 ], [ 98.017682, 4.154637 ], [ 98.017091, 4.1556 ], [ 98.016612, 4.156324 ], [ 98.016277, 4.156518 ], [ 98.016005, 4.156556 ], [ 98.015657, 4.156413 ], [ 98.014922, 4.156348 ], [ 98.013838, 4.156217 ], [ 98.012792, 4.156229 ], [ 98.012172, 4.15628 ], [ 98.011863, 4.156331 ], [ 98.01163, 4.15646 ], [ 98.011514, 4.156745 ], [ 98.011448, 4.157127 ], [ 98.011383, 4.157878 ], [ 98.011343, 4.158732 ], [ 98.011316, 4.159431 ], [ 98.011545, 4.159902 ], [ 98.011658, 4.160402 ], [ 98.011741, 4.160964 ], [ 98.012024, 4.161534 ], [ 98.012308, 4.161922 ], [ 98.012591, 4.162454 ], [ 98.012773, 4.162808 ], [ 98.012824, 4.163262 ], [ 98.012759, 4.163533 ], [ 98.012617, 4.163947 ], [ 98.012293, 4.164491 ], [ 98.012022, 4.164983 ], [ 98.011982, 4.165332 ], [ 98.012085, 4.165513 ], [ 98.012292, 4.165591 ], [ 98.012705, 4.165566 ], [ 98.013196, 4.165437 ], [ 98.013777, 4.165257 ], [ 98.014293, 4.164998 ], [ 98.014693, 4.164869 ], [ 98.015016, 4.164831 ], [ 98.015558, 4.16487 ], [ 98.01619, 4.165065 ], [ 98.016616, 4.165247 ], [ 98.017029, 4.165235 ], [ 98.017468, 4.164963 ], [ 98.017959, 4.164446 ], [ 98.018246, 4.164011 ], [ 98.018631, 4.163276 ], [ 98.018771, 4.162869 ], [ 98.018914, 4.162774 ], [ 98.019088, 4.162758 ], [ 98.019294, 4.162806 ], [ 98.019421, 4.163076 ], [ 98.019531, 4.163569 ], [ 98.019657, 4.163871 ], [ 98.019879, 4.164237 ], [ 98.020132, 4.164556 ], [ 98.020433, 4.164953 ], [ 98.020701, 4.165383 ], [ 98.020843, 4.165844 ], [ 98.020891, 4.166178 ], [ 98.020954, 4.166918 ], [ 98.020954, 4.167506 ], [ 98.020953, 4.167761 ], [ 98.021016, 4.167952 ], [ 98.021096, 4.168031 ], [ 98.021349, 4.168047 ], [ 98.021603, 4.168016 ], [ 98.021888, 4.167762 ], [ 98.022079, 4.16754 ], [ 98.022428, 4.167238 ], [ 98.022618, 4.166873 ], [ 98.02284, 4.166619 ], [ 98.02311, 4.166555 ], [ 98.023474, 4.166635 ], [ 98.023997, 4.166859 ], [ 98.024393, 4.167113 ], [ 98.024678, 4.167384 ], [ 98.025058, 4.167702 ], [ 98.025501, 4.167941 ], [ 98.026012, 4.168071 ], [ 98.026345, 4.168151 ], [ 98.026693, 4.168358 ], [ 98.027196, 4.167528 ], [ 98.027796, 4.166627 ], [ 98.030984, 4.162133 ], [ 98.032842, 4.159492 ], [ 98.033571, 4.158104 ], [ 98.034065, 4.157538 ], [ 98.034505, 4.156747 ], [ 98.035327, 4.153891 ], [ 98.036803, 4.150326 ], [ 98.037697, 4.146624 ], [ 98.038013, 4.144714 ], [ 98.039194, 4.140119 ], [ 98.04048, 4.137061 ], [ 98.041236, 4.135358 ], [ 98.041597, 4.134384 ], [ 98.041786, 4.133422 ], [ 98.042092, 4.132718 ], [ 98.042488, 4.131763 ], [ 98.042892, 4.131134 ], [ 98.043136, 4.130052 ], [ 98.04391, 4.128063 ], [ 98.043975, 4.126918 ], [ 98.044371, 4.125982 ], [ 98.044371, 4.125757 ], [ 98.045388, 4.122786 ], [ 98.046297, 4.120553 ], [ 98.047277, 4.118616 ], [ 98.048007, 4.116714 ], [ 98.048241, 4.116067 ], [ 98.048385, 4.115455 ], [ 98.048772, 4.11441 ], [ 98.049051, 4.113404 ], [ 98.049067, 4.113235 ], [ 98.049102, 4.112865 ], [ 98.049122, 4.112657 ], [ 98.049566, 4.11222 ], [ 98.051, 4.111667 ], [ 98.053748, 4.110276 ], [ 98.053863, 4.109686 ], [ 98.053986, 4.109057 ], [ 98.054017, 4.1089 ], [ 98.054112, 4.108184 ], [ 98.054209, 4.107447 ], [ 98.054115, 4.106927 ], [ 98.054057, 4.106606 ], [ 98.053966, 4.106322 ], [ 98.053857, 4.105979 ], [ 98.053678, 4.10542 ], [ 98.053647, 4.105364 ], [ 98.053569, 4.105227 ], [ 98.053183, 4.104541 ], [ 98.052872, 4.104202 ], [ 98.05243, 4.103722 ], [ 98.05157, 4.102821 ], [ 98.051077, 4.102311 ], [ 98.050735, 4.101922 ], [ 98.050445, 4.101573 ], [ 98.050271, 4.101362 ], [ 98.049903, 4.100919 ], [ 98.049389, 4.100315 ], [ 98.048962, 4.099817 ], [ 98.048811, 4.09964 ], [ 98.048708, 4.09952 ], [ 98.048376, 4.099034 ], [ 98.048078, 4.098565 ], [ 98.047863, 4.098225 ], [ 98.047708, 4.097971 ], [ 98.047538, 4.097642 ], [ 98.047215, 4.097019 ], [ 98.046829, 4.096275 ], [ 98.04679, 4.096148 ], [ 98.046478, 4.095122 ], [ 98.04633, 4.094638 ], [ 98.046264, 4.094385 ], [ 98.046137, 4.0939 ], [ 98.046035, 4.09351 ], [ 98.045936, 4.093112 ], [ 98.045892, 4.092878 ], [ 98.045859, 4.092706 ], [ 98.045796, 4.092374 ], [ 98.045664, 4.091681 ], [ 98.045572, 4.091196 ], [ 98.045563, 4.091061 ], [ 98.045532, 4.090568 ], [ 98.045528, 4.090496 ], [ 98.045497, 4.090003 ], [ 98.045431, 4.088969 ], [ 98.045433, 4.088657 ], [ 98.045496, 4.087641 ], [ 98.045589, 4.086218 ], [ 98.045626, 4.085656 ], [ 98.045636, 4.085519 ], [ 98.045655, 4.085232 ], [ 98.045641, 4.0851 ], [ 98.045569, 4.084452 ], [ 98.045509, 4.083906 ], [ 98.045466, 4.083511 ], [ 98.04543, 4.083379 ], [ 98.045186, 4.082496 ], [ 98.044969, 4.081707 ], [ 98.044839, 4.081234 ], [ 98.044806, 4.081113 ], [ 98.04472, 4.080796 ], [ 98.04457, 4.080247 ], [ 98.044441, 4.079774 ], [ 98.044396, 4.079373 ], [ 98.044335, 4.07883 ], [ 98.04429, 4.078436 ], [ 98.044298, 4.077961 ], [ 98.044307, 4.077439 ], [ 98.044321, 4.07663 ], [ 98.044331, 4.076027 ], [ 98.044322, 4.07593 ], [ 98.044312, 4.075832 ], [ 98.044233, 4.07501 ], [ 98.04415, 4.074154 ], [ 98.044086, 4.073268 ], [ 98.044031, 4.072479 ], [ 98.043998, 4.072011 ], [ 98.043935, 4.071135 ], [ 98.043902, 4.070677 ], [ 98.043892, 4.07054 ], [ 98.043857, 4.070056 ], [ 98.043805, 4.069336 ], [ 98.043838, 4.068835 ], [ 98.043867, 4.068406 ], [ 98.043908, 4.067787 ], [ 98.043949, 4.067165 ], [ 98.04396, 4.06688 ], [ 98.043961, 4.066429 ], [ 98.043961, 4.065927 ], [ 98.043961, 4.065599 ], [ 98.043962, 4.065395 ], [ 98.043962, 4.065221 ], [ 98.043963, 4.064411 ], [ 98.043985, 4.063655 ], [ 98.044018, 4.062999 ], [ 98.044041, 4.062539 ], [ 98.044007, 4.062244 ], [ 98.043971, 4.061934 ], [ 98.043901, 4.061339 ], [ 98.043861, 4.060992 ], [ 98.04382, 4.060605 ], [ 98.043788, 4.060192 ], [ 98.043757, 4.05973 ], [ 98.043702, 4.058906 ], [ 98.043695, 4.058584 ], [ 98.043687, 4.058154 ], [ 98.043678, 4.057745 ], [ 98.043669, 4.057273 ], [ 98.04364, 4.056853 ], [ 98.043616, 4.056567 ], [ 98.043598, 4.056359 ], [ 98.043553, 4.055847 ], [ 98.043456, 4.055375 ], [ 98.043364, 4.054929 ], [ 98.04322, 4.054496 ], [ 98.04306, 4.054012 ], [ 98.042901, 4.053788 ], [ 98.04248, 4.053194 ], [ 98.042299, 4.05294 ], [ 98.042153, 4.052663 ], [ 98.041996, 4.052366 ], [ 98.04173, 4.051861 ], [ 98.041457, 4.051344 ], [ 98.041188, 4.05065 ], [ 98.040849, 4.049776 ], [ 98.04085, 4.049243 ], [ 98.04085, 4.048858 ], [ 98.040892, 4.048732 ], [ 98.04108, 4.04817 ], [ 98.041233, 4.047835 ], [ 98.04146, 4.04734 ], [ 98.041798, 4.046558 ], [ 98.042049, 4.045972 ], [ 98.042188, 4.045648 ], [ 98.042245, 4.045233 ], [ 98.042303, 4.044807 ], [ 98.042254, 4.044444 ], [ 98.04219, 4.043966 ], [ 98.041962, 4.043354 ], [ 98.041882, 4.043239 ], [ 98.041551, 4.042764 ], [ 98.041202, 4.042228 ], [ 98.040864, 4.041693 ], [ 98.04044, 4.04102 ], [ 98.040389, 4.040865 ], [ 98.040251, 4.040447 ], [ 98.040013, 4.039728 ], [ 98.039871, 4.039299 ], [ 98.039844, 4.039138 ], [ 98.039779, 4.038753 ], [ 98.039677, 4.038101 ], [ 98.039606, 4.037731 ], [ 98.039698, 4.037142 ], [ 98.039765, 4.036712 ], [ 98.039913, 4.03658 ], [ 98.040065, 4.036445 ], [ 98.040262, 4.036283 ], [ 98.04061, 4.03603 ], [ 98.040947, 4.035773 ], [ 98.041344, 4.035551 ], [ 98.041749, 4.035338 ], [ 98.042127, 4.035302 ], [ 98.042769, 4.035239 ], [ 98.043423, 4.035173 ], [ 98.044052, 4.035099 ], [ 98.044529, 4.03504 ], [ 98.044874, 4.034997 ], [ 98.045015, 4.034954 ], [ 98.045375, 4.034843 ], [ 98.045494, 4.034807 ], [ 98.045729, 4.034735 ], [ 98.045865, 4.034693 ], [ 98.046113, 4.034524 ], [ 98.046495, 4.034264 ], [ 98.046818, 4.034044 ], [ 98.047054, 4.033829 ], [ 98.047412, 4.033501 ], [ 98.047696, 4.033242 ], [ 98.047809, 4.032959 ], [ 98.047912, 4.032702 ], [ 98.048002, 4.032478 ], [ 98.048013, 4.032332 ], [ 98.04804, 4.031981 ], [ 98.047959, 4.031653 ], [ 98.047888, 4.031369 ], [ 98.047864, 4.031328 ], [ 98.047752, 4.031133 ], [ 98.047605, 4.030877 ], [ 98.047499, 4.030692 ], [ 98.047369, 4.030423 ], [ 98.047089, 4.029816 ], [ 98.04671, 4.028997 ], [ 98.046638, 4.028632 ], [ 98.046521, 4.028041 ], [ 98.046532, 4.027613 ], [ 98.046542, 4.027252 ], [ 98.046548, 4.02703 ], [ 98.046551, 4.026916 ], [ 98.04656, 4.026588 ], [ 98.046506, 4.026215 ], [ 98.046371, 4.025288 ], [ 98.046263, 4.025023 ], [ 98.046165, 4.024784 ], [ 98.045991, 4.024361 ], [ 98.045859, 4.024039 ], [ 98.04545, 4.023499 ], [ 98.045284, 4.023318 ], [ 98.04522, 4.023249 ], [ 98.0452, 4.023227 ], [ 98.044966, 4.02301 ], [ 98.044884, 4.022934 ], [ 98.044826, 4.02288 ], [ 98.04445, 4.022533 ], [ 98.044299, 4.022393 ], [ 98.044126, 4.022286 ], [ 98.043995, 4.022206 ], [ 98.043755, 4.022057 ], [ 98.043425, 4.021854 ], [ 98.043206, 4.021719 ], [ 98.043065, 4.021639 ], [ 98.042847, 4.021534 ], [ 98.042788, 4.021505 ], [ 98.042535, 4.021382 ], [ 98.04209, 4.021167 ], [ 98.041892, 4.02111 ], [ 98.041557, 4.021013 ], [ 98.041417, 4.021022 ], [ 98.04088, 4.021059 ], [ 98.040299, 4.021126 ], [ 98.039951, 4.021217 ], [ 98.039491, 4.021337 ], [ 98.039093, 4.021451 ], [ 98.038126, 4.021735 ], [ 98.037863, 4.021773 ], [ 98.037531, 4.021821 ], [ 98.037193, 4.02187 ], [ 98.036442, 4.021979 ], [ 98.03603, 4.022039 ], [ 98.03533, 4.022135 ], [ 98.034658, 4.022228 ], [ 98.034453, 4.022228 ], [ 98.033699, 4.022227 ], [ 98.033362, 4.022227 ], [ 98.033118, 4.022186 ], [ 98.032734, 4.022121 ], [ 98.032295, 4.022047 ], [ 98.031853, 4.022001 ], [ 98.031447, 4.021965 ], [ 98.031044, 4.021929 ], [ 98.030924, 4.021918 ], [ 98.030124, 4.021611 ], [ 98.030046, 4.021549 ], [ 98.029814, 4.021361 ], [ 98.029363, 4.020999 ], [ 98.029062, 4.020696 ], [ 98.028741, 4.020373 ], [ 98.028332, 4.019962 ], [ 98.028115, 4.019617 ], [ 98.027812, 4.019102 ], [ 98.02755, 4.018655 ], [ 98.027374, 4.018356 ], [ 98.027272, 4.018165 ], [ 98.027139, 4.017876 ], [ 98.026904, 4.017365 ], [ 98.026836, 4.017219 ], [ 98.026684, 4.016889 ], [ 98.026568, 4.016623 ], [ 98.02644, 4.016247 ], [ 98.026294, 4.015818 ], [ 98.02613, 4.015336 ], [ 98.026095, 4.015019 ], [ 98.026053, 4.014637 ], [ 98.026017, 4.014304 ], [ 98.026039, 4.013768 ], [ 98.026056, 4.013348 ], [ 98.026164, 4.013079 ], [ 98.026439, 4.012393 ], [ 98.026556, 4.012212 ], [ 98.026834, 4.011785 ], [ 98.027167, 4.011267 ], [ 98.027556, 4.010659 ], [ 98.027927, 4.010081 ], [ 98.028213, 4.009559 ], [ 98.028576, 4.008896 ], [ 98.028712, 4.00839 ], [ 98.02885, 4.007881 ], [ 98.029026, 4.007229 ], [ 98.029182, 4.006699 ], [ 98.029333, 4.006247 ], [ 98.029498, 4.005752 ], [ 98.029702, 4.005139 ], [ 98.029915, 4.004501 ], [ 98.030047, 4.004221 ], [ 98.030391, 4.003492 ], [ 98.030564, 4.003125 ], [ 98.030805, 4.002485 ], [ 98.031023, 4.001903 ], [ 98.031047, 4.001676 ], [ 98.0311, 4.001176 ], [ 98.031086, 4.001093 ], [ 98.031025, 4.000721 ], [ 98.030987, 4.000488 ], [ 98.030966, 4.000175 ], [ 98.030955, 4.0 ], [ 98.030856, 3.999712 ], [ 98.030836, 3.999622 ], [ 98.03075, 3.999236 ], [ 98.030647, 3.998776 ], [ 98.030581, 3.998482 ], [ 98.030518, 3.998196 ], [ 98.03045, 3.997893 ], [ 98.030387, 3.997655 ], [ 98.030354, 3.997546 ], [ 98.030275, 3.997287 ], [ 98.030177, 3.996961 ], [ 98.030027, 3.996469 ], [ 98.029915, 3.9961 ], [ 98.029727, 3.995376 ], [ 98.029556, 3.994708 ], [ 98.02935, 3.99383 ], [ 98.029223, 3.993274 ], [ 98.029241, 3.992824 ], [ 98.029259, 3.992375 ], [ 98.029273, 3.992015 ], [ 98.029296, 3.991918 ], [ 98.029406, 3.991447 ], [ 98.029506, 3.991016 ], [ 98.029612, 3.990564 ], [ 98.029716, 3.990312 ], [ 98.029946, 3.989753 ], [ 98.03026, 3.988992 ], [ 98.03054, 3.988349 ], [ 98.030821, 3.98771 ], [ 98.030967, 3.987032 ], [ 98.031056, 3.986501 ], [ 98.031113, 3.986161 ], [ 98.031048, 3.985687 ], [ 98.031003, 3.985359 ], [ 98.030976, 3.985162 ], [ 98.030945, 3.984931 ], [ 98.030921, 3.984758 ], [ 98.030886, 3.984686 ], [ 98.030714, 3.984325 ], [ 98.030302, 3.983467 ], [ 98.030198, 3.983217 ], [ 98.030018, 3.98273 ], [ 98.029773, 3.982066 ], [ 98.029623, 3.981659 ], [ 98.029581, 3.981596 ], [ 98.029258, 3.981108 ], [ 98.028983, 3.980694 ], [ 98.02866, 3.980206 ], [ 98.028401, 3.979897 ], [ 98.027909, 3.979331 ], [ 98.027396, 3.978816 ], [ 98.026541, 3.978385 ], [ 98.02595, 3.978088 ], [ 98.025527, 3.977705 ], [ 98.025155, 3.977368 ], [ 98.024851, 3.977033 ], [ 98.02458, 3.976671 ], [ 98.024409, 3.976441 ], [ 98.024203, 3.976005 ], [ 98.024025, 3.97563 ], [ 98.023928, 3.975424 ], [ 98.023879, 3.97525 ], [ 98.023715, 3.974659 ], [ 98.023557, 3.974095 ], [ 98.023438, 3.973682 ], [ 98.023319, 3.973281 ], [ 98.023177, 3.972803 ], [ 98.023063, 3.972422 ], [ 98.023056, 3.972239 ], [ 98.023035, 3.971695 ], [ 98.023016, 3.971212 ], [ 98.02304, 3.971084 ], [ 98.023137, 3.970559 ], [ 98.023214, 3.97014 ], [ 98.02334, 3.969461 ], [ 98.023307, 3.968963 ], [ 98.023256, 3.968538 ], [ 98.023165, 3.967776 ], [ 98.022732, 3.967243 ], [ 98.022489, 3.967175 ], [ 98.021864, 3.967 ], [ 98.02114, 3.966999 ], [ 98.020616, 3.967137 ], [ 98.020224, 3.96724 ], [ 98.019812, 3.967515 ], [ 98.019066, 3.968013 ], [ 98.018184, 3.968646 ], [ 98.017859, 3.968883 ], [ 98.017621, 3.969002 ], [ 98.017183, 3.969221 ], [ 98.016996, 3.969196 ], [ 98.01646, 3.969123 ], [ 98.016191, 3.968978 ], [ 98.015833, 3.968784 ], [ 98.015688, 3.968443 ], [ 98.015545, 3.968106 ], [ 98.01556, 3.967979 ], [ 98.015621, 3.967463 ], [ 98.015642, 3.967283 ], [ 98.015768, 3.966904 ], [ 98.015826, 3.966732 ], [ 98.015981, 3.966267 ], [ 98.015982, 3.965735 ], [ 98.015874, 3.965442 ], [ 98.015501, 3.964428 ], [ 98.014593, 3.963087 ], [ 98.014297, 3.962684 ], [ 98.013671, 3.962345 ], [ 98.01297, 3.962551 ], [ 98.012494, 3.962796 ], [ 98.011997, 3.96309 ], [ 98.011431, 3.963364 ], [ 98.010534, 3.963744 ], [ 98.010047, 3.963754 ], [ 98.008733, 3.96385 ], [ 98.007964, 3.963886 ], [ 98.005965, 3.964014 ], [ 98.005132, 3.964077 ], [ 98.004568, 3.963977 ], [ 98.004211, 3.963913 ], [ 98.003826, 3.963525 ], [ 98.00349, 3.962266 ], [ 98.003378, 3.961998 ], [ 98.002994, 3.961082 ], [ 98.002568, 3.960032 ], [ 98.002047, 3.958683 ], [ 98.001578, 3.957581 ], [ 98.001182, 3.95665 ], [ 98.000515, 3.955696 ], [ 97.999781, 3.954598 ], [ 97.999271, 3.953678 ], [ 97.998986, 3.952795 ], [ 97.998665, 3.951757 ], [ 97.997957, 3.949905 ], [ 97.997885, 3.949725 ], [ 97.997423, 3.948858 ], [ 97.997108, 3.948289 ], [ 97.99654, 3.947262 ], [ 97.995894, 3.946129 ], [ 97.99537, 3.945269 ], [ 97.994778, 3.9447 ], [ 97.993951, 3.943978 ], [ 97.993363, 3.943464 ], [ 97.992478, 3.942742 ], [ 97.992235, 3.942555 ], [ 97.991618, 3.942161 ], [ 97.990483, 3.941983 ], [ 97.989507, 3.94189 ], [ 97.988492, 3.941799 ], [ 97.987517, 3.941832 ], [ 97.986792, 3.941856 ], [ 97.986516, 3.941923 ], [ 97.985769, 3.942082 ], [ 97.985032, 3.942153 ], [ 97.984258, 3.942103 ], [ 97.983154, 3.941959 ], [ 97.981968, 3.941654 ], [ 97.980859, 3.941174 ], [ 97.979792, 3.940523 ], [ 97.978894, 3.939842 ], [ 97.978332, 3.939327 ], [ 97.978165, 3.939315 ], [ 97.977012, 3.939313 ], [ 97.976297, 3.939242 ], [ 97.975351, 3.939075 ], [ 97.974683, 3.938869 ], [ 97.973474, 3.93833 ], [ 97.972963, 3.938115 ], [ 97.972182, 3.937788 ], [ 97.971844, 3.937648 ], [ 97.97119, 3.93736 ], [ 97.969135, 3.936116 ], [ 97.968287, 3.935473 ], [ 97.967474, 3.934783 ], [ 97.966558, 3.934203 ], [ 97.965667, 3.933772 ], [ 97.964556, 3.933735 ], [ 97.963563, 3.933733 ], [ 97.962921, 3.933435 ], [ 97.962043, 3.932872 ], [ 97.961014, 3.932111 ], [ 97.959794, 3.93108 ], [ 97.958475, 3.92987 ], [ 97.957835, 3.929082 ], [ 97.957291, 3.928257 ], [ 97.957116, 3.927995 ], [ 97.956808, 3.927565 ], [ 97.95647, 3.926917 ], [ 97.956322, 3.926633 ], [ 97.956155, 3.926282 ], [ 97.955993, 3.925947 ], [ 97.955871, 3.925701 ], [ 97.955714, 3.925424 ], [ 97.955539, 3.925116 ], [ 97.95534, 3.92474 ], [ 97.955242, 3.924555 ], [ 97.955148, 3.924351 ], [ 97.9551, 3.92422 ], [ 97.955095, 3.923967 ], [ 97.955091, 3.923728 ], [ 97.955092, 3.92348 ], [ 97.955097, 3.923243 ], [ 97.955107, 3.922778 ], [ 97.955114, 3.922477 ], [ 97.955127, 3.92217 ], [ 97.955137, 3.921933 ], [ 97.955142, 3.921812 ], [ 97.955151, 3.921599 ], [ 97.955163, 3.921307 ], [ 97.955174, 3.921124 ], [ 97.955183, 3.920969 ], [ 97.955188, 3.920878 ], [ 97.955235, 3.920639 ], [ 97.955301, 3.920457 ], [ 97.955355, 3.920309 ], [ 97.955438, 3.920078 ], [ 97.955508, 3.919915 ], [ 97.955617, 3.91966 ], [ 97.955643, 3.919509 ], [ 97.955679, 3.91927 ], [ 97.955725, 3.918896 ], [ 97.955738, 3.918603 ], [ 97.95574, 3.918171 ], [ 97.955726, 3.917894 ], [ 97.955674, 3.917684 ], [ 97.955604, 3.917401 ], [ 97.955551, 3.917186 ], [ 97.955495, 3.916959 ], [ 97.955429, 3.916707 ], [ 97.955338, 3.916397 ], [ 97.95528, 3.916194 ], [ 97.955224, 3.91601 ], [ 97.955165, 3.915826 ], [ 97.955052, 3.915469 ], [ 97.954993, 3.915318 ], [ 97.954877, 3.915021 ], [ 97.954779, 3.914768 ], [ 97.954684, 3.914526 ], [ 97.954542, 3.91412 ], [ 97.954483, 3.913917 ], [ 97.954448, 3.913714 ], [ 97.954417, 3.913407 ], [ 97.954401, 3.913248 ], [ 97.954387, 3.912974 ], [ 97.954378, 3.912782 ], [ 97.954386, 3.912644 ], [ 97.954398, 3.912442 ], [ 97.954438, 3.912179 ], [ 97.954474, 3.911995 ], [ 97.954521, 3.91178 ], [ 97.954553, 3.911588 ], [ 97.954598, 3.911314 ], [ 97.954646, 3.911029 ], [ 97.954688, 3.910792 ], [ 97.954725, 3.910586 ], [ 97.954776, 3.910342 ], [ 97.954809, 3.910181 ], [ 97.954896, 3.909966 ], [ 97.954964, 3.909799 ], [ 97.955028, 3.909654 ], [ 97.955202, 3.909262 ], [ 97.955305, 3.909036 ], [ 97.955436, 3.908749 ], [ 97.955565, 3.908471 ], [ 97.955671, 3.908247 ], [ 97.95577, 3.908022 ], [ 97.955853, 3.907836 ], [ 97.955977, 3.907556 ], [ 97.956068, 3.90734 ], [ 97.956168, 3.907102 ], [ 97.956267, 3.906819 ], [ 97.956361, 3.906531 ], [ 97.956466, 3.906148 ], [ 97.956514, 3.905921 ], [ 97.95655, 3.905706 ], [ 97.956606, 3.90528 ], [ 97.956639, 3.905032 ], [ 97.956672, 3.904777 ], [ 97.956696, 3.9046 ], [ 97.956735, 3.904303 ], [ 97.956782, 3.903941 ], [ 97.956811, 3.903726 ], [ 97.956825, 3.903615 ], [ 97.95685, 3.903426 ], [ 97.956889, 3.903175 ], [ 97.956945, 3.902817 ], [ 97.956976, 3.902638 ], [ 97.957012, 3.902434 ], [ 97.957041, 3.902268 ], [ 97.957019, 3.901975 ], [ 97.95697, 3.901704 ], [ 97.956906, 3.901485 ], [ 97.956864, 3.901349 ], [ 97.956746, 3.90111 ], [ 97.956591, 3.900883 ], [ 97.956425, 3.900692 ], [ 97.956262, 3.900504 ], [ 97.956016, 3.900244 ], [ 97.955749, 3.899975 ], [ 97.955538, 3.899768 ], [ 97.955313, 3.899552 ], [ 97.955066, 3.899305 ], [ 97.954944, 3.899174 ], [ 97.954787, 3.899006 ], [ 97.954656, 3.898827 ], [ 97.954538, 3.8986 ], [ 97.954451, 3.898388 ], [ 97.954336, 3.898111 ], [ 97.954287, 3.897965 ], [ 97.954192, 3.897683 ], [ 97.954135, 3.897513 ], [ 97.954015, 3.897244 ], [ 97.953862, 3.896904 ], [ 97.953813, 3.896782 ], [ 97.953727, 3.896569 ], [ 97.953625, 3.896315 ], [ 97.953554, 3.89614 ], [ 97.953508, 3.895966 ], [ 97.95342, 3.895631 ], [ 97.95333, 3.895292 ], [ 97.953225, 3.894986 ], [ 97.953139, 3.894682 ], [ 97.953069, 3.894432 ], [ 97.953029, 3.894252 ], [ 97.952955, 3.893924 ], [ 97.952887, 3.893621 ], [ 97.952839, 3.893353 ], [ 97.952802, 3.893113 ], [ 97.952754, 3.892772 ], [ 97.952715, 3.892474 ], [ 97.952671, 3.892188 ], [ 97.952632, 3.891936 ], [ 97.952611, 3.891835 ], [ 97.952568, 3.891635 ], [ 97.952526, 3.891435 ], [ 97.952469, 3.891258 ], [ 97.952372, 3.890957 ], [ 97.95226, 3.890645 ], [ 97.952112, 3.890283 ], [ 97.951967, 3.889979 ], [ 97.951791, 3.889668 ], [ 97.951613, 3.889404 ], [ 97.951471, 3.889285 ], [ 97.951269, 3.889177 ], [ 97.95102, 3.889093 ], [ 97.950734, 3.889033 ], [ 97.950259, 3.888989 ], [ 97.949984, 3.888992 ], [ 97.94956, 3.889063 ], [ 97.949356, 3.88914 ], [ 97.949036, 3.889307 ], [ 97.948816, 3.88945 ], [ 97.948643, 3.889585 ], [ 97.9485, 3.8897 ], [ 97.948428, 3.889758 ], [ 97.948201, 3.889997 ], [ 97.948139, 3.8901 ], [ 97.947963, 3.890391 ], [ 97.947818, 3.890661 ], [ 97.947667, 3.890943 ], [ 97.947516, 3.891235 ], [ 97.947368, 3.891524 ], [ 97.947259, 3.891754 ], [ 97.947133, 3.892036 ], [ 97.946974, 3.892434 ], [ 97.946802, 3.892788 ], [ 97.946617, 3.89317 ], [ 97.946481, 3.893442 ], [ 97.946308, 3.893784 ], [ 97.946164, 3.894065 ], [ 97.946007, 3.894326 ], [ 97.945771, 3.894685 ], [ 97.945684, 3.894793 ], [ 97.945531, 3.894984 ], [ 97.945071, 3.895533 ], [ 97.944982, 3.895632 ], [ 97.944354, 3.896331 ], [ 97.943997, 3.896677 ], [ 97.943521, 3.89707 ], [ 97.943379, 3.897154 ], [ 97.942725, 3.897368 ], [ 97.941988, 3.897426 ], [ 97.941132, 3.89739 ], [ 97.93999, 3.897066 ], [ 97.939017, 3.89679 ], [ 97.938711, 3.896747 ], [ 97.937745, 3.896609 ], [ 97.936902, 3.896405 ], [ 97.936023, 3.896082 ], [ 97.93588, 3.895962 ], [ 97.935429, 3.895198 ], [ 97.935216, 3.894791 ], [ 97.934753, 3.894469 ], [ 97.935239, 3.893435 ], [ 97.935497, 3.892234 ], [ 97.93598, 3.891024 ], [ 97.936465, 3.888968 ], [ 97.935502, 3.887514 ], [ 97.934421, 3.885455 ], [ 97.933578, 3.884849 ], [ 97.931771, 3.884121 ], [ 97.930084, 3.884119 ], [ 97.92924, 3.884481 ], [ 97.928276, 3.884843 ], [ 97.927071, 3.884962 ], [ 97.925865, 3.885929 ], [ 97.924539, 3.88629 ], [ 97.922611, 3.88653 ], [ 97.920683, 3.886649 ], [ 97.918273, 3.886525 ], [ 97.916707, 3.88628 ], [ 97.915744, 3.88519 ], [ 97.914178, 3.884946 ], [ 97.913093, 3.885065 ], [ 97.91237, 3.885549 ], [ 97.911887, 3.886637 ], [ 97.911524, 3.887484 ], [ 97.910919, 3.889419 ], [ 97.910676, 3.890871 ], [ 97.910554, 3.892445 ], [ 97.911154, 3.894019 ], [ 97.911273, 3.895108 ], [ 97.911754, 3.896077 ], [ 97.912355, 3.897167 ], [ 97.912474, 3.898135 ], [ 97.912111, 3.899345 ], [ 97.911388, 3.899646 ], [ 97.911387, 3.90001 ], [ 97.910663, 3.900977 ], [ 97.908493, 3.902063 ], [ 97.907769, 3.903151 ], [ 97.908128, 3.904483 ], [ 97.908971, 3.905331 ], [ 97.909572, 3.9063 ], [ 97.909089, 3.907268 ], [ 97.908485, 3.907993 ], [ 97.908485, 3.908477 ], [ 97.908484, 3.909324 ], [ 97.906794, 3.91138 ], [ 97.906913, 3.91259 ], [ 97.90674, 3.912545 ], [ 97.906631, 3.91253 ], [ 97.906332, 3.91245 ], [ 97.906042, 3.912365 ], [ 97.90571, 3.912263 ], [ 97.905426, 3.912176 ], [ 97.905031, 3.912041 ], [ 97.904773, 3.911947 ], [ 97.90449, 3.911844 ], [ 97.904267, 3.911763 ], [ 97.903999, 3.911644 ], [ 97.903697, 3.9115 ], [ 97.90359, 3.911428 ], [ 97.903302, 3.911225 ], [ 97.90315, 3.911141 ], [ 97.902901, 3.911009 ], [ 97.902628, 3.910913 ], [ 97.902366, 3.910841 ], [ 97.902117, 3.910793 ], [ 97.901891, 3.910793 ], [ 97.901701, 3.91084 ], [ 97.90151, 3.9109 ], [ 97.901285, 3.910959 ], [ 97.901035, 3.910983 ], [ 97.900809, 3.91097 ], [ 97.900702, 3.910946 ], [ 97.900738, 3.911173 ], [ 97.900763, 3.911348 ], [ 97.900788, 3.911589 ], [ 97.900797, 3.911864 ], [ 97.900803, 3.912078 ], [ 97.900795, 3.912345 ], [ 97.900759, 3.912624 ], [ 97.900657, 3.912978 ], [ 97.900574, 3.913206 ], [ 97.900471, 3.913457 ], [ 97.900354, 3.913727 ], [ 97.900282, 3.913898 ], [ 97.900173, 3.914158 ], [ 97.900103, 3.914324 ], [ 97.899984, 3.914622 ], [ 97.899886, 3.914799 ], [ 97.899746, 3.915052 ], [ 97.89961, 3.915292 ], [ 97.899496, 3.915493 ], [ 97.899379, 3.915665 ], [ 97.899317, 3.915756 ], [ 97.899098, 3.915971 ], [ 97.898984, 3.916083 ], [ 97.898817, 3.916248 ], [ 97.898727, 3.916336 ], [ 97.898559, 3.916502 ], [ 97.898415, 3.916643 ], [ 97.898318, 3.916738 ], [ 97.898144, 3.916909 ], [ 97.898072, 3.916979 ], [ 97.897916, 3.917133 ], [ 97.897785, 3.917262 ], [ 97.897647, 3.917398 ], [ 97.897484, 3.917557 ], [ 97.897272, 3.917773 ], [ 97.897103, 3.917949 ], [ 97.897009, 3.918058 ], [ 97.896877, 3.918212 ], [ 97.896782, 3.918343 ], [ 97.896685, 3.918588 ], [ 97.896603, 3.918868 ], [ 97.896481, 3.9193 ], [ 97.896385, 3.919652 ], [ 97.896314, 3.919929 ], [ 97.896252, 3.920169 ], [ 97.896185, 3.920431 ], [ 97.896146, 3.920669 ], [ 97.896119, 3.920836 ], [ 97.896085, 3.921087 ], [ 97.896057, 3.921348 ], [ 97.89603, 3.921637 ], [ 97.896009, 3.921888 ], [ 97.895984, 3.922204 ], [ 97.895967, 3.922414 ], [ 97.895949, 3.92265 ], [ 97.895925, 3.922946 ], [ 97.895908, 3.923156 ], [ 97.895872, 3.923415 ], [ 97.895776, 3.923666 ], [ 97.895693, 3.923809 ], [ 97.895586, 3.923964 ], [ 97.895443, 3.924107 ], [ 97.895152, 3.924279 ], [ 97.894934, 3.924392 ], [ 97.89455, 3.924591 ], [ 97.894289, 3.924726 ], [ 97.894028, 3.924881 ], [ 97.893832, 3.925024 ], [ 97.893635, 3.925179 ], [ 97.893528, 3.925334 ], [ 97.893382, 3.925586 ], [ 97.893183, 3.925922 ], [ 97.892999, 3.92622 ], [ 97.892884, 3.926408 ], [ 97.89267, 3.926743 ], [ 97.892452, 3.927083 ], [ 97.892372, 3.927207 ], [ 97.892335, 3.927281 ], [ 97.892186, 3.927526 ], [ 97.892039, 3.927743 ], [ 97.89186, 3.92797 ], [ 97.891646, 3.928185 ], [ 97.891408, 3.928363 ], [ 97.891277, 3.928435 ], [ 97.890919, 3.928565 ], [ 97.890566, 3.928682 ], [ 97.890164, 3.928814 ], [ 97.889811, 3.928941 ], [ 97.889245, 3.929155 ], [ 97.889036, 3.929234 ], [ 97.888697, 3.929362 ], [ 97.888338, 3.929475 ], [ 97.888126, 3.929541 ], [ 97.887657, 3.929655 ], [ 97.88727, 3.929719 ], [ 97.887044, 3.92973 ], [ 97.886854, 3.929718 ], [ 97.886699, 3.929682 ], [ 97.886485, 3.92961 ], [ 97.886343, 3.929503 ], [ 97.886082, 3.929371 ], [ 97.88576, 3.92923 ], [ 97.885428, 3.929084 ], [ 97.885024, 3.928928 ], [ 97.884609, 3.928808 ], [ 97.884216, 3.928724 ], [ 97.884038, 3.928712 ], [ 97.883768, 3.92874 ], [ 97.883488, 3.928787 ], [ 97.883038, 3.928889 ], [ 97.882861, 3.928937 ], [ 97.882576, 3.929032 ], [ 97.88216, 3.929193 ], [ 97.881832, 3.929319 ], [ 97.881529, 3.929436 ], [ 97.881063, 3.929601 ], [ 97.88048, 3.929798 ], [ 97.879809, 3.929974 ], [ 97.879522, 3.930025 ], [ 97.879233, 3.93003 ], [ 97.879102, 3.93002 ], [ 97.878925, 3.930006 ], [ 97.878764, 3.929966 ], [ 97.878533, 3.92991 ], [ 97.878248, 3.929814 ], [ 97.877854, 3.929694 ], [ 97.877563, 3.929622 ], [ 97.877206, 3.929533 ], [ 97.876873, 3.929464 ], [ 97.876619, 3.929415 ], [ 97.876205, 3.929355 ], [ 97.876085, 3.929345 ], [ 97.875907, 3.929369 ], [ 97.875776, 3.929452 ], [ 97.875633, 3.929596 ], [ 97.875485, 3.929794 ], [ 97.875348, 3.929977 ], [ 97.875232, 3.930157 ], [ 97.875086, 3.930383 ], [ 97.875008, 3.930544 ], [ 97.874954, 3.930657 ], [ 97.874859, 3.930943 ], [ 97.874756, 3.931227 ], [ 97.874704, 3.931373 ], [ 97.874608, 3.9316 ], [ 97.874535, 3.931724 ], [ 97.874489, 3.931802 ], [ 97.874429, 3.931932 ], [ 97.874113, 3.931486 ], [ 97.872789, 3.930153 ], [ 97.871584, 3.93003 ], [ 97.870622, 3.928819 ], [ 97.8699, 3.92785 ], [ 97.869298, 3.927607 ], [ 97.868577, 3.925791 ], [ 97.868217, 3.92458 ], [ 97.867134, 3.923973 ], [ 97.86617, 3.92373 ], [ 97.864725, 3.923365 ], [ 97.863399, 3.923242 ], [ 97.862557, 3.922636 ], [ 97.861111, 3.922513 ], [ 97.859181, 3.924205 ], [ 97.856647, 3.926501 ], [ 97.855561, 3.92771 ], [ 97.853389, 3.930006 ], [ 97.849527, 3.933873 ], [ 97.847474, 3.93738 ], [ 97.845179, 3.941249 ], [ 97.843489, 3.943667 ], [ 97.842401, 3.946328 ], [ 97.840347, 3.950077 ], [ 97.839139, 3.952889 ], [ 97.837931, 3.954703 ], [ 97.83612, 3.956999 ], [ 97.834551, 3.959297 ], [ 97.832981, 3.961715 ], [ 97.831772, 3.964375 ], [ 97.830685, 3.96631 ], [ 97.829116, 3.967881 ], [ 97.826461, 3.97054 ], [ 97.824893, 3.97199 ], [ 97.824048, 3.972715 ], [ 97.823805, 3.974166 ], [ 97.824405, 3.97562 ], [ 97.823438, 3.977796 ], [ 97.823797, 3.979854 ], [ 97.823431, 3.982879 ], [ 97.822706, 3.98427 ], [ 97.821981, 3.9856 ], [ 97.821015, 3.98693 ], [ 97.819808, 3.98838 ], [ 97.81824, 3.989588 ], [ 97.81607, 3.990432 ], [ 97.814863, 3.991157 ], [ 97.814139, 3.992003 ], [ 97.812812, 3.993211 ], [ 97.811605, 3.994662 ], [ 97.811, 3.996234 ], [ 97.809673, 3.9972 ], [ 97.808587, 3.997925 ], [ 97.806295, 3.999858 ], [ 97.803761, 4.002516 ], [ 97.801346, 4.005417 ], [ 97.798811, 4.008681 ], [ 97.796636, 4.01243 ], [ 97.794704, 4.015452 ], [ 97.793858, 4.017145 ], [ 97.792771, 4.018838 ], [ 97.792286, 4.020531 ], [ 97.792164, 4.021499 ], [ 97.791681, 4.022346 ], [ 97.790716, 4.02295 ], [ 97.789631, 4.023311 ], [ 97.789509, 4.023916 ], [ 97.79011, 4.025369 ], [ 97.791553, 4.027186 ], [ 97.792757, 4.028277 ], [ 97.79384, 4.029368 ], [ 97.794622, 4.029702 ], [ 97.793894, 4.033331 ], [ 97.793092, 4.037032 ] ] ] ] } },
{ "type": "Feature", "properties": { "KEC": "KEC. SEKERAK", "LUAS": 14080.7, "LUAS_KM": 140.81 }, "geometry": { "type": "MultiPolygon", "coordinates": [ [ [ [ 97.773907, 4.342625 ], [ 97.774719, 4.342993 ], [ 97.775847, 4.343184 ], [ 97.777162, 4.343941 ], [ 97.777914, 4.344225 ], [ 97.778383, 4.344698 ], [ 97.778193, 4.345642 ], [ 97.778474, 4.346303 ], [ 97.779226, 4.346965 ], [ 97.780071, 4.347533 ], [ 97.780634, 4.3481 ], [ 97.780727, 4.349044 ], [ 97.781291, 4.349045 ], [ 97.782042, 4.349707 ], [ 97.782701, 4.349425 ], [ 97.783171, 4.34952 ], [ 97.783264, 4.350086 ], [ 97.783357, 4.350464 ], [ 97.78411, 4.350371 ], [ 97.784579, 4.350844 ], [ 97.784861, 4.35075 ], [ 97.785144, 4.350278 ], [ 97.785521, 4.349712 ], [ 97.785898, 4.349619 ], [ 97.786462, 4.34962 ], [ 97.786913, 4.34975 ], [ 97.78712, 4.349809 ], [ 97.787532, 4.34981 ], [ 97.788394, 4.349811 ], [ 97.788681, 4.349715 ], [ 97.789046, 4.349483 ], [ 97.789566, 4.349152 ], [ 97.789968, 4.34852 ], [ 97.790225, 4.348115 ], [ 97.79079, 4.347739 ], [ 97.791628, 4.347205 ], [ 97.791994, 4.346957 ], [ 97.792861, 4.346326 ], [ 97.79345, 4.345803 ], [ 97.793508, 4.345751 ], [ 97.793893, 4.345498 ], [ 97.794409, 4.345292 ], [ 97.79465, 4.345196 ], [ 97.795044, 4.344971 ], [ 97.795477, 4.344723 ], [ 97.795967, 4.344443 ], [ 97.796719, 4.344633 ], [ 97.797094, 4.345672 ], [ 97.79726, 4.345923 ], [ 97.797657, 4.346522 ], [ 97.798182, 4.346875 ], [ 97.798784, 4.347279 ], [ 97.799253, 4.347846 ], [ 97.799641, 4.348042 ], [ 97.800005, 4.348225 ], [ 97.800663, 4.348037 ], [ 97.801029, 4.347793 ], [ 97.801397, 4.347627 ], [ 97.801913, 4.347567 ], [ 97.802169, 4.347568 ], [ 97.802581, 4.347614 ], [ 97.803015, 4.347663 ], [ 97.803347, 4.347706 ], [ 97.803587, 4.347736 ], [ 97.804237, 4.347665 ], [ 97.804563, 4.347285 ], [ 97.804802, 4.347005 ], [ 97.804998, 4.346548 ], [ 97.805085, 4.346345 ], [ 97.805203, 4.346157 ], [ 97.805557, 4.345591 ], [ 97.806009, 4.345656 ], [ 97.806215, 4.345686 ], [ 97.80685, 4.345758 ], [ 97.807061, 4.345782 ], [ 97.807906, 4.34635 ], [ 97.808622, 4.346416 ], [ 97.809618, 4.346296 ], [ 97.810189, 4.346091 ], [ 97.810432, 4.34599 ], [ 97.810916, 4.345788 ], [ 97.811614, 4.345902 ], [ 97.8124, 4.346021 ], [ 97.812827, 4.34607 ], [ 97.813079, 4.346098 ], [ 97.813315, 4.346076 ], [ 97.814394, 4.345974 ], [ 97.819999, 4.345448 ], [ 97.829682, 4.345599 ], [ 97.834069, 4.346053 ], [ 97.84587, 4.346053 ], [ 97.855402, 4.346053 ], [ 97.85858, 4.345448 ], [ 97.866144, 4.345448 ], [ 97.86917, 4.346053 ], [ 97.874466, 4.346355 ], [ 97.883393, 4.346507 ], [ 97.89005, 4.348171 ], [ 97.894135, 4.349381 ], [ 97.911988, 4.350441 ], [ 97.922579, 4.353467 ], [ 97.928933, 4.35498 ], [ 97.938011, 4.356795 ], [ 97.941715, 4.356795 ], [ 97.942145, 4.356795 ], [ 97.942853, 4.356795 ], [ 97.94295, 4.356802 ], [ 97.943072, 4.35681 ], [ 97.943457, 4.356835 ], [ 97.943777, 4.356857 ], [ 97.943878, 4.35691 ], [ 97.943966, 4.357032 ], [ 97.944033, 4.357175 ], [ 97.944286, 4.357353 ], [ 97.944481, 4.35757 ], [ 97.94463, 4.35774 ], [ 97.944697, 4.357943 ], [ 97.944785, 4.358051 ], [ 97.944864, 4.35817 ], [ 97.944933, 4.358289 ], [ 97.945163, 4.358595 ], [ 97.945298, 4.35867 ], [ 97.945413, 4.358676 ], [ 97.945535, 4.358683 ], [ 97.945595, 4.358697 ], [ 97.945656, 4.358724 ], [ 97.94569, 4.358765 ], [ 97.945785, 4.358772 ], [ 97.945866, 4.358738 ], [ 97.945967, 4.358718 ], [ 97.946143, 4.358766 ], [ 97.946278, 4.3588 ], [ 97.9464, 4.358827 ], [ 97.946501, 4.358827 ], [ 97.946589, 4.358787 ], [ 97.946637, 4.358685 ], [ 97.946704, 4.358502 ], [ 97.946715, 4.358437 ], [ 97.946741, 4.358326 ], [ 97.94682, 4.358245 ], [ 97.946948, 4.358224 ], [ 97.947063, 4.358231 ], [ 97.947225, 4.358306 ], [ 97.947347, 4.358306 ], [ 97.94745, 4.358311 ], [ 97.947619, 4.358314 ], [ 97.947814, 4.358307 ], [ 97.947895, 4.358246 ], [ 97.947983, 4.358111 ], [ 97.948098, 4.358029 ], [ 97.9482, 4.357986 ], [ 97.948429, 4.357901 ], [ 97.948612, 4.357847 ], [ 97.948686, 4.357888 ], [ 97.948855, 4.357874 ], [ 97.948933, 4.357832 ], [ 97.948965, 4.357777 ], [ 97.949008, 4.357704 ], [ 97.949047, 4.357642 ], [ 97.949151, 4.357605 ], [ 97.949256, 4.35758 ], [ 97.949369, 4.357564 ], [ 97.949449, 4.357566 ], [ 97.949575, 4.357548 ], [ 97.949704, 4.357527 ], [ 97.949911, 4.357544 ], [ 97.950037, 4.357516 ], [ 97.950189, 4.357507 ], [ 97.950329, 4.357505 ], [ 97.950475, 4.357492 ], [ 97.950569, 4.357459 ], [ 97.950647, 4.357444 ], [ 97.950682, 4.3574 ], [ 97.950707, 4.357329 ], [ 97.950765, 4.357278 ], [ 97.950846, 4.357203 ], [ 97.950894, 4.357191 ], [ 97.950988, 4.357186 ], [ 97.951079, 4.357145 ], [ 97.951187, 4.357089 ], [ 97.951288, 4.357038 ], [ 97.951364, 4.356963 ], [ 97.951474, 4.356855 ], [ 97.951523, 4.356747 ], [ 97.951543, 4.35663 ], [ 97.951569, 4.356521 ], [ 97.951707, 4.356353 ], [ 97.951805, 4.356278 ], [ 97.951856, 4.356211 ], [ 97.95193, 4.356044 ], [ 97.951981, 4.355998 ], [ 97.952056, 4.355971 ], [ 97.952187, 4.355936 ], [ 97.95235, 4.355824 ], [ 97.952432, 4.355757 ], [ 97.952497, 4.355665 ], [ 97.952552, 4.355622 ], [ 97.952598, 4.355555 ], [ 97.952618, 4.35564 ], [ 97.952657, 4.3557 ], [ 97.952865, 4.355872 ], [ 97.952969, 4.355919 ], [ 97.953076, 4.355972 ], [ 97.953194, 4.356003 ], [ 97.953303, 4.356022 ], [ 97.953409, 4.356024 ], [ 97.953516, 4.356024 ], [ 97.953606, 4.356055 ], [ 97.953696, 4.356113 ], [ 97.953791, 4.356185 ], [ 97.953925, 4.356252 ], [ 97.954057, 4.356278 ], [ 97.954101, 4.356276 ], [ 97.95417, 4.356255 ], [ 97.954226, 4.356202 ], [ 97.954344, 4.356186 ], [ 97.954478, 4.356214 ], [ 97.954606, 4.356258 ], [ 97.954691, 4.356314 ], [ 97.954765, 4.356395 ], [ 97.954837, 4.35646 ], [ 97.954913, 4.356502 ], [ 97.954967, 4.356502 ], [ 97.955036, 4.356458 ], [ 97.955073, 4.35637 ], [ 97.95508, 4.356268 ], [ 97.955055, 4.356147 ], [ 97.955067, 4.356002 ], [ 97.955137, 4.355899 ], [ 97.955222, 4.35583 ], [ 97.955341, 4.355772 ], [ 97.95544, 4.355744 ], [ 97.955577, 4.35574 ], [ 97.955689, 4.355707 ], [ 97.955798, 4.355677 ], [ 97.955867, 4.355661 ], [ 97.955958, 4.355633 ], [ 97.956027, 4.355624 ], [ 97.956087, 4.355619 ], [ 97.956166, 4.355624 ], [ 97.956263, 4.355606 ], [ 97.956379, 4.355587 ], [ 97.956467, 4.355501 ], [ 97.956521, 4.355397 ], [ 97.956572, 4.355325 ], [ 97.95663, 4.355255 ], [ 97.956721, 4.355178 ], [ 97.956853, 4.35512 ], [ 97.956971, 4.355053 ], [ 97.957099, 4.355028 ], [ 97.957284, 4.354963 ], [ 97.957388, 4.354907 ], [ 97.957486, 4.354861 ], [ 97.957643, 4.354784 ], [ 97.957754, 4.354778 ], [ 97.957863, 4.354787 ], [ 97.957957, 4.354806 ], [ 97.958075, 4.35481 ], [ 97.958191, 4.35478 ], [ 97.95827, 4.354715 ], [ 97.958367, 4.354671 ], [ 97.95852, 4.354662 ], [ 97.958648, 4.354644 ], [ 97.958854, 4.354619 ], [ 97.959032, 4.354607 ], [ 97.959183, 4.354598 ], [ 97.959368, 4.354584 ], [ 97.95956, 4.354569 ], [ 97.95972, 4.354571 ], [ 97.959854, 4.354588 ], [ 97.960039, 4.354634 ], [ 97.960326, 4.354693 ], [ 97.960516, 4.354742 ], [ 97.960601, 4.354385 ], [ 97.960602, 4.354137 ], [ 97.96066, 4.353933 ], [ 97.960733, 4.353773 ], [ 97.960835, 4.353598 ], [ 97.960966, 4.353379 ], [ 97.961141, 4.353131 ], [ 97.961229, 4.352883 ], [ 97.961287, 4.352606 ], [ 97.961361, 4.352402 ], [ 97.961434, 4.352095 ], [ 97.961536, 4.351848 ], [ 97.96174, 4.351687 ], [ 97.961842, 4.351483 ], [ 97.961871, 4.351264 ], [ 97.961959, 4.35106 ], [ 97.962119, 4.350929 ], [ 97.96225, 4.350666 ], [ 97.962469, 4.350171 ], [ 97.962703, 4.349719 ], [ 97.962952, 4.348954 ], [ 97.963069, 4.348517 ], [ 97.963128, 4.348225 ], [ 97.963273, 4.347988 ], [ 97.963405, 4.347667 ], [ 97.963463, 4.347506 ], [ 97.963464, 4.347332 ], [ 97.963449, 4.347112 ], [ 97.96345, 4.34685 ], [ 97.963435, 4.346718 ], [ 97.963392, 4.346499 ], [ 97.963392, 4.34628 ], [ 97.963393, 4.345813 ], [ 97.963393, 4.345536 ], [ 97.963817, 4.345271 ], [ 97.964152, 4.345038 ], [ 97.964618, 4.344542 ], [ 97.964953, 4.344207 ], [ 97.965259, 4.343945 ], [ 97.965507, 4.343901 ], [ 97.965725, 4.343829 ], [ 97.965885, 4.343727 ], [ 97.966002, 4.343522 ], [ 97.966119, 4.343216 ], [ 97.966105, 4.342924 ], [ 97.96609, 4.342662 ], [ 97.966134, 4.342501 ], [ 97.966396, 4.342312 ], [ 97.966746, 4.342108 ], [ 97.96708, 4.342117 ], [ 97.96745, 4.342127 ], [ 97.967694, 4.342146 ], [ 97.970655, 4.34224 ], [ 97.973018, 4.34228 ], [ 97.979115, 4.342703 ], [ 97.979392, 4.342257 ], [ 97.979622, 4.341767 ], [ 97.979622, 4.341445 ], [ 97.979623, 4.341215 ], [ 97.979684, 4.341077 ], [ 97.979807, 4.340924 ], [ 97.979898, 4.340741 ], [ 97.979914, 4.340526 ], [ 97.979884, 4.340388 ], [ 97.979853, 4.340143 ], [ 97.979854, 4.339974 ], [ 97.979915, 4.339806 ], [ 97.979992, 4.339653 ], [ 97.98016, 4.339469 ], [ 97.980313, 4.33924 ], [ 97.98039, 4.33901 ], [ 97.980405, 4.338688 ], [ 97.98039, 4.338504 ], [ 97.98033, 4.338136 ], [ 97.980299, 4.337906 ], [ 97.9803, 4.337768 ], [ 97.980392, 4.3376 ], [ 97.980682, 4.337417 ], [ 97.981003, 4.337325 ], [ 97.981263, 4.337172 ], [ 97.98137, 4.336989 ], [ 97.981404, 4.336703 ], [ 97.981343, 4.336595 ], [ 97.981267, 4.336503 ], [ 97.981267, 4.336457 ], [ 97.981374, 4.336442 ], [ 97.981542, 4.336473 ], [ 97.981664, 4.336504 ], [ 97.981817, 4.336458 ], [ 97.981894, 4.336397 ], [ 97.98194, 4.336259 ], [ 97.98194, 4.336106 ], [ 97.982017, 4.335999 ], [ 97.982078, 4.335937 ], [ 97.982185, 4.335846 ], [ 97.982231, 4.335677 ], [ 97.982292, 4.335493 ], [ 97.982338, 4.335356 ], [ 97.982384, 4.335187 ], [ 97.9824, 4.335019 ], [ 97.982492, 4.334835 ], [ 97.982614, 4.334636 ], [ 97.985355, 4.331767 ], [ 97.985768, 4.331446 ], [ 97.98612, 4.331202 ], [ 97.986303, 4.331125 ], [ 97.986548, 4.331141 ], [ 97.986731, 4.331233 ], [ 97.986991, 4.331172 ], [ 97.987174, 4.331065 ], [ 97.987389, 4.330897 ], [ 97.987496, 4.330728 ], [ 97.987588, 4.330606 ], [ 97.987664, 4.330437 ], [ 97.98768, 4.330269 ], [ 97.987588, 4.330146 ], [ 97.987589, 4.329993 ], [ 97.987639, 4.329846 ], [ 97.987898, 4.329676 ], [ 97.988221, 4.329464 ], [ 97.988597, 4.329218 ], [ 97.988772, 4.328989 ], [ 97.989032, 4.328791 ], [ 97.989215, 4.328607 ], [ 97.989353, 4.328531 ], [ 97.98946, 4.328332 ], [ 97.989567, 4.32824 ], [ 97.989781, 4.328163 ], [ 97.989919, 4.328118 ], [ 97.990072, 4.328026 ], [ 97.990317, 4.327766 ], [ 97.990531, 4.327398 ], [ 97.990684, 4.327123 ], [ 97.991311, 4.326906 ], [ 97.991849, 4.32671 ], [ 97.992509, 4.326294 ], [ 97.992925, 4.325756 ], [ 97.993219, 4.325315 ], [ 97.99322, 4.324629 ], [ 97.993294, 4.324212 ], [ 97.993466, 4.323796 ], [ 97.993613, 4.323477 ], [ 97.993809, 4.323159 ], [ 97.994053, 4.322963 ], [ 97.99442, 4.322865 ], [ 97.994836, 4.322866 ], [ 97.995226, 4.322965 ], [ 97.995593, 4.322965 ], [ 97.996131, 4.323064 ], [ 97.996546, 4.322991 ], [ 97.996767, 4.322721 ], [ 97.999221, 4.321117 ], [ 97.999384, 4.320617 ], [ 97.999654, 4.320323 ], [ 98.000021, 4.320177 ], [ 98.000479, 4.320115 ], [ 98.001075, 4.319998 ], [ 98.001393, 4.319802 ], [ 98.001711, 4.319607 ], [ 98.002029, 4.319288 ], [ 98.0022, 4.318946 ], [ 98.002445, 4.318551 ], [ 98.002594, 4.317445 ], [ 98.010201, 4.319965 ], [ 98.010729, 4.319992 ], [ 98.01102, 4.320045 ], [ 98.011364, 4.320152 ], [ 98.011707, 4.320258 ], [ 98.012104, 4.320259 ], [ 98.013036, 4.320357 ], [ 98.013171, 4.32042 ], [ 98.013265, 4.320493 ], [ 98.01339, 4.320525 ], [ 98.013655, 4.320493 ], [ 98.013939, 4.32054 ], [ 98.014103, 4.3205 ], [ 98.014196, 4.320441 ], [ 98.014321, 4.320349 ], [ 98.014532, 4.320276 ], [ 98.015185, 4.320515 ], [ 98.015336, 4.320568 ], [ 98.015395, 4.320641 ], [ 98.01554, 4.320773 ], [ 98.015705, 4.320912 ], [ 98.015896, 4.321071 ], [ 98.016074, 4.321217 ], [ 98.016191, 4.3213 ], [ 98.016554, 4.320292 ], [ 98.018073, 4.316076 ], [ 98.019308, 4.312649 ], [ 98.022162, 4.305445 ], [ 98.022775, 4.30385 ], [ 98.02291, 4.303498 ], [ 98.024251, 4.300004 ], [ 98.026152, 4.294995 ], [ 98.029617, 4.285857 ], [ 98.029714, 4.285904 ], [ 98.030084, 4.286045 ], [ 98.030283, 4.286145 ], [ 98.030423, 4.286205 ], [ 98.030623, 4.286276 ], [ 98.030863, 4.286276 ], [ 98.031308, 4.286361 ], [ 98.031498, 4.286391 ], [ 98.031688, 4.286352 ], [ 98.031848, 4.286372 ], [ 98.031997, 4.286442 ], [ 98.032177, 4.286452 ], [ 98.032387, 4.286423 ], [ 98.032577, 4.286393 ], [ 98.032647, 4.286403 ], [ 98.033028, 4.286478 ], [ 98.033364, 4.286655 ], [ 98.033763, 4.28688 ], [ 98.03389, 4.287169 ], [ 98.034258, 4.287089 ], [ 98.034514, 4.287089 ], [ 98.034721, 4.287105 ], [ 98.034692, 4.287192 ], [ 98.034962, 4.287298 ], [ 98.035396, 4.287483 ], [ 98.036022, 4.287716 ], [ 98.036089, 4.287803 ], [ 98.036128, 4.287928 ], [ 98.036243, 4.287958 ], [ 98.036427, 4.287997 ], [ 98.036841, 4.288132 ], [ 98.036822, 4.288239 ], [ 98.037515, 4.28853 ], [ 98.037872, 4.288675 ], [ 98.038267, 4.288859 ], [ 98.038295, 4.289034 ], [ 98.03845, 4.289082 ], [ 98.038842, 4.289234 ], [ 98.038817, 4.288453 ], [ 98.038986, 4.28804 ], [ 98.039061, 4.287797 ], [ 98.039231, 4.286859 ], [ 98.039231, 4.286522 ], [ 98.039213, 4.286334 ], [ 98.039232, 4.285734 ], [ 98.039195, 4.285397 ], [ 98.039177, 4.285134 ], [ 98.039083, 4.284928 ], [ 98.039065, 4.28459 ], [ 98.039122, 4.283915 ], [ 98.039122, 4.283459 ], [ 98.039122, 4.283338 ], [ 98.039456, 4.283418 ], [ 98.040053, 4.283419 ], [ 98.040823, 4.283436 ], [ 98.041514, 4.283279 ], [ 98.04219, 4.283044 ], [ 98.042709, 4.282824 ], [ 98.043385, 4.282305 ], [ 98.043873, 4.281596 ], [ 98.04421, 4.280907 ], [ 98.044298, 4.280557 ], [ 98.044608, 4.279516 ], [ 98.044691, 4.279247 ], [ 98.044866, 4.278656 ], [ 98.045161, 4.27816 ], [ 98.045165, 4.278155 ], [ 98.045329, 4.277911 ], [ 98.045476, 4.277751 ], [ 98.045559, 4.27766 ], [ 98.045585, 4.277631 ], [ 98.045877, 4.27735 ], [ 98.046481, 4.276862 ], [ 98.047833, 4.276422 ], [ 98.048713, 4.276124 ], [ 98.048912, 4.276053 ], [ 98.049183, 4.27594 ], [ 98.049686, 4.275749 ], [ 98.049796, 4.275707 ], [ 98.050083, 4.275689 ], [ 98.050182, 4.275682 ], [ 98.050396, 4.275638 ], [ 98.050631, 4.275564 ], [ 98.05106, 4.275689 ], [ 98.051525, 4.275907 ], [ 98.052038, 4.276151 ], [ 98.052547, 4.276557 ], [ 98.05294, 4.277209 ], [ 98.053096, 4.277887 ], [ 98.053142, 4.278423 ], [ 98.053016, 4.279179 ], [ 98.052873, 4.279998 ], [ 98.052825, 4.28066 ], [ 98.052809, 4.281259 ], [ 98.052966, 4.281653 ], [ 98.053275, 4.281858 ], [ 98.053723, 4.281988 ], [ 98.053771, 4.281999 ], [ 98.053898, 4.282035 ], [ 98.054032, 4.282053 ], [ 98.054417, 4.282104 ], [ 98.054643, 4.282136 ], [ 98.054877, 4.282165 ], [ 98.054873, 4.282162 ], [ 98.054677, 4.281751 ], [ 98.054444, 4.28124 ], [ 98.054424, 4.281184 ], [ 98.054394, 4.281094 ], [ 98.05437, 4.281001 ], [ 98.054348, 4.280888 ], [ 98.054334, 4.280815 ], [ 98.05434, 4.280706 ], [ 98.054348, 4.280585 ], [ 98.054357, 4.280481 ], [ 98.054363, 4.280419 ], [ 98.054393, 4.280237 ], [ 98.054414, 4.280143 ], [ 98.054493, 4.279827 ], [ 98.054505, 4.279784 ], [ 98.054574, 4.27953 ], [ 98.054631, 4.279358 ], [ 98.054672, 4.279233 ], [ 98.054756, 4.27896 ], [ 98.054757, 4.278959 ], [ 98.054799, 4.278816 ], [ 98.054812, 4.278783 ], [ 98.054827, 4.278747 ], [ 98.054999, 4.278405 ], [ 98.055016, 4.27837 ], [ 98.055089, 4.278224 ], [ 98.055133, 4.278141 ], [ 98.055227, 4.277998 ], [ 98.055256, 4.277955 ], [ 98.055648, 4.277327 ], [ 98.055822, 4.277006 ], [ 98.055886, 4.276872 ], [ 98.055919, 4.276748 ], [ 98.055921, 4.276747 ], [ 98.055977, 4.276688 ], [ 98.056037, 4.276565 ], [ 98.056095, 4.276447 ], [ 98.056165, 4.276304 ], [ 98.056248, 4.276166 ], [ 98.056305, 4.276018 ], [ 98.056328, 4.275971 ], [ 98.056324, 4.275969 ], [ 98.055954, 4.27583 ], [ 98.055466, 4.275715 ], [ 98.055103, 4.275443 ], [ 98.054771, 4.275172 ], [ 98.054325, 4.274817 ], [ 98.053785, 4.274483 ], [ 98.053453, 4.274327 ], [ 98.053255, 4.274295 ], [ 98.053068, 4.274149 ], [ 98.052986, 4.273847 ], [ 98.052934, 4.273722 ], [ 98.052778, 4.27369 ], [ 98.052591, 4.27369 ], [ 98.052352, 4.273564 ], [ 98.051791, 4.273355 ], [ 98.051459, 4.273147 ], [ 98.051038, 4.272997 ], [ 98.050872, 4.27283 ], [ 98.050737, 4.272819 ], [ 98.050592, 4.272829 ], [ 98.050436, 4.272788 ], [ 98.05026, 4.27261 ], [ 98.04999, 4.272391 ], [ 98.049969, 4.272224 ], [ 98.049969, 4.272131 ], [ 98.049886, 4.272099 ], [ 98.049699, 4.272099 ], [ 98.049564, 4.272068 ], [ 98.049398, 4.272026 ], [ 98.049118, 4.271921 ], [ 98.048701, 4.271762 ], [ 98.048327, 4.271584 ], [ 98.048078, 4.271448 ], [ 98.047881, 4.271271 ], [ 98.047715, 4.271354 ], [ 98.047559, 4.271312 ], [ 98.047289, 4.271135 ], [ 98.047133, 4.271072 ], [ 98.047039, 4.27109 ], [ 98.046924, 4.271059 ], [ 98.046924, 4.270954 ], [ 98.046977, 4.270861 ], [ 98.047018, 4.270777 ], [ 98.046977, 4.270704 ], [ 98.046842, 4.270642 ], [ 98.046728, 4.270621 ], [ 98.046624, 4.270579 ], [ 98.046561, 4.270506 ], [ 98.046541, 4.270433 ], [ 98.046499, 4.27036 ], [ 98.046416, 4.270329 ], [ 98.046375, 4.270245 ], [ 98.046396, 4.270131 ], [ 98.046365, 4.270058 ], [ 98.04624, 4.269974 ], [ 98.046188, 4.269943 ], [ 98.04596, 4.269692 ], [ 98.045607, 4.269431 ], [ 98.045077, 4.269201 ], [ 98.044849, 4.269139 ], [ 98.044802, 4.269146 ], [ 98.044623, 4.268972 ], [ 98.044503, 4.268724 ], [ 98.044357, 4.268316 ], [ 98.044154, 4.268214 ], [ 98.043907, 4.268156 ], [ 98.043685, 4.268112 ], [ 98.04352, 4.267978 ], [ 98.043241, 4.267735 ], [ 98.04296, 4.267546 ], [ 98.042534, 4.267341 ], [ 98.04229, 4.267199 ], [ 98.042291, 4.267015 ], [ 98.042057, 4.266923 ], [ 98.041773, 4.266801 ], [ 98.041469, 4.266526 ], [ 98.041246, 4.266362 ], [ 98.041053, 4.266332 ], [ 98.040708, 4.266351 ], [ 98.040383, 4.266229 ], [ 98.04019, 4.266168 ], [ 98.039967, 4.266076 ], [ 98.039409, 4.265973 ], [ 98.039355, 4.265828 ], [ 98.039244, 4.265747 ], [ 98.039061, 4.265746 ], [ 98.038848, 4.265726 ], [ 98.038046, 4.26543 ], [ 98.03555, 4.264602 ], [ 98.035387, 4.264386 ], [ 98.03516, 4.264288 ], [ 98.034979, 4.264276 ], [ 98.0349, 4.264271 ], [ 98.034689, 4.264222 ], [ 98.034575, 4.264108 ], [ 98.034397, 4.263896 ], [ 98.034202, 4.263847 ], [ 98.033959, 4.263863 ], [ 98.033553, 4.263813 ], [ 98.033118, 4.263716 ], [ 98.033115, 4.263715 ], [ 98.032991, 4.263708 ], [ 98.032968, 4.263674 ], [ 98.032908, 4.263641 ], [ 98.032815, 4.263631 ], [ 98.032665, 4.263624 ], [ 98.032482, 4.26361 ], [ 98.032319, 4.263597 ], [ 98.032252, 4.26355 ], [ 98.032126, 4.263478 ], [ 98.031821, 4.263266 ], [ 98.031609, 4.263141 ], [ 98.031305, 4.263061 ], [ 98.030695, 4.262987 ], [ 98.030634, 4.262963 ], [ 98.030506, 4.26295 ], [ 98.030305, 4.262828 ], [ 98.030281, 4.262699 ], [ 98.030244, 4.26254 ], [ 98.030184, 4.262369 ], [ 98.030104, 4.262267 ], [ 98.02927, 4.261839 ], [ 98.028558, 4.261463 ], [ 98.028567, 4.261359 ], [ 98.028472, 4.261228 ], [ 98.028216, 4.261192 ], [ 98.028078, 4.261017 ], [ 98.027913, 4.26086 ], [ 98.027652, 4.260807 ], [ 98.027495, 4.260781 ], [ 98.027235, 4.260676 ], [ 98.026827, 4.260553 ], [ 98.026244, 4.260509 ], [ 98.025766, 4.260395 ], [ 98.025375, 4.260299 ], [ 98.025106, 4.260229 ], [ 98.024663, 4.260158 ], [ 98.02428, 4.260097 ], [ 98.024054, 4.260053 ], [ 98.023881, 4.260079 ], [ 98.023724, 4.26014 ], [ 98.023576, 4.260218 ], [ 98.023324, 4.260244 ], [ 98.023024, 4.260349 ], [ 98.022696, 4.260308 ], [ 98.021871, 4.260123 ], [ 98.021301, 4.26 ], [ 98.020843, 4.260224 ], [ 98.020476, 4.260489 ], [ 98.020109, 4.260693 ], [ 98.019834, 4.260897 ], [ 98.019314, 4.261274 ], [ 98.018985, 4.261515 ], [ 98.018662, 4.261753 ], [ 98.018356, 4.26211 ], [ 98.018081, 4.262212 ], [ 98.017796, 4.262191 ], [ 98.017541, 4.262354 ], [ 98.016981, 4.262832 ], [ 98.016316, 4.262856 ], [ 98.015497, 4.263154 ], [ 98.014837, 4.263633 ], [ 98.01405, 4.264325 ], [ 98.013259, 4.265236 ], [ 98.012673, 4.266046 ], [ 98.012097, 4.267197 ], [ 98.011479, 4.268433 ], [ 98.010517, 4.270296 ], [ 98.009994, 4.272001 ], [ 98.009737, 4.27327 ], [ 98.009437, 4.274665 ], [ 98.0092, 4.276479 ], [ 98.009072, 4.277546 ], [ 98.008804, 4.278611 ], [ 98.008549, 4.279208 ], [ 98.008017, 4.279517 ], [ 98.007602, 4.279559 ], [ 98.007071, 4.27927 ], [ 98.006413, 4.278694 ], [ 98.005775, 4.278245 ], [ 98.005138, 4.277807 ], [ 98.004822, 4.277617 ], [ 98.004482, 4.277585 ], [ 98.004046, 4.277712 ], [ 98.002812, 4.278329 ], [ 98.001248, 4.279542 ], [ 97.999888, 4.280582 ], [ 97.998798, 4.281757 ], [ 97.996921, 4.283587 ], [ 97.996154, 4.284797 ], [ 97.995523, 4.286177 ], [ 97.995079, 4.288325 ], [ 97.994379, 4.290371 ], [ 97.994224, 4.291631 ], [ 97.994069, 4.293029 ], [ 97.993812, 4.294598 ], [ 97.993521, 4.295893 ], [ 97.993214, 4.296507 ], [ 97.992857, 4.296626 ], [ 97.992279, 4.296608 ], [ 97.991192, 4.296248 ], [ 97.989493, 4.295445 ], [ 97.986672, 4.293889 ], [ 97.985348, 4.292319 ], [ 97.984585, 4.291329 ], [ 97.982964, 4.288838 ], [ 97.981716, 4.286709 ], [ 97.981201, 4.285208 ], [ 97.981121, 4.283899 ], [ 97.981586, 4.2823 ], [ 97.98205, 4.280473 ], [ 97.982243, 4.278401 ], [ 97.982356, 4.275483 ], [ 97.982058, 4.272987 ], [ 97.981788, 4.271268 ], [ 97.981762, 4.27015 ], [ 97.98209, 4.269414 ], [ 97.98239, 4.268787 ], [ 97.98239, 4.268297 ], [ 97.982282, 4.267805 ], [ 97.982011, 4.267451 ], [ 97.981576, 4.267395 ], [ 97.981059, 4.267395 ], [ 97.980651, 4.267558 ], [ 97.980406, 4.267939 ], [ 97.979997, 4.268675 ], [ 97.979615, 4.270011 ], [ 97.979178, 4.271347 ], [ 97.97855, 4.2732 ], [ 97.977705, 4.27459 ], [ 97.976317, 4.276061 ], [ 97.974656, 4.277395 ], [ 97.973295, 4.279029 ], [ 97.972085, 4.280114 ], [ 97.971079, 4.280549 ], [ 97.970045, 4.280902 ], [ 97.969039, 4.281119 ], [ 97.968276, 4.281745 ], [ 97.96746, 4.282535 ], [ 97.966915, 4.283325 ], [ 97.966315, 4.284197 ], [ 97.965607, 4.285068 ], [ 97.965145, 4.285532 ], [ 97.964192, 4.286076 ], [ 97.963158, 4.286701 ], [ 97.962124, 4.287464 ], [ 97.961188, 4.288397 ], [ 97.960072, 4.28965 ], [ 97.958982, 4.291012 ], [ 97.958165, 4.29202 ], [ 97.95724, 4.292946 ], [ 97.955654, 4.294208 ], [ 97.954484, 4.295107 ], [ 97.953287, 4.295623 ], [ 97.952117, 4.296113 ], [ 97.951083, 4.296493 ], [ 97.95005, 4.296682 ], [ 97.948853, 4.296626 ], [ 97.948255, 4.296434 ], [ 97.946597, 4.295971 ], [ 97.945607, 4.295312 ], [ 97.945315, 4.294312 ], [ 97.945316, 4.292963 ], [ 97.945624, 4.291981 ], [ 97.946298, 4.290939 ], [ 97.946973, 4.289529 ], [ 97.947158, 4.287996 ], [ 97.946549, 4.286584 ], [ 97.945816, 4.285724 ], [ 97.944777, 4.285109 ], [ 97.94386, 4.284555 ], [ 97.942698, 4.284063 ], [ 97.941597, 4.284246 ], [ 97.940435, 4.284612 ], [ 97.939761, 4.285286 ], [ 97.939148, 4.286328 ], [ 97.93878, 4.287003 ], [ 97.938595, 4.287984 ], [ 97.938471, 4.288843 ], [ 97.938898, 4.289702 ], [ 97.93957, 4.290562 ], [ 97.940547, 4.291422 ], [ 97.94073, 4.291852 ], [ 97.940852, 4.292282 ], [ 97.941218, 4.293325 ], [ 97.940971, 4.294552 ], [ 97.940542, 4.29541 ], [ 97.939501, 4.296145 ], [ 97.938583, 4.29688 ], [ 97.937908, 4.297861 ], [ 97.937234, 4.298903 ], [ 97.936927, 4.299945 ], [ 97.937109, 4.301111 ], [ 97.937534, 4.303259 ], [ 97.93796, 4.304855 ], [ 97.938692, 4.306083 ], [ 97.939792, 4.306821 ], [ 97.940587, 4.307251 ], [ 97.940708, 4.308294 ], [ 97.940462, 4.309153 ], [ 97.939788, 4.309704 ], [ 97.938748, 4.309887 ], [ 97.937953, 4.309824 ], [ 97.937281, 4.309148 ], [ 97.936854, 4.307982 ], [ 97.936245, 4.30608 ], [ 97.935147, 4.303931 ], [ 97.93411, 4.302211 ], [ 97.932828, 4.300614 ], [ 97.931912, 4.299202 ], [ 97.930813, 4.298035 ], [ 97.929957, 4.297543 ], [ 97.928551, 4.297173 ], [ 97.927817, 4.297172 ], [ 97.927204, 4.2976 ], [ 97.926653, 4.298336 ], [ 97.925795, 4.299623 ], [ 97.925304, 4.300665 ], [ 97.924447, 4.301094 ], [ 97.923958, 4.300786 ], [ 97.923531, 4.299988 ], [ 97.923165, 4.298945 ], [ 97.922861, 4.297963 ], [ 97.922373, 4.296489 ], [ 97.921641, 4.2952 ], [ 97.920665, 4.293788 ], [ 97.919443, 4.292866 ], [ 97.917732, 4.291207 ], [ 97.916693, 4.290469 ], [ 97.915593, 4.290222 ], [ 97.914492, 4.290221 ], [ 97.913023, 4.290341 ], [ 97.912044, 4.290769 ], [ 97.910819, 4.292056 ], [ 97.909899, 4.29365 ], [ 97.908674, 4.295243 ], [ 97.907755, 4.296162 ], [ 97.904576, 4.29855 ], [ 97.901698, 4.300877 ], [ 97.899249, 4.302898 ], [ 97.897411, 4.304736 ], [ 97.895757, 4.306206 ], [ 97.894594, 4.30694 ], [ 97.893125, 4.307367 ], [ 97.892221, 4.307221 ], [ 97.890926, 4.306603 ], [ 97.889563, 4.305643 ], [ 97.887383, 4.30393 ], [ 97.885066, 4.302353 ], [ 97.883839, 4.301804 ], [ 97.882203, 4.301597 ], [ 97.878452, 4.301181 ], [ 97.874701, 4.30097 ], [ 97.872928, 4.30042 ], [ 97.872315, 4.300009 ], [ 97.871704, 4.298298 ], [ 97.870819, 4.297134 ], [ 97.869933, 4.29638 ], [ 97.869047, 4.2959 ], [ 97.867888, 4.295762 ], [ 97.866797, 4.295623 ], [ 97.865707, 4.294869 ], [ 97.864889, 4.293979 ], [ 97.864482, 4.292884 ], [ 97.863937, 4.291925 ], [ 97.863188, 4.291514 ], [ 97.861961, 4.290828 ], [ 97.861212, 4.290348 ], [ 97.860052, 4.290483 ], [ 97.859164, 4.291097 ], [ 97.85855, 4.291507 ], [ 97.858207, 4.292806 ], [ 97.858069, 4.293764 ], [ 97.857112, 4.295541 ], [ 97.856223, 4.296839 ], [ 97.855813, 4.297591 ], [ 97.855607, 4.298548 ], [ 97.855673, 4.299711 ], [ 97.855399, 4.300463 ], [ 97.854375, 4.301419 ], [ 97.853137, 4.301653 ], [ 97.8526, 4.301642 ], [ 97.852094, 4.301731 ], [ 97.851232, 4.301939 ], [ 97.849923, 4.30191 ], [ 97.848792, 4.301642 ], [ 97.8479, 4.301434 ], [ 97.846977, 4.300779 ], [ 97.846353, 4.300244 ], [ 97.845847, 4.299411 ], [ 97.84549, 4.298221 ], [ 97.845371, 4.297239 ], [ 97.845163, 4.296555 ], [ 97.844895, 4.296019 ], [ 97.844538, 4.295722 ], [ 97.8443, 4.295632 ], [ 97.843973, 4.295692 ], [ 97.843467, 4.295841 ], [ 97.842961, 4.296197 ], [ 97.842545, 4.296406 ], [ 97.842039, 4.296346 ], [ 97.841504, 4.296197 ], [ 97.841087, 4.295989 ], [ 97.84079, 4.296078 ], [ 97.840641, 4.296257 ], [ 97.840522, 4.296644 ], [ 97.840373, 4.297328 ], [ 97.840135, 4.297863 ], [ 97.839838, 4.29825 ], [ 97.8396, 4.298667 ], [ 97.83951, 4.299024 ], [ 97.839689, 4.2995 ], [ 97.840091, 4.300154 ], [ 97.840314, 4.300392 ], [ 97.840641, 4.300437 ], [ 97.841087, 4.300615 ], [ 97.841355, 4.300749 ], [ 97.841682, 4.300913 ], [ 97.841965, 4.301106 ], [ 97.842143, 4.301433 ], [ 97.84253, 4.301761 ], [ 97.842887, 4.302177 ], [ 97.842917, 4.302564 ], [ 97.843095, 4.303084 ], [ 97.843125, 4.303352 ], [ 97.843125, 4.30356 ], [ 97.843363, 4.303917 ], [ 97.843225, 4.304628 ], [ 97.842335, 4.305202 ], [ 97.841532, 4.305805 ], [ 97.840343, 4.306409 ], [ 97.840066, 4.306778 ], [ 97.839942, 4.307054 ], [ 97.839838, 4.30745 ], [ 97.839659, 4.308967 ], [ 97.839391, 4.309681 ], [ 97.838856, 4.310633 ], [ 97.838112, 4.311377 ], [ 97.836922, 4.311734 ], [ 97.835941, 4.312002 ], [ 97.834691, 4.312001 ], [ 97.834037, 4.311734 ], [ 97.833382, 4.310931 ], [ 97.832668, 4.309175 ], [ 97.831627, 4.307747 ], [ 97.830764, 4.306944 ], [ 97.829783, 4.306617 ], [ 97.827819, 4.306468 ], [ 97.826837, 4.306587 ], [ 97.826004, 4.307003 ], [ 97.825492, 4.307423 ], [ 97.82535, 4.308223 ], [ 97.825439, 4.308878 ], [ 97.825707, 4.309502 ], [ 97.825945, 4.310335 ], [ 97.826064, 4.311079 ], [ 97.826213, 4.312031 ], [ 97.825975, 4.312924 ], [ 97.825231, 4.314024 ], [ 97.823922, 4.315058 ], [ 97.823119, 4.315474 ], [ 97.821036, 4.316159 ], [ 97.820233, 4.316635 ], [ 97.818686, 4.316962 ], [ 97.817258, 4.317319 ], [ 97.815622, 4.317646 ], [ 97.81473, 4.317944 ], [ 97.813659, 4.317884 ], [ 97.813004, 4.317408 ], [ 97.812647, 4.316992 ], [ 97.812052, 4.316873 ], [ 97.811368, 4.31717 ], [ 97.810996, 4.317683 ], [ 97.810817, 4.318189 ], [ 97.811085, 4.318873 ], [ 97.811442, 4.319825 ], [ 97.811888, 4.320837 ], [ 97.812037, 4.322413 ], [ 97.81174, 4.323187 ], [ 97.811442, 4.32402 ], [ 97.810698, 4.324764 ], [ 97.809806, 4.325121 ], [ 97.808943, 4.325121 ], [ 97.807902, 4.325091 ], [ 97.806891, 4.325299 ], [ 97.805998, 4.325597 ], [ 97.805225, 4.326102 ], [ 97.804957, 4.326311 ], [ 97.804213, 4.326906 ], [ 97.802785, 4.328244 ], [ 97.801744, 4.328839 ], [ 97.800346, 4.329524 ], [ 97.798085, 4.330773 ], [ 97.797103, 4.331517 ], [ 97.796032, 4.33229 ], [ 97.795318, 4.333242 ], [ 97.794753, 4.334105 ], [ 97.793771, 4.335027 ], [ 97.792908, 4.335712 ], [ 97.791451, 4.336545 ], [ 97.790469, 4.336812 ], [ 97.789517, 4.336961 ], [ 97.788565, 4.336872 ], [ 97.787524, 4.336842 ], [ 97.78678, 4.336961 ], [ 97.785977, 4.337259 ], [ 97.785441, 4.337913 ], [ 97.784906, 4.338627 ], [ 97.78443, 4.339371 ], [ 97.784103, 4.340145 ], [ 97.783627, 4.340859 ], [ 97.783032, 4.341602 ], [ 97.782347, 4.342197 ], [ 97.781306, 4.342495 ], [ 97.780533, 4.342584 ], [ 97.779729, 4.342584 ], [ 97.779105, 4.342465 ], [ 97.778629, 4.342405 ], [ 97.777528, 4.342227 ], [ 97.776576, 4.342227 ], [ 97.775356, 4.342227 ], [ 97.774434, 4.342316 ], [ 97.773907, 4.342625 ] ] ] ] } },
{ "type": "Feature", "properties": { "KEC": "KEC. RANTAU", "LUAS": 7093.34, "LUAS_KM": 70.93 }, "geometry": { "type": "MultiPolygon", "coordinates": [ [ [ [ 98.154561, 4.291311 ], [ 98.154552, 4.291084 ], [ 98.154493, 4.289628 ], [ 98.154454, 4.288683 ], [ 98.154417, 4.28719 ], [ 98.154441, 4.286897 ], [ 98.154495, 4.286303 ], [ 98.154591, 4.285214 ], [ 98.154808, 4.283856 ], [ 98.155098, 4.282077 ], [ 98.155266, 4.280567 ], [ 98.15535, 4.279833 ], [ 98.155389, 4.279666 ], [ 98.155669, 4.278347 ], [ 98.155904, 4.277667 ], [ 98.156191, 4.276773 ], [ 98.156437, 4.276017 ], [ 98.156569, 4.275282 ], [ 98.156664, 4.274752 ], [ 98.15665, 4.274027 ], [ 98.156614, 4.273321 ], [ 98.156454, 4.272694 ], [ 98.1564, 4.272484 ], [ 98.156301, 4.272096 ], [ 98.156069, 4.271727 ], [ 98.155829, 4.271381 ], [ 98.155761, 4.271059 ], [ 98.15564, 4.270589 ], [ 98.155529, 4.270221 ], [ 98.155061, 4.269324 ], [ 98.15472, 4.268651 ], [ 98.154442, 4.268051 ], [ 98.15418, 4.267484 ], [ 98.153851, 4.266839 ], [ 98.153443, 4.266064 ], [ 98.153124, 4.265456 ], [ 98.152847, 4.264931 ], [ 98.15237, 4.264451 ], [ 98.151786, 4.263864 ], [ 98.151488, 4.263564 ], [ 98.151289, 4.263421 ], [ 98.150085, 4.262556 ], [ 98.149534, 4.262161 ], [ 98.149113, 4.261952 ], [ 98.148448, 4.261621 ], [ 98.147777, 4.261288 ], [ 98.147043, 4.260923 ], [ 98.146627, 4.260764 ], [ 98.145654, 4.26039 ], [ 98.144845, 4.26008 ], [ 98.144637, 4.26002 ], [ 98.144159, 4.259883 ], [ 98.143415, 4.259669 ], [ 98.142342, 4.259365 ], [ 98.141526, 4.259143 ], [ 98.140644, 4.258902 ], [ 98.140064, 4.258744 ], [ 98.139671, 4.258681 ], [ 98.138925, 4.258562 ], [ 98.138288, 4.258552 ], [ 98.137049, 4.258534 ], [ 98.136447, 4.258525 ], [ 98.136293, 4.258485 ], [ 98.135226, 4.258208 ], [ 98.134623, 4.258022 ], [ 98.13352, 4.257682 ], [ 98.132911, 4.257494 ], [ 98.132526, 4.257375 ], [ 98.131548, 4.257073 ], [ 98.131086, 4.256929 ], [ 98.130273, 4.256674 ], [ 98.129573, 4.256451 ], [ 98.128963, 4.256401 ], [ 98.127759, 4.256301 ], [ 98.1275, 4.25628 ], [ 98.12699, 4.256238 ], [ 98.126374, 4.256159 ], [ 98.124616, 4.255934 ], [ 98.123674, 4.255814 ], [ 98.123275, 4.255856 ], [ 98.122728, 4.255916 ], [ 98.122337, 4.255885 ], [ 98.121545, 4.255812 ], [ 98.121229, 4.255727 ], [ 98.119975, 4.25539 ], [ 98.119651, 4.25541 ], [ 98.118514, 4.25548 ], [ 98.11835, 4.25549 ], [ 98.11774, 4.255527 ], [ 98.117278, 4.255468 ], [ 98.116484, 4.255421 ], [ 98.115755, 4.255405 ], [ 98.114843, 4.255384 ], [ 98.114549, 4.255293 ], [ 98.113703, 4.25503 ], [ 98.112743, 4.254627 ], [ 98.111948, 4.254294 ], [ 98.111195, 4.253941 ], [ 98.11106, 4.253873 ], [ 98.110198, 4.253436 ], [ 98.109537, 4.2531 ], [ 98.108743, 4.252697 ], [ 98.107941, 4.252291 ], [ 98.107593, 4.252114 ], [ 98.107321, 4.252023 ], [ 98.10683, 4.251941 ], [ 98.105823, 4.252263 ], [ 98.104929, 4.252549 ], [ 98.103693, 4.252945 ], [ 98.102361, 4.253371 ], [ 98.101546, 4.253495 ], [ 98.100086, 4.253717 ], [ 98.098586, 4.253945 ], [ 98.097379, 4.25413 ], [ 98.09633, 4.254293 ], [ 98.095553, 4.254414 ], [ 98.095411, 4.254398 ], [ 98.095059, 4.254357 ], [ 98.094818, 4.254329 ], [ 98.094331, 4.254272 ], [ 98.09392, 4.254043 ], [ 98.093415, 4.253762 ], [ 98.092888, 4.253487 ], [ 98.092208, 4.253207 ], [ 98.091799, 4.253039 ], [ 98.091221, 4.25315 ], [ 98.090718, 4.253268 ], [ 98.090264, 4.25341 ], [ 98.089699, 4.253587 ], [ 98.089111, 4.253772 ], [ 98.088598, 4.254182 ], [ 98.088412, 4.254331 ], [ 98.087832, 4.254614 ], [ 98.087229, 4.254909 ], [ 98.08698, 4.25503 ], [ 98.086177, 4.255169 ], [ 98.085844, 4.255095 ], [ 98.085171, 4.254939 ], [ 98.085084, 4.255137 ], [ 98.084925, 4.255501 ], [ 98.084717, 4.255976 ], [ 98.084444, 4.256211 ], [ 98.084032, 4.256566 ], [ 98.083504, 4.256988 ], [ 98.083085, 4.257291 ], [ 98.082502, 4.257627 ], [ 98.082086, 4.257867 ], [ 98.081597, 4.257947 ], [ 98.081118, 4.258026 ], [ 98.080679, 4.258446 ], [ 98.080382, 4.258809 ], [ 98.080054, 4.259211 ], [ 98.079688, 4.259635 ], [ 98.079576, 4.25975 ], [ 98.079491, 4.25989 ], [ 98.079013, 4.260231 ], [ 98.078296, 4.260709 ], [ 98.077818, 4.261051 ], [ 98.077443, 4.261136 ], [ 98.077102, 4.261067 ], [ 98.076795, 4.260964 ], [ 98.076436, 4.260878 ], [ 98.076246, 4.260916 ], [ 98.076073, 4.261077 ], [ 98.075812, 4.261371 ], [ 98.075412, 4.261752 ], [ 98.074768, 4.262363 ], [ 98.074381, 4.26273 ], [ 98.074141, 4.26291 ], [ 98.073914, 4.26295 ], [ 98.073614, 4.262977 ], [ 98.073234, 4.262936 ], [ 98.072887, 4.262835 ], [ 98.076232, 4.265077 ], [ 98.077199, 4.265426 ], [ 98.076304, 4.267041 ], [ 98.075179, 4.268713 ], [ 98.075276, 4.271217 ], [ 98.084329, 4.273983 ], [ 98.082798, 4.278449 ], [ 98.082224, 4.280315 ], [ 98.081744, 4.282756 ], [ 98.080359, 4.284717 ], [ 98.078402, 4.286868 ], [ 98.076063, 4.288397 ], [ 98.075822, 4.289362 ], [ 98.075911, 4.289816 ], [ 98.076086, 4.290156 ], [ 98.076355, 4.290565 ], [ 98.076647, 4.291116 ], [ 98.077098, 4.290873 ], [ 98.077686, 4.290958 ], [ 98.078485, 4.29117 ], [ 98.079283, 4.291804 ], [ 98.079534, 4.292563 ], [ 98.079743, 4.293449 ], [ 98.079658, 4.294461 ], [ 98.079446, 4.295557 ], [ 98.078911, 4.296627 ], [ 98.078899, 4.296653 ], [ 98.078891, 4.296678 ], [ 98.078473, 4.29814 ], [ 98.078177, 4.299447 ], [ 98.077754, 4.301007 ], [ 98.077164, 4.302229 ], [ 98.076286, 4.303233 ], [ 98.07628, 4.30324 ], [ 98.075654, 4.3039 ], [ 98.07548, 4.304082 ], [ 98.075318, 4.304254 ], [ 98.074765, 4.304841 ], [ 98.073901, 4.305308 ], [ 98.072703, 4.30585 ], [ 98.07161, 4.306144 ], [ 98.070816, 4.306218 ], [ 98.070527, 4.306302 ], [ 98.070271, 4.306411 ], [ 98.06983, 4.306598 ], [ 98.069626, 4.306736 ], [ 98.069249, 4.306992 ], [ 98.069171, 4.307087 ], [ 98.068924, 4.307383 ], [ 98.068891, 4.307423 ], [ 98.068675, 4.307823 ], [ 98.068562, 4.308172 ], [ 98.068499, 4.308471 ], [ 98.068461, 4.308878 ], [ 98.068408, 4.309163 ], [ 98.068411, 4.309261 ], [ 98.068494, 4.310231 ], [ 98.068759, 4.311772 ], [ 98.069262, 4.312911 ], [ 98.069724, 4.313839 ], [ 98.070479, 4.314641 ], [ 98.071446, 4.315149 ], [ 98.072917, 4.315488 ], [ 98.074136, 4.315489 ], [ 98.075103, 4.315406 ], [ 98.076113, 4.315112 ], [ 98.07708, 4.314692 ], [ 98.077922, 4.313891 ], [ 98.078764, 4.312923 ], [ 98.079479, 4.312586 ], [ 98.080194, 4.312376 ], [ 98.080867, 4.312461 ], [ 98.081665, 4.312673 ], [ 98.082338, 4.313222 ], [ 98.082925, 4.314066 ], [ 98.083302, 4.314952 ], [ 98.083638, 4.315838 ], [ 98.083888, 4.317357 ], [ 98.08397, 4.318832 ], [ 98.083969, 4.320308 ], [ 98.084009, 4.32208 ], [ 98.084179, 4.323886 ], [ 98.084237, 4.325269 ], [ 98.084415, 4.326892 ], [ 98.084895, 4.329559 ], [ 98.085426, 4.332186 ], [ 98.085851, 4.334224 ], [ 98.086063, 4.336314 ], [ 98.086015, 4.337714 ], [ 98.085952, 4.339208 ], [ 98.085635, 4.340639 ], [ 98.085254, 4.342048 ], [ 98.084804, 4.344038 ], [ 98.085036, 4.345532 ], [ 98.085408, 4.346979 ], [ 98.085942, 4.348106 ], [ 98.086849, 4.349286 ], [ 98.087703, 4.349877 ], [ 98.089073, 4.350427 ], [ 98.090275, 4.350716 ], [ 98.091451, 4.350664 ], [ 98.092573, 4.350504 ], [ 98.093696, 4.349809 ], [ 98.094499, 4.349006 ], [ 98.095302, 4.347989 ], [ 98.095998, 4.347025 ], [ 98.0968, 4.346704 ], [ 98.097495, 4.346491 ], [ 98.097922, 4.346491 ], [ 98.098082, 4.346652 ], [ 98.097974, 4.347402 ], [ 98.097599, 4.348313 ], [ 98.097277, 4.349492 ], [ 98.096581, 4.351099 ], [ 98.095831, 4.352277 ], [ 98.094707, 4.353401 ], [ 98.093957, 4.35533 ], [ 98.09361, 4.356942 ], [ 98.093586, 4.357055 ], [ 98.093603, 4.357155 ], [ 98.093749, 4.358005 ], [ 98.094138, 4.358394 ], [ 98.094252, 4.358509 ], [ 98.094452, 4.358659 ], [ 98.094655, 4.358811 ], [ 98.095279, 4.359354 ], [ 98.095412, 4.359487 ], [ 98.096144, 4.36022 ], [ 98.097311, 4.360582 ], [ 98.098318, 4.360984 ], [ 98.098857, 4.360941 ], [ 98.099305, 4.360905 ], [ 98.099324, 4.360904 ], [ 98.101055, 4.360693 ], [ 98.101102, 4.360681 ], [ 98.102299, 4.360317 ], [ 98.103368, 4.360051 ], [ 98.104383, 4.359998 ], [ 98.105291, 4.360535 ], [ 98.105985, 4.361179 ], [ 98.106465, 4.362145 ], [ 98.106798, 4.363661 ], [ 98.106803, 4.363676 ], [ 98.107094, 4.364726 ], [ 98.10773, 4.365621 ], [ 98.108664, 4.366346 ], [ 98.109597, 4.367029 ], [ 98.110701, 4.367329 ], [ 98.112103, 4.367458 ], [ 98.113335, 4.367204 ], [ 98.114439, 4.366822 ], [ 98.115205, 4.366099 ], [ 98.1158, 4.365503 ], [ 98.116735, 4.365206 ], [ 98.117839, 4.365037 ], [ 98.119071, 4.365038 ], [ 98.120005, 4.36521 ], [ 98.12069, 4.365168 ], [ 98.120691, 4.365168 ], [ 98.120715, 4.363729 ], [ 98.120664, 4.362113 ], [ 98.120665, 4.360867 ], [ 98.120678, 4.360708 ], [ 98.120664, 4.360578 ], [ 98.120665, 4.360446 ], [ 98.120757, 4.36026 ], [ 98.121114, 4.359903 ], [ 98.121339, 4.359718 ], [ 98.121512, 4.359122 ], [ 98.121631, 4.358578 ], [ 98.121362, 4.358538 ], [ 98.121051, 4.358499 ], [ 98.120934, 4.358382 ], [ 98.12074, 4.358264 ], [ 98.120624, 4.358238 ], [ 98.120585, 4.358108 ], [ 98.120599, 4.357719 ], [ 98.120599, 4.357563 ], [ 98.120444, 4.357485 ], [ 98.120392, 4.357368 ], [ 98.120457, 4.356732 ], [ 98.12038, 4.356615 ], [ 98.12038, 4.356498 ], [ 98.120354, 4.356329 ], [ 98.120808, 4.35559 ], [ 98.121262, 4.355214 ], [ 98.121521, 4.354591 ], [ 98.1216, 4.354058 ], [ 98.121562, 4.353539 ], [ 98.121407, 4.353149 ], [ 98.121094, 4.352609 ], [ 98.120939, 4.352285 ], [ 98.120835, 4.351947 ], [ 98.120823, 4.351817 ], [ 98.120732, 4.351752 ], [ 98.120408, 4.351726 ], [ 98.120137, 4.351738 ], [ 98.120046, 4.351712 ], [ 98.119929, 4.351647 ], [ 98.119865, 4.35166 ], [ 98.119761, 4.351699 ], [ 98.119645, 4.351712 ], [ 98.119502, 4.351634 ], [ 98.11936, 4.351491 ], [ 98.119166, 4.351244 ], [ 98.119037, 4.351036 ], [ 98.118908, 4.350737 ], [ 98.118869, 4.350334 ], [ 98.118805, 4.350072 ], [ 98.118729, 4.349784 ], [ 98.118685, 4.349484 ], [ 98.118641, 4.349254 ], [ 98.118635, 4.349043 ], [ 98.118737, 4.348692 ], [ 98.118884, 4.348386 ], [ 98.119018, 4.348105 ], [ 98.11912, 4.347888 ], [ 98.119201, 4.347788 ], [ 98.119201, 4.34761 ], [ 98.119217, 4.347476 ], [ 98.119245, 4.347377 ], [ 98.119272, 4.347154 ], [ 98.119272, 4.34699 ], [ 98.119238, 4.34685 ], [ 98.119202, 4.34669 ], [ 98.11918, 4.346553 ], [ 98.119209, 4.3464 ], [ 98.119282, 4.346225 ], [ 98.119384, 4.346043 ], [ 98.119543, 4.345985 ], [ 98.119659, 4.345898 ], [ 98.119666, 4.345579 ], [ 98.119645, 4.345238 ], [ 98.119616, 4.345079 ], [ 98.119537, 4.345006 ], [ 98.119486, 4.344883 ], [ 98.119436, 4.344618 ], [ 98.119487, 4.344394 ], [ 98.119524, 4.344183 ], [ 98.119509, 4.343995 ], [ 98.11943, 4.343842 ], [ 98.119358, 4.343632 ], [ 98.1193, 4.343458 ], [ 98.1193, 4.343305 ], [ 98.119337, 4.343092 ], [ 98.119388, 4.342932 ], [ 98.119431, 4.342715 ], [ 98.119432, 4.342555 ], [ 98.119439, 4.342396 ], [ 98.119417, 4.342258 ], [ 98.119374, 4.342127 ], [ 98.119374, 4.341997 ], [ 98.119454, 4.341866 ], [ 98.119627, 4.341729 ], [ 98.119659, 4.341652 ], [ 98.11969, 4.34154 ], [ 98.119721, 4.341459 ], [ 98.119776, 4.341302 ], [ 98.119856, 4.341141 ], [ 98.119971, 4.341015 ], [ 98.1202, 4.3409 ], [ 98.120326, 4.34074 ], [ 98.120384, 4.340441 ], [ 98.12043, 4.340142 ], [ 98.120384, 4.339959 ], [ 98.120511, 4.339763 ], [ 98.120671, 4.33966 ], [ 98.120741, 4.339576 ], [ 98.120692, 4.339532 ], [ 98.120663, 4.33944 ], [ 98.120655, 4.339348 ], [ 98.120685, 4.338978 ], [ 98.120695, 4.338588 ], [ 98.120676, 4.338458 ], [ 98.120588, 4.338409 ], [ 98.12055, 4.338312 ], [ 98.12055, 4.338177 ], [ 98.120595, 4.338042 ], [ 98.120614, 4.337913 ], [ 98.120627, 4.337713 ], [ 98.120608, 4.337501 ], [ 98.120538, 4.337282 ], [ 98.120429, 4.336996 ], [ 98.120391, 4.336783 ], [ 98.12041, 4.33659 ], [ 98.120436, 4.336313 ], [ 98.120404, 4.336081 ], [ 98.120263, 4.335595 ], [ 98.12018, 4.335093 ], [ 98.120085, 4.3345 ], [ 98.120059, 4.334114 ], [ 98.120079, 4.333946 ], [ 98.12014, 4.333744 ], [ 98.120664, 4.332108 ], [ 98.120769, 4.331742 ], [ 98.120652, 4.331349 ], [ 98.120496, 4.331113 ], [ 98.120392, 4.330864 ], [ 98.120314, 4.330484 ], [ 98.120184, 4.329869 ], [ 98.120028, 4.329711 ], [ 98.119858, 4.329476 ], [ 98.119663, 4.329226 ], [ 98.119532, 4.329122 ], [ 98.119297, 4.328956 ], [ 98.119232, 4.328825 ], [ 98.119219, 4.328668 ], [ 98.119219, 4.328524 ], [ 98.119115, 4.328223 ], [ 98.11905, 4.327856 ], [ 98.119064, 4.327372 ], [ 98.119156, 4.326992 ], [ 98.119274, 4.326481 ], [ 98.119417, 4.325729 ], [ 98.119535, 4.325284 ], [ 98.119666, 4.324866 ], [ 98.11981, 4.324591 ], [ 98.120425, 4.323636 ], [ 98.120673, 4.323034 ], [ 98.121053, 4.322523 ], [ 98.121161, 4.322275 ], [ 98.121201, 4.322143 ], [ 98.12128, 4.321905 ], [ 98.121333, 4.321601 ], [ 98.121386, 4.321495 ], [ 98.121465, 4.321177 ], [ 98.121545, 4.320768 ], [ 98.121678, 4.320388 ], [ 98.121811, 4.320058 ], [ 98.122128, 4.319635 ], [ 98.122603, 4.318987 ], [ 98.122999, 4.318445 ], [ 98.123211, 4.318075 ], [ 98.12333, 4.317718 ], [ 98.12333, 4.31752 ], [ 98.123232, 4.317358 ], [ 98.123175, 4.317286 ], [ 98.123114, 4.317234 ], [ 98.123047, 4.317141 ], [ 98.122985, 4.317027 ], [ 98.122866, 4.316929 ], [ 98.122815, 4.316836 ], [ 98.122784, 4.316737 ], [ 98.122779, 4.316655 ], [ 98.122797, 4.316479 ], [ 98.122724, 4.316259 ], [ 98.122588, 4.316059 ], [ 98.122368, 4.315764 ], [ 98.121992, 4.31528 ], [ 98.121772, 4.314891 ], [ 98.121667, 4.314649 ], [ 98.121668, 4.314481 ], [ 98.121741, 4.314229 ], [ 98.121836, 4.313977 ], [ 98.121909, 4.313756 ], [ 98.122008, 4.313388 ], [ 98.122135, 4.31303 ], [ 98.122103, 4.312841 ], [ 98.122135, 4.312515 ], [ 98.122126, 4.312068 ], [ 98.122189, 4.311647 ], [ 98.122147, 4.3115 ], [ 98.122043, 4.311185 ], [ 98.122137, 4.311143 ], [ 98.122232, 4.311143 ], [ 98.122336, 4.311185 ], [ 98.122389, 4.311217 ], [ 98.122535, 4.311227 ], [ 98.122693, 4.311164 ], [ 98.122839, 4.311102 ], [ 98.122881, 4.311018 ], [ 98.122944, 4.310912 ], [ 98.122997, 4.31087 ], [ 98.123102, 4.310902 ], [ 98.123248, 4.311092 ], [ 98.123342, 4.31127 ], [ 98.123415, 4.311428 ], [ 98.12353, 4.311502 ], [ 98.123688, 4.311439 ], [ 98.123824, 4.311355 ], [ 98.123929, 4.311218 ], [ 98.124086, 4.311124 ], [ 98.124223, 4.311051 ], [ 98.124417, 4.310977 ], [ 98.124623, 4.310925 ], [ 98.124837, 4.310925 ], [ 98.125035, 4.310994 ], [ 98.125301, 4.311081 ], [ 98.125429, 4.311133 ], [ 98.12561, 4.311133 ], [ 98.125884, 4.311125 ], [ 98.126039, 4.311125 ], [ 98.12621, 4.311082 ], [ 98.126391, 4.311048 ], [ 98.126562, 4.311108 ], [ 98.126657, 4.311177 ], [ 98.126717, 4.311186 ], [ 98.126777, 4.311186 ], [ 98.126871, 4.311143 ], [ 98.126974, 4.3111 ], [ 98.127026, 4.311065 ], [ 98.127103, 4.310988 ], [ 98.127241, 4.310962 ], [ 98.127481, 4.310963 ], [ 98.12755, 4.310937 ], [ 98.127575, 4.310851 ], [ 98.127541, 4.31073 ], [ 98.127481, 4.310593 ], [ 98.127499, 4.310455 ], [ 98.12761, 4.310343 ], [ 98.127679, 4.310231 ], [ 98.127705, 4.310162 ], [ 98.127731, 4.310042 ], [ 98.12774, 4.309904 ], [ 98.127791, 4.309809 ], [ 98.127843, 4.309844 ], [ 98.127997, 4.309922 ], [ 98.128229, 4.310025 ], [ 98.128592, 4.310218 ], [ 98.129115, 4.310442 ], [ 98.129432, 4.310632 ], [ 98.129604, 4.310761 ], [ 98.129947, 4.310908 ], [ 98.130273, 4.311055 ], [ 98.13035, 4.311261 ], [ 98.130307, 4.311451 ], [ 98.130169, 4.311674 ], [ 98.129989, 4.312001 ], [ 98.129774, 4.312285 ], [ 98.129688, 4.312492 ], [ 98.129687, 4.312785 ], [ 98.129722, 4.313017 ], [ 98.129833, 4.313215 ], [ 98.13005, 4.313565 ], [ 98.130457, 4.31425 ], [ 98.130569, 4.314377 ], [ 98.130745, 4.31444 ], [ 98.130998, 4.314483 ], [ 98.13118, 4.31449 ], [ 98.131475, 4.314379 ], [ 98.13164, 4.314113 ], [ 98.131786, 4.314003 ], [ 98.131932, 4.313784 ], [ 98.132253, 4.313535 ], [ 98.132647, 4.313243 ], [ 98.132924, 4.313112 ], [ 98.133129, 4.313097 ], [ 98.13361, 4.3132 ], [ 98.133916, 4.313201 ], [ 98.134208, 4.312894 ], [ 98.134646, 4.312339 ], [ 98.135308, 4.311632 ], [ 98.13579, 4.311018 ], [ 98.136359, 4.310375 ], [ 98.136753, 4.309966 ], [ 98.136987, 4.30982 ], [ 98.137308, 4.309718 ], [ 98.13757, 4.30944 ], [ 98.137775, 4.309104 ], [ 98.138043, 4.308695 ], [ 98.138604, 4.30798 ], [ 98.139087, 4.307438 ], [ 98.139493, 4.306858 ], [ 98.139686, 4.306316 ], [ 98.140093, 4.305098 ], [ 98.14046, 4.304769 ], [ 98.141213, 4.304112 ], [ 98.141812, 4.303648 ], [ 98.142217, 4.303377 ], [ 98.142237, 4.303222 ], [ 98.142585, 4.30241 ], [ 98.143011, 4.301443 ], [ 98.142934, 4.301094 ], [ 98.142471, 4.300649 ], [ 98.141931, 4.300261 ], [ 98.141779, 4.299975 ], [ 98.141732, 4.299568 ], [ 98.141816, 4.29922 ], [ 98.142139, 4.298766 ], [ 98.142557, 4.298431 ], [ 98.143142, 4.298275 ], [ 98.143668, 4.298228 ], [ 98.144134, 4.298193 ], [ 98.144827, 4.298134 ], [ 98.145125, 4.29805 ], [ 98.145878, 4.297716 ], [ 98.146787, 4.297321 ], [ 98.147611, 4.296963 ], [ 98.147886, 4.296711 ], [ 98.147982, 4.296412 ], [ 98.147987, 4.296108 ], [ 98.148035, 4.295749 ], [ 98.148251, 4.295414 ], [ 98.148538, 4.294923 ], [ 98.148789, 4.294492 ], [ 98.148993, 4.294264 ], [ 98.149184, 4.294121 ], [ 98.149664, 4.293853 ], [ 98.150034, 4.293817 ], [ 98.15044, 4.293806 ], [ 98.15081, 4.293758 ], [ 98.151169, 4.293651 ], [ 98.151551, 4.293459 ], [ 98.151982, 4.293148 ], [ 98.152448, 4.29279 ], [ 98.152842, 4.292419 ], [ 98.153034, 4.292191 ], [ 98.153115, 4.292033 ], [ 98.154561, 4.291311 ] ] ] ] } },
{ "type": "Feature", "properties": { "KEC": "KEC. BANDA MULIA", "LUAS": 6012.06, "LUAS_KM": 60.12 }, "geometry": { "type": "MultiPolygon", "coordinates": [ [ [ [ 98.100671, 4.421419 ], [ 98.101806, 4.422478 ], [ 98.105049, 4.425222 ], [ 98.106397, 4.425123 ], [ 98.105569, 4.427439 ], [ 98.105072, 4.429342 ], [ 98.104755, 4.42988 ], [ 98.10448, 4.430155 ], [ 98.104507, 4.430514 ], [ 98.104534, 4.430762 ], [ 98.104424, 4.430983 ], [ 98.104341, 4.431176 ], [ 98.104204, 4.431452 ], [ 98.104258, 4.431645 ], [ 98.104396, 4.431866 ], [ 98.104478, 4.432059 ], [ 98.104505, 4.432252 ], [ 98.10445, 4.432528 ], [ 98.104422, 4.432749 ], [ 98.104449, 4.433052 ], [ 98.104614, 4.433246 ], [ 98.104696, 4.433439 ], [ 98.104751, 4.433632 ], [ 98.104915, 4.433798 ], [ 98.105163, 4.433936 ], [ 98.1053, 4.434157 ], [ 98.105327, 4.434405 ], [ 98.105272, 4.434598 ], [ 98.105327, 4.434791 ], [ 98.105492, 4.434819 ], [ 98.105739, 4.434957 ], [ 98.105766, 4.435233 ], [ 98.105766, 4.435454 ], [ 98.10582, 4.435537 ], [ 98.106068, 4.43573 ], [ 98.106205, 4.435813 ], [ 98.10637, 4.436007 ], [ 98.106562, 4.436255 ], [ 98.106754, 4.436476 ], [ 98.106781, 4.436697 ], [ 98.106781, 4.43689 ], [ 98.106836, 4.437111 ], [ 98.106698, 4.437276 ], [ 98.106643, 4.43758 ], [ 98.106642, 4.437856 ], [ 98.106642, 4.438076 ], [ 98.106807, 4.43838 ], [ 98.106971, 4.438463 ], [ 98.107099, 4.438662 ], [ 98.10714, 4.438701 ], [ 98.107183, 4.438734 ], [ 98.107161, 4.438831 ], [ 98.106978, 4.438927 ], [ 98.106871, 4.439056 ], [ 98.106817, 4.439185 ], [ 98.106763, 4.439347 ], [ 98.106773, 4.439692 ], [ 98.106762, 4.440004 ], [ 98.106687, 4.440047 ], [ 98.106526, 4.440025 ], [ 98.106408, 4.439917 ], [ 98.106344, 4.439745 ], [ 98.106291, 4.439486 ], [ 98.10614, 4.439325 ], [ 98.106001, 4.439281 ], [ 98.105883, 4.439314 ], [ 98.105818, 4.43941 ], [ 98.105807, 4.439529 ], [ 98.105829, 4.439615 ], [ 98.105871, 4.439712 ], [ 98.105893, 4.43982 ], [ 98.105893, 4.43997 ], [ 98.105882, 4.4401 ], [ 98.105828, 4.440315 ], [ 98.105656, 4.440498 ], [ 98.105548, 4.440702 ], [ 98.105494, 4.441047 ], [ 98.105569, 4.441284 ], [ 98.105719, 4.441499 ], [ 98.105858, 4.441661 ], [ 98.10603, 4.441758 ], [ 98.106062, 4.44193 ], [ 98.106025, 4.442167 ], [ 98.106235, 4.442197 ], [ 98.106341, 4.442246 ], [ 98.106455, 4.442296 ], [ 98.106528, 4.442377 ], [ 98.106593, 4.442492 ], [ 98.106667, 4.442664 ], [ 98.106764, 4.442754 ], [ 98.106837, 4.442876 ], [ 98.106911, 4.443016 ], [ 98.107041, 4.443179 ], [ 98.107154, 4.443327 ], [ 98.107325, 4.443498 ], [ 98.107496, 4.443597 ], [ 98.107626, 4.443793 ], [ 98.107773, 4.443883 ], [ 98.107887, 4.4439 ], [ 98.107944, 4.44381 ], [ 98.107993, 4.443679 ], [ 98.108058, 4.443597 ], [ 98.10814, 4.443573 ], [ 98.108262, 4.443589 ], [ 98.108319, 4.443663 ], [ 98.108408, 4.443827 ], [ 98.108457, 4.443933 ], [ 98.108612, 4.443974 ], [ 98.108783, 4.443925 ], [ 98.108889, 4.443795 ], [ 98.109068, 4.443697 ], [ 98.109206, 4.443697 ], [ 98.1095, 4.443779 ], [ 98.109583, 4.44382 ], [ 98.109899, 4.443837 ], [ 98.110143, 4.443911 ], [ 98.110542, 4.444066 ], [ 98.110851, 4.44423 ], [ 98.111111, 4.444664 ], [ 98.111273, 4.445138 ], [ 98.111338, 4.445334 ], [ 98.11146, 4.445515 ], [ 98.111705, 4.445564 ], [ 98.11199, 4.445646 ], [ 98.112104, 4.445671 ], [ 98.112161, 4.445736 ], [ 98.112144, 4.445859 ], [ 98.11203, 4.445957 ], [ 98.111924, 4.446104 ], [ 98.11172, 4.446545 ], [ 98.111233, 4.447622 ], [ 98.111099, 4.447917 ], [ 98.110765, 4.44844 ], [ 98.113119, 4.449935 ], [ 98.112435, 4.450799 ], [ 98.111733, 4.451915 ], [ 98.116701, 4.460561 ], [ 98.116996, 4.460969 ], [ 98.117242, 4.461154 ], [ 98.11766, 4.461377 ], [ 98.117979, 4.461772 ], [ 98.118347, 4.46239 ], [ 98.119034, 4.464324 ], [ 98.119099, 4.464653 ], [ 98.119279, 4.465147 ], [ 98.119426, 4.465427 ], [ 98.119672, 4.465559 ], [ 98.11995, 4.465707 ], [ 98.120376, 4.466267 ], [ 98.120736, 4.466531 ], [ 98.121097, 4.466762 ], [ 98.12149, 4.467157 ], [ 98.121735, 4.46752 ], [ 98.122079, 4.467882 ], [ 98.12239, 4.468113 ], [ 98.122866, 4.468245 ], [ 98.123079, 4.468393 ], [ 98.123701, 4.468773 ], [ 98.123832, 4.469069 ], [ 98.123898, 4.469365 ], [ 98.123979, 4.469596 ], [ 98.124225, 4.469645 ], [ 98.124602, 4.469481 ], [ 98.124767, 4.469301 ], [ 98.124914, 4.46912 ], [ 98.125079, 4.468972 ], [ 98.125243, 4.46889 ], [ 98.125456, 4.468906 ], [ 98.126177, 4.469203 ], [ 98.126816, 4.469451 ], [ 98.127521, 4.469699 ], [ 98.128177, 4.469848 ], [ 98.128554, 4.46998 ], [ 98.128898, 4.470145 ], [ 98.129176, 4.470161 ], [ 98.129422, 4.470211 ], [ 98.129635, 4.470327 ], [ 98.129848, 4.470458 ], [ 98.130193, 4.470492 ], [ 98.130455, 4.470558 ], [ 98.130701, 4.47069 ], [ 98.130947, 4.470739 ], [ 98.135128, 4.470958 ], [ 98.135784, 4.47091 ], [ 98.136095, 4.470811 ], [ 98.136325, 4.470746 ], [ 98.136669, 4.470631 ], [ 98.13685, 4.470615 ], [ 98.137096, 4.470533 ], [ 98.137326, 4.47022 ], [ 98.137539, 4.470122 ], [ 98.137965, 4.470056 ], [ 98.138162, 4.469941 ], [ 98.138507, 4.469728 ], [ 98.138868, 4.469712 ], [ 98.139114, 4.469811 ], [ 98.139261, 4.46986 ], [ 98.139458, 4.469828 ], [ 98.139589, 4.469861 ], [ 98.139655, 4.469828 ], [ 98.139671, 4.469746 ], [ 98.139753, 4.469647 ], [ 98.139901, 4.469746 ], [ 98.139933, 4.469878 ], [ 98.139917, 4.469976 ], [ 98.139982, 4.470075 ], [ 98.140163, 4.46996 ], [ 98.140245, 4.469812 ], [ 98.140327, 4.469681 ], [ 98.140442, 4.469549 ], [ 98.140524, 4.469483 ], [ 98.140655, 4.469451 ], [ 98.140852, 4.469451 ], [ 98.140934, 4.469402 ], [ 98.141, 4.469286 ], [ 98.141049, 4.469204 ], [ 98.14136, 4.469361 ], [ 98.142761, 4.470362 ], [ 98.14313, 4.470696 ], [ 98.143314, 4.470807 ], [ 98.143277, 4.47114 ], [ 98.142982, 4.471251 ], [ 98.142871, 4.471399 ], [ 98.142834, 4.471658 ], [ 98.143055, 4.471881 ], [ 98.143276, 4.471955 ], [ 98.143423, 4.472177 ], [ 98.14346, 4.472326 ], [ 98.143312, 4.472548 ], [ 98.143386, 4.472807 ], [ 98.143496, 4.473029 ], [ 98.143754, 4.473066 ], [ 98.144308, 4.473067 ], [ 98.144603, 4.473105 ], [ 98.144898, 4.472957 ], [ 98.145083, 4.472624 ], [ 98.145342, 4.472254 ], [ 98.145637, 4.472365 ], [ 98.145895, 4.472736 ], [ 98.146079, 4.472995 ], [ 98.1463, 4.47318 ], [ 98.146558, 4.473292 ], [ 98.146853, 4.473218 ], [ 98.147111, 4.473293 ], [ 98.147111, 4.473663 ], [ 98.147147, 4.473959 ], [ 98.147258, 4.474107 ], [ 98.147627, 4.474034 ], [ 98.147996, 4.473997 ], [ 98.148587, 4.473739 ], [ 98.149066, 4.473665 ], [ 98.14962, 4.473666 ], [ 98.149841, 4.473888 ], [ 98.149877, 4.47411 ], [ 98.149877, 4.474444 ], [ 98.149729, 4.474629 ], [ 98.149434, 4.474813 ], [ 98.149139, 4.474924 ], [ 98.14888, 4.474924 ], [ 98.148548, 4.475034 ], [ 98.148437, 4.475257 ], [ 98.148585, 4.475553 ], [ 98.148806, 4.475738 ], [ 98.148843, 4.475775 ], [ 98.149506, 4.476035 ], [ 98.149949, 4.476295 ], [ 98.150612, 4.476592 ], [ 98.150797, 4.476889 ], [ 98.150722, 4.477185 ], [ 98.150538, 4.477518 ], [ 98.150168, 4.477813 ], [ 98.150241, 4.478369 ], [ 98.150425, 4.478888 ], [ 98.15072, 4.479406 ], [ 98.151125, 4.480073 ], [ 98.151567, 4.48074 ], [ 98.151714, 4.481111 ], [ 98.15164, 4.481703 ], [ 98.151086, 4.481925 ], [ 98.150459, 4.481887 ], [ 98.149794, 4.482071 ], [ 98.149204, 4.482552 ], [ 98.148834, 4.483329 ], [ 98.148648, 4.48444 ], [ 98.148758, 4.485366 ], [ 98.149126, 4.486144 ], [ 98.149531, 4.486736 ], [ 98.149862, 4.487329 ], [ 98.150378, 4.487885 ], [ 98.150857, 4.48833 ], [ 98.151188, 4.489034 ], [ 98.151372, 4.489701 ], [ 98.151371, 4.490812 ], [ 98.151481, 4.491552 ], [ 98.151628, 4.492071 ], [ 98.151775, 4.492589 ], [ 98.152254, 4.493145 ], [ 98.152807, 4.493479 ], [ 98.153507, 4.493887 ], [ 98.154669, 4.494259 ], [ 98.15572, 4.494649 ], [ 98.157214, 4.49504 ], [ 98.15832, 4.49543 ], [ 98.159371, 4.495986 ], [ 98.160753, 4.497265 ], [ 98.162025, 4.498044 ], [ 98.163408, 4.498213 ], [ 98.164073, 4.49788 ], [ 98.164406, 4.497381 ], [ 98.164462, 4.496214 ], [ 98.164186, 4.495437 ], [ 98.163911, 4.49427 ], [ 98.163746, 4.493492 ], [ 98.163968, 4.49277 ], [ 98.164578, 4.492104 ], [ 98.165242, 4.491994 ], [ 98.16585, 4.492106 ], [ 98.167122, 4.493718 ], [ 98.167618, 4.495385 ], [ 98.168059, 4.496719 ], [ 98.168999, 4.497719 ], [ 98.169717, 4.498387 ], [ 98.170326, 4.49861 ], [ 98.171045, 4.498555 ], [ 98.171987, 4.498223 ], [ 98.172873, 4.497224 ], [ 98.173982, 4.495892 ], [ 98.1752, 4.495005 ], [ 98.177415, 4.493675 ], [ 98.178065, 4.493525 ], [ 98.178066, 4.493525 ], [ 98.178067, 4.493524 ], [ 98.177683, 4.492783 ], [ 98.177934, 4.492628 ], [ 98.178098, 4.492397 ], [ 98.178305, 4.492098 ], [ 98.178464, 4.491638 ], [ 98.178483, 4.491436 ], [ 98.178474, 4.491223 ], [ 98.178368, 4.490992 ], [ 98.178348, 4.4909 ], [ 98.178353, 4.490818 ], [ 98.178411, 4.490708 ], [ 98.178474, 4.490544 ], [ 98.178532, 4.490307 ], [ 98.178537, 4.49001 ], [ 98.178623, 4.489701 ], [ 98.178768, 4.489456 ], [ 98.179096, 4.489171 ], [ 98.179327, 4.488918 ], [ 98.179597, 4.488591 ], [ 98.179954, 4.488229 ], [ 98.180224, 4.487916 ], [ 98.180407, 4.487639 ], [ 98.180412, 4.487631 ], [ 98.180417, 4.487623 ], [ 98.180442, 4.487587 ], [ 98.180614, 4.487443 ], [ 98.180729, 4.487379 ], [ 98.180822, 4.487372 ], [ 98.180943, 4.487379 ], [ 98.180993, 4.487422 ], [ 98.181129, 4.487422 ], [ 98.18128, 4.487444 ], [ 98.181544, 4.487444 ], [ 98.18173, 4.487437 ], [ 98.181844, 4.487428 ], [ 98.182023, 4.487428 ], [ 98.182194, 4.487413 ], [ 98.182307, 4.487394 ], [ 98.182389, 4.487375 ], [ 98.182635, 4.487269 ], [ 98.182934, 4.48711 ], [ 98.183262, 4.486893 ], [ 98.184019, 4.486366 ], [ 98.18432, 4.486118 ], [ 98.184322, 4.486117 ], [ 98.184346, 4.486097 ], [ 98.184511, 4.485961 ], [ 98.184892, 4.485623 ], [ 98.185335, 4.485348 ], [ 98.185837, 4.485088 ], [ 98.186309, 4.48483 ], [ 98.186425, 4.484622 ], [ 98.186511, 4.484381 ], [ 98.186555, 4.484164 ], [ 98.18656, 4.48386 ], [ 98.186555, 4.483144 ], [ 98.186564, 4.482474 ], [ 98.185659, 4.480046 ], [ 98.185289, 4.479144 ], [ 98.185289, 4.479125 ], [ 98.184877, 4.478178 ], [ 98.184635, 4.477041 ], [ 98.184637, 4.475578 ], [ 98.184638, 4.474319 ], [ 98.184641, 4.47176 ], [ 98.184642, 4.470841 ], [ 98.184642, 4.470704 ], [ 98.184846, 4.469283 ], [ 98.184483, 4.468267 ], [ 98.184039, 4.466967 ], [ 98.183271, 4.465869 ], [ 98.182706, 4.465056 ], [ 98.182343, 4.464081 ], [ 98.182182, 4.462659 ], [ 98.182427, 4.461035 ], [ 98.182873, 4.459939 ], [ 98.183846, 4.458153 ], [ 98.184779, 4.456935 ], [ 98.18563, 4.455677 ], [ 98.186319, 4.4545 ], [ 98.186766, 4.45316 ], [ 98.186889, 4.451779 ], [ 98.186849, 4.450682 ], [ 98.186729, 4.450032 ], [ 98.186163, 4.44926 ], [ 98.186001, 4.449219 ], [ 98.185354, 4.44934 ], [ 98.184908, 4.449787 ], [ 98.184919, 4.449797 ], [ 98.184462, 4.450883 ], [ 98.183489, 4.452385 ], [ 98.183412, 4.452441 ], [ 98.182274, 4.453277 ], [ 98.181504, 4.453601 ], [ 98.180695, 4.453437 ], [ 98.180008, 4.45303 ], [ 98.179563, 4.452421 ], [ 98.179483, 4.451771 ], [ 98.179565, 4.450918 ], [ 98.179889, 4.450025 ], [ 98.180022, 4.449884 ], [ 98.180578, 4.449294 ], [ 98.18096, 4.449047 ], [ 98.18101, 4.448939 ], [ 98.181109, 4.448728 ], [ 98.18156, 4.447724 ], [ 98.181744, 4.447049 ], [ 98.181836, 4.446128 ], [ 98.181601, 4.445329 ], [ 98.18119, 4.444786 ], [ 98.180098, 4.44442 ], [ 98.178763, 4.444378 ], [ 98.177608, 4.443977 ], [ 98.177589, 4.44397 ], [ 98.177105, 4.443279 ], [ 98.176094, 4.442303 ], [ 98.175123, 4.441774 ], [ 98.174193, 4.441367 ], [ 98.173667, 4.441204 ], [ 98.173101, 4.440594 ], [ 98.173021, 4.439903 ], [ 98.173022, 4.439172 ], [ 98.173427, 4.438807 ], [ 98.173953, 4.438645 ], [ 98.17452, 4.438564 ], [ 98.175127, 4.438524 ], [ 98.175532, 4.438241 ], [ 98.175694, 4.437875 ], [ 98.175573, 4.437347 ], [ 98.17521, 4.436494 ], [ 98.174563, 4.436006 ], [ 98.173957, 4.435558 ], [ 98.173471, 4.435436 ], [ 98.172904, 4.435679 ], [ 98.172864, 4.43576 ], [ 98.172904, 4.436125 ], [ 98.172984, 4.43645 ], [ 98.172984, 4.436938 ], [ 98.1727, 4.43775 ], [ 98.172295, 4.437953 ], [ 98.171404, 4.438195 ], [ 98.170838, 4.438235 ], [ 98.170514, 4.438235 ], [ 98.170271, 4.438153 ], [ 98.169948, 4.437909 ], [ 98.169948, 4.437462 ], [ 98.170111, 4.436569 ], [ 98.170112, 4.435757 ], [ 98.169951, 4.435188 ], [ 98.169587, 4.434741 ], [ 98.16898, 4.434415 ], [ 98.168454, 4.434414 ], [ 98.167847, 4.434576 ], [ 98.167766, 4.434901 ], [ 98.167725, 4.435267 ], [ 98.167644, 4.435713 ], [ 98.16744, 4.436363 ], [ 98.166995, 4.436525 ], [ 98.166631, 4.436281 ], [ 98.166024, 4.436036 ], [ 98.165539, 4.435751 ], [ 98.165094, 4.435548 ], [ 98.164609, 4.435385 ], [ 98.164205, 4.434978 ], [ 98.163719, 4.434896 ], [ 98.16295, 4.434895 ], [ 98.16237, 4.434895 ], [ 98.162298, 4.434756 ], [ 98.162167, 4.434636 ], [ 98.162083, 4.434455 ], [ 98.162059, 4.434263 ], [ 98.161904, 4.433889 ], [ 98.161688, 4.433781 ], [ 98.161448, 4.433793 ], [ 98.16104, 4.433816 ], [ 98.160753, 4.433816 ], [ 98.160369, 4.433876 ], [ 98.160153, 4.433803 ], [ 98.160081, 4.433647 ], [ 98.15995, 4.43349 ], [ 98.159722, 4.433393 ], [ 98.159458, 4.433345 ], [ 98.159278, 4.433188 ], [ 98.159159, 4.433056 ], [ 98.159003, 4.433056 ], [ 98.158763, 4.433116 ], [ 98.158607, 4.433248 ], [ 98.158331, 4.433368 ], [ 98.158091, 4.43356 ], [ 98.157899, 4.433644 ], [ 98.157683, 4.433596 ], [ 98.157564, 4.433319 ], [ 98.157504, 4.433066 ], [ 98.157468, 4.432789 ], [ 98.157313, 4.432705 ], [ 98.157133, 4.432704 ], [ 98.157013, 4.432728 ], [ 98.156713, 4.432668 ], [ 98.156581, 4.432475 ], [ 98.156186, 4.432535 ], [ 98.15573, 4.432607 ], [ 98.155106, 4.432678 ], [ 98.154807, 4.432702 ], [ 98.154591, 4.432605 ], [ 98.154483, 4.432352 ], [ 98.15446, 4.432003 ], [ 98.154508, 4.431666 ], [ 98.154496, 4.431378 ], [ 98.154485, 4.431185 ], [ 98.154341, 4.431028 ], [ 98.154329, 4.430884 ], [ 98.154425, 4.430679 ], [ 98.154521, 4.430463 ], [ 98.154666, 4.430186 ], [ 98.154774, 4.429934 ], [ 98.154726, 4.429693 ], [ 98.154582, 4.429464 ], [ 98.154343, 4.429139 ], [ 98.154259, 4.428946 ], [ 98.154368, 4.42867 ], [ 98.154356, 4.428441 ], [ 98.154248, 4.428272 ], [ 98.154116, 4.428032 ], [ 98.153894, 4.427371 ], [ 98.153935, 4.426843 ], [ 98.153612, 4.425908 ], [ 98.153236, 4.425608 ], [ 98.15303, 4.425385 ], [ 98.152888, 4.425194 ], [ 98.152873, 4.42451 ], [ 98.152873, 4.424112 ], [ 98.152683, 4.423969 ], [ 98.150953, 4.424555 ], [ 98.149588, 4.425031 ], [ 98.148413, 4.425618 ], [ 98.148099, 4.425317 ], [ 98.147249, 4.424911 ], [ 98.146331, 4.424573 ], [ 98.145794, 4.424281 ], [ 98.145279, 4.423876 ], [ 98.145078, 4.423629 ], [ 98.14458, 4.422252 ], [ 98.144133, 4.421375 ], [ 98.143917, 4.421089 ], [ 98.144497, 4.421003 ], [ 98.144618, 4.420991 ], [ 98.147016, 4.420593 ], [ 98.147235, 4.420447 ], [ 98.147598, 4.420059 ], [ 98.148752, 4.418789 ], [ 98.150073, 4.417321 ], [ 98.151168, 4.416068 ], [ 98.150646, 4.415543 ], [ 98.149574, 4.414586 ], [ 98.149908, 4.413901 ], [ 98.150015, 4.413799 ], [ 98.14993, 4.413767 ], [ 98.149503, 4.413916 ], [ 98.149293, 4.414065 ], [ 98.149164, 4.414228 ], [ 98.148943, 4.414041 ], [ 98.148428, 4.413609 ], [ 98.147448, 4.414404 ], [ 98.147051, 4.414734 ], [ 98.146915, 4.414937 ], [ 98.146839, 4.415089 ], [ 98.146788, 4.41519 ], [ 98.14569, 4.41568 ], [ 98.145141, 4.415722 ], [ 98.144179, 4.415695 ], [ 98.138632, 4.415638 ], [ 98.135177, 4.415607 ], [ 98.133418, 4.415321 ], [ 98.132024, 4.415152 ], [ 98.131063, 4.415038 ], [ 98.131224, 4.414475 ], [ 98.131882, 4.41208 ], [ 98.132254, 4.410709 ], [ 98.133459, 4.406534 ], [ 98.133394, 4.406499 ], [ 98.133339, 4.40642 ], [ 98.13328, 4.406306 ], [ 98.133132, 4.406073 ], [ 98.13292, 4.405721 ], [ 98.132491, 4.405101 ], [ 98.132385, 4.404987 ], [ 98.132181, 4.405085 ], [ 98.132089, 4.405142 ], [ 98.13192, 4.405205 ], [ 98.131737, 4.405282 ], [ 98.131532, 4.405353 ], [ 98.131394, 4.405226 ], [ 98.130932, 4.404859 ], [ 98.130831, 4.404828 ], [ 98.130646, 4.404819 ], [ 98.13039, 4.404845 ], [ 98.130122, 4.404841 ], [ 98.129941, 4.404681 ], [ 98.129821, 4.404589 ], [ 98.129699, 4.404498 ], [ 98.129629, 4.404459 ], [ 98.129582, 4.404404 ], [ 98.129488, 4.404392 ], [ 98.128803, 4.404053 ], [ 98.12849, 4.4039 ], [ 98.128387, 4.403757 ], [ 98.128219, 4.403647 ], [ 98.128005, 4.403452 ], [ 98.127825, 4.403329 ], [ 98.128021, 4.402959 ], [ 98.12811, 4.402717 ], [ 98.128338, 4.402297 ], [ 98.128487, 4.402066 ], [ 98.128612, 4.401967 ], [ 98.128672, 4.401815 ], [ 98.128778, 4.401616 ], [ 98.128857, 4.401418 ], [ 98.128976, 4.401239 ], [ 98.12897, 4.401034 ], [ 98.128999, 4.400815 ], [ 98.129116, 4.400595 ], [ 98.129177, 4.400412 ], [ 98.129243, 4.400093 ], [ 98.129265, 4.399758 ], [ 98.129226, 4.398393 ], [ 98.129225, 4.397256 ], [ 98.129339, 4.387397 ], [ 98.117451, 4.386433 ], [ 98.10869, 4.385851 ], [ 98.108591, 4.387329 ], [ 98.108471, 4.389363 ], [ 98.107678, 4.389431 ], [ 98.10728, 4.389405 ], [ 98.106236, 4.389324 ], [ 98.102414, 4.389109 ], [ 98.099509, 4.388938 ], [ 98.096989, 4.388826 ], [ 98.097069, 4.390574 ], [ 98.097622, 4.39343 ], [ 98.099229, 4.397205 ], [ 98.099898, 4.398836 ], [ 98.100066, 4.399108 ], [ 98.100233, 4.399315 ], [ 98.100504, 4.399302 ], [ 98.102202, 4.399227 ], [ 98.102511, 4.399512 ], [ 98.103142, 4.400185 ], [ 98.103439, 4.400406 ], [ 98.10349, 4.400755 ], [ 98.105722, 4.400693 ], [ 98.107193, 4.400675 ], [ 98.107117, 4.40206 ], [ 98.106995, 4.403999 ], [ 98.106849, 4.405948 ], [ 98.106824, 4.406475 ], [ 98.106716, 4.407073 ], [ 98.106416, 4.408127 ], [ 98.106343, 4.408976 ], [ 98.106235, 4.410066 ], [ 98.106114, 4.411115 ], [ 98.10603, 4.411486 ], [ 98.106077, 4.411714 ], [ 98.106185, 4.411906 ], [ 98.10628, 4.412145 ], [ 98.106315, 4.412361 ], [ 98.106351, 4.41254 ], [ 98.106841, 4.413759 ], [ 98.107031, 4.41431 ], [ 98.107315, 4.415016 ], [ 98.107387, 4.415552 ], [ 98.107507, 4.416623 ], [ 98.107652, 4.417183 ], [ 98.107943, 4.417694 ], [ 98.10804, 4.418157 ], [ 98.107845, 4.418571 ], [ 98.101653, 4.420899 ], [ 98.100671, 4.421419 ] ] ] ] } },
{ "type": "Feature", "properties": { "KEC": "KEC. BANDAR PUSAKA", "LUAS": 21273.26, "LUAS_KM": 212.73 }, "geometry": { "type": "MultiPolygon", "coordinates": [ [ [ [ 97.773907, 4.342625 ], [ 97.774434, 4.342316 ], [ 97.775356, 4.342227 ], [ 97.776576, 4.342227 ], [ 97.777528, 4.342227 ], [ 97.778629, 4.342405 ], [ 97.779105, 4.342465 ], [ 97.779729, 4.342584 ], [ 97.780533, 4.342584 ], [ 97.781306, 4.342495 ], [ 97.782347, 4.342197 ], [ 97.783032, 4.341602 ], [ 97.783627, 4.340859 ], [ 97.784103, 4.340145 ], [ 97.78443, 4.339371 ], [ 97.784906, 4.338627 ], [ 97.785441, 4.337913 ], [ 97.785977, 4.337259 ], [ 97.78678, 4.336961 ], [ 97.787524, 4.336842 ], [ 97.788565, 4.336872 ], [ 97.789517, 4.336961 ], [ 97.790469, 4.336812 ], [ 97.791451, 4.336545 ], [ 97.792908, 4.335712 ], [ 97.793771, 4.335027 ], [ 97.794753, 4.334105 ], [ 97.795318, 4.333242 ], [ 97.796032, 4.33229 ], [ 97.797103, 4.331517 ], [ 97.798085, 4.330773 ], [ 97.800346, 4.329524 ], [ 97.801744, 4.328839 ], [ 97.802785, 4.328244 ], [ 97.804213, 4.326906 ], [ 97.804957, 4.326311 ], [ 97.805225, 4.326102 ], [ 97.805998, 4.325597 ], [ 97.806891, 4.325299 ], [ 97.807902, 4.325091 ], [ 97.808943, 4.325121 ], [ 97.809806, 4.325121 ], [ 97.810698, 4.324764 ], [ 97.811442, 4.32402 ], [ 97.81174, 4.323187 ], [ 97.812037, 4.322413 ], [ 97.811888, 4.320837 ], [ 97.811442, 4.319825 ], [ 97.811085, 4.318873 ], [ 97.810817, 4.318189 ], [ 97.810996, 4.317683 ], [ 97.811368, 4.31717 ], [ 97.812052, 4.316873 ], [ 97.812647, 4.316992 ], [ 97.813004, 4.317408 ], [ 97.813659, 4.317884 ], [ 97.81473, 4.317944 ], [ 97.815622, 4.317646 ], [ 97.817258, 4.317319 ], [ 97.818686, 4.316962 ], [ 97.820233, 4.316635 ], [ 97.821036, 4.316159 ], [ 97.823119, 4.315474 ], [ 97.823922, 4.315058 ], [ 97.825231, 4.314024 ], [ 97.825975, 4.312924 ], [ 97.826213, 4.312031 ], [ 97.826064, 4.311079 ], [ 97.825945, 4.310335 ], [ 97.825707, 4.309502 ], [ 97.825439, 4.308878 ], [ 97.82535, 4.308223 ], [ 97.825492, 4.307423 ], [ 97.826004, 4.307003 ], [ 97.826837, 4.306587 ], [ 97.827819, 4.306468 ], [ 97.829783, 4.306617 ], [ 97.830764, 4.306944 ], [ 97.831627, 4.307747 ], [ 97.832668, 4.309175 ], [ 97.833382, 4.310931 ], [ 97.834037, 4.311734 ], [ 97.834691, 4.312001 ], [ 97.835941, 4.312002 ], [ 97.836922, 4.311734 ], [ 97.838112, 4.311377 ], [ 97.838856, 4.310633 ], [ 97.839391, 4.309681 ], [ 97.839659, 4.308967 ], [ 97.839838, 4.30745 ], [ 97.839942, 4.307054 ], [ 97.840066, 4.306778 ], [ 97.840343, 4.306409 ], [ 97.841532, 4.305805 ], [ 97.842335, 4.305202 ], [ 97.843225, 4.304628 ], [ 97.843363, 4.303917 ], [ 97.843125, 4.30356 ], [ 97.843125, 4.303352 ], [ 97.843095, 4.303084 ], [ 97.842917, 4.302564 ], [ 97.842887, 4.302177 ], [ 97.84253, 4.301761 ], [ 97.842143, 4.301433 ], [ 97.841965, 4.301106 ], [ 97.841682, 4.300913 ], [ 97.841355, 4.300749 ], [ 97.841087, 4.300615 ], [ 97.840641, 4.300437 ], [ 97.840314, 4.300392 ], [ 97.840091, 4.300154 ], [ 97.839689, 4.2995 ], [ 97.83951, 4.299024 ], [ 97.8396, 4.298667 ], [ 97.839838, 4.29825 ], [ 97.840135, 4.297863 ], [ 97.840373, 4.297328 ], [ 97.840522, 4.296644 ], [ 97.840641, 4.296257 ], [ 97.84079, 4.296078 ], [ 97.841087, 4.295989 ], [ 97.841504, 4.296197 ], [ 97.842039, 4.296346 ], [ 97.842545, 4.296406 ], [ 97.842961, 4.296197 ], [ 97.843467, 4.295841 ], [ 97.843973, 4.295692 ], [ 97.8443, 4.295632 ], [ 97.844538, 4.295722 ], [ 97.844895, 4.296019 ], [ 97.845163, 4.296555 ], [ 97.845371, 4.297239 ], [ 97.84549, 4.298221 ], [ 97.845847, 4.299411 ], [ 97.846353, 4.300244 ], [ 97.846977, 4.300779 ], [ 97.8479, 4.301434 ], [ 97.848792, 4.301642 ], [ 97.849923, 4.30191 ], [ 97.851232, 4.301939 ], [ 97.852094, 4.301731 ], [ 97.8526, 4.301642 ], [ 97.853137, 4.301653 ], [ 97.854375, 4.301419 ], [ 97.855399, 4.300463 ], [ 97.855673, 4.299711 ], [ 97.855607, 4.298548 ], [ 97.855813, 4.297591 ], [ 97.856223, 4.296839 ], [ 97.857112, 4.295541 ], [ 97.858069, 4.293764 ], [ 97.858207, 4.292806 ], [ 97.85855, 4.291507 ], [ 97.859164, 4.291097 ], [ 97.860052, 4.290483 ], [ 97.861212, 4.290348 ], [ 97.861961, 4.290828 ], [ 97.863188, 4.291514 ], [ 97.863937, 4.291925 ], [ 97.864482, 4.292884 ], [ 97.864889, 4.293979 ], [ 97.865707, 4.294869 ], [ 97.866797, 4.295623 ], [ 97.867888, 4.295762 ], [ 97.869047, 4.2959 ], [ 97.869933, 4.29638 ], [ 97.870819, 4.297134 ], [ 97.871704, 4.298298 ], [ 97.872315, 4.300009 ], [ 97.872928, 4.30042 ], [ 97.874701, 4.30097 ], [ 97.878452, 4.301181 ], [ 97.882203, 4.301597 ], [ 97.883839, 4.301804 ], [ 97.885066, 4.302353 ], [ 97.887383, 4.30393 ], [ 97.889563, 4.305643 ], [ 97.890926, 4.306603 ], [ 97.892221, 4.307221 ], [ 97.893125, 4.307367 ], [ 97.894594, 4.30694 ], [ 97.895757, 4.306206 ], [ 97.897411, 4.304736 ], [ 97.899249, 4.302898 ], [ 97.901698, 4.300877 ], [ 97.904576, 4.29855 ], [ 97.907755, 4.296162 ], [ 97.908674, 4.295243 ], [ 97.909899, 4.29365 ], [ 97.910819, 4.292056 ], [ 97.912044, 4.290769 ], [ 97.913023, 4.290341 ], [ 97.914492, 4.290221 ], [ 97.915593, 4.290222 ], [ 97.916693, 4.290469 ], [ 97.917732, 4.291207 ], [ 97.919443, 4.292866 ], [ 97.920665, 4.293788 ], [ 97.921641, 4.2952 ], [ 97.922373, 4.296489 ], [ 97.922861, 4.297963 ], [ 97.923165, 4.298945 ], [ 97.923531, 4.299988 ], [ 97.923958, 4.300786 ], [ 97.924447, 4.301094 ], [ 97.925304, 4.300665 ], [ 97.925795, 4.299623 ], [ 97.926653, 4.298336 ], [ 97.927204, 4.2976 ], [ 97.927817, 4.297172 ], [ 97.928551, 4.297173 ], [ 97.929957, 4.297543 ], [ 97.930813, 4.298035 ], [ 97.931912, 4.299202 ], [ 97.932828, 4.300614 ], [ 97.93411, 4.302211 ], [ 97.935147, 4.303931 ], [ 97.936245, 4.30608 ], [ 97.936854, 4.307982 ], [ 97.937281, 4.309148 ], [ 97.937953, 4.309824 ], [ 97.938748, 4.309887 ], [ 97.939788, 4.309704 ], [ 97.940462, 4.309153 ], [ 97.940708, 4.308294 ], [ 97.940587, 4.307251 ], [ 97.939792, 4.306821 ], [ 97.938692, 4.306083 ], [ 97.93796, 4.304855 ], [ 97.937534, 4.303259 ], [ 97.937109, 4.301111 ], [ 97.936927, 4.299945 ], [ 97.937234, 4.298903 ], [ 97.937908, 4.297861 ], [ 97.938583, 4.29688 ], [ 97.939501, 4.296145 ], [ 97.940542, 4.29541 ], [ 97.940971, 4.294552 ], [ 97.941218, 4.293325 ], [ 97.940852, 4.292282 ], [ 97.94073, 4.291852 ], [ 97.940547, 4.291422 ], [ 97.93957, 4.290562 ], [ 97.938898, 4.289702 ], [ 97.938471, 4.288843 ], [ 97.938595, 4.287984 ], [ 97.93878, 4.287003 ], [ 97.939148, 4.286328 ], [ 97.939761, 4.285286 ], [ 97.940435, 4.284612 ], [ 97.941597, 4.284246 ], [ 97.942698, 4.284063 ], [ 97.94386, 4.284555 ], [ 97.944777, 4.285109 ], [ 97.945816, 4.285724 ], [ 97.946549, 4.286584 ], [ 97.947158, 4.287996 ], [ 97.946973, 4.289529 ], [ 97.946298, 4.290939 ], [ 97.945624, 4.291981 ], [ 97.945316, 4.292963 ], [ 97.945315, 4.294312 ], [ 97.945607, 4.295312 ], [ 97.946597, 4.295971 ], [ 97.948255, 4.296434 ], [ 97.948853, 4.296626 ], [ 97.95005, 4.296682 ], [ 97.951083, 4.296493 ], [ 97.952117, 4.296113 ], [ 97.953287, 4.295623 ], [ 97.954484, 4.295107 ], [ 97.955654, 4.294208 ], [ 97.95724, 4.292946 ], [ 97.958165, 4.29202 ], [ 97.958982, 4.291012 ], [ 97.960072, 4.28965 ], [ 97.961188, 4.288397 ], [ 97.962124, 4.287464 ], [ 97.963158, 4.286701 ], [ 97.964192, 4.286076 ], [ 97.965145, 4.285532 ], [ 97.965607, 4.285068 ], [ 97.966315, 4.284197 ], [ 97.966915, 4.283325 ], [ 97.96746, 4.282535 ], [ 97.968276, 4.281745 ], [ 97.969039, 4.281119 ], [ 97.970045, 4.280902 ], [ 97.971079, 4.280549 ], [ 97.972085, 4.280114 ], [ 97.973295, 4.279029 ], [ 97.974656, 4.277395 ], [ 97.976317, 4.276061 ], [ 97.977705, 4.27459 ], [ 97.97855, 4.2732 ], [ 97.979178, 4.271347 ], [ 97.979615, 4.270011 ], [ 97.979997, 4.268675 ], [ 97.980406, 4.267939 ], [ 97.980651, 4.267558 ], [ 97.981059, 4.267395 ], [ 97.981576, 4.267395 ], [ 97.982011, 4.267451 ], [ 97.982282, 4.267805 ], [ 97.98239, 4.268297 ], [ 97.98239, 4.268787 ], [ 97.98209, 4.269414 ], [ 97.981762, 4.27015 ], [ 97.981788, 4.271268 ], [ 97.982058, 4.272987 ], [ 97.982356, 4.275483 ], [ 97.982243, 4.278401 ], [ 97.98205, 4.280473 ], [ 97.981586, 4.2823 ], [ 97.981121, 4.283899 ], [ 97.981201, 4.285208 ], [ 97.981716, 4.286709 ], [ 97.982964, 4.288838 ], [ 97.984585, 4.291329 ], [ 97.985348, 4.292319 ], [ 97.986672, 4.293889 ], [ 97.989493, 4.295445 ], [ 97.991192, 4.296248 ], [ 97.992279, 4.296608 ], [ 97.992857, 4.296626 ], [ 97.993214, 4.296507 ], [ 97.993521, 4.295893 ], [ 97.993812, 4.294598 ], [ 97.994069, 4.293029 ], [ 97.994224, 4.291631 ], [ 97.994379, 4.290371 ], [ 97.995079, 4.288325 ], [ 97.995523, 4.286177 ], [ 97.996154, 4.284797 ], [ 97.996921, 4.283587 ], [ 97.998798, 4.281757 ], [ 97.999888, 4.280582 ], [ 98.001248, 4.279542 ], [ 98.002812, 4.278329 ], [ 98.004046, 4.277712 ], [ 98.004482, 4.277585 ], [ 98.004822, 4.277617 ], [ 98.005138, 4.277807 ], [ 98.005775, 4.278245 ], [ 98.006413, 4.278694 ], [ 98.007071, 4.27927 ], [ 98.007602, 4.279559 ], [ 98.008017, 4.279517 ], [ 98.008549, 4.279208 ], [ 98.008804, 4.278611 ], [ 98.009072, 4.277546 ], [ 98.0092, 4.276479 ], [ 98.009437, 4.274665 ], [ 98.009737, 4.27327 ], [ 98.009994, 4.272001 ], [ 98.010517, 4.270296 ], [ 98.011479, 4.268433 ], [ 98.012097, 4.267197 ], [ 98.012673, 4.266046 ], [ 98.013259, 4.265236 ], [ 98.01405, 4.264325 ], [ 98.014837, 4.263633 ], [ 98.015497, 4.263154 ], [ 98.016316, 4.262856 ], [ 98.016981, 4.262832 ], [ 98.017541, 4.262354 ], [ 98.017796, 4.262191 ], [ 98.018081, 4.262212 ], [ 98.018356, 4.26211 ], [ 98.018662, 4.261753 ], [ 98.018985, 4.261515 ], [ 98.015724, 4.260915 ], [ 98.012519, 4.260129 ], [ 98.001352, 4.256799 ], [ 97.999235, 4.256073 ], [ 97.996514, 4.255167 ], [ 97.994397, 4.25414 ], [ 97.992643, 4.253112 ], [ 97.991736, 4.25281 ], [ 97.987442, 4.252448 ], [ 97.984902, 4.252146 ], [ 97.98345, 4.251964 ], [ 97.982845, 4.25142 ], [ 97.982343, 4.251769 ], [ 97.981742, 4.252211 ], [ 97.981442, 4.252317 ], [ 97.980771, 4.252298 ], [ 97.979694, 4.252137 ], [ 97.978741, 4.252101 ], [ 97.978494, 4.25226 ], [ 97.97814, 4.252773 ], [ 97.97715, 4.25417 ], [ 97.976073, 4.256398 ], [ 97.975845, 4.255928 ], [ 97.975576, 4.255458 ], [ 97.975205, 4.254461 ], [ 97.974888, 4.254158 ], [ 97.974562, 4.254008 ], [ 97.974348, 4.253933 ], [ 97.974134, 4.253923 ], [ 97.973947, 4.253979 ], [ 97.973695, 4.254072 ], [ 97.973303, 4.254156 ], [ 97.973005, 4.254127 ], [ 97.972334, 4.253921 ], [ 97.971291, 4.253555 ], [ 97.970666, 4.253254 ], [ 97.970089, 4.252786 ], [ 97.969749, 4.252466 ], [ 97.969376, 4.252213 ], [ 97.968762, 4.251735 ], [ 97.968156, 4.251323 ], [ 97.967465, 4.250641 ], [ 97.966897, 4.249958 ], [ 97.966609, 4.249462 ], [ 97.966385, 4.249059 ], [ 97.965878, 4.248268 ], [ 97.965669, 4.248073 ], [ 97.964989, 4.248083 ], [ 97.964615, 4.248038 ], [ 97.964205, 4.248037 ], [ 97.963718, 4.247962 ], [ 97.963279, 4.247961 ], [ 97.962851, 4.247848 ], [ 97.962366, 4.247642 ], [ 97.962059, 4.247454 ], [ 97.961867, 4.247352 ], [ 97.961591, 4.247232 ], [ 97.961331, 4.247103 ], [ 97.961127, 4.246989 ], [ 97.960881, 4.24687 ], [ 97.960573, 4.246789 ], [ 97.960304, 4.246676 ], [ 97.96016, 4.246504 ], [ 97.959987, 4.246256 ], [ 97.959844, 4.24602 ], [ 97.959706, 4.24591 ], [ 97.959477, 4.245835 ], [ 97.958971, 4.245719 ], [ 97.958696, 4.24569 ], [ 97.958564, 4.245643 ], [ 97.958196, 4.245452 ], [ 97.957829, 4.244938 ], [ 97.957678, 4.244728 ], [ 97.957346, 4.244518 ], [ 97.957015, 4.244322 ], [ 97.954798, 4.242849 ], [ 97.954041, 4.242286 ], [ 97.950721, 4.239048 ], [ 97.949581, 4.237897 ], [ 97.948867, 4.237105 ], [ 97.948278, 4.236745 ], [ 97.948148, 4.236953 ], [ 97.948026, 4.237147 ], [ 97.947911, 4.237319 ], [ 97.947782, 4.237448 ], [ 97.94751, 4.237627 ], [ 97.94713, 4.23792 ], [ 97.94688, 4.238236 ], [ 97.946614, 4.238656 ], [ 97.946427, 4.238899 ], [ 97.946069, 4.239207 ], [ 97.945769, 4.239372 ], [ 97.945411, 4.239623 ], [ 97.94521, 4.239761 ], [ 97.945095, 4.239909 ], [ 97.944969, 4.240124 ], [ 97.944852, 4.240415 ], [ 97.944777, 4.240656 ], [ 97.944702, 4.240866 ], [ 97.944563, 4.241079 ], [ 97.944399, 4.241301 ], [ 97.944124, 4.241613 ], [ 97.943865, 4.241968 ], [ 97.943692, 4.242206 ], [ 97.943552, 4.242236 ], [ 97.943193, 4.242301 ], [ 97.942787, 4.242412 ], [ 97.942577, 4.242506 ], [ 97.942383, 4.242613 ], [ 97.942109, 4.242722 ], [ 97.9419, 4.242793 ], [ 97.941681, 4.242867 ], [ 97.941465, 4.24295 ], [ 97.941253, 4.24305 ], [ 97.940978, 4.243151 ], [ 97.940775, 4.243241 ], [ 97.940555, 4.243319 ], [ 97.940326, 4.243438 ], [ 97.940088, 4.243622 ], [ 97.939968, 4.243767 ], [ 97.93988, 4.243846 ], [ 97.939787, 4.243865 ], [ 97.939626, 4.243872 ], [ 97.93946, 4.243894 ], [ 97.939357, 4.243921 ], [ 97.939258, 4.243925 ], [ 97.939165, 4.243907 ], [ 97.938973, 4.243864 ], [ 97.938876, 4.243883 ], [ 97.938764, 4.243876 ], [ 97.938637, 4.243851 ], [ 97.938535, 4.243842 ], [ 97.938311, 4.243807 ], [ 97.929443, 4.239528 ], [ 97.927556, 4.238763 ], [ 97.928138, 4.240926 ], [ 97.927563, 4.242258 ], [ 97.926864, 4.243517 ], [ 97.926351, 4.244356 ], [ 97.925069, 4.245335 ], [ 97.923946, 4.246743 ], [ 97.922896, 4.248491 ], [ 97.922291, 4.248864 ], [ 97.921593, 4.248863 ], [ 97.920825, 4.248722 ], [ 97.920034, 4.248558 ], [ 97.919312, 4.24879 ], [ 97.917613, 4.249394 ], [ 97.916371, 4.249967 ], [ 97.915876, 4.250448 ], [ 97.915599, 4.250856 ], [ 97.914915, 4.251001 ], [ 97.914249, 4.251258 ], [ 97.913669, 4.251411 ], [ 97.913072, 4.251644 ], [ 97.912628, 4.251814 ], [ 97.912275, 4.251973 ], [ 97.912184, 4.252059 ], [ 97.91218, 4.252306 ], [ 97.91218, 4.252498 ], [ 97.912141, 4.252821 ], [ 97.912056, 4.252934 ], [ 97.911814, 4.253189 ], [ 97.911523, 4.253431 ], [ 97.911134, 4.253692 ], [ 97.910848, 4.25392 ], [ 97.910623, 4.25406 ], [ 97.910362, 4.254171 ], [ 97.909983, 4.254373 ], [ 97.909774, 4.25454 ], [ 97.909676, 4.254563 ], [ 97.909535, 4.254563 ], [ 97.909376, 4.254574 ], [ 97.909292, 4.254578 ], [ 97.909222, 4.254588 ], [ 97.909165, 4.254608 ], [ 97.909109, 4.254634 ], [ 97.909038, 4.254661 ], [ 97.908992, 4.254691 ], [ 97.908938, 4.254724 ], [ 97.908858, 4.254764 ], [ 97.908821, 4.254825 ], [ 97.908791, 4.254905 ], [ 97.908754, 4.254945 ], [ 97.908694, 4.254972 ], [ 97.908634, 4.254982 ], [ 97.908537, 4.254992 ], [ 97.908464, 4.255008 ], [ 97.908394, 4.255048 ], [ 97.908357, 4.255095 ], [ 97.908334, 4.255132 ], [ 97.908297, 4.255189 ], [ 97.908277, 4.255249 ], [ 97.908257, 4.255306 ], [ 97.908237, 4.255356 ], [ 97.9082, 4.255393 ], [ 97.908117, 4.25543 ], [ 97.908067, 4.255449 ], [ 97.908002, 4.25547 ], [ 97.907967, 4.255495 ], [ 97.907929, 4.255514 ], [ 97.907881, 4.255539 ], [ 97.90781, 4.255568 ], [ 97.907752, 4.255608 ], [ 97.9077, 4.255643 ], [ 97.907641, 4.255695 ], [ 97.907572, 4.255771 ], [ 97.907532, 4.255801 ], [ 97.907503, 4.255826 ], [ 97.907484, 4.255861 ], [ 97.907459, 4.255914 ], [ 97.90744, 4.255974 ], [ 97.907438, 4.256024 ], [ 97.907427, 4.256087 ], [ 97.907423, 4.256146 ], [ 97.907419, 4.256213 ], [ 97.90741, 4.256244 ], [ 97.907398, 4.256265 ], [ 97.907369, 4.256286 ], [ 97.907329, 4.256296 ], [ 97.907293, 4.256286 ], [ 97.907243, 4.256269 ], [ 97.907208, 4.256246 ], [ 97.907168, 4.256229 ], [ 97.90712, 4.256218 ], [ 97.907066, 4.25622 ], [ 97.907014, 4.256239 ], [ 97.90697, 4.256256 ], [ 97.90696, 4.256285 ], [ 97.906964, 4.256306 ], [ 97.906972, 4.256333 ], [ 97.906978, 4.25635 ], [ 97.906974, 4.256369 ], [ 97.906948, 4.256378 ], [ 97.906886, 4.256375 ], [ 97.906816, 4.256376 ], [ 97.906736, 4.256365 ], [ 97.906661, 4.256339 ], [ 97.906573, 4.256313 ], [ 97.906469, 4.256277 ], [ 97.906423, 4.256282 ], [ 97.906361, 4.256295 ], [ 97.906299, 4.256297 ], [ 97.906195, 4.256251 ], [ 97.906131, 4.256225 ], [ 97.906095, 4.256252 ], [ 97.906066, 4.256331 ], [ 97.906007, 4.256364 ], [ 97.90596, 4.256385 ], [ 97.905862, 4.256395 ], [ 97.905716, 4.256387 ], [ 97.905641, 4.25638 ], [ 97.905585, 4.256365 ], [ 97.905488, 4.256334 ], [ 97.90539, 4.256334 ], [ 97.905356, 4.256421 ], [ 97.905334, 4.256492 ], [ 97.905296, 4.256559 ], [ 97.905251, 4.256642 ], [ 97.905244, 4.256724 ], [ 97.905259, 4.256818 ], [ 97.905262, 4.256894 ], [ 97.905243, 4.256965 ], [ 97.905198, 4.257055 ], [ 97.905161, 4.2571 ], [ 97.905056, 4.257175 ], [ 97.904962, 4.257212 ], [ 97.904872, 4.25722 ], [ 97.904805, 4.257212 ], [ 97.90471, 4.25715 ], [ 97.904661, 4.257113 ], [ 97.904624, 4.25706 ], [ 97.904583, 4.257041 ], [ 97.904534, 4.257041 ], [ 97.904481, 4.257064 ], [ 97.904463, 4.257105 ], [ 97.904459, 4.257157 ], [ 97.904477, 4.257218 ], [ 97.904496, 4.25727 ], [ 97.904504, 4.257334 ], [ 97.904481, 4.257439 ], [ 97.904458, 4.257507 ], [ 97.904421, 4.25757 ], [ 97.904368, 4.257604 ], [ 97.904301, 4.257608 ], [ 97.904249, 4.257578 ], [ 97.90423, 4.257533 ], [ 97.904226, 4.257488 ], [ 97.904219, 4.257397 ], [ 97.904204, 4.257334 ], [ 97.904178, 4.2573 ], [ 97.904125, 4.257273 ], [ 97.904066, 4.257258 ], [ 97.903991, 4.257258 ], [ 97.90389, 4.257277 ], [ 97.903803, 4.257318 ], [ 97.903713, 4.257363 ], [ 97.903646, 4.257445 ], [ 97.90359, 4.257543 ], [ 97.90356, 4.257637 ], [ 97.903541, 4.257738 ], [ 97.903522, 4.257825 ], [ 97.903514, 4.257892 ], [ 97.903499, 4.257975 ], [ 97.903476, 4.258044 ], [ 97.903393, 4.258106 ], [ 97.90333, 4.258217 ], [ 97.90324, 4.258314 ], [ 97.903116, 4.258396 ], [ 97.903005, 4.258514 ], [ 97.902922, 4.258653 ], [ 97.902818, 4.258871 ], [ 97.902811, 4.258975 ], [ 97.902742, 4.259107 ], [ 97.902652, 4.259273 ], [ 97.902555, 4.259391 ], [ 97.902492, 4.259494 ], [ 97.902458, 4.259577 ], [ 97.902409, 4.259723 ], [ 97.902388, 4.259889 ], [ 97.902388, 4.260062 ], [ 97.902374, 4.26018 ], [ 97.902319, 4.260284 ], [ 97.902277, 4.260457 ], [ 97.902242, 4.260582 ], [ 97.902138, 4.260665 ], [ 97.902069, 4.260699 ], [ 97.901798, 4.260819 ], [ 97.901653, 4.260909 ], [ 97.901528, 4.261013 ], [ 97.90139, 4.261117 ], [ 97.901314, 4.261262 ], [ 97.901293, 4.261387 ], [ 97.901327, 4.261518 ], [ 97.901341, 4.261671 ], [ 97.901355, 4.261761 ], [ 97.901375, 4.261872 ], [ 97.901354, 4.261948 ], [ 97.901263, 4.262118 ], [ 97.900977, 4.262192 ], [ 97.900856, 4.262239 ], [ 97.900728, 4.262369 ], [ 97.900436, 4.262744 ], [ 97.900283, 4.262828 ], [ 97.899981, 4.262691 ], [ 97.899727, 4.262616 ], [ 97.899295, 4.262451 ], [ 97.898815, 4.262471 ], [ 97.898307, 4.262506 ], [ 97.898094, 4.262506 ], [ 97.897826, 4.262485 ], [ 97.897374, 4.262465 ], [ 97.897058, 4.262465 ], [ 97.896818, 4.262513 ], [ 97.896694, 4.262533 ], [ 97.895418, 4.262766 ], [ 97.895281, 4.262739 ], [ 97.895088, 4.262657 ], [ 97.894924, 4.262601 ], [ 97.894607, 4.262434 ], [ 97.89405, 4.262266 ], [ 97.893081, 4.261133 ], [ 97.893027, 4.260835 ], [ 97.893364, 4.260054 ], [ 97.893343, 4.259497 ], [ 97.892934, 4.258623 ], [ 97.8926, 4.258177 ], [ 97.89102, 4.256652 ], [ 97.889923, 4.256504 ], [ 97.887785, 4.255834 ], [ 97.887004, 4.255816 ], [ 97.88641, 4.25563 ], [ 97.885666, 4.254775 ], [ 97.885461, 4.253604 ], [ 97.885313, 4.253362 ], [ 97.885052, 4.252414 ], [ 97.884662, 4.252321 ], [ 97.884309, 4.251689 ], [ 97.883937, 4.251484 ], [ 97.883435, 4.251429 ], [ 97.883101, 4.251615 ], [ 97.882524, 4.251447 ], [ 97.88126, 4.249737 ], [ 97.880888, 4.249681 ], [ 97.880498, 4.250109 ], [ 97.880424, 4.250574 ], [ 97.880182, 4.250908 ], [ 97.879476, 4.250964 ], [ 97.878862, 4.250797 ], [ 97.878658, 4.250536 ], [ 97.878509, 4.249514 ], [ 97.878174, 4.249031 ], [ 97.875423, 4.24799 ], [ 97.87481, 4.24799 ], [ 97.874122, 4.248194 ], [ 97.873397, 4.248176 ], [ 97.872765, 4.248045 ], [ 97.872374, 4.248101 ], [ 97.871482, 4.24786 ], [ 97.870906, 4.248027 ], [ 97.870157, 4.248664 ], [ 97.868997, 4.249304 ], [ 97.868496, 4.249966 ], [ 97.868127, 4.250453 ], [ 97.867532, 4.250787 ], [ 97.866877, 4.250775 ], [ 97.865557, 4.250097 ], [ 97.865402, 4.250132 ], [ 97.864891, 4.250489 ], [ 97.864447, 4.250997 ], [ 97.86379, 4.251415 ], [ 97.863074, 4.251534 ], [ 97.862317, 4.251335 ], [ 97.860904, 4.250798 ], [ 97.860108, 4.250937 ], [ 97.859531, 4.250559 ], [ 97.859192, 4.250499 ], [ 97.858396, 4.250679 ], [ 97.857998, 4.250698 ], [ 97.856625, 4.2504 ], [ 97.855251, 4.249086 ], [ 97.85476, 4.248827 ], [ 97.854435, 4.248608 ], [ 97.853679, 4.247175 ], [ 97.85342, 4.246897 ], [ 97.852982, 4.246797 ], [ 97.852086, 4.247016 ], [ 97.850753, 4.246379 ], [ 97.850155, 4.245861 ], [ 97.849399, 4.245742 ], [ 97.84918, 4.246419 ], [ 97.8492, 4.246817 ], [ 97.849499, 4.247175 ], [ 97.849956, 4.247633 ], [ 97.850076, 4.248031 ], [ 97.850116, 4.24833 ], [ 97.849917, 4.248708 ], [ 97.850016, 4.250659 ], [ 97.849817, 4.251375 ], [ 97.849857, 4.251773 ], [ 97.849598, 4.252788 ], [ 97.849399, 4.252988 ], [ 97.849232, 4.253282 ], [ 97.848914, 4.253273 ], [ 97.848478, 4.253236 ], [ 97.847969, 4.253144 ], [ 97.847578, 4.253088 ], [ 97.847351, 4.253033 ], [ 97.846997, 4.252923 ], [ 97.846733, 4.252814 ], [ 97.846439, 4.252778 ], [ 97.846176, 4.252869 ], [ 97.845957, 4.253033 ], [ 97.845739, 4.25326 ], [ 97.845539, 4.253533 ], [ 97.845366, 4.253651 ], [ 97.845175, 4.253697 ], [ 97.844821, 4.253614 ], [ 97.844503, 4.253541 ], [ 97.844394, 4.253568 ], [ 97.844048, 4.253795 ], [ 97.843675, 4.254013 ], [ 97.843375, 4.25415 ], [ 97.843211, 4.254186 ], [ 97.842911, 4.254158 ], [ 97.842802, 4.254213 ], [ 97.842584, 4.254385 ], [ 97.84232, 4.254658 ], [ 97.842283, 4.254759 ], [ 97.842283, 4.254914 ], [ 97.842247, 4.255059 ], [ 97.842192, 4.255187 ], [ 97.842165, 4.25533 ], [ 97.841937, 4.255295 ], [ 97.841858, 4.255247 ], [ 97.841795, 4.255167 ], [ 97.841711, 4.255125 ], [ 97.841621, 4.255109 ], [ 97.841521, 4.255093 ], [ 97.841457, 4.255061 ], [ 97.841431, 4.255045 ], [ 97.841352, 4.255029 ], [ 97.841257, 4.255003 ], [ 97.841194, 4.254971 ], [ 97.841141, 4.254934 ], [ 97.841067, 4.254896 ], [ 97.84103, 4.254854 ], [ 97.840988, 4.254796 ], [ 97.840952, 4.254701 ], [ 97.840936, 4.254637 ], [ 97.840904, 4.254558 ], [ 97.840867, 4.25451 ], [ 97.840815, 4.254473 ], [ 97.840767, 4.254446 ], [ 97.84072, 4.254409 ], [ 97.840673, 4.25434 ], [ 97.840657, 4.254287 ], [ 97.840652, 4.254203 ], [ 97.840641, 4.254123 ], [ 97.840599, 4.254044 ], [ 97.840625, 4.254011 ], [ 97.840662, 4.254 ], [ 97.84072, 4.253931 ], [ 97.840736, 4.253852 ], [ 97.840726, 4.253762 ], [ 97.840657, 4.253667 ], [ 97.840599, 4.253566 ], [ 97.840578, 4.253487 ], [ 97.840589, 4.253381 ], [ 97.840689, 4.253328 ], [ 97.840758, 4.253307 ], [ 97.840832, 4.253249 ], [ 97.8409, 4.253159 ], [ 97.840943, 4.253043 ], [ 97.840975, 4.252937 ], [ 97.840975, 4.252868 ], [ 97.840949, 4.252815 ], [ 97.840879, 4.252813 ], [ 97.840831, 4.252856 ], [ 97.840763, 4.252914 ], [ 97.840678, 4.252961 ], [ 97.840625, 4.25303 ], [ 97.840541, 4.253083 ], [ 97.840456, 4.25313 ], [ 97.840367, 4.253135 ], [ 97.840325, 4.253093 ], [ 97.840304, 4.253019 ], [ 97.840309, 4.252961 ], [ 97.840367, 4.252902 ], [ 97.840446, 4.252866 ], [ 97.840531, 4.252813 ], [ 97.840652, 4.252728 ], [ 97.840694, 4.252633 ], [ 97.8407, 4.252522 ], [ 97.840689, 4.252459 ], [ 97.840637, 4.252416 ], [ 97.840573, 4.252421 ], [ 97.8405, 4.252453 ], [ 97.840436, 4.252527 ], [ 97.840399, 4.252612 ], [ 97.84033, 4.252659 ], [ 97.840246, 4.252654 ], [ 97.840135, 4.252616 ], [ 97.839998, 4.252585 ], [ 97.839861, 4.252516 ], [ 97.839761, 4.252463 ], [ 97.839682, 4.25242 ], [ 97.839645, 4.252367 ], [ 97.839624, 4.252319 ], [ 97.839624, 4.252256 ], [ 97.839651, 4.252203 ], [ 97.839756, 4.252182 ], [ 97.83982, 4.252187 ], [ 97.839893, 4.252209 ], [ 97.839946, 4.25223 ], [ 97.839999, 4.252198 ], [ 97.840052, 4.252124 ], [ 97.840068, 4.252061 ], [ 97.840115, 4.251958 ], [ 97.840142, 4.251873 ], [ 97.840147, 4.251773 ], [ 97.840137, 4.251715 ], [ 97.840184, 4.251662 ], [ 97.840258, 4.251651 ], [ 97.840358, 4.25162 ], [ 97.840523, 4.251555 ], [ 97.840649, 4.251556 ], [ 97.840792, 4.251593 ], [ 97.840881, 4.251656 ], [ 97.840944, 4.251709 ], [ 97.841039, 4.251741 ], [ 97.841113, 4.251768 ], [ 97.841192, 4.251752 ], [ 97.84125, 4.251694 ], [ 97.841314, 4.251572 ], [ 97.841346, 4.251488 ], [ 97.841409, 4.251371 ], [ 97.841451, 4.251276 ], [ 97.841478, 4.251213 ], [ 97.841483, 4.251112 ], [ 97.841468, 4.251044 ], [ 97.84142, 4.250975 ], [ 97.841336, 4.250985 ], [ 97.841257, 4.251011 ], [ 97.841198, 4.251085 ], [ 97.841172, 4.25117 ], [ 97.84113, 4.251255 ], [ 97.841019, 4.251318 ], [ 97.840913, 4.25135 ], [ 97.840797, 4.251376 ], [ 97.84066, 4.251381 ], [ 97.84056, 4.251386 ], [ 97.840475, 4.251386 ], [ 97.840375, 4.251386 ], [ 97.84027, 4.251359 ], [ 97.840191, 4.251327 ], [ 97.840112, 4.25128 ], [ 97.840027, 4.251248 ], [ 97.83998, 4.251221 ], [ 97.839927, 4.251136 ], [ 97.839885, 4.251078 ], [ 97.839832, 4.251004 ], [ 97.839801, 4.250925 ], [ 97.839759, 4.250845 ], [ 97.839733, 4.250776 ], [ 97.839712, 4.250702 ], [ 97.839691, 4.250649 ], [ 97.83968, 4.250618 ], [ 97.839675, 4.250565 ], [ 97.839539, 4.250343 ], [ 97.839479, 4.250241 ], [ 97.839438, 4.250152 ], [ 97.839415, 4.250092 ], [ 97.839401, 4.250041 ], [ 97.83935, 4.24998 ], [ 97.839345, 4.249947 ], [ 97.839368, 4.249887 ], [ 97.839415, 4.24985 ], [ 97.839471, 4.249822 ], [ 97.839471, 4.24978 ], [ 97.839457, 4.249738 ], [ 97.839373, 4.249724 ], [ 97.839318, 4.249719 ], [ 97.839262, 4.249687 ], [ 97.839197, 4.249659 ], [ 97.839155, 4.249617 ], [ 97.839142, 4.24957 ], [ 97.839142, 4.249533 ], [ 97.839179, 4.249468 ], [ 97.839193, 4.249417 ], [ 97.839179, 4.249352 ], [ 97.839182, 4.249249 ], [ 97.839156, 4.249161 ], [ 97.839126, 4.249063 ], [ 97.839121, 4.249002 ], [ 97.839121, 4.248878 ], [ 97.839101, 4.248806 ], [ 97.839101, 4.248709 ], [ 97.839111, 4.248632 ], [ 97.839127, 4.248534 ], [ 97.839137, 4.248447 ], [ 97.839142, 4.248369 ], [ 97.839168, 4.248219 ], [ 97.839199, 4.248116 ], [ 97.839215, 4.248023 ], [ 97.839215, 4.247946 ], [ 97.839215, 4.247864 ], [ 97.839205, 4.247766 ], [ 97.839154, 4.247684 ], [ 97.839077, 4.247612 ], [ 97.838964, 4.247571 ], [ 97.838887, 4.24756 ], [ 97.8388, 4.24754 ], [ 97.838718, 4.247503 ], [ 97.838641, 4.247467 ], [ 97.83857, 4.247447 ], [ 97.838442, 4.247354 ], [ 97.838396, 4.247302 ], [ 97.838344, 4.24723 ], [ 97.838294, 4.247143 ], [ 97.838315, 4.246993 ], [ 97.838296, 4.246896 ], [ 97.838277, 4.246761 ], [ 97.838232, 4.24667 ], [ 97.838206, 4.246587 ], [ 97.838168, 4.24647 ], [ 97.838026, 4.246354 ], [ 97.837911, 4.246276 ], [ 97.837801, 4.246237 ], [ 97.837711, 4.246166 ], [ 97.837602, 4.246056 ], [ 97.837519, 4.245914 ], [ 97.837474, 4.24583 ], [ 97.837429, 4.24572 ], [ 97.837377, 4.245611 ], [ 97.837267, 4.245376 ], [ 97.837197, 4.245214 ], [ 97.837139, 4.245046 ], [ 97.837055, 4.244898 ], [ 97.836803, 4.244636 ], [ 97.83676, 4.244538 ], [ 97.836784, 4.244463 ], [ 97.836721, 4.244351 ], [ 97.836671, 4.243561 ], [ 97.83663, 4.243317 ], [ 97.836562, 4.243131 ], [ 97.83653, 4.243041 ], [ 97.83653, 4.242944 ], [ 97.836554, 4.242861 ], [ 97.836625, 4.242771 ], [ 97.836689, 4.242692 ], [ 97.836865, 4.242641 ], [ 97.83693, 4.242564 ], [ 97.836943, 4.242486 ], [ 97.836914, 4.242409 ], [ 97.836872, 4.242344 ], [ 97.836782, 4.242254 ], [ 97.836628, 4.242157 ], [ 97.836441, 4.242073 ], [ 97.836054, 4.241978 ], [ 97.835964, 4.241946 ], [ 97.835874, 4.241933 ], [ 97.835746, 4.241855 ], [ 97.835688, 4.241784 ], [ 97.835662, 4.241706 ], [ 97.835688, 4.241564 ], [ 97.835745, 4.241462 ], [ 97.835734, 4.241384 ], [ 97.835656, 4.241261 ], [ 97.835618, 4.241145 ], [ 97.835612, 4.241087 ], [ 97.835567, 4.240938 ], [ 97.835489, 4.240793 ], [ 97.835425, 4.240696 ], [ 97.835361, 4.240642 ], [ 97.835281, 4.240555 ], [ 97.835122, 4.240523 ], [ 97.835025, 4.240503 ], [ 97.83496, 4.24049 ], [ 97.834889, 4.240475 ], [ 97.834801, 4.240553 ], [ 97.834711, 4.240579 ], [ 97.834569, 4.240591 ], [ 97.834447, 4.24063 ], [ 97.834383, 4.24063 ], [ 97.834312, 4.240591 ], [ 97.834235, 4.240507 ], [ 97.83417, 4.240423 ], [ 97.834074, 4.240281 ], [ 97.83402, 4.240142 ], [ 97.833959, 4.240042 ], [ 97.833869, 4.239887 ], [ 97.83383, 4.239555 ], [ 97.833811, 4.239355 ], [ 97.833812, 4.239065 ], [ 97.833817, 4.238877 ], [ 97.833794, 4.238728 ], [ 97.833787, 4.238509 ], [ 97.833786, 4.238391 ], [ 97.833774, 4.23832 ], [ 97.833767, 4.238223 ], [ 97.833767, 4.23812 ], [ 97.833768, 4.237984 ], [ 97.833787, 4.237868 ], [ 97.833826, 4.237758 ], [ 97.833865, 4.237642 ], [ 97.834, 4.237407 ], [ 97.834058, 4.237323 ], [ 97.83409, 4.237149 ], [ 97.834084, 4.237013 ], [ 97.834046, 4.236871 ], [ 97.834001, 4.236736 ], [ 97.833956, 4.236652 ], [ 97.833924, 4.236529 ], [ 97.833931, 4.236355 ], [ 97.833969, 4.2362 ], [ 97.83404, 4.236077 ], [ 97.834055, 4.235663 ], [ 97.83404, 4.23553 ], [ 97.834008, 4.235411 ], [ 97.833962, 4.235183 ], [ 97.833962, 4.234899 ], [ 97.833963, 4.2346 ], [ 97.833965, 4.234235 ], [ 97.831283, 4.234794 ], [ 97.830034, 4.235006 ], [ 97.821444, 4.235695 ], [ 97.819214, 4.235829 ], [ 97.819025, 4.235858 ], [ 97.818892, 4.235826 ], [ 97.818789, 4.235823 ], [ 97.818708, 4.235802 ], [ 97.818651, 4.235817 ], [ 97.818539, 4.235903 ], [ 97.818435, 4.235934 ], [ 97.818332, 4.235937 ], [ 97.818194, 4.235948 ], [ 97.818029, 4.236032 ], [ 97.817935, 4.236064 ], [ 97.817837, 4.236066 ], [ 97.817693, 4.236066 ], [ 97.817482, 4.23605 ], [ 97.817148, 4.235957 ], [ 97.816372, 4.235764 ], [ 97.816181, 4.235644 ], [ 97.816164, 4.235341 ], [ 97.816222, 4.235055 ], [ 97.816228, 4.234873 ], [ 97.816188, 4.234657 ], [ 97.816089, 4.234452 ], [ 97.815973, 4.234289 ], [ 97.815775, 4.234189 ], [ 97.815617, 4.234206 ], [ 97.815472, 4.234253 ], [ 97.815309, 4.234311 ], [ 97.815128, 4.234381 ], [ 97.81497, 4.234445 ], [ 97.81472, 4.23452 ], [ 97.814525, 4.234596 ], [ 97.814368, 4.234654 ], [ 97.814239, 4.234713 ], [ 97.814105, 4.234812 ], [ 97.813971, 4.234876 ], [ 97.813837, 4.234981 ], [ 97.813749, 4.235098 ], [ 97.813603, 4.235214 ], [ 97.813498, 4.23529 ], [ 97.813347, 4.235296 ], [ 97.813207, 4.235225 ], [ 97.813085, 4.235132 ], [ 97.812957, 4.23498 ], [ 97.812847, 4.234822 ], [ 97.812713, 4.234605 ], [ 97.812585, 4.234418 ], [ 97.812428, 4.234196 ], [ 97.812152, 4.233925 ], [ 97.812001, 4.233867 ], [ 97.811832, 4.23389 ], [ 97.811704, 4.233983 ], [ 97.811575, 4.234094 ], [ 97.811441, 4.234281 ], [ 97.811342, 4.234427 ], [ 97.811248, 4.234619 ], [ 97.811149, 4.234771 ], [ 97.811044, 4.234917 ], [ 97.810939, 4.234987 ], [ 97.810846, 4.234987 ], [ 97.810717, 4.234917 ], [ 97.810636, 4.2348 ], [ 97.810572, 4.234653 ], [ 97.810497, 4.234531 ], [ 97.810287, 4.23432 ], [ 97.8101, 4.234189 ], [ 97.809955, 4.234031 ], [ 97.809792, 4.233862 ], [ 97.809635, 4.233727 ], [ 97.809425, 4.233563 ], [ 97.809146, 4.233469 ], [ 97.808924, 4.233405 ], [ 97.808773, 4.233299 ], [ 97.808668, 4.233165 ], [ 97.808492, 4.23289 ], [ 97.80832, 4.232579 ], [ 97.8082, 4.23232 ], [ 97.807994, 4.232199 ], [ 97.807822, 4.232113 ], [ 97.80753, 4.232078 ], [ 97.807169, 4.232181 ], [ 97.806894, 4.232284 ], [ 97.806704, 4.232456 ], [ 97.806532, 4.232456 ], [ 97.806378, 4.232387 ], [ 97.806241, 4.232165 ], [ 97.806123, 4.232046 ], [ 97.805962, 4.23196 ], [ 97.805768, 4.231938 ], [ 97.805585, 4.231948 ], [ 97.805456, 4.231981 ], [ 97.805327, 4.232034 ], [ 97.805155, 4.23198 ], [ 97.804962, 4.231915 ], [ 97.804908, 4.23184 ], [ 97.804726, 4.23171 ], [ 97.804468, 4.231602 ], [ 97.804242, 4.231494 ], [ 97.804038, 4.231418 ], [ 97.803931, 4.231245 ], [ 97.803888, 4.231008 ], [ 97.803889, 4.230835 ], [ 97.80391, 4.23076 ], [ 97.803975, 4.230566 ], [ 97.804029, 4.230415 ], [ 97.804062, 4.23021 ], [ 97.804051, 4.229962 ], [ 97.803976, 4.229768 ], [ 97.803901, 4.229585 ], [ 97.803826, 4.229434 ], [ 97.80359, 4.229229 ], [ 97.803351, 4.228891 ], [ 97.803276, 4.228719 ], [ 97.80318, 4.228471 ], [ 97.803116, 4.228298 ], [ 97.803116, 4.228179 ], [ 97.803052, 4.228007 ], [ 97.802848, 4.227748 ], [ 97.802579, 4.227661 ], [ 97.802375, 4.227639 ], [ 97.802074, 4.227628 ], [ 97.801891, 4.22766 ], [ 97.80173, 4.227703 ], [ 97.801579, 4.227703 ], [ 97.801278, 4.227692 ], [ 97.801107, 4.227659 ], [ 97.800838, 4.227659 ], [ 97.80072, 4.227691 ], [ 97.800655, 4.227809 ], [ 97.800644, 4.227982 ], [ 97.800601, 4.228186 ], [ 97.800482, 4.22838 ], [ 97.800353, 4.228488 ], [ 97.80017, 4.228552 ], [ 97.800009, 4.228628 ], [ 97.799901, 4.228789 ], [ 97.799825, 4.228972 ], [ 97.799814, 4.229209 ], [ 97.799803, 4.229393 ], [ 97.799857, 4.229587 ], [ 97.799964, 4.229749 ], [ 97.800071, 4.229878 ], [ 97.800157, 4.230029 ], [ 97.800157, 4.230137 ], [ 97.800135, 4.230256 ], [ 97.800081, 4.230342 ], [ 97.799963, 4.230396 ], [ 97.799834, 4.230417 ], [ 97.799673, 4.23032 ], [ 97.799437, 4.230017 ], [ 97.799297, 4.229748 ], [ 97.799158, 4.229467 ], [ 97.798954, 4.229133 ], [ 97.798821, 4.228764 ], [ 97.798725, 4.228484 ], [ 97.798629, 4.228279 ], [ 97.798467, 4.228181 ], [ 97.79821, 4.228116 ], [ 97.797887, 4.228105 ], [ 97.797511, 4.228148 ], [ 97.797199, 4.228201 ], [ 97.796834, 4.228211 ], [ 97.796457, 4.228286 ], [ 97.796188, 4.228394 ], [ 97.796038, 4.228458 ], [ 97.795909, 4.22849 ], [ 97.795898, 4.228458 ], [ 97.795877, 4.228372 ], [ 97.795898, 4.228296 ], [ 97.79592, 4.22821 ], [ 97.795995, 4.228102 ], [ 97.796092, 4.227984 ], [ 97.796211, 4.227876 ], [ 97.796286, 4.227747 ], [ 97.796308, 4.227564 ], [ 97.796308, 4.227359 ], [ 97.796298, 4.226895 ], [ 97.796298, 4.226658 ], [ 97.796277, 4.226453 ], [ 97.796191, 4.226324 ], [ 97.796084, 4.226237 ], [ 97.795944, 4.226237 ], [ 97.795762, 4.226291 ], [ 97.795525, 4.226387 ], [ 97.795288, 4.22657 ], [ 97.795084, 4.226764 ], [ 97.794847, 4.22699 ], [ 97.794653, 4.22713 ], [ 97.794416, 4.227226 ], [ 97.79433, 4.227399 ], [ 97.794351, 4.227593 ], [ 97.794437, 4.227755 ], [ 97.794534, 4.227852 ], [ 97.794662, 4.227992 ], [ 97.794748, 4.2281 ], [ 97.794909, 4.228208 ], [ 97.795017, 4.228306 ], [ 97.795092, 4.2285 ], [ 97.795134, 4.228651 ], [ 97.795134, 4.22878 ], [ 97.795123, 4.228909 ], [ 97.795016, 4.229006 ], [ 97.794611, 4.229053 ], [ 97.794436, 4.229019 ], [ 97.794214, 4.228978 ], [ 97.794046, 4.228944 ], [ 97.793872, 4.22893 ], [ 97.793677, 4.228971 ], [ 97.793509, 4.229044 ], [ 97.793287, 4.229105 ], [ 97.793139, 4.229084 ], [ 97.793011, 4.229057 ], [ 97.79289, 4.229017 ], [ 97.792756, 4.228929 ], [ 97.792602, 4.228841 ], [ 97.7924, 4.228773 ], [ 97.792185, 4.228732 ], [ 97.79201, 4.228752 ], [ 97.791863, 4.228793 ], [ 97.791748, 4.22888 ], [ 97.791647, 4.228941 ], [ 97.791559, 4.229057 ], [ 97.791432, 4.229131 ], [ 97.791304, 4.229326 ], [ 97.791243, 4.229488 ], [ 97.791243, 4.229643 ], [ 97.791262, 4.229859 ], [ 97.791289, 4.230068 ], [ 97.791296, 4.230243 ], [ 97.791295, 4.230405 ], [ 97.791349, 4.23058 ], [ 97.791389, 4.230715 ], [ 97.791429, 4.230836 ], [ 97.791456, 4.230931 ], [ 97.791476, 4.231018 ], [ 97.791489, 4.231133 ], [ 97.791422, 4.231352 ], [ 97.791401, 4.2315 ], [ 97.791368, 4.231669 ], [ 97.791334, 4.231911 ], [ 97.791374, 4.232039 ], [ 97.791421, 4.232181 ], [ 97.791501, 4.232309 ], [ 97.791548, 4.232424 ], [ 97.791575, 4.232545 ], [ 97.791574, 4.23264 ], [ 97.791541, 4.232727 ], [ 97.791433, 4.232754 ], [ 97.791332, 4.232734 ], [ 97.791238, 4.23268 ], [ 97.791155, 4.232579 ], [ 97.791012, 4.232403 ], [ 97.790899, 4.232345 ], [ 97.790764, 4.232296 ], [ 97.790642, 4.232333 ], [ 97.790569, 4.232394 ], [ 97.790556, 4.232529 ], [ 97.790605, 4.232713 ], [ 97.790653, 4.23286 ], [ 97.790678, 4.233093 ], [ 97.790579, 4.233301 ], [ 97.790457, 4.233534 ], [ 97.790347, 4.233631 ], [ 97.790127, 4.233705 ], [ 97.789956, 4.233753 ], [ 97.789882, 4.233802 ], [ 97.789796, 4.233876 ], [ 97.789747, 4.234035 ], [ 97.78971, 4.234206 ], [ 97.78971, 4.234341 ], [ 97.789722, 4.234439 ], [ 97.789808, 4.234513 ], [ 97.789869, 4.234599 ], [ 97.789881, 4.234685 ], [ 97.789807, 4.234758 ], [ 97.789685, 4.234795 ], [ 97.789514, 4.234794 ], [ 97.789245, 4.234745 ], [ 97.788891, 4.234695 ], [ 97.788659, 4.234671 ], [ 97.788341, 4.234572 ], [ 97.788146, 4.234449 ], [ 97.788036, 4.23429 ], [ 97.788012, 4.234228 ], [ 97.788012, 4.234143 ], [ 97.788061, 4.233959 ], [ 97.788025, 4.233824 ], [ 97.787988, 4.233738 ], [ 97.787903, 4.233677 ], [ 97.787768, 4.23364 ], [ 97.787524, 4.233578 ], [ 97.787329, 4.23348 ], [ 97.787145, 4.233369 ], [ 97.786975, 4.233136 ], [ 97.786816, 4.232976 ], [ 97.786657, 4.232841 ], [ 97.78656, 4.232743 ], [ 97.786438, 4.23262 ], [ 97.786291, 4.232547 ], [ 97.786133, 4.232473 ], [ 97.785961, 4.232473 ], [ 97.78579, 4.232521 ], [ 97.785595, 4.232582 ], [ 97.785375, 4.232668 ], [ 97.785228, 4.232753 ], [ 97.785118, 4.232888 ], [ 97.785008, 4.232925 ], [ 97.784922, 4.232912 ], [ 97.784824, 4.232826 ], [ 97.784776, 4.232679 ], [ 97.784752, 4.232495 ], [ 97.784703, 4.232373 ], [ 97.784532, 4.232348 ], [ 97.784349, 4.232397 ], [ 97.784251, 4.232458 ], [ 97.784189, 4.232568 ], [ 97.784043, 4.23269 ], [ 97.783814, 4.23269 ], [ 97.783626, 4.23269 ], [ 97.783472, 4.232604 ], [ 97.783369, 4.232501 ], [ 97.783318, 4.232364 ], [ 97.783302, 4.232158 ], [ 97.783319, 4.232021 ], [ 97.783353, 4.231866 ], [ 97.783336, 4.231746 ], [ 97.783234, 4.231643 ], [ 97.783012, 4.231609 ], [ 97.782892, 4.231523 ], [ 97.782841, 4.23142 ], [ 97.78279, 4.231214 ], [ 97.78279, 4.23106 ], [ 97.782825, 4.230957 ], [ 97.782842, 4.230905 ], [ 97.782927, 4.230871 ], [ 97.783133, 4.230923 ], [ 97.783252, 4.230906 ], [ 97.783338, 4.230752 ], [ 97.783338, 4.230598 ], [ 97.783338, 4.230426 ], [ 97.78334, 4.230251 ], [ 97.783305, 4.2301 ], [ 97.783254, 4.229997 ], [ 97.7831, 4.229929 ], [ 97.78286, 4.229928 ], [ 97.782536, 4.229928 ], [ 97.782245, 4.22991 ], [ 97.782006, 4.22991 ], [ 97.781818, 4.229909 ], [ 97.781202, 4.230063 ], [ 97.780747, 4.230228 ], [ 97.779387, 4.230215 ], [ 97.743093, 4.230577 ], [ 97.736545, 4.230616 ], [ 97.733741, 4.2307 ], [ 97.731754, 4.231165 ], [ 97.730205, 4.231866 ], [ 97.729386, 4.232597 ], [ 97.728773, 4.232566 ], [ 97.728189, 4.232419 ], [ 97.727021, 4.232476 ], [ 97.726558, 4.232852 ], [ 97.725529, 4.233928 ], [ 97.72463, 4.234779 ], [ 97.723757, 4.235303 ], [ 97.724217, 4.236105 ], [ 97.724095, 4.237073 ], [ 97.723611, 4.238162 ], [ 97.722886, 4.239007 ], [ 97.722283, 4.239733 ], [ 97.72204, 4.240458 ], [ 97.721437, 4.240941 ], [ 97.720472, 4.241424 ], [ 97.719747, 4.242512 ], [ 97.719263, 4.2436 ], [ 97.718779, 4.244567 ], [ 97.717933, 4.245776 ], [ 97.717932, 4.246744 ], [ 97.717688, 4.248196 ], [ 97.716843, 4.249042 ], [ 97.716843, 4.249284 ], [ 97.717444, 4.250132 ], [ 97.718045, 4.25098 ], [ 97.718164, 4.251827 ], [ 97.718403, 4.253038 ], [ 97.718763, 4.254369 ], [ 97.71864, 4.2557 ], [ 97.71876, 4.256306 ], [ 97.71912, 4.257274 ], [ 97.726324, 4.274228 ], [ 97.727047, 4.274713 ], [ 97.727226, 4.275319 ], [ 97.727407, 4.275319 ], [ 97.72813, 4.275502 ], [ 97.728974, 4.275442 ], [ 97.729517, 4.275504 ], [ 97.729817, 4.275928 ], [ 97.730239, 4.27611 ], [ 97.7306, 4.276595 ], [ 97.731201, 4.27714 ], [ 97.731562, 4.277746 ], [ 97.731681, 4.278714 ], [ 97.73174, 4.279562 ], [ 97.731739, 4.280288 ], [ 97.731677, 4.281135 ], [ 97.731555, 4.281982 ], [ 97.731675, 4.282587 ], [ 97.731855, 4.282708 ], [ 97.732216, 4.283072 ], [ 97.732336, 4.283556 ], [ 97.732154, 4.284342 ], [ 97.731911, 4.28531 ], [ 97.73185, 4.286096 ], [ 97.732211, 4.286581 ], [ 97.732692, 4.286824 ], [ 97.733295, 4.286704 ], [ 97.733657, 4.286901 ], [ 97.734199, 4.286963 ], [ 97.73456, 4.287145 ], [ 97.73468, 4.287568 ], [ 97.734921, 4.287871 ], [ 97.735282, 4.288356 ], [ 97.735039, 4.288961 ], [ 97.73528, 4.289506 ], [ 97.73564, 4.28999 ], [ 97.735821, 4.290414 ], [ 97.736121, 4.290838 ], [ 97.736603, 4.291202 ], [ 97.736783, 4.291686 ], [ 97.736842, 4.292231 ], [ 97.736962, 4.292897 ], [ 97.737744, 4.293503 ], [ 97.738316, 4.294139 ], [ 97.738737, 4.294866 ], [ 97.738976, 4.295653 ], [ 97.739337, 4.29644 ], [ 97.739938, 4.297288 ], [ 97.740178, 4.297894 ], [ 97.740539, 4.298137 ], [ 97.740841, 4.298076 ], [ 97.741142, 4.298198 ], [ 97.741322, 4.298501 ], [ 97.741321, 4.299106 ], [ 97.741079, 4.299711 ], [ 97.740837, 4.300376 ], [ 97.741078, 4.30086 ], [ 97.74156, 4.300438 ], [ 97.741802, 4.299954 ], [ 97.742346, 4.29941 ], [ 97.742767, 4.299774 ], [ 97.743369, 4.300259 ], [ 97.743488, 4.300985 ], [ 97.743366, 4.301772 ], [ 97.743607, 4.302317 ], [ 97.743968, 4.30268 ], [ 97.74457, 4.303044 ], [ 97.744992, 4.302682 ], [ 97.745294, 4.302682 ], [ 97.745535, 4.302864 ], [ 97.745473, 4.303469 ], [ 97.745232, 4.303892 ], [ 97.74499, 4.304316 ], [ 97.745772, 4.304922 ], [ 97.746556, 4.304984 ], [ 97.747158, 4.305287 ], [ 97.747761, 4.305288 ], [ 97.748364, 4.305289 ], [ 97.748967, 4.305109 ], [ 97.749207, 4.305412 ], [ 97.748965, 4.306258 ], [ 97.749567, 4.306441 ], [ 97.749929, 4.306321 ], [ 97.75035, 4.307047 ], [ 97.750651, 4.306987 ], [ 97.751133, 4.307291 ], [ 97.751434, 4.307715 ], [ 97.751795, 4.307836 ], [ 97.752337, 4.308261 ], [ 97.752818, 4.308867 ], [ 97.753238, 4.309775 ], [ 97.75378, 4.310577 ], [ 97.754321, 4.311002 ], [ 97.754803, 4.311608 ], [ 97.755404, 4.312214 ], [ 97.755946, 4.312941 ], [ 97.757029, 4.313669 ], [ 97.757571, 4.314396 ], [ 97.758354, 4.31476 ], [ 97.758473, 4.315365 ], [ 97.758713, 4.315971 ], [ 97.759135, 4.316213 ], [ 97.759556, 4.316456 ], [ 97.759918, 4.316457 ], [ 97.76028, 4.316276 ], [ 97.760762, 4.316156 ], [ 97.760883, 4.316458 ], [ 97.760761, 4.316942 ], [ 97.760519, 4.317607 ], [ 97.760579, 4.318031 ], [ 97.761121, 4.318214 ], [ 97.761241, 4.318153 ], [ 97.761422, 4.318335 ], [ 97.761542, 4.318698 ], [ 97.761481, 4.319364 ], [ 97.760938, 4.319605 ], [ 97.760937, 4.319907 ], [ 97.760876, 4.320391 ], [ 97.761056, 4.320815 ], [ 97.761598, 4.320937 ], [ 97.7619, 4.320575 ], [ 97.762323, 4.320091 ], [ 97.762746, 4.319789 ], [ 97.763047, 4.320092 ], [ 97.762804, 4.32106 ], [ 97.762622, 4.321786 ], [ 97.762139, 4.322209 ], [ 97.761656, 4.322873 ], [ 97.761534, 4.323478 ], [ 97.761654, 4.324023 ], [ 97.761653, 4.324628 ], [ 97.761471, 4.325112 ], [ 97.761169, 4.325656 ], [ 97.761228, 4.326261 ], [ 97.761709, 4.326807 ], [ 97.76207, 4.327473 ], [ 97.76237, 4.328139 ], [ 97.762369, 4.328744 ], [ 97.761946, 4.329409 ], [ 97.761403, 4.32971 ], [ 97.76074, 4.329709 ], [ 97.760499, 4.329951 ], [ 97.760174, 4.330324 ], [ 97.760966, 4.332151 ], [ 97.761708, 4.335943 ], [ 97.763801, 4.338276 ], [ 97.763242, 4.338866 ], [ 97.764089, 4.33956 ], [ 97.766147, 4.341245 ], [ 97.767857, 4.341188 ], [ 97.769739, 4.340248 ], [ 97.77068, 4.340155 ], [ 97.771526, 4.340345 ], [ 97.772371, 4.341007 ], [ 97.772839, 4.34214 ], [ 97.773907, 4.342625 ] ] ] ] } },
{ "type": "Feature", "properties": { "KEC": "KEC. BENDAHARA", "LUAS": 12794.2, "LUAS_KM": 127.94 }, "geometry": { "type": "MultiPolygon", "coordinates": [ [ [ [ 98.100671, 4.421419 ], [ 98.101653, 4.420899 ], [ 98.107845, 4.418571 ], [ 98.10804, 4.418157 ], [ 98.107943, 4.417694 ], [ 98.107652, 4.417183 ], [ 98.107507, 4.416623 ], [ 98.107387, 4.415552 ], [ 98.107315, 4.415016 ], [ 98.107031, 4.41431 ], [ 98.106841, 4.413759 ], [ 98.106351, 4.41254 ], [ 98.106315, 4.412361 ], [ 98.10628, 4.412145 ], [ 98.106185, 4.411906 ], [ 98.106077, 4.411714 ], [ 98.10603, 4.411486 ], [ 98.106114, 4.411115 ], [ 98.106235, 4.410066 ], [ 98.106343, 4.408976 ], [ 98.106416, 4.408127 ], [ 98.106716, 4.407073 ], [ 98.106824, 4.406475 ], [ 98.106849, 4.405948 ], [ 98.106995, 4.403999 ], [ 98.107117, 4.40206 ], [ 98.107193, 4.400675 ], [ 98.105722, 4.400693 ], [ 98.10349, 4.400755 ], [ 98.103439, 4.400406 ], [ 98.103142, 4.400185 ], [ 98.102511, 4.399512 ], [ 98.102202, 4.399227 ], [ 98.100504, 4.399302 ], [ 98.100233, 4.399315 ], [ 98.100066, 4.399108 ], [ 98.099898, 4.398836 ], [ 98.099229, 4.397205 ], [ 98.097622, 4.39343 ], [ 98.097069, 4.390574 ], [ 98.096989, 4.388826 ], [ 98.099509, 4.388938 ], [ 98.102414, 4.389109 ], [ 98.106236, 4.389324 ], [ 98.10728, 4.389405 ], [ 98.107678, 4.389431 ], [ 98.108471, 4.389363 ], [ 98.108591, 4.387329 ], [ 98.10869, 4.385851 ], [ 98.117451, 4.386433 ], [ 98.129339, 4.387397 ], [ 98.129225, 4.397256 ], [ 98.129226, 4.398393 ], [ 98.129265, 4.399758 ], [ 98.129243, 4.400093 ], [ 98.129177, 4.400412 ], [ 98.129116, 4.400595 ], [ 98.128999, 4.400815 ], [ 98.12897, 4.401034 ], [ 98.128976, 4.401239 ], [ 98.128857, 4.401418 ], [ 98.128778, 4.401616 ], [ 98.128672, 4.401815 ], [ 98.128612, 4.401967 ], [ 98.128487, 4.402066 ], [ 98.128338, 4.402297 ], [ 98.12811, 4.402717 ], [ 98.128021, 4.402959 ], [ 98.127825, 4.403329 ], [ 98.128005, 4.403452 ], [ 98.128219, 4.403647 ], [ 98.128387, 4.403757 ], [ 98.12849, 4.4039 ], [ 98.128803, 4.404053 ], [ 98.129488, 4.404392 ], [ 98.129582, 4.404404 ], [ 98.129629, 4.404459 ], [ 98.129699, 4.404498 ], [ 98.129821, 4.404589 ], [ 98.129941, 4.404681 ], [ 98.130122, 4.404841 ], [ 98.13039, 4.404845 ], [ 98.130646, 4.404819 ], [ 98.130831, 4.404828 ], [ 98.130932, 4.404859 ], [ 98.131394, 4.405226 ], [ 98.131532, 4.405353 ], [ 98.131737, 4.405282 ], [ 98.13192, 4.405205 ], [ 98.132089, 4.405142 ], [ 98.132181, 4.405085 ], [ 98.132385, 4.404987 ], [ 98.132491, 4.405101 ], [ 98.13292, 4.405721 ], [ 98.133132, 4.406073 ], [ 98.13328, 4.406306 ], [ 98.133339, 4.40642 ], [ 98.133394, 4.406499 ], [ 98.133459, 4.406534 ], [ 98.132254, 4.410709 ], [ 98.131882, 4.41208 ], [ 98.131224, 4.414475 ], [ 98.131063, 4.415038 ], [ 98.132024, 4.415152 ], [ 98.133418, 4.415321 ], [ 98.135177, 4.415607 ], [ 98.138632, 4.415638 ], [ 98.144179, 4.415695 ], [ 98.145141, 4.415722 ], [ 98.14569, 4.41568 ], [ 98.146788, 4.41519 ], [ 98.146839, 4.415089 ], [ 98.146915, 4.414937 ], [ 98.147051, 4.414734 ], [ 98.147448, 4.414404 ], [ 98.148428, 4.413609 ], [ 98.148943, 4.414041 ], [ 98.149164, 4.414228 ], [ 98.149293, 4.414065 ], [ 98.149503, 4.413916 ], [ 98.14993, 4.413767 ], [ 98.150015, 4.413799 ], [ 98.149908, 4.413901 ], [ 98.149574, 4.414586 ], [ 98.150646, 4.415543 ], [ 98.151168, 4.416068 ], [ 98.150073, 4.417321 ], [ 98.148752, 4.418789 ], [ 98.147598, 4.420059 ], [ 98.147235, 4.420447 ], [ 98.147016, 4.420593 ], [ 98.144618, 4.420991 ], [ 98.144497, 4.421003 ], [ 98.143917, 4.421089 ], [ 98.144133, 4.421375 ], [ 98.14458, 4.422252 ], [ 98.145078, 4.423629 ], [ 98.145279, 4.423876 ], [ 98.145794, 4.424281 ], [ 98.146331, 4.424573 ], [ 98.147249, 4.424911 ], [ 98.148099, 4.425317 ], [ 98.148413, 4.425618 ], [ 98.149588, 4.425031 ], [ 98.150953, 4.424555 ], [ 98.152683, 4.423969 ], [ 98.152873, 4.424112 ], [ 98.152873, 4.42451 ], [ 98.152888, 4.425194 ], [ 98.15303, 4.425385 ], [ 98.153236, 4.425608 ], [ 98.153612, 4.425908 ], [ 98.153935, 4.426843 ], [ 98.153894, 4.427371 ], [ 98.154116, 4.428032 ], [ 98.154248, 4.428272 ], [ 98.154356, 4.428441 ], [ 98.154368, 4.42867 ], [ 98.154259, 4.428946 ], [ 98.154343, 4.429139 ], [ 98.154582, 4.429464 ], [ 98.154726, 4.429693 ], [ 98.154774, 4.429934 ], [ 98.154666, 4.430186 ], [ 98.154521, 4.430463 ], [ 98.154425, 4.430679 ], [ 98.154329, 4.430884 ], [ 98.154341, 4.431028 ], [ 98.154485, 4.431185 ], [ 98.154496, 4.431378 ], [ 98.154508, 4.431666 ], [ 98.15446, 4.432003 ], [ 98.154483, 4.432352 ], [ 98.154591, 4.432605 ], [ 98.154807, 4.432702 ], [ 98.155106, 4.432678 ], [ 98.15573, 4.432607 ], [ 98.156186, 4.432535 ], [ 98.156581, 4.432475 ], [ 98.156713, 4.432668 ], [ 98.157013, 4.432728 ], [ 98.157133, 4.432704 ], [ 98.157313, 4.432705 ], [ 98.157468, 4.432789 ], [ 98.157504, 4.433066 ], [ 98.157564, 4.433319 ], [ 98.157683, 4.433596 ], [ 98.157899, 4.433644 ], [ 98.158091, 4.43356 ], [ 98.158331, 4.433368 ], [ 98.158607, 4.433248 ], [ 98.158763, 4.433116 ], [ 98.159003, 4.433056 ], [ 98.159159, 4.433056 ], [ 98.159278, 4.433188 ], [ 98.159458, 4.433345 ], [ 98.159722, 4.433393 ], [ 98.15995, 4.43349 ], [ 98.160081, 4.433647 ], [ 98.160153, 4.433803 ], [ 98.160369, 4.433876 ], [ 98.160753, 4.433816 ], [ 98.16104, 4.433816 ], [ 98.161448, 4.433793 ], [ 98.161688, 4.433781 ], [ 98.161904, 4.433889 ], [ 98.162059, 4.434263 ], [ 98.162083, 4.434455 ], [ 98.162167, 4.434636 ], [ 98.162298, 4.434756 ], [ 98.16237, 4.434895 ], [ 98.16295, 4.434895 ], [ 98.163719, 4.434896 ], [ 98.164205, 4.434978 ], [ 98.164609, 4.435385 ], [ 98.165094, 4.435548 ], [ 98.165539, 4.435751 ], [ 98.166024, 4.436036 ], [ 98.166631, 4.436281 ], [ 98.166995, 4.436525 ], [ 98.16744, 4.436363 ], [ 98.167644, 4.435713 ], [ 98.167725, 4.435267 ], [ 98.167766, 4.434901 ], [ 98.167847, 4.434576 ], [ 98.168454, 4.434414 ], [ 98.16898, 4.434415 ], [ 98.169587, 4.434741 ], [ 98.169951, 4.435188 ], [ 98.170112, 4.435757 ], [ 98.170111, 4.436569 ], [ 98.169948, 4.437462 ], [ 98.169948, 4.437909 ], [ 98.170271, 4.438153 ], [ 98.170514, 4.438235 ], [ 98.170838, 4.438235 ], [ 98.171404, 4.438195 ], [ 98.172295, 4.437953 ], [ 98.1727, 4.43775 ], [ 98.172984, 4.436938 ], [ 98.172984, 4.43645 ], [ 98.172904, 4.436125 ], [ 98.172864, 4.43576 ], [ 98.172904, 4.435679 ], [ 98.173471, 4.435436 ], [ 98.173957, 4.435558 ], [ 98.174563, 4.436006 ], [ 98.17521, 4.436494 ], [ 98.175573, 4.437347 ], [ 98.175694, 4.437875 ], [ 98.175532, 4.438241 ], [ 98.175127, 4.438524 ], [ 98.17452, 4.438564 ], [ 98.173953, 4.438645 ], [ 98.173427, 4.438807 ], [ 98.173022, 4.439172 ], [ 98.173021, 4.439903 ], [ 98.173101, 4.440594 ], [ 98.173667, 4.441204 ], [ 98.174193, 4.441367 ], [ 98.175123, 4.441774 ], [ 98.176094, 4.442303 ], [ 98.177105, 4.443279 ], [ 98.177589, 4.44397 ], [ 98.177608, 4.443977 ], [ 98.178763, 4.444378 ], [ 98.180098, 4.44442 ], [ 98.18119, 4.444786 ], [ 98.181601, 4.445329 ], [ 98.181836, 4.446128 ], [ 98.181744, 4.447049 ], [ 98.18156, 4.447724 ], [ 98.181109, 4.448728 ], [ 98.18101, 4.448939 ], [ 98.18096, 4.449047 ], [ 98.180578, 4.449294 ], [ 98.180022, 4.449884 ], [ 98.179889, 4.450025 ], [ 98.179565, 4.450918 ], [ 98.179483, 4.451771 ], [ 98.179563, 4.452421 ], [ 98.180008, 4.45303 ], [ 98.180695, 4.453437 ], [ 98.181504, 4.453601 ], [ 98.182274, 4.453277 ], [ 98.183412, 4.452441 ], [ 98.183489, 4.452385 ], [ 98.184462, 4.450883 ], [ 98.184919, 4.449797 ], [ 98.184908, 4.449787 ], [ 98.185354, 4.44934 ], [ 98.186001, 4.449219 ], [ 98.186163, 4.44926 ], [ 98.186729, 4.450032 ], [ 98.186849, 4.450682 ], [ 98.186889, 4.451779 ], [ 98.186766, 4.45316 ], [ 98.186319, 4.4545 ], [ 98.18563, 4.455677 ], [ 98.184779, 4.456935 ], [ 98.183846, 4.458153 ], [ 98.182873, 4.459939 ], [ 98.182427, 4.461035 ], [ 98.182182, 4.462659 ], [ 98.182343, 4.464081 ], [ 98.182706, 4.465056 ], [ 98.183271, 4.465869 ], [ 98.184039, 4.466967 ], [ 98.184483, 4.468267 ], [ 98.184846, 4.469283 ], [ 98.184642, 4.470704 ], [ 98.184642, 4.470841 ], [ 98.184641, 4.47176 ], [ 98.184638, 4.474319 ], [ 98.184637, 4.475578 ], [ 98.184635, 4.477041 ], [ 98.184877, 4.478178 ], [ 98.185289, 4.479125 ], [ 98.185289, 4.479144 ], [ 98.185659, 4.480046 ], [ 98.185774, 4.478694 ], [ 98.186208, 4.478203 ], [ 98.18627, 4.478203 ], [ 98.186434, 4.478256 ], [ 98.186733, 4.478415 ], [ 98.187466, 4.478711 ], [ 98.187611, 4.478725 ], [ 98.187736, 4.47873 ], [ 98.187968, 4.478769 ], [ 98.188281, 4.478846 ], [ 98.18846, 4.478899 ], [ 98.188807, 4.479077 ], [ 98.189062, 4.479159 ], [ 98.189313, 4.479174 ], [ 98.189535, 4.479153 ], [ 98.189732, 4.479114 ], [ 98.18993, 4.479128 ], [ 98.190065, 4.479177 ], [ 98.190162, 4.479196 ], [ 98.190219, 4.479162 ], [ 98.190268, 4.479128 ], [ 98.19033, 4.479128 ], [ 98.190431, 4.479148 ], [ 98.190576, 4.479215 ], [ 98.190673, 4.47923 ], [ 98.190764, 4.47921 ], [ 98.190836, 4.479201 ], [ 98.190976, 4.47922 ], [ 98.191246, 4.479321 ], [ 98.191487, 4.479437 ], [ 98.191598, 4.479543 ], [ 98.191675, 4.479625 ], [ 98.191767, 4.479693 ], [ 98.191965, 4.479787 ], [ 98.192423, 4.480052 ], [ 98.192756, 4.480375 ], [ 98.192881, 4.480505 ], [ 98.193252, 4.480905 ], [ 98.19345, 4.481088 ], [ 98.193614, 4.481151 ], [ 98.19384, 4.481156 ], [ 98.194264, 4.481168 ], [ 98.194423, 4.481211 ], [ 98.194553, 4.481293 ], [ 98.194664, 4.48139 ], [ 98.194732, 4.481448 ], [ 98.194775, 4.481452 ], [ 98.194806, 4.481443 ], [ 98.194987, 4.48139 ], [ 98.195253, 4.481317 ], [ 98.19559, 4.481274 ], [ 98.19587, 4.481274 ], [ 98.196333, 4.481293 ], [ 98.196878, 4.481235 ], [ 98.197418, 4.481214 ], [ 98.197828, 4.481243 ], [ 98.19817, 4.481349 ], [ 98.198435, 4.481479 ], [ 98.198546, 4.481522 ], [ 98.198604, 4.481522 ], [ 98.198758, 4.481489 ], [ 98.198869, 4.481489 ], [ 98.198937, 4.481498 ], [ 98.199, 4.481513 ], [ 98.199135, 4.481479 ], [ 98.199453, 4.481354 ], [ 98.199766, 4.481233 ], [ 98.199993, 4.48119 ], [ 98.200557, 4.48098 ], [ 98.201046, 4.480729 ], [ 98.201051, 4.480727 ], [ 98.201159, 4.480671 ], [ 98.201579, 4.480488 ], [ 98.201926, 4.480338 ], [ 98.20222, 4.480242 ], [ 98.202591, 4.480157 ], [ 98.203233, 4.479916 ], [ 98.203874, 4.479641 ], [ 98.204438, 4.4794 ], [ 98.204804, 4.479217 ], [ 98.205041, 4.479043 ], [ 98.205123, 4.478992 ], [ 98.205197, 4.478944 ], [ 98.205198, 4.478943 ], [ 98.205277, 4.478891 ], [ 98.205511, 4.478637 ], [ 98.205711, 4.478363 ], [ 98.205835, 4.478216 ], [ 98.205895, 4.478193 ], [ 98.205982, 4.478203 ], [ 98.206049, 4.47828 ], [ 98.206059, 4.47835 ], [ 98.206072, 4.478423 ], [ 98.206119, 4.47849 ], [ 98.206186, 4.478561 ], [ 98.20626, 4.478587 ], [ 98.206333, 4.478581 ], [ 98.206503, 4.478517 ], [ 98.206757, 4.478434 ], [ 98.206941, 4.47837 ], [ 98.207309, 4.478204 ], [ 98.207891, 4.478004 ], [ 98.208165, 4.477907 ], [ 98.208329, 4.47785 ], [ 98.208462, 4.477824 ], [ 98.208583, 4.47781 ], [ 98.208696, 4.477763 ], [ 98.208897, 4.477647 ], [ 98.209157, 4.477522 ], [ 98.209354, 4.477411 ], [ 98.209518, 4.477355 ], [ 98.209695, 4.477294 ], [ 98.209896, 4.477241 ], [ 98.210163, 4.477151 ], [ 98.210497, 4.477 ], [ 98.210809, 4.476831 ], [ 98.21113, 4.476651 ], [ 98.21142, 4.4765 ], [ 98.211621, 4.476414 ], [ 98.211758, 4.476377 ], [ 98.211992, 4.47634 ], [ 98.212236, 4.476307 ], [ 98.212463, 4.47626 ], [ 98.21259, 4.476186 ], [ 98.212704, 4.476093 ], [ 98.212764, 4.476031 ], [ 98.212991, 4.475904 ], [ 98.213386, 4.47569 ], [ 98.21364, 4.475563 ], [ 98.213854, 4.475422 ], [ 98.214101, 4.475202 ], [ 98.214903, 4.47456 ], [ 98.215886, 4.473788 ], [ 98.216347, 4.473413 ], [ 98.216855, 4.473046 ], [ 98.217407, 4.47267 ], [ 98.217409, 4.472669 ], [ 98.217798, 4.472404 ], [ 98.218466, 4.471943 ], [ 98.219739, 4.471248 ], [ 98.220417, 4.4708 ], [ 98.221614, 4.470034 ], [ 98.223219, 4.468965 ], [ 98.224744, 4.467998 ], [ 98.225679, 4.467457 ], [ 98.226234, 4.467069 ], [ 98.227197, 4.466284 ], [ 98.227885, 4.465789 ], [ 98.228427, 4.465401 ], [ 98.228654, 4.465127 ], [ 98.228768, 4.464833 ], [ 98.228801, 4.464506 ], [ 98.228761, 4.464198 ], [ 98.228761, 4.463844 ], [ 98.228801, 4.46372 ], [ 98.229068, 4.463606 ], [ 98.229676, 4.463389 ], [ 98.230225, 4.463222 ], [ 98.230679, 4.463035 ], [ 98.23092, 4.462928 ], [ 98.231174, 4.462808 ], [ 98.231314, 4.462768 ], [ 98.231588, 4.462634 ], [ 98.232417, 4.462199 ], [ 98.233046, 4.461888 ], [ 98.234056, 4.461414 ], [ 98.234798, 4.461106 ], [ 98.235139, 4.460966 ], [ 98.235433, 4.460812 ], [ 98.235496, 4.460783 ], [ 98.235497, 4.460782 ], [ 98.235747, 4.460665 ], [ 98.235981, 4.460531 ], [ 98.236095, 4.460371 ], [ 98.236262, 4.460204 ], [ 98.236375, 4.460097 ], [ 98.236355, 4.460043 ], [ 98.236355, 4.459916 ], [ 98.236415, 4.459756 ], [ 98.236516, 4.459361 ], [ 98.236476, 4.459134 ], [ 98.236455, 4.459057 ], [ 98.236542, 4.458763 ], [ 98.236602, 4.458282 ], [ 98.236636, 4.457747 ], [ 98.236616, 4.457527 ], [ 98.236556, 4.457373 ], [ 98.236409, 4.457005 ], [ 98.236308, 4.45654 ], [ 98.236054, 4.455591 ], [ 98.235934, 4.45511 ], [ 98.235774, 4.454709 ], [ 98.235546, 4.454308 ], [ 98.235279, 4.453947 ], [ 98.235132, 4.453626 ], [ 98.234865, 4.453372 ], [ 98.234584, 4.453278 ], [ 98.233768, 4.452389 ], [ 98.233554, 4.452095 ], [ 98.232993, 4.451653 ], [ 98.232485, 4.451266 ], [ 98.232284, 4.450758 ], [ 98.231816, 4.450009 ], [ 98.231375, 4.449581 ], [ 98.231148, 4.449287 ], [ 98.231094, 4.44898 ], [ 98.231335, 4.448512 ], [ 98.231455, 4.448385 ], [ 98.237095, 4.442938 ], [ 98.237284, 4.442663 ], [ 98.237298, 4.442288 ], [ 98.237298, 4.441994 ], [ 98.237057, 4.441647 ], [ 98.236736, 4.441045 ], [ 98.236522, 4.44033 ], [ 98.236509, 4.439795 ], [ 98.236589, 4.439421 ], [ 98.236689, 4.438892 ], [ 98.236683, 4.438833 ], [ 98.236656, 4.438592 ], [ 98.236549, 4.438204 ], [ 98.236428, 4.437776 ], [ 98.236402, 4.437255 ], [ 98.236535, 4.43684 ], [ 98.236776, 4.436399 ], [ 98.23707, 4.436225 ], [ 98.237511, 4.436158 ], [ 98.237979, 4.436212 ], [ 98.238153, 4.436359 ], [ 98.238407, 4.436666 ], [ 98.238848, 4.437175 ], [ 98.239143, 4.437562 ], [ 98.23933, 4.43783 ], [ 98.239517, 4.437856 ], [ 98.239669, 4.437792 ], [ 98.239771, 4.437749 ], [ 98.239891, 4.437576 ], [ 98.239878, 4.437348 ], [ 98.239758, 4.437041 ], [ 98.239544, 4.4366 ], [ 98.239505, 4.436452 ], [ 98.239555, 4.436402 ], [ 98.239664, 4.436292 ], [ 98.239744, 4.436265 ], [ 98.24044, 4.436305 ], [ 98.241001, 4.436386 ], [ 98.241442, 4.436479 ], [ 98.241803, 4.43668 ], [ 98.242044, 4.436934 ], [ 98.242298, 4.437068 ], [ 98.242565, 4.437068 ], [ 98.242805, 4.43707 ], [ 98.242862, 4.436996 ], [ 98.242863, 4.436996 ], [ 98.242953, 4.43688 ], [ 98.243261, 4.436666 ], [ 98.243555, 4.436305 ], [ 98.24388, 4.436096 ], [ 98.243991, 4.436107 ], [ 98.244103, 4.436118 ], [ 98.244183, 4.436265 ], [ 98.244183, 4.436412 ], [ 98.244143, 4.436609 ], [ 98.244197, 4.436726 ], [ 98.244283, 4.43686 ], [ 98.244364, 4.437047 ], [ 98.244324, 4.437208 ], [ 98.244283, 4.437375 ], [ 98.24439, 4.437629 ], [ 98.244838, 4.438525 ], [ 98.245025, 4.438826 ], [ 98.245326, 4.43953 ], [ 98.245647, 4.439925 ], [ 98.245988, 4.440446 ], [ 98.246215, 4.440673 ], [ 98.246443, 4.440714 ], [ 98.246583, 4.440673 ], [ 98.246744, 4.440473 ], [ 98.247038, 4.440366 ], [ 98.2478, 4.440306 ], [ 98.248455, 4.44058 ], [ 98.248502, 4.440688 ], [ 98.248421, 4.441038 ], [ 98.248418, 4.441053 ], [ 98.248371, 4.441326 ], [ 98.248358, 4.441473 ], [ 98.248415, 4.441513 ], [ 98.248786, 4.441474 ], [ 98.248802, 4.441546 ], [ 98.248916, 4.44152 ], [ 98.248926, 4.441556 ], [ 98.248869, 4.441603 ], [ 98.248866, 4.441633 ], [ 98.248866, 4.441635 ], [ 98.248869, 4.4417 ], [ 98.248911, 4.441694 ], [ 98.248916, 4.441693 ], [ 98.248916, 4.4417 ], [ 98.248916, 4.44175 ], [ 98.248926, 4.441844 ], [ 98.248903, 4.441897 ], [ 98.248876, 4.441937 ], [ 98.248882, 4.441991 ], [ 98.249054, 4.441966 ], [ 98.249157, 4.441951 ], [ 98.249187, 4.441957 ], [ 98.249193, 4.441994 ], [ 98.24907, 4.442058 ], [ 98.249077, 4.442178 ], [ 98.249097, 4.442188 ], [ 98.249123, 4.442235 ], [ 98.249143, 4.442384 ], [ 98.249123, 4.442445 ], [ 98.249073, 4.442515 ], [ 98.248996, 4.442529 ], [ 98.248866, 4.442555 ], [ 98.248863, 4.442592 ], [ 98.248746, 4.442602 ], [ 98.248679, 4.442609 ], [ 98.248629, 4.442626 ], [ 98.248622, 4.442666 ], [ 98.248609, 4.442703 ], [ 98.248558, 4.442716 ], [ 98.248542, 4.442746 ], [ 98.248528, 4.442783 ], [ 98.248441, 4.442793 ], [ 98.248428, 4.442809 ], [ 98.248385, 4.442836 ], [ 98.248291, 4.442833 ], [ 98.248194, 4.442846 ], [ 98.24814, 4.442883 ], [ 98.248097, 4.442926 ], [ 98.24806, 4.44301 ], [ 98.248037, 4.443053 ], [ 98.248034, 4.443117 ], [ 98.24799, 4.443174 ], [ 98.247903, 4.443187 ], [ 98.247906, 4.443267 ], [ 98.247997, 4.443284 ], [ 98.248024, 4.443373 ], [ 98.248064, 4.443537 ], [ 98.248114, 4.443771 ], [ 98.24816, 4.443936 ], [ 98.248171, 4.443979 ], [ 98.248171, 4.443983 ], [ 98.248171, 4.444045 ], [ 98.248174, 4.44418 ], [ 98.248254, 4.444414 ], [ 98.248408, 4.444608 ], [ 98.248615, 4.444815 ], [ 98.248869, 4.444936 ], [ 98.249217, 4.444999 ], [ 98.249865, 4.445019 ], [ 98.2504, 4.445045 ], [ 98.250855, 4.445132 ], [ 98.251156, 4.445213 ], [ 98.251276, 4.445259 ], [ 98.251363, 4.445259 ], [ 98.251416, 4.445239 ], [ 98.251523, 4.445172 ], [ 98.251644, 4.445066 ], [ 98.251898, 4.444905 ], [ 98.252506, 4.444531 ], [ 98.253106, 4.444105 ], [ 98.253348, 4.443933 ], [ 98.253749, 4.443599 ], [ 98.254183, 4.443157 ], [ 98.254692, 4.442636 ], [ 98.255855, 4.441436 ], [ 98.256316, 4.440788 ], [ 98.25758, 4.439046 ], [ 98.258328, 4.43805 ], [ 98.259378, 4.43679 ], [ 98.26006, 4.435934 ], [ 98.261129, 4.434668 ], [ 98.261466, 4.434319 ], [ 98.261469, 4.434317 ], [ 98.261898, 4.433872 ], [ 98.262653, 4.433164 ], [ 98.263803, 4.432124 ], [ 98.264084, 4.431883 ], [ 98.264345, 4.431729 ], [ 98.264746, 4.431509 ], [ 98.264987, 4.431261 ], [ 98.265147, 4.431141 ], [ 98.265314, 4.431034 ], [ 98.265421, 4.430994 ], [ 98.265528, 4.430994 ], [ 98.265628, 4.431001 ], [ 98.265722, 4.430974 ], [ 98.265902, 4.430847 ], [ 98.266898, 4.430038 ], [ 98.267347, 4.42966 ], [ 98.267788, 4.429359 ], [ 98.268516, 4.428938 ], [ 98.268991, 4.428651 ], [ 98.269426, 4.42841 ], [ 98.269887, 4.428156 ], [ 98.270983, 4.427564 ], [ 98.271531, 4.42729 ], [ 98.271779, 4.427163 ], [ 98.272046, 4.42705 ], [ 98.272287, 4.426963 ], [ 98.272567, 4.426809 ], [ 98.273029, 4.426541 ], [ 98.27367, 4.426201 ], [ 98.2746, 4.425709 ], [ 98.274774, 4.425602 ], [ 98.274874, 4.425522 ], [ 98.274987, 4.425368 ], [ 98.275135, 4.425235 ], [ 98.275315, 4.425121 ], [ 98.275629, 4.425014 ], [ 98.275689, 4.424954 ], [ 98.275783, 4.424874 ], [ 98.27581, 4.424855 ], [ 98.275811, 4.424854 ], [ 98.275903, 4.424787 ], [ 98.276017, 4.42472 ], [ 98.27609, 4.424626 ], [ 98.276164, 4.424473 ], [ 98.276251, 4.424306 ], [ 98.276331, 4.424212 ], [ 98.276445, 4.424072 ], [ 98.276512, 4.423925 ], [ 98.27659, 4.423595 ], [ 98.276718, 4.423398 ], [ 98.276986, 4.42292 ], [ 98.278052, 4.421485 ], [ 98.276148, 4.419678 ], [ 98.274459, 4.418465 ], [ 98.270628, 4.415038 ], [ 98.266464, 4.411778 ], [ 98.265512, 4.410755 ], [ 98.264322, 4.410327 ], [ 98.26299, 4.410327 ], [ 98.261776, 4.410755 ], [ 98.260586, 4.411445 ], [ 98.259801, 4.411469 ], [ 98.258945, 4.411564 ], [ 98.257034, 4.410141 ], [ 98.254682, 4.408377 ], [ 98.253684, 4.407907 ], [ 98.251636, 4.406906 ], [ 98.250621, 4.40623 ], [ 98.249955, 4.405786 ], [ 98.249955, 4.405785 ], [ 98.248713, 4.405497 ], [ 98.247, 4.40483 ], [ 98.24531, 4.403998 ], [ 98.244406, 4.403379 ], [ 98.243676, 4.402496 ], [ 98.24305, 4.401285 ], [ 98.242598, 4.399215 ], [ 98.242098, 4.397859 ], [ 98.241455, 4.396526 ], [ 98.240959, 4.395903 ], [ 98.2404, 4.395607 ], [ 98.238888, 4.395439 ], [ 98.237628, 4.396027 ], [ 98.236863, 4.396359 ], [ 98.23634, 4.396574 ], [ 98.235911, 4.396502 ], [ 98.235483, 4.395884 ], [ 98.235435, 4.395075 ], [ 98.235745, 4.393909 ], [ 98.236824, 4.391655 ], [ 98.237291, 4.389726 ], [ 98.237159, 4.388899 ], [ 98.236625, 4.388055 ], [ 98.235959, 4.387151 ], [ 98.23515, 4.386556 ], [ 98.232176, 4.385033 ], [ 98.230748, 4.384557 ], [ 98.229716, 4.384369 ], [ 98.229268, 4.384412 ], [ 98.227924, 4.384748 ], [ 98.226832, 4.385084 ], [ 98.226179, 4.385747 ], [ 98.226084, 4.386413 ], [ 98.226322, 4.387365 ], [ 98.226655, 4.388269 ], [ 98.227257, 4.389117 ], [ 98.227504, 4.389957 ], [ 98.227672, 4.391385 ], [ 98.22742, 4.394073 ], [ 98.227252, 4.396258 ], [ 98.226412, 4.398358 ], [ 98.225152, 4.40029 ], [ 98.223892, 4.401214 ], [ 98.22196, 4.401634 ], [ 98.219691, 4.401382 ], [ 98.218755, 4.400976 ], [ 98.218375, 4.400167 ], [ 98.21828, 4.399191 ], [ 98.218684, 4.39774 ], [ 98.219065, 4.397052 ], [ 98.217796, 4.396337 ], [ 98.216499, 4.397938 ], [ 98.215575, 4.39819 ], [ 98.214735, 4.396804 ], [ 98.214314, 4.395291 ], [ 98.212382, 4.392015 ], [ 98.211274, 4.391048 ], [ 98.20751, 4.391343 ], [ 98.204149, 4.393023 ], [ 98.203057, 4.392687 ], [ 98.202721, 4.391343 ], [ 98.202973, 4.390335 ], [ 98.203897, 4.387394 ], [ 98.203813, 4.385798 ], [ 98.202553, 4.384034 ], [ 98.200873, 4.383782 ], [ 98.199823, 4.383899 ], [ 98.1981, 4.3839 ], [ 98.196621, 4.383867 ], [ 98.195526, 4.383537 ], [ 98.194729, 4.383223 ], [ 98.194246, 4.382751 ], [ 98.193692, 4.381823 ], [ 98.193664, 4.381266 ], [ 98.19385, 4.380582 ], [ 98.194406, 4.379812 ], [ 98.195328, 4.379162 ], [ 98.196208, 4.378926 ], [ 98.197344, 4.378825 ], [ 98.199544, 4.378604 ], [ 98.202133, 4.378069 ], [ 98.204905, 4.377061 ], [ 98.205829, 4.375129 ], [ 98.205409, 4.372777 ], [ 98.204569, 4.37202 ], [ 98.200789, 4.370928 ], [ 98.197092, 4.371769 ], [ 98.193648, 4.372609 ], [ 98.190539, 4.374121 ], [ 98.189111, 4.374289 ], [ 98.187515, 4.373785 ], [ 98.187431, 4.372609 ], [ 98.188019, 4.370761 ], [ 98.188355, 4.368492 ], [ 98.187851, 4.363704 ], [ 98.187263, 4.360763 ], [ 98.186339, 4.358579 ], [ 98.185163, 4.356143 ], [ 98.18323, 4.354967 ], [ 98.18155, 4.355135 ], [ 98.180626, 4.356227 ], [ 98.18029, 4.358075 ], [ 98.17987, 4.361267 ], [ 98.179282, 4.364124 ], [ 98.177097, 4.365636 ], [ 98.174913, 4.366308 ], [ 98.172981, 4.36614 ], [ 98.171889, 4.3653 ], [ 98.170797, 4.363955 ], [ 98.171133, 4.361939 ], [ 98.171637, 4.360259 ], [ 98.172897, 4.358663 ], [ 98.173989, 4.357487 ], [ 98.173737, 4.355975 ], [ 98.172561, 4.354462 ], [ 98.169957, 4.353874 ], [ 98.167016, 4.355134 ], [ 98.163824, 4.357865 ], [ 98.161724, 4.360469 ], [ 98.159287, 4.364249 ], [ 98.157859, 4.366938 ], [ 98.156935, 4.367106 ], [ 98.156263, 4.366434 ], [ 98.155507, 4.364837 ], [ 98.154628, 4.362844 ], [ 98.15307, 4.360889 ], [ 98.151306, 4.360133 ], [ 98.149299, 4.360343 ], [ 98.147521, 4.361599 ], [ 98.146723, 4.364073 ], [ 98.146992, 4.366547 ], [ 98.147106, 4.369122 ], [ 98.146738, 4.36986 ], [ 98.145713, 4.370027 ], [ 98.143561, 4.368997 ], [ 98.141393, 4.367862 ], [ 98.139554, 4.367348 ], [ 98.137692, 4.367105 ], [ 98.135939, 4.366658 ], [ 98.134451, 4.365813 ], [ 98.133514, 4.365812 ], [ 98.132924, 4.366726 ], [ 98.132829, 4.367275 ], [ 98.132788, 4.368389 ], [ 98.132787, 4.369496 ], [ 98.132956, 4.370689 ], [ 98.133082, 4.371754 ], [ 98.133165, 4.37299 ], [ 98.133122, 4.373671 ], [ 98.132654, 4.374139 ], [ 98.131847, 4.374309 ], [ 98.130555, 4.374263 ], [ 98.129247, 4.373875 ], [ 98.127926, 4.37302 ], [ 98.126633, 4.372092 ], [ 98.125443, 4.371244 ], [ 98.124418, 4.369433 ], [ 98.124249, 4.367728 ], [ 98.123991, 4.365787 ], [ 98.122821, 4.365291 ], [ 98.121713, 4.365105 ], [ 98.120691, 4.365168 ], [ 98.12069, 4.365168 ], [ 98.120005, 4.36521 ], [ 98.119071, 4.365038 ], [ 98.117839, 4.365037 ], [ 98.116735, 4.365206 ], [ 98.1158, 4.365503 ], [ 98.115205, 4.366099 ], [ 98.114439, 4.366822 ], [ 98.113335, 4.367204 ], [ 98.112103, 4.367458 ], [ 98.110701, 4.367329 ], [ 98.109597, 4.367029 ], [ 98.108664, 4.366346 ], [ 98.10773, 4.365621 ], [ 98.107094, 4.364726 ], [ 98.106807, 4.36369 ], [ 98.106691, 4.363763 ], [ 98.106597, 4.363823 ], [ 98.106416, 4.363937 ], [ 98.106354, 4.363976 ], [ 98.106297, 4.364012 ], [ 98.105913, 4.364254 ], [ 98.105159, 4.364748 ], [ 98.105129, 4.364768 ], [ 98.104763, 4.365023 ], [ 98.104654, 4.365099 ], [ 98.104319, 4.365163 ], [ 98.103565, 4.365071 ], [ 98.103327, 4.365037 ], [ 98.10251, 4.36492 ], [ 98.102343, 4.365016 ], [ 98.102318, 4.365044 ], [ 98.102315, 4.365047 ], [ 98.102308, 4.365055 ], [ 98.102238, 4.365132 ], [ 98.102116, 4.365266 ], [ 98.101627, 4.366058 ], [ 98.101327, 4.366474 ], [ 98.101113, 4.36677 ], [ 98.100505, 4.367355 ], [ 98.100326, 4.367689 ], [ 98.100251, 4.368044 ], [ 98.10015, 4.36852 ], [ 98.100089, 4.368789 ], [ 98.099562, 4.369438 ], [ 98.099314, 4.369636 ], [ 98.099293, 4.369634 ], [ 98.099247, 4.369694 ], [ 98.099243, 4.369692 ], [ 98.09917, 4.369751 ], [ 98.098684, 4.37002 ], [ 98.097724, 4.370232 ], [ 98.095952, 4.370973 ], [ 98.095713, 4.371215 ], [ 98.095706, 4.371211 ], [ 98.095693, 4.371235 ], [ 98.095671, 4.371277 ], [ 98.095532, 4.371544 ], [ 98.095497, 4.37161 ], [ 98.094769, 4.373574 ], [ 98.094471, 4.374073 ], [ 98.093555, 4.374728 ], [ 98.093187, 4.374859 ], [ 98.092395, 4.374873 ], [ 98.091858, 4.374794 ], [ 98.091515, 4.374754 ], [ 98.091161, 4.374743 ], [ 98.090225, 4.374809 ], [ 98.089916, 4.374779 ], [ 98.089463, 4.375784 ], [ 98.089013, 4.376617 ], [ 98.088524, 4.377502 ], [ 98.087706, 4.378972 ], [ 98.087533, 4.379251 ], [ 98.087056, 4.380022 ], [ 98.086071, 4.381913 ], [ 98.085215, 4.385122 ], [ 98.084959, 4.386044 ], [ 98.084966, 4.386049 ], [ 98.086904, 4.387783 ], [ 98.088408, 4.386146 ], [ 98.089769, 4.384565 ], [ 98.090098, 4.385348 ], [ 98.090439, 4.38616 ], [ 98.090669, 4.386708 ], [ 98.091174, 4.38795 ], [ 98.091571, 4.388924 ], [ 98.091975, 4.389949 ], [ 98.092321, 4.390772 ], [ 98.093202, 4.392867 ], [ 98.092902, 4.392989 ], [ 98.092127, 4.393543 ], [ 98.091498, 4.393962 ], [ 98.090834, 4.394457 ], [ 98.090403, 4.39469 ], [ 98.091431, 4.396073 ], [ 98.091884, 4.396715 ], [ 98.092584, 4.397758 ], [ 98.092386, 4.397959 ], [ 98.092192, 4.398198 ], [ 98.091864, 4.398468 ], [ 98.092144, 4.399545 ], [ 98.092175, 4.399808 ], [ 98.092212, 4.400681 ], [ 98.091881, 4.400746 ], [ 98.091909, 4.401049 ], [ 98.091926, 4.401367 ], [ 98.092088, 4.402262 ], [ 98.092068, 4.402638 ], [ 98.091893, 4.403315 ], [ 98.091722, 4.403445 ], [ 98.091712, 4.403489 ], [ 98.091797, 4.403718 ], [ 98.09192, 4.403953 ], [ 98.092633, 4.404816 ], [ 98.092114, 4.405246 ], [ 98.092631, 4.406 ], [ 98.09254, 4.406145 ], [ 98.091946, 4.406879 ], [ 98.091115, 4.40794 ], [ 98.090854, 4.408289 ], [ 98.090466, 4.408807 ], [ 98.09064, 4.408929 ], [ 98.090886, 4.40919 ], [ 98.091609, 4.41016 ], [ 98.09184, 4.410729 ], [ 98.091963, 4.411329 ], [ 98.092117, 4.411668 ], [ 98.092363, 4.41233 ], [ 98.091585, 4.413061 ], [ 98.092188, 4.413765 ], [ 98.093404, 4.415099 ], [ 98.094546, 4.416101 ], [ 98.096721, 4.418029 ], [ 98.099779, 4.420587 ], [ 98.100671, 4.421419 ] ] ] ] } },
{ "type": "Feature", "properties": { "KEC": "KEC. KEJURUAN MUDA", "LUAS": 16294.4, "LUAS_KM": 162.94 }, "geometry": { "type": "MultiPolygon", "coordinates": [ [ [ [ 98.056457, 4.27613 ], [ 98.056459, 4.276126 ], [ 98.056477, 4.276095 ], [ 98.056584, 4.275911 ], [ 98.05667, 4.275736 ], [ 98.056777, 4.275529 ], [ 98.056812, 4.275466 ], [ 98.056898, 4.275288 ], [ 98.056939, 4.275179 ], [ 98.056984, 4.274999 ], [ 98.057043, 4.27477 ], [ 98.057114, 4.274537 ], [ 98.057168, 4.274348 ], [ 98.057213, 4.274236 ], [ 98.057245, 4.274047 ], [ 98.057271, 4.273955 ], [ 98.057341, 4.273696 ], [ 98.057357, 4.273634 ], [ 98.05742, 4.273427 ], [ 98.057469, 4.273162 ], [ 98.057492, 4.272973 ], [ 98.057474, 4.272726 ], [ 98.057442, 4.272636 ], [ 98.057411, 4.27247 ], [ 98.057388, 4.272241 ], [ 98.057375, 4.271976 ], [ 98.057391, 4.27173 ], [ 98.057361, 4.271276 ], [ 98.057391, 4.270731 ], [ 98.057452, 4.270277 ], [ 98.057603, 4.26958 ], [ 98.057651, 4.26946 ], [ 98.058011, 4.2687 ], [ 98.0583, 4.268218 ], [ 98.058845, 4.267461 ], [ 98.059087, 4.267037 ], [ 98.059057, 4.266825 ], [ 98.058784, 4.266462 ], [ 98.058391, 4.266038 ], [ 98.058088, 4.26519 ], [ 98.057755, 4.264645 ], [ 98.057543, 4.264191 ], [ 98.057391, 4.263555 ], [ 98.056998, 4.262495 ], [ 98.056853, 4.261966 ], [ 98.056922, 4.261964 ], [ 98.056936, 4.261969 ], [ 98.057391, 4.262149 ], [ 98.057438, 4.262168 ], [ 98.057917, 4.262647 ], [ 98.05908, 4.261442 ], [ 98.059608, 4.261388 ], [ 98.060381, 4.26215 ], [ 98.060891, 4.262335 ], [ 98.061094, 4.26153 ], [ 98.061123, 4.260938 ], [ 98.061065, 4.25894 ], [ 98.061064, 4.258813 ], [ 98.062826, 4.259596 ], [ 98.063712, 4.259543 ], [ 98.06465, 4.25986 ], [ 98.064841, 4.259928 ], [ 98.065175, 4.260048 ], [ 98.065534, 4.260239 ], [ 98.065994, 4.260377 ], [ 98.066449, 4.260463 ], [ 98.066791, 4.260486 ], [ 98.067384, 4.260772 ], [ 98.067883, 4.260976 ], [ 98.068374, 4.260999 ], [ 98.068712, 4.260976 ], [ 98.068885, 4.261085 ], [ 98.069294, 4.261355 ], [ 98.069726, 4.261667 ], [ 98.06985, 4.261725 ], [ 98.070419, 4.261989 ], [ 98.071028, 4.262297 ], [ 98.071223, 4.262312 ], [ 98.071916, 4.262365 ], [ 98.072747, 4.262741 ], [ 98.072816, 4.262861 ], [ 98.072887, 4.262835 ], [ 98.073234, 4.262936 ], [ 98.073614, 4.262977 ], [ 98.073914, 4.26295 ], [ 98.074141, 4.26291 ], [ 98.074381, 4.26273 ], [ 98.074768, 4.262363 ], [ 98.075412, 4.261752 ], [ 98.075812, 4.261371 ], [ 98.076073, 4.261077 ], [ 98.076246, 4.260916 ], [ 98.076436, 4.260878 ], [ 98.076795, 4.260964 ], [ 98.077102, 4.261067 ], [ 98.077443, 4.261136 ], [ 98.077818, 4.261051 ], [ 98.078296, 4.260709 ], [ 98.079013, 4.260231 ], [ 98.079491, 4.25989 ], [ 98.079576, 4.25975 ], [ 98.079688, 4.259635 ], [ 98.080054, 4.259211 ], [ 98.080382, 4.258809 ], [ 98.080679, 4.258446 ], [ 98.081118, 4.258026 ], [ 98.081597, 4.257947 ], [ 98.082086, 4.257867 ], [ 98.082502, 4.257627 ], [ 98.083085, 4.257291 ], [ 98.083504, 4.256988 ], [ 98.084032, 4.256566 ], [ 98.084444, 4.256211 ], [ 98.084717, 4.255976 ], [ 98.084925, 4.255501 ], [ 98.085084, 4.255137 ], [ 98.085171, 4.254939 ], [ 98.084526, 4.254801 ], [ 98.083711, 4.254619 ], [ 98.082997, 4.254459 ], [ 98.082234, 4.254289 ], [ 98.082028, 4.254217 ], [ 98.080993, 4.253859 ], [ 98.079898, 4.253479 ], [ 98.07866, 4.253048 ], [ 98.077305, 4.252573 ], [ 98.077106, 4.252503 ], [ 98.076827, 4.252405 ], [ 98.075625, 4.251973 ], [ 98.074638, 4.2516 ], [ 98.074418, 4.251517 ], [ 98.074202, 4.251435 ], [ 98.074026, 4.251369 ], [ 98.073513, 4.251175 ], [ 98.073197, 4.251056 ], [ 98.072717, 4.250711 ], [ 98.072243, 4.250371 ], [ 98.071738, 4.250008 ], [ 98.071538, 4.249661 ], [ 98.071276, 4.249245 ], [ 98.071023, 4.248867 ], [ 98.070682, 4.248393 ], [ 98.070528, 4.248178 ], [ 98.07031, 4.24764 ], [ 98.07011, 4.247146 ], [ 98.070088, 4.246993 ], [ 98.070012, 4.24645 ], [ 98.069959, 4.246075 ], [ 98.070011, 4.245767 ], [ 98.070151, 4.244928 ], [ 98.070233, 4.244813 ], [ 98.070732, 4.244119 ], [ 98.071285, 4.243335 ], [ 98.071724, 4.242696 ], [ 98.071858, 4.242441 ], [ 98.072144, 4.241894 ], [ 98.072419, 4.241235 ], [ 98.072672, 4.240627 ], [ 98.072971, 4.239708 ], [ 98.073292, 4.238684 ], [ 98.07337, 4.238553 ], [ 98.073579, 4.2382 ], [ 98.073903, 4.237652 ], [ 98.074263, 4.237176 ], [ 98.074472, 4.236899 ], [ 98.074741, 4.236543 ], [ 98.075171, 4.235995 ], [ 98.075702, 4.235422 ], [ 98.076079, 4.235017 ], [ 98.076553, 4.23467 ], [ 98.077071, 4.234292 ], [ 98.077278, 4.234216 ], [ 98.077885, 4.233993 ], [ 98.078215, 4.233872 ], [ 98.078396, 4.233821 ], [ 98.079085, 4.233627 ], [ 98.079702, 4.233454 ], [ 98.080526, 4.233282 ], [ 98.081341, 4.233111 ], [ 98.082032, 4.232902 ], [ 98.082599, 4.232731 ], [ 98.082799, 4.232603 ], [ 98.083379, 4.232232 ], [ 98.084228, 4.231689 ], [ 98.08437, 4.231591 ], [ 98.084505, 4.231497 ], [ 98.084976, 4.231147 ], [ 98.085609, 4.230675 ], [ 98.086012, 4.230375 ], [ 98.086179, 4.230297 ], [ 98.086866, 4.229975 ], [ 98.087232, 4.229803 ], [ 98.087846, 4.229634 ], [ 98.088591, 4.22945 ], [ 98.08913, 4.229349 ], [ 98.089748, 4.229232 ], [ 98.089915, 4.229167 ], [ 98.090629, 4.22889 ], [ 98.091121, 4.228699 ], [ 98.091379, 4.228518 ], [ 98.091884, 4.228164 ], [ 98.09203, 4.227872 ], [ 98.092128, 4.2276 ], [ 98.092212, 4.227018 ], [ 98.092266, 4.226646 ], [ 98.092326, 4.225986 ], [ 98.092354, 4.225458 ], [ 98.092396, 4.224642 ], [ 98.092422, 4.224151 ], [ 98.092504, 4.22346 ], [ 98.092546, 4.223107 ], [ 98.092597, 4.222673 ], [ 98.09271, 4.221654 ], [ 98.092811, 4.220697 ], [ 98.09287, 4.219981 ], [ 98.092916, 4.219227 ], [ 98.092963, 4.218455 ], [ 98.092928, 4.218137 ], [ 98.092829, 4.217218 ], [ 98.092774, 4.216718 ], [ 98.092698, 4.216018 ], [ 98.09263, 4.215691 ], [ 98.09252, 4.21516 ], [ 98.092494, 4.215033 ], [ 98.092403, 4.214597 ], [ 98.09235, 4.214231 ], [ 98.092339, 4.214001 ], [ 98.09232, 4.213609 ], [ 98.092511, 4.213035 ], [ 98.092685, 4.212715 ], [ 98.092931, 4.212263 ], [ 98.093298, 4.211588 ], [ 98.093631, 4.210975 ], [ 98.093925, 4.210408 ], [ 98.094113, 4.210039 ], [ 98.094387, 4.209504 ], [ 98.094574, 4.209138 ], [ 98.094643, 4.208783 ], [ 98.094741, 4.208282 ], [ 98.094842, 4.207762 ], [ 98.094843, 4.207453 ], [ 98.094843, 4.20715 ], [ 98.094777, 4.206984 ], [ 98.094666, 4.206704 ], [ 98.094539, 4.206385 ], [ 98.094393, 4.206152 ], [ 98.094347, 4.206079 ], [ 98.094196, 4.205773 ], [ 98.093851, 4.205455 ], [ 98.093768, 4.205378 ], [ 98.093283, 4.204931 ], [ 98.0932, 4.204812 ], [ 98.092901, 4.204383 ], [ 98.092608, 4.203977 ], [ 98.092111, 4.203319 ], [ 98.091798, 4.202903 ], [ 98.091724, 4.202497 ], [ 98.091608, 4.201861 ], [ 98.091528, 4.20142 ], [ 98.091509, 4.200901 ], [ 98.091509, 4.200246 ], [ 98.091529, 4.200047 ], [ 98.091551, 4.199829 ], [ 98.091584, 4.199513 ], [ 98.091656, 4.198633 ], [ 98.091685, 4.197903 ], [ 98.091567, 4.197558 ], [ 98.091419, 4.197124 ], [ 98.091267, 4.196679 ], [ 98.091191, 4.19622 ], [ 98.091306, 4.195761 ], [ 98.091526, 4.195521 ], [ 98.091726, 4.195303 ], [ 98.091955, 4.194921 ], [ 98.09192, 4.194759 ], [ 98.091804, 4.194233 ], [ 98.091666, 4.193905 ], [ 98.091385, 4.193238 ], [ 98.091182, 4.193004 ], [ 98.090853, 4.192626 ], [ 98.09068, 4.192491 ], [ 98.090228, 4.192128 ], [ 98.090036, 4.191967 ], [ 98.089493, 4.19146 ], [ 98.088738, 4.190729 ], [ 98.088014, 4.190002 ], [ 98.087358, 4.189349 ], [ 98.086767, 4.18877 ], [ 98.08617, 4.188185 ], [ 98.08584, 4.188008 ], [ 98.085489, 4.18782 ], [ 98.085027, 4.187572 ], [ 98.084719, 4.187469 ], [ 98.084341, 4.187342 ], [ 98.084062, 4.187312 ], [ 98.083617, 4.187265 ], [ 98.083448, 4.18733 ], [ 98.082776, 4.187587 ], [ 98.081946, 4.187887 ], [ 98.081098, 4.188176 ], [ 98.080577, 4.188353 ], [ 98.080298, 4.188493 ], [ 98.079676, 4.188804 ], [ 98.079054, 4.189112 ], [ 98.078622, 4.189317 ], [ 98.078073, 4.189579 ], [ 98.077636, 4.189788 ], [ 98.077153, 4.18996 ], [ 98.076344, 4.190221 ], [ 98.075391, 4.190373 ], [ 98.0744, 4.190257 ], [ 98.073828, 4.189874 ], [ 98.073219, 4.189262 ], [ 98.072522, 4.188664 ], [ 98.072191, 4.188381 ], [ 98.071499, 4.188003 ], [ 98.070858, 4.187653 ], [ 98.070192, 4.187385 ], [ 98.069715, 4.187193 ], [ 98.069071, 4.187073 ], [ 98.068686, 4.187001 ], [ 98.06833, 4.186989 ], [ 98.067467, 4.186961 ], [ 98.066578, 4.186888 ], [ 98.066057, 4.186845 ], [ 98.065237, 4.186644 ], [ 98.064669, 4.1865 ], [ 98.064118, 4.186341 ], [ 98.063732, 4.18623 ], [ 98.063386, 4.186034 ], [ 98.06314, 4.185893 ], [ 98.062856, 4.185732 ], [ 98.062702, 4.185585 ], [ 98.06254, 4.18543 ], [ 98.062298, 4.185199 ], [ 98.062095, 4.185005 ], [ 98.061985, 4.18482 ], [ 98.061831, 4.184562 ], [ 98.061753, 4.184431 ], [ 98.061736, 4.184263 ], [ 98.061715, 4.184048 ], [ 98.06179, 4.183748 ], [ 98.061959, 4.183181 ], [ 98.062029, 4.182959 ], [ 98.062098, 4.182738 ], [ 98.062271, 4.18219 ], [ 98.062765, 4.180757 ], [ 98.063211, 4.179552 ], [ 98.063621, 4.178359 ], [ 98.064091, 4.176992 ], [ 98.064498, 4.176341 ], [ 98.065045, 4.175464 ], [ 98.065611, 4.174483 ], [ 98.066191, 4.173477 ], [ 98.066354, 4.173077 ], [ 98.066791, 4.172003 ], [ 98.067003, 4.171482 ], [ 98.067109, 4.171222 ], [ 98.067643, 4.170303 ], [ 98.068063, 4.169579 ], [ 98.06828, 4.169036 ], [ 98.06881, 4.167662 ], [ 98.069281, 4.16607 ], [ 98.069643, 4.164869 ], [ 98.070018, 4.163779 ], [ 98.07065, 4.16262 ], [ 98.070935, 4.162097 ], [ 98.071584, 4.161222 ], [ 98.072125, 4.160386 ], [ 98.07231, 4.160073 ], [ 98.072463, 4.159346 ], [ 98.072396, 4.158841 ], [ 98.072312, 4.158199 ], [ 98.071968, 4.157349 ], [ 98.071635, 4.156558 ], [ 98.071392, 4.155926 ], [ 98.071096, 4.154833 ], [ 98.071133, 4.154229 ], [ 98.071174, 4.153572 ], [ 98.071381, 4.152763 ], [ 98.071595, 4.151928 ], [ 98.071671, 4.15175 ], [ 98.072131, 4.150678 ], [ 98.072785, 4.149953 ], [ 98.073543, 4.149112 ], [ 98.074264, 4.148432 ], [ 98.074878, 4.147852 ], [ 98.07526, 4.147011 ], [ 98.075185, 4.146285 ], [ 98.075074, 4.145974 ], [ 98.074843, 4.145329 ], [ 98.074272, 4.144602 ], [ 98.073777, 4.144104 ], [ 98.07294, 4.143491 ], [ 98.072548, 4.14331 ], [ 98.072025, 4.14307 ], [ 98.071422, 4.14271 ], [ 98.070487, 4.142145 ], [ 98.069776, 4.141705 ], [ 98.069131, 4.141307 ], [ 98.068746, 4.141029 ], [ 98.067113, 4.139852 ], [ 98.066163, 4.139264 ], [ 98.065228, 4.138685 ], [ 98.064323, 4.138136 ], [ 98.063439, 4.137645 ], [ 98.063234, 4.137596 ], [ 98.062894, 4.137514 ], [ 98.062344, 4.137409 ], [ 98.06169, 4.137344 ], [ 98.061156, 4.137244 ], [ 98.060009, 4.137144 ], [ 98.059379, 4.137175 ], [ 98.058485, 4.137218 ], [ 98.057593, 4.137121 ], [ 98.056998, 4.136993 ], [ 98.055927, 4.136713 ], [ 98.055208, 4.136526 ], [ 98.055046, 4.136428 ], [ 98.054637, 4.136182 ], [ 98.054256, 4.135761 ], [ 98.054193, 4.13556 ], [ 98.054028, 4.135034 ], [ 98.053953, 4.134551 ], [ 98.053915, 4.134307 ], [ 98.053954, 4.13414 ], [ 98.054068, 4.133658 ], [ 98.054303, 4.13308 ], [ 98.054488, 4.132626 ], [ 98.054832, 4.132091 ], [ 98.055366, 4.131747 ], [ 98.055633, 4.131365 ], [ 98.055682, 4.131074 ], [ 98.055748, 4.130677 ], [ 98.055597, 4.130104 ], [ 98.055545, 4.129557 ], [ 98.055484, 4.128918 ], [ 98.055561, 4.127771 ], [ 98.055452, 4.127191 ], [ 98.055217, 4.125945 ], [ 98.054838, 4.124568 ], [ 98.054539, 4.123249 ], [ 98.054184, 4.121688 ], [ 98.053778, 4.119931 ], [ 98.053304, 4.117774 ], [ 98.053185, 4.117162 ], [ 98.053056, 4.116499 ], [ 98.052984, 4.115751 ], [ 98.052868, 4.114549 ], [ 98.052844, 4.113857 ], [ 98.052831, 4.113478 ], [ 98.053017, 4.112735 ], [ 98.053324, 4.111605 ], [ 98.053492, 4.111077 ], [ 98.053748, 4.110276 ], [ 98.053298, 4.110504 ], [ 98.05248, 4.110918 ], [ 98.051, 4.111667 ], [ 98.050513, 4.111855 ], [ 98.050496, 4.111862 ], [ 98.049767, 4.112143 ], [ 98.049566, 4.11222 ], [ 98.049122, 4.112657 ], [ 98.049102, 4.112865 ], [ 98.049067, 4.113235 ], [ 98.049051, 4.113404 ], [ 98.048772, 4.11441 ], [ 98.048385, 4.115455 ], [ 98.048241, 4.116067 ], [ 98.048007, 4.116714 ], [ 98.047277, 4.118616 ], [ 98.046297, 4.120553 ], [ 98.045388, 4.122786 ], [ 98.044371, 4.125757 ], [ 98.044371, 4.125982 ], [ 98.043975, 4.126918 ], [ 98.04391, 4.128063 ], [ 98.043136, 4.130052 ], [ 98.042892, 4.131134 ], [ 98.042488, 4.131763 ], [ 98.042092, 4.132718 ], [ 98.041786, 4.133422 ], [ 98.041597, 4.134384 ], [ 98.041236, 4.135358 ], [ 98.04048, 4.137061 ], [ 98.039194, 4.140119 ], [ 98.038013, 4.144714 ], [ 98.037697, 4.146624 ], [ 98.036803, 4.150326 ], [ 98.035327, 4.153891 ], [ 98.034505, 4.156747 ], [ 98.034065, 4.157538 ], [ 98.033571, 4.158104 ], [ 98.032842, 4.159492 ], [ 98.030984, 4.162133 ], [ 98.027796, 4.166627 ], [ 98.027196, 4.167528 ], [ 98.026693, 4.168358 ], [ 98.026345, 4.168151 ], [ 98.026012, 4.168071 ], [ 98.025501, 4.167941 ], [ 98.025058, 4.167702 ], [ 98.024678, 4.167384 ], [ 98.024393, 4.167113 ], [ 98.023997, 4.166859 ], [ 98.023474, 4.166635 ], [ 98.02311, 4.166555 ], [ 98.02284, 4.166619 ], [ 98.022618, 4.166873 ], [ 98.022428, 4.167238 ], [ 98.022079, 4.16754 ], [ 98.021888, 4.167762 ], [ 98.021603, 4.168016 ], [ 98.021349, 4.168047 ], [ 98.021096, 4.168031 ], [ 98.021016, 4.167952 ], [ 98.020953, 4.167761 ], [ 98.020954, 4.167506 ], [ 98.020954, 4.166918 ], [ 98.020891, 4.166178 ], [ 98.020843, 4.165844 ], [ 98.020701, 4.165383 ], [ 98.020433, 4.164953 ], [ 98.020132, 4.164556 ], [ 98.019879, 4.164237 ], [ 98.019657, 4.163871 ], [ 98.019531, 4.163569 ], [ 98.019421, 4.163076 ], [ 98.019294, 4.162806 ], [ 98.019088, 4.162758 ], [ 98.018914, 4.162774 ], [ 98.018771, 4.162869 ], [ 98.018631, 4.163276 ], [ 98.018246, 4.164011 ], [ 98.017959, 4.164446 ], [ 98.017468, 4.164963 ], [ 98.017029, 4.165235 ], [ 98.016616, 4.165247 ], [ 98.01619, 4.165065 ], [ 98.015558, 4.16487 ], [ 98.015016, 4.164831 ], [ 98.014693, 4.164869 ], [ 98.014293, 4.164998 ], [ 98.013777, 4.165257 ], [ 98.013196, 4.165437 ], [ 98.012705, 4.165566 ], [ 98.012292, 4.165591 ], [ 98.012085, 4.165513 ], [ 98.011982, 4.165332 ], [ 98.012022, 4.164983 ], [ 98.012293, 4.164491 ], [ 98.012617, 4.163947 ], [ 98.012759, 4.163533 ], [ 98.012824, 4.163262 ], [ 98.012773, 4.162808 ], [ 98.012591, 4.162454 ], [ 98.012308, 4.161922 ], [ 98.012024, 4.161534 ], [ 98.011741, 4.160964 ], [ 98.011658, 4.160402 ], [ 98.011545, 4.159902 ], [ 98.011316, 4.159431 ], [ 98.011343, 4.158732 ], [ 98.011383, 4.157878 ], [ 98.011448, 4.157127 ], [ 98.011514, 4.156745 ], [ 98.01163, 4.15646 ], [ 98.011863, 4.156331 ], [ 98.012172, 4.15628 ], [ 98.012792, 4.156229 ], [ 98.013838, 4.156217 ], [ 98.014922, 4.156348 ], [ 98.015657, 4.156413 ], [ 98.016005, 4.156556 ], [ 98.016277, 4.156518 ], [ 98.016612, 4.156324 ], [ 98.017091, 4.1556 ], [ 98.017682, 4.154637 ], [ 98.017914, 4.154129 ], [ 98.018514, 4.152863 ], [ 98.018659, 4.152267 ], [ 98.018644, 4.151639 ], [ 98.018516, 4.150931 ], [ 98.018276, 4.150045 ], [ 98.017906, 4.148948 ], [ 98.017435, 4.14764 ], [ 98.016963, 4.14649 ], [ 98.016821, 4.146116 ], [ 98.016391, 4.145656 ], [ 98.015962, 4.145225 ], [ 98.015719, 4.145038 ], [ 98.015504, 4.145052 ], [ 98.015318, 4.145123 ], [ 98.015002, 4.145353 ], [ 98.0143, 4.145869 ], [ 98.013414, 4.146674 ], [ 98.012535, 4.147394 ], [ 98.01199, 4.14804 ], [ 98.011504, 4.14876 ], [ 98.011071, 4.149289 ], [ 98.010856, 4.149475 ], [ 98.010656, 4.149533 ], [ 98.010311, 4.149421 ], [ 98.010024, 4.149235 ], [ 98.009557, 4.148678 ], [ 98.00915, 4.147887 ], [ 98.008715, 4.146596 ], [ 98.008432, 4.145589 ], [ 98.008015, 4.144783 ], [ 98.007614, 4.14443 ], [ 98.006794, 4.143959 ], [ 98.006209, 4.143539 ], [ 98.005638, 4.143265 ], [ 98.005292, 4.143279 ], [ 98.005045, 4.143341 ], [ 98.004922, 4.143427 ], [ 98.004823, 4.143612 ], [ 98.004823, 4.143822 ], [ 98.004897, 4.143958 ], [ 98.005157, 4.144254 ], [ 98.004923, 4.144188 ], [ 98.004442, 4.14403 ], [ 98.004045, 4.143914 ], [ 98.00363, 4.143788 ], [ 98.00132, 4.142879 ], [ 97.996801, 4.141218 ], [ 97.996715, 4.141131 ], [ 97.996604, 4.141168 ], [ 97.996493, 4.141292 ], [ 97.996406, 4.14134 ], [ 97.99637, 4.141477 ], [ 97.996197, 4.141761 ], [ 97.995913, 4.141909 ], [ 97.99563, 4.141995 ], [ 97.995396, 4.142073 ], [ 97.9953, 4.142198 ], [ 97.99522, 4.14233 ], [ 97.995073, 4.142418 ], [ 97.994897, 4.142477 ], [ 97.994766, 4.142491 ], [ 97.994502, 4.142476 ], [ 97.994136, 4.142446 ], [ 97.994023, 4.142462 ], [ 97.993649, 4.142513 ], [ 97.993195, 4.142513 ], [ 97.992976, 4.142512 ], [ 97.992925, 4.142468 ], [ 97.992852, 4.14238 ], [ 97.992595, 4.142291 ], [ 97.992237, 4.142195 ], [ 97.992112, 4.142203 ], [ 97.991995, 4.142232 ], [ 97.991914, 4.142349 ], [ 97.991834, 4.142525 ], [ 97.991782, 4.142694 ], [ 97.991701, 4.142753 ], [ 97.991534, 4.142755 ], [ 97.991343, 4.142697 ], [ 97.990995, 4.142615 ], [ 97.990642, 4.142502 ], [ 97.990299, 4.142382 ], [ 97.989942, 4.142173 ], [ 97.989638, 4.141971 ], [ 97.989333, 4.141757 ], [ 97.989091, 4.141812 ], [ 97.988971, 4.141916 ], [ 97.988896, 4.142096 ], [ 97.988836, 4.14232 ], [ 97.988836, 4.14259 ], [ 97.988851, 4.142844 ], [ 97.98894, 4.143084 ], [ 97.989148, 4.143473 ], [ 97.989208, 4.143713 ], [ 97.989297, 4.143982 ], [ 97.98938, 4.144308 ], [ 97.989519, 4.145276 ], [ 97.989489, 4.145572 ], [ 97.987783, 4.147459 ], [ 97.986209, 4.149494 ], [ 97.984824, 4.151289 ], [ 97.984233, 4.151929 ], [ 97.984078, 4.152147 ], [ 97.984003, 4.152338 ], [ 97.983989, 4.152536 ], [ 97.984016, 4.152692 ], [ 97.983741, 4.154789 ], [ 97.983658, 4.154839 ], [ 97.983456, 4.154943 ], [ 97.983275, 4.155089 ], [ 97.98315, 4.155239 ], [ 97.983049, 4.155422 ], [ 97.983016, 4.155681 ], [ 97.983024, 4.155982 ], [ 97.983032, 4.156249 ], [ 97.982965, 4.156499 ], [ 97.982865, 4.15665 ], [ 97.982706, 4.156783 ], [ 97.982531, 4.156875 ], [ 97.982357, 4.15695 ], [ 97.982207, 4.157041 ], [ 97.98214, 4.157205 ], [ 97.982148, 4.157564 ], [ 97.982164, 4.157915 ], [ 97.982213, 4.158307 ], [ 97.982263, 4.158566 ], [ 97.982321, 4.158809 ], [ 97.98232, 4.159026 ], [ 97.982287, 4.159168 ], [ 97.982129, 4.159343 ], [ 97.981995, 4.159459 ], [ 97.98182, 4.159543 ], [ 97.981608, 4.15968 ], [ 97.98145, 4.159797 ], [ 97.981333, 4.159888 ], [ 97.981158, 4.159997 ], [ 97.981025, 4.16003 ], [ 97.980767, 4.16008 ], [ 97.980525, 4.160096 ], [ 97.980276, 4.160146 ], [ 97.980009, 4.160137 ], [ 97.979785, 4.16012 ], [ 97.97961, 4.160145 ], [ 97.979277, 4.160295 ], [ 97.978985, 4.160428 ], [ 97.978835, 4.160536 ], [ 97.978677, 4.160645 ], [ 97.978469, 4.160786 ], [ 97.978244, 4.160903 ], [ 97.978044, 4.161011 ], [ 97.977902, 4.161128 ], [ 97.97781, 4.161261 ], [ 97.977719, 4.161436 ], [ 97.977552, 4.161603 ], [ 97.977332, 4.1618 ], [ 97.977082, 4.161992 ], [ 97.976957, 4.162175 ], [ 97.976707, 4.16235 ], [ 97.976574, 4.162442 ], [ 97.976349, 4.162542 ], [ 97.976024, 4.162683 ], [ 97.975641, 4.16295 ], [ 97.975466, 4.163084 ], [ 97.975374, 4.163267 ], [ 97.975282, 4.163568 ], [ 97.97514, 4.163951 ], [ 97.975073, 4.164143 ], [ 97.975003, 4.164231 ], [ 97.974828, 4.164389 ], [ 97.974628, 4.164489 ], [ 97.974195, 4.164706 ], [ 97.973737, 4.164914 ], [ 97.973504, 4.165097 ], [ 97.973112, 4.165481 ], [ 97.97287, 4.165714 ], [ 97.972662, 4.165939 ], [ 97.97247, 4.166073 ], [ 97.972121, 4.166214 ], [ 97.971934, 4.166247 ], [ 97.97175, 4.166197 ], [ 97.971551, 4.166105 ], [ 97.97126, 4.165946 ], [ 97.970877, 4.165778 ], [ 97.970578, 4.165594 ], [ 97.970045, 4.165343 ], [ 97.969829, 4.165242 ], [ 97.969629, 4.165209 ], [ 97.969421, 4.1652 ], [ 97.969155, 4.165225 ], [ 97.968863, 4.165241 ], [ 97.968688, 4.165233 ], [ 97.968497, 4.165149 ], [ 97.968264, 4.16494 ], [ 97.968156, 4.164773 ], [ 97.968132, 4.164514 ], [ 97.968157, 4.164347 ], [ 97.968149, 4.164188 ], [ 97.968065, 4.163957 ], [ 97.96794, 4.163723 ], [ 97.967765, 4.163589 ], [ 97.967607, 4.163547 ], [ 97.967391, 4.163547 ], [ 97.967108, 4.163538 ], [ 97.966908, 4.16358 ], [ 97.966758, 4.163546 ], [ 97.966625, 4.163479 ], [ 97.966434, 4.163395 ], [ 97.966259, 4.163337 ], [ 97.966068, 4.163336 ], [ 97.965752, 4.163305 ], [ 97.96531, 4.163297 ], [ 97.964882, 4.163296 ], [ 97.964371, 4.16332 ], [ 97.964062, 4.163307 ], [ 97.963646, 4.163223 ], [ 97.963136, 4.163163 ], [ 97.962518, 4.163115 ], [ 97.9619, 4.163102 ], [ 97.961543, 4.163113 ], [ 97.961365, 4.163065 ], [ 97.960546, 4.162337 ], [ 97.960297, 4.162265 ], [ 97.959964, 4.162146 ], [ 97.959584, 4.162086 ], [ 97.959287, 4.162026 ], [ 97.959085, 4.162001 ], [ 97.958861, 4.162031 ], [ 97.95776, 4.173675 ], [ 97.95743, 4.181613 ], [ 97.955691, 4.189716 ], [ 97.9554, 4.189952 ], [ 97.955279, 4.19009 ], [ 97.955145, 4.190244 ], [ 97.954915, 4.190445 ], [ 97.954638, 4.190667 ], [ 97.953657, 4.193031 ], [ 97.953366, 4.194426 ], [ 97.953129, 4.196807 ], [ 97.953043, 4.197167 ], [ 97.953003, 4.197326 ], [ 97.952894, 4.197524 ], [ 97.952745, 4.197821 ], [ 97.952688, 4.197933 ], [ 97.952566, 4.198088 ], [ 97.952388, 4.198227 ], [ 97.952014, 4.198593 ], [ 97.951656, 4.198945 ], [ 97.951376, 4.19914 ], [ 97.951211, 4.199243 ], [ 97.950669, 4.200006 ], [ 97.950321, 4.200646 ], [ 97.95026, 4.200814 ], [ 97.950265, 4.201006 ], [ 97.950333, 4.20141 ], [ 97.950431, 4.201741 ], [ 97.950524, 4.202062 ], [ 97.950538, 4.202279 ], [ 97.950493, 4.202498 ], [ 97.950432, 4.202594 ], [ 97.95037, 4.202803 ], [ 97.950268, 4.203107 ], [ 97.950194, 4.203342 ], [ 97.950101, 4.203645 ], [ 97.95007, 4.203768 ], [ 97.95007, 4.203922 ], [ 97.950069, 4.20411 ], [ 97.950097, 4.204386 ], [ 97.95009, 4.204725 ], [ 97.950062, 4.205018 ], [ 97.950043, 4.205234 ], [ 97.950046, 4.205317 ], [ 97.950062, 4.205379 ], [ 97.950178, 4.205595 ], [ 97.950369, 4.205892 ], [ 97.950429, 4.206008 ], [ 97.950429, 4.206133 ], [ 97.950397, 4.206294 ], [ 97.950351, 4.206473 ], [ 97.950316, 4.206648 ], [ 97.950254, 4.207222 ], [ 97.950242, 4.207399 ], [ 97.950225, 4.207563 ], [ 97.95016, 4.207864 ], [ 97.950102, 4.208306 ], [ 97.949971, 4.209031 ], [ 97.949891, 4.209553 ], [ 97.949859, 4.209638 ], [ 97.949783, 4.20979 ], [ 97.949591, 4.210162 ], [ 97.949461, 4.21051 ], [ 97.949323, 4.210898 ], [ 97.949095, 4.211369 ], [ 97.949015, 4.211628 ], [ 97.948858, 4.211949 ], [ 97.948782, 4.212309 ], [ 97.948683, 4.212648 ], [ 97.948483, 4.212902 ], [ 97.948318, 4.213004 ], [ 97.948237, 4.213198 ], [ 97.948148, 4.213475 ], [ 97.947964, 4.213966 ], [ 97.947844, 4.21439 ], [ 97.947786, 4.21469 ], [ 97.948156, 4.217493 ], [ 97.948177, 4.222505 ], [ 97.971159, 4.233565 ], [ 97.973941, 4.23417 ], [ 97.975272, 4.233807 ], [ 97.979626, 4.232115 ], [ 97.981199, 4.232296 ], [ 97.981803, 4.232961 ], [ 97.982845, 4.25142 ], [ 97.98345, 4.251964 ], [ 97.984902, 4.252146 ], [ 97.987442, 4.252448 ], [ 97.991736, 4.25281 ], [ 97.992643, 4.253112 ], [ 97.994397, 4.25414 ], [ 97.996514, 4.255167 ], [ 97.999235, 4.256073 ], [ 98.001352, 4.256799 ], [ 98.012519, 4.260129 ], [ 98.015724, 4.260915 ], [ 98.018985, 4.261515 ], [ 98.019314, 4.261274 ], [ 98.019834, 4.260897 ], [ 98.020109, 4.260693 ], [ 98.020476, 4.260489 ], [ 98.020843, 4.260224 ], [ 98.021301, 4.26 ], [ 98.021871, 4.260123 ], [ 98.022696, 4.260308 ], [ 98.023024, 4.260349 ], [ 98.023324, 4.260244 ], [ 98.023576, 4.260218 ], [ 98.023724, 4.26014 ], [ 98.023881, 4.260079 ], [ 98.024054, 4.260053 ], [ 98.02428, 4.260097 ], [ 98.024663, 4.260158 ], [ 98.025106, 4.260229 ], [ 98.025375, 4.260299 ], [ 98.025766, 4.260395 ], [ 98.026244, 4.260509 ], [ 98.026827, 4.260553 ], [ 98.027235, 4.260676 ], [ 98.027495, 4.260781 ], [ 98.027652, 4.260807 ], [ 98.027913, 4.26086 ], [ 98.028078, 4.261017 ], [ 98.028216, 4.261192 ], [ 98.028472, 4.261228 ], [ 98.028567, 4.261359 ], [ 98.028558, 4.261463 ], [ 98.02927, 4.261839 ], [ 98.030104, 4.262267 ], [ 98.030184, 4.262369 ], [ 98.030244, 4.26254 ], [ 98.030281, 4.262699 ], [ 98.030305, 4.262828 ], [ 98.030506, 4.26295 ], [ 98.030634, 4.262963 ], [ 98.030695, 4.262987 ], [ 98.031305, 4.263061 ], [ 98.031609, 4.263141 ], [ 98.031821, 4.263266 ], [ 98.032126, 4.263478 ], [ 98.032252, 4.26355 ], [ 98.032319, 4.263597 ], [ 98.032482, 4.26361 ], [ 98.032665, 4.263624 ], [ 98.032815, 4.263631 ], [ 98.032908, 4.263641 ], [ 98.032968, 4.263674 ], [ 98.032991, 4.263708 ], [ 98.033115, 4.263715 ], [ 98.033118, 4.263716 ], [ 98.033553, 4.263813 ], [ 98.033959, 4.263863 ], [ 98.034202, 4.263847 ], [ 98.034397, 4.263896 ], [ 98.034575, 4.264108 ], [ 98.034689, 4.264222 ], [ 98.0349, 4.264271 ], [ 98.034979, 4.264276 ], [ 98.03516, 4.264288 ], [ 98.035387, 4.264386 ], [ 98.03555, 4.264602 ], [ 98.038046, 4.26543 ], [ 98.038848, 4.265726 ], [ 98.039061, 4.265746 ], [ 98.039244, 4.265747 ], [ 98.039355, 4.265828 ], [ 98.039409, 4.265973 ], [ 98.039967, 4.266076 ], [ 98.04019, 4.266168 ], [ 98.040383, 4.266229 ], [ 98.040708, 4.266351 ], [ 98.041053, 4.266332 ], [ 98.041246, 4.266362 ], [ 98.041469, 4.266526 ], [ 98.041773, 4.266801 ], [ 98.042057, 4.266923 ], [ 98.042291, 4.267015 ], [ 98.04229, 4.267199 ], [ 98.042534, 4.267341 ], [ 98.04296, 4.267546 ], [ 98.043241, 4.267735 ], [ 98.04352, 4.267978 ], [ 98.043685, 4.268112 ], [ 98.043907, 4.268156 ], [ 98.044154, 4.268214 ], [ 98.044357, 4.268316 ], [ 98.044503, 4.268724 ], [ 98.044623, 4.268972 ], [ 98.044802, 4.269146 ], [ 98.044849, 4.269139 ], [ 98.045077, 4.269201 ], [ 98.045607, 4.269431 ], [ 98.04596, 4.269692 ], [ 98.046188, 4.269943 ], [ 98.04624, 4.269974 ], [ 98.046365, 4.270058 ], [ 98.046396, 4.270131 ], [ 98.046375, 4.270245 ], [ 98.046416, 4.270329 ], [ 98.046499, 4.27036 ], [ 98.046541, 4.270433 ], [ 98.046561, 4.270506 ], [ 98.046624, 4.270579 ], [ 98.046728, 4.270621 ], [ 98.046842, 4.270642 ], [ 98.046977, 4.270704 ], [ 98.047018, 4.270777 ], [ 98.046977, 4.270861 ], [ 98.046924, 4.270954 ], [ 98.046924, 4.271059 ], [ 98.047039, 4.27109 ], [ 98.047133, 4.271072 ], [ 98.047289, 4.271135 ], [ 98.047559, 4.271312 ], [ 98.047715, 4.271354 ], [ 98.047881, 4.271271 ], [ 98.048078, 4.271448 ], [ 98.048327, 4.271584 ], [ 98.048701, 4.271762 ], [ 98.049118, 4.271921 ], [ 98.049398, 4.272026 ], [ 98.049564, 4.272068 ], [ 98.049699, 4.272099 ], [ 98.049886, 4.272099 ], [ 98.049969, 4.272131 ], [ 98.049969, 4.272224 ], [ 98.04999, 4.272391 ], [ 98.05026, 4.27261 ], [ 98.050436, 4.272788 ], [ 98.050592, 4.272829 ], [ 98.050737, 4.272819 ], [ 98.050872, 4.27283 ], [ 98.051038, 4.272997 ], [ 98.051459, 4.273147 ], [ 98.051791, 4.273355 ], [ 98.052352, 4.273564 ], [ 98.052591, 4.27369 ], [ 98.052778, 4.27369 ], [ 98.052934, 4.273722 ], [ 98.052986, 4.273847 ], [ 98.053068, 4.274149 ], [ 98.053255, 4.274295 ], [ 98.053453, 4.274327 ], [ 98.053785, 4.274483 ], [ 98.054325, 4.274817 ], [ 98.054771, 4.275172 ], [ 98.055103, 4.275443 ], [ 98.055466, 4.275715 ], [ 98.055954, 4.27583 ], [ 98.056324, 4.275969 ], [ 98.056328, 4.275971 ], [ 98.056455, 4.276132 ], [ 98.056457, 4.27613 ] ] ] ] } },
{ "type": "Feature", "properties": { "KEC": "KEC. SERUWAY", "LUAS": 16712.07, "LUAS_KM": 167.12 }, "geometry": { "type": "MultiPolygon", "coordinates": [ [ [ [ 98.120691, 4.365168 ], [ 98.121713, 4.365105 ], [ 98.122821, 4.365291 ], [ 98.123991, 4.365787 ], [ 98.124249, 4.367728 ], [ 98.124418, 4.369433 ], [ 98.125443, 4.371244 ], [ 98.126633, 4.372092 ], [ 98.127926, 4.37302 ], [ 98.129247, 4.373875 ], [ 98.130555, 4.374263 ], [ 98.131847, 4.374309 ], [ 98.132654, 4.374139 ], [ 98.133122, 4.373671 ], [ 98.133165, 4.37299 ], [ 98.133082, 4.371754 ], [ 98.132956, 4.370689 ], [ 98.132787, 4.369496 ], [ 98.132788, 4.368389 ], [ 98.132829, 4.367275 ], [ 98.132924, 4.366726 ], [ 98.133514, 4.365812 ], [ 98.134451, 4.365813 ], [ 98.135939, 4.366658 ], [ 98.137692, 4.367105 ], [ 98.139554, 4.367348 ], [ 98.141393, 4.367862 ], [ 98.143561, 4.368997 ], [ 98.145713, 4.370027 ], [ 98.146738, 4.36986 ], [ 98.147106, 4.369122 ], [ 98.146992, 4.366547 ], [ 98.146723, 4.364073 ], [ 98.147521, 4.361599 ], [ 98.149299, 4.360343 ], [ 98.151306, 4.360133 ], [ 98.15307, 4.360889 ], [ 98.154628, 4.362844 ], [ 98.155507, 4.364837 ], [ 98.156263, 4.366434 ], [ 98.156935, 4.367106 ], [ 98.157859, 4.366938 ], [ 98.159287, 4.364249 ], [ 98.161724, 4.360469 ], [ 98.163824, 4.357865 ], [ 98.167016, 4.355134 ], [ 98.169957, 4.353874 ], [ 98.172561, 4.354462 ], [ 98.173737, 4.355975 ], [ 98.173989, 4.357487 ], [ 98.172897, 4.358663 ], [ 98.171637, 4.360259 ], [ 98.171133, 4.361939 ], [ 98.170797, 4.363955 ], [ 98.171889, 4.3653 ], [ 98.172981, 4.36614 ], [ 98.174913, 4.366308 ], [ 98.177097, 4.365636 ], [ 98.179282, 4.364124 ], [ 98.17987, 4.361267 ], [ 98.18029, 4.358075 ], [ 98.180626, 4.356227 ], [ 98.18155, 4.355135 ], [ 98.18323, 4.354967 ], [ 98.185163, 4.356143 ], [ 98.186339, 4.358579 ], [ 98.187263, 4.360763 ], [ 98.187851, 4.363704 ], [ 98.188355, 4.368492 ], [ 98.188019, 4.370761 ], [ 98.187431, 4.372609 ], [ 98.187515, 4.373785 ], [ 98.189111, 4.374289 ], [ 98.190539, 4.374121 ], [ 98.193648, 4.372609 ], [ 98.197092, 4.371769 ], [ 98.200789, 4.370928 ], [ 98.204569, 4.37202 ], [ 98.205409, 4.372777 ], [ 98.205829, 4.375129 ], [ 98.204905, 4.377061 ], [ 98.202133, 4.378069 ], [ 98.199544, 4.378604 ], [ 98.197344, 4.378825 ], [ 98.196208, 4.378926 ], [ 98.195328, 4.379162 ], [ 98.194406, 4.379812 ], [ 98.19385, 4.380582 ], [ 98.193664, 4.381266 ], [ 98.193692, 4.381823 ], [ 98.194246, 4.382751 ], [ 98.194729, 4.383223 ], [ 98.195526, 4.383537 ], [ 98.196621, 4.383867 ], [ 98.1981, 4.3839 ], [ 98.199823, 4.383899 ], [ 98.200873, 4.383782 ], [ 98.202553, 4.384034 ], [ 98.203813, 4.385798 ], [ 98.203852, 4.386537 ], [ 98.203897, 4.387394 ], [ 98.202973, 4.390335 ], [ 98.202721, 4.391343 ], [ 98.203057, 4.392687 ], [ 98.204149, 4.393023 ], [ 98.20751, 4.391343 ], [ 98.211274, 4.391048 ], [ 98.212382, 4.392015 ], [ 98.214314, 4.395291 ], [ 98.214735, 4.396804 ], [ 98.215575, 4.39819 ], [ 98.216499, 4.397938 ], [ 98.217796, 4.396337 ], [ 98.219065, 4.397052 ], [ 98.218684, 4.39774 ], [ 98.21828, 4.399191 ], [ 98.218375, 4.400167 ], [ 98.218755, 4.400976 ], [ 98.219691, 4.401382 ], [ 98.22196, 4.401634 ], [ 98.223892, 4.401214 ], [ 98.225152, 4.40029 ], [ 98.226412, 4.398358 ], [ 98.227252, 4.396258 ], [ 98.22742, 4.394073 ], [ 98.227672, 4.391385 ], [ 98.227504, 4.389957 ], [ 98.227257, 4.389117 ], [ 98.226655, 4.388269 ], [ 98.226322, 4.387365 ], [ 98.226084, 4.386413 ], [ 98.226179, 4.385747 ], [ 98.226832, 4.385084 ], [ 98.227924, 4.384748 ], [ 98.229268, 4.384412 ], [ 98.229716, 4.384369 ], [ 98.230748, 4.384557 ], [ 98.232176, 4.385033 ], [ 98.23515, 4.386556 ], [ 98.235959, 4.387151 ], [ 98.236625, 4.388055 ], [ 98.237159, 4.388899 ], [ 98.237291, 4.389726 ], [ 98.236824, 4.391655 ], [ 98.235745, 4.393909 ], [ 98.235435, 4.395075 ], [ 98.235483, 4.395884 ], [ 98.235911, 4.396502 ], [ 98.23634, 4.396574 ], [ 98.236863, 4.396359 ], [ 98.237628, 4.396027 ], [ 98.238888, 4.395439 ], [ 98.2404, 4.395607 ], [ 98.240959, 4.395903 ], [ 98.241455, 4.396526 ], [ 98.242098, 4.397859 ], [ 98.242598, 4.399215 ], [ 98.24305, 4.401285 ], [ 98.243676, 4.402496 ], [ 98.244406, 4.403379 ], [ 98.24531, 4.403998 ], [ 98.247, 4.40483 ], [ 98.248713, 4.405497 ], [ 98.249955, 4.405785 ], [ 98.249955, 4.405786 ], [ 98.250621, 4.40623 ], [ 98.251636, 4.406906 ], [ 98.253684, 4.407907 ], [ 98.254682, 4.408377 ], [ 98.255226, 4.408785 ], [ 98.257034, 4.410141 ], [ 98.258945, 4.411564 ], [ 98.259801, 4.411469 ], [ 98.260586, 4.411445 ], [ 98.261776, 4.410755 ], [ 98.26299, 4.410327 ], [ 98.264322, 4.410327 ], [ 98.265512, 4.410755 ], [ 98.266464, 4.411778 ], [ 98.270628, 4.415038 ], [ 98.274459, 4.418465 ], [ 98.276148, 4.419678 ], [ 98.278052, 4.421485 ], [ 98.278123, 4.421389 ], [ 98.278943, 4.420815 ], [ 98.280038, 4.42013 ], [ 98.280355, 4.420121 ], [ 98.280863, 4.420081 ], [ 98.281385, 4.420014 ], [ 98.282, 4.419867 ], [ 98.282548, 4.419693 ], [ 98.282745, 4.4196 ], [ 98.282802, 4.419573 ], [ 98.282882, 4.419466 ], [ 98.282949, 4.419292 ], [ 98.283056, 4.419118 ], [ 98.283243, 4.418984 ], [ 98.283564, 4.418824 ], [ 98.283698, 4.418664 ], [ 98.283831, 4.41861 ], [ 98.284059, 4.418623 ], [ 98.28454, 4.41857 ], [ 98.284767, 4.418597 ], [ 98.284914, 4.41861 ], [ 98.285021, 4.41853 ], [ 98.285102, 4.418423 ], [ 98.285102, 4.418249 ], [ 98.285088, 4.418022 ], [ 98.285021, 4.417661 ], [ 98.285035, 4.416718 ], [ 98.285142, 4.414954 ], [ 98.284982, 4.41236 ], [ 98.284928, 4.410675 ], [ 98.284661, 4.41014 ], [ 98.284584, 4.410058 ], [ 98.284497, 4.410034 ], [ 98.284377, 4.410063 ], [ 98.284276, 4.410227 ], [ 98.284174, 4.410415 ], [ 98.284121, 4.410569 ], [ 98.284121, 4.410868 ], [ 98.284113, 4.411064 ], [ 98.284113, 4.411067 ], [ 98.284112, 4.4111 ], [ 98.284107, 4.411621 ], [ 98.284046, 4.411745 ], [ 98.284017, 4.411745 ], [ 98.283725, 4.411745 ], [ 98.283511, 4.411584 ], [ 98.283083, 4.411317 ], [ 98.282709, 4.410943 ], [ 98.282575, 4.410648 ], [ 98.282474, 4.409395 ], [ 98.282448, 4.409034 ], [ 98.282401, 4.40886 ], [ 98.282254, 4.408633 ], [ 98.28204, 4.408406 ], [ 98.281779, 4.408078 ], [ 98.281565, 4.40775 ], [ 98.281532, 4.407637 ], [ 98.281619, 4.407376 ], [ 98.281719, 4.407139 ], [ 98.281733, 4.406865 ], [ 98.281719, 4.406638 ], [ 98.281719, 4.406156 ], [ 98.281799, 4.405809 ], [ 98.281799, 4.405541 ], [ 98.281733, 4.405287 ], [ 98.281679, 4.40514 ], [ 98.281692, 4.404739 ], [ 98.281626, 4.404378 ], [ 98.281425, 4.404164 ], [ 98.281425, 4.404017 ], [ 98.281559, 4.40387 ], [ 98.281733, 4.403709 ], [ 98.281839, 4.403495 ], [ 98.281839, 4.403322 ], [ 98.281719, 4.402914 ], [ 98.281452, 4.401965 ], [ 98.281411, 4.401096 ], [ 98.281171, 4.400273 ], [ 98.281111, 4.400139 ], [ 98.281104, 4.399972 ], [ 98.281171, 4.399645 ], [ 98.281285, 4.399398 ], [ 98.281312, 4.39923 ], [ 98.281138, 4.399144 ], [ 98.280904, 4.399103 ], [ 98.280783, 4.39908 ], [ 98.280717, 4.398973 ], [ 98.280636, 4.39884 ], [ 98.28065, 4.398719 ], [ 98.280703, 4.398612 ], [ 98.280623, 4.398545 ], [ 98.280409, 4.398545 ], [ 98.280262, 4.398492 ], [ 98.280182, 4.398305 ], [ 98.280088, 4.398011 ], [ 98.279861, 4.397864 ], [ 98.279513, 4.397823 ], [ 98.279219, 4.39785 ], [ 98.278952, 4.397957 ], [ 98.278724, 4.397877 ], [ 98.278083, 4.397663 ], [ 98.27748, 4.397683 ], [ 98.276117, 4.396453 ], [ 98.276131, 4.396092 ], [ 98.27601, 4.395918 ], [ 98.275703, 4.395771 ], [ 98.275449, 4.395744 ], [ 98.275114, 4.395932 ], [ 98.274727, 4.396226 ], [ 98.274566, 4.396587 ], [ 98.274157, 4.397017 ], [ 98.273924, 4.397148 ], [ 98.273818, 4.397108 ], [ 98.273804, 4.396907 ], [ 98.273724, 4.396279 ], [ 98.273777, 4.395905 ], [ 98.273831, 4.395664 ], [ 98.273894, 4.395573 ], [ 98.273951, 4.39549 ], [ 98.273924, 4.395236 ], [ 98.27367, 4.394849 ], [ 98.273523, 4.394421 ], [ 98.27347, 4.394046 ], [ 98.273417, 4.393746 ], [ 98.273417, 4.393181 ], [ 98.273417, 4.393118 ], [ 98.273417, 4.392957 ], [ 98.273524, 4.39289 ], [ 98.273711, 4.39289 ], [ 98.274025, 4.39282 ], [ 98.274045, 4.392716 ], [ 98.274085, 4.392583 ], [ 98.274139, 4.392476 ], [ 98.274246, 4.392462 ], [ 98.274419, 4.392556 ], [ 98.274633, 4.39277 ], [ 98.275048, 4.392997 ], [ 98.275516, 4.393198 ], [ 98.275943, 4.393251 ], [ 98.276104, 4.393198 ], [ 98.276157, 4.39285 ], [ 98.276465, 4.39174 ], [ 98.276652, 4.391099 ], [ 98.277277, 4.389796 ], [ 98.277468, 4.389788 ], [ 98.277735, 4.389795 ], [ 98.278056, 4.389715 ], [ 98.278281, 4.389571 ], [ 98.27839, 4.389501 ], [ 98.278684, 4.38914 ], [ 98.279032, 4.388565 ], [ 98.279352, 4.387883 ], [ 98.279464, 4.387498 ], [ 98.279475, 4.38746 ], [ 98.279566, 4.387147 ], [ 98.279687, 4.386559 ], [ 98.279687, 4.386232 ], [ 98.27954, 4.386045 ], [ 98.279353, 4.385911 ], [ 98.279226, 4.385858 ], [ 98.279146, 4.385697 ], [ 98.278978, 4.38556 ], [ 98.278363, 4.385119 ], [ 98.278109, 4.384865 ], [ 98.277828, 4.384343 ], [ 98.277654, 4.383955 ], [ 98.277521, 4.382946 ], [ 98.277334, 4.381114 ], [ 98.277307, 4.380312 ], [ 98.277294, 4.379764 ], [ 98.27736, 4.379403 ], [ 98.277428, 4.379116 ], [ 98.277521, 4.37883 ], [ 98.277569, 4.378681 ], [ 98.277896, 4.377672 ], [ 98.27815, 4.376923 ], [ 98.278303, 4.376228 ], [ 98.27831, 4.375934 ], [ 98.278317, 4.375773 ], [ 98.27841, 4.37564 ], [ 98.278517, 4.375513 ], [ 98.278651, 4.375365 ], [ 98.278702, 4.375276 ], [ 98.278702, 4.375275 ], [ 98.278978, 4.374793 ], [ 98.279125, 4.374332 ], [ 98.279205, 4.374011 ], [ 98.279245, 4.373704 ], [ 98.279239, 4.373503 ], [ 98.279292, 4.373376 ], [ 98.279346, 4.373269 ], [ 98.279339, 4.373046 ], [ 98.279246, 4.372818 ], [ 98.279172, 4.372584 ], [ 98.279159, 4.37237 ], [ 98.279219, 4.372023 ], [ 98.279239, 4.371595 ], [ 98.279112, 4.370722 ], [ 98.278979, 4.370328 ], [ 98.278785, 4.370047 ], [ 98.278597, 4.3699 ], [ 98.278644, 4.36875 ], [ 98.278765, 4.368663 ], [ 98.278958, 4.368603 ], [ 98.279126, 4.36857 ], [ 98.279272, 4.368413 ], [ 98.279366, 4.368346 ], [ 98.279446, 4.368286 ], [ 98.279533, 4.368272 ], [ 98.2797, 4.368225 ], [ 98.27987, 4.368118 ], [ 98.27987, 4.368117 ], [ 98.279901, 4.368098 ], [ 98.280008, 4.367925 ], [ 98.280121, 4.367637 ], [ 98.280262, 4.367403 ], [ 98.280489, 4.367055 ], [ 98.280616, 4.366761 ], [ 98.280663, 4.366554 ], [ 98.280723, 4.36642 ], [ 98.28081, 4.366404 ], [ 98.281131, 4.365735 ], [ 98.281398, 4.365267 ], [ 98.281519, 4.364733 ], [ 98.281586, 4.364278 ], [ 98.281652, 4.363516 ], [ 98.281585, 4.362964 ], [ 98.281558, 4.36251 ], [ 98.281532, 4.361694 ], [ 98.281538, 4.361333 ], [ 98.281592, 4.361233 ], [ 98.281645, 4.361118 ], [ 98.281649, 4.361048 ], [ 98.281639, 4.360938 ], [ 98.281599, 4.360824 ], [ 98.281555, 4.360677 ], [ 98.281585, 4.360597 ], [ 98.281582, 4.360523 ], [ 98.281565, 4.360423 ], [ 98.281555, 4.360343 ], [ 98.281522, 4.360269 ], [ 98.281508, 4.360212 ], [ 98.281525, 4.360136 ], [ 98.281549, 4.360085 ], [ 98.281562, 4.360037 ], [ 98.281509, 4.35979 ], [ 98.281465, 4.359616 ], [ 98.281439, 4.359395 ], [ 98.281432, 4.359218 ], [ 98.281472, 4.359011 ], [ 98.281535, 4.358818 ], [ 98.281596, 4.358618 ], [ 98.281669, 4.358451 ], [ 98.281726, 4.35835 ], [ 98.281739, 4.358217 ], [ 98.281719, 4.358043 ], [ 98.281666, 4.357811 ], [ 98.281632, 4.357289 ], [ 98.281672, 4.356868 ], [ 98.281752, 4.356293 ], [ 98.281846, 4.355792 ], [ 98.28194, 4.355588 ], [ 98.282114, 4.35522 ], [ 98.282207, 4.354946 ], [ 98.282187, 4.354658 ], [ 98.28216, 4.354418 ], [ 98.282127, 4.35425 ], [ 98.282167, 4.354123 ], [ 98.282294, 4.35401 ], [ 98.282468, 4.353869 ], [ 98.282508, 4.353762 ], [ 98.282495, 4.353649 ], [ 98.282341, 4.353361 ], [ 98.28218, 4.353087 ], [ 98.282094, 4.35282 ], [ 98.282087, 4.352399 ], [ 98.282294, 4.350926 ], [ 98.282488, 4.349717 ], [ 98.282541, 4.348886 ], [ 98.282538, 4.348786 ], [ 98.282511, 4.348705 ], [ 98.282471, 4.348649 ], [ 98.282428, 4.348609 ], [ 98.282294, 4.348572 ], [ 98.281893, 4.348518 ], [ 98.281305, 4.348421 ], [ 98.280924, 4.348318 ], [ 98.280613, 4.348111 ], [ 98.280492, 4.347999 ], [ 98.280349, 4.347995 ], [ 98.280115, 4.347928 ], [ 98.279867, 4.347825 ], [ 98.279657, 4.347718 ], [ 98.279486, 4.347684 ], [ 98.279393, 4.347684 ], [ 98.279219, 4.347668 ], [ 98.278992, 4.347563 ], [ 98.278804, 4.345888 ], [ 98.278811, 4.345801 ], [ 98.278794, 4.34553 ], [ 98.278778, 4.345265 ], [ 98.278517, 4.343861 ], [ 98.278397, 4.343593 ], [ 98.27835, 4.343292 ], [ 98.278377, 4.343038 ], [ 98.27839, 4.342758 ], [ 98.278283, 4.342407 ], [ 98.278122, 4.34218 ], [ 98.277989, 4.341952 ], [ 98.277882, 4.341578 ], [ 98.277788, 4.341157 ], [ 98.277681, 4.340629 ], [ 98.277634, 4.340154 ], [ 98.277608, 4.339887 ], [ 98.277532, 4.339539 ], [ 98.277546, 4.33933 ], [ 98.277547, 4.33905 ], [ 98.277554, 4.338734 ], [ 98.277554, 4.338526 ], [ 98.277569, 4.338318 ], [ 98.277619, 4.338153 ], [ 98.277641, 4.337988 ], [ 98.277677, 4.337851 ], [ 98.277763, 4.337679 ], [ 98.27782, 4.337514 ], [ 98.277856, 4.337406 ], [ 98.277899, 4.33732 ], [ 98.277985, 4.337177 ], [ 98.278071, 4.337048 ], [ 98.278078, 4.336911 ], [ 98.278014, 4.336688 ], [ 98.277957, 4.336466 ], [ 98.277957, 4.336157 ], [ 98.2779, 4.336035 ], [ 98.277886, 4.335913 ], [ 98.277893, 4.335798 ], [ 98.277943, 4.335733 ], [ 98.277979, 4.335712 ], [ 98.278065, 4.335683 ], [ 98.278129, 4.335647 ], [ 98.278215, 4.335583 ], [ 98.278222, 4.335439 ], [ 98.278208, 4.335332 ], [ 98.27818, 4.335209 ], [ 98.278137, 4.334929 ], [ 98.278145, 4.334685 ], [ 98.278152, 4.33452 ], [ 98.278159, 4.334305 ], [ 98.278124, 4.33414 ], [ 98.278159, 4.334003 ], [ 98.278188, 4.333967 ], [ 98.278238, 4.333917 ], [ 98.27821, 4.333831 ], [ 98.278138, 4.333723 ], [ 98.278117, 4.333658 ], [ 98.278167, 4.333544 ], [ 98.27821, 4.333422 ], [ 98.278239, 4.333307 ], [ 98.278253, 4.333221 ], [ 98.278268, 4.333127 ], [ 98.278268, 4.333041 ], [ 98.278239, 4.332912 ], [ 98.278246, 4.332826 ], [ 98.278289, 4.332682 ], [ 98.278347, 4.332596 ], [ 98.278418, 4.332503 ], [ 98.27849, 4.332445 ], [ 98.278554, 4.332395 ], [ 98.278655, 4.332338 ], [ 98.278698, 4.332338 ], [ 98.27874, 4.332338 ], [ 98.278805, 4.332338 ], [ 98.27884, 4.332417 ], [ 98.27889, 4.332496 ], [ 98.27894, 4.332582 ], [ 98.27899, 4.332661 ], [ 98.279026, 4.332661 ], [ 98.279083, 4.332733 ], [ 98.279155, 4.332762 ], [ 98.279269, 4.332791 ], [ 98.279384, 4.332769 ], [ 98.279441, 4.33269 ], [ 98.27947, 4.332633 ], [ 98.279498, 4.33254 ], [ 98.279527, 4.332432 ], [ 98.279534, 4.332367 ], [ 98.279556, 4.332181 ], [ 98.279556, 4.332023 ], [ 98.279556, 4.331865 ], [ 98.279542, 4.331735 ], [ 98.279535, 4.331606 ], [ 98.279507, 4.331384 ], [ 98.279464, 4.331068 ], [ 98.279371, 4.330665 ], [ 98.279265, 4.330263 ], [ 98.279086, 4.329875 ], [ 98.278872, 4.329351 ], [ 98.278544, 4.328769 ], [ 98.278122, 4.328144 ], [ 98.277793, 4.327706 ], [ 98.277636, 4.327555 ], [ 98.277522, 4.327389 ], [ 98.276579, 4.326146 ], [ 98.276279, 4.325844 ], [ 98.276021, 4.325686 ], [ 98.275786, 4.325471 ], [ 98.2756, 4.32519 ], [ 98.275336, 4.324817 ], [ 98.275036, 4.324429 ], [ 98.274786, 4.324098 ], [ 98.274514, 4.323811 ], [ 98.274078, 4.323645 ], [ 98.273882, 4.323625 ], [ 98.270913, 4.323181 ], [ 98.270874, 4.323175 ], [ 98.270581, 4.323118 ], [ 98.270459, 4.322967 ], [ 98.270431, 4.322794 ], [ 98.270416, 4.322644 ], [ 98.270452, 4.3225 ], [ 98.27051, 4.322414 ], [ 98.27056, 4.322357 ], [ 98.27061, 4.32227 ], [ 98.270667, 4.322148 ], [ 98.270639, 4.322012 ], [ 98.270625, 4.321904 ], [ 98.270525, 4.321696 ], [ 98.27036, 4.321516 ], [ 98.270246, 4.321423 ], [ 98.270175, 4.321329 ], [ 98.270082, 4.3212 ], [ 98.269996, 4.321085 ], [ 98.26991, 4.321085 ], [ 98.26981, 4.321035 ], [ 98.269767, 4.320956 ], [ 98.269753, 4.320913 ], [ 98.269446, 4.320094 ], [ 98.26926, 4.319907 ], [ 98.269003, 4.319705 ], [ 98.268674, 4.31926 ], [ 98.26831, 4.31875 ], [ 98.268189, 4.318577 ], [ 98.26801, 4.318283 ], [ 98.26781, 4.317881 ], [ 98.267739, 4.317787 ], [ 98.267603, 4.317485 ], [ 98.267439, 4.317248 ], [ 98.267375, 4.316983 ], [ 98.267533, 4.316581 ], [ 98.267583, 4.316107 ], [ 98.267605, 4.315698 ], [ 98.267569, 4.315382 ], [ 98.267484, 4.315338 ], [ 98.267362, 4.315274 ], [ 98.267291, 4.315209 ], [ 98.267334, 4.315108 ], [ 98.26737, 4.315037 ], [ 98.26737, 4.314943 ], [ 98.267281, 4.314851 ], [ 98.267046, 4.313829 ], [ 98.266821, 4.312846 ], [ 98.266842, 4.31276 ], [ 98.266907, 4.31266 ], [ 98.266936, 4.312617 ], [ 98.266936, 4.31253 ], [ 98.266979, 4.312451 ], [ 98.267043, 4.312387 ], [ 98.267093, 4.312322 ], [ 98.2671, 4.312236 ], [ 98.2671, 4.312128 ], [ 98.267108, 4.311978 ], [ 98.267051, 4.31182 ], [ 98.267058, 4.311726 ], [ 98.267044, 4.311633 ], [ 98.266908, 4.311496 ], [ 98.266822, 4.311468 ], [ 98.266765, 4.31141 ], [ 98.266643, 4.31136 ], [ 98.266522, 4.311295 ], [ 98.266372, 4.311201 ], [ 98.266315, 4.311115 ], [ 98.266243, 4.311094 ], [ 98.266157, 4.31105 ], [ 98.266129, 4.311 ], [ 98.266029, 4.31095 ], [ 98.265921, 4.310928 ], [ 98.26585, 4.310792 ], [ 98.265743, 4.310727 ], [ 98.26565, 4.310669 ], [ 98.265564, 4.310626 ], [ 98.265564, 4.310741 ], [ 98.265564, 4.31082 ], [ 98.265507, 4.310877 ], [ 98.265328, 4.310791 ], [ 98.265235, 4.310705 ], [ 98.265049, 4.310496 ], [ 98.264792, 4.310288 ], [ 98.264592, 4.310008 ], [ 98.264392, 4.309778 ], [ 98.264256, 4.309512 ], [ 98.264085, 4.309196 ], [ 98.263821, 4.308743 ], [ 98.263714, 4.308478 ], [ 98.263599, 4.30819 ], [ 98.263399, 4.307831 ], [ 98.2631, 4.307378 ], [ 98.262871, 4.306969 ], [ 98.262614, 4.306416 ], [ 98.262407, 4.305769 ], [ 98.262172, 4.305238 ], [ 98.261929, 4.304627 ], [ 98.261679, 4.304088 ], [ 98.261479, 4.303887 ], [ 98.261265, 4.303628 ], [ 98.261079, 4.303348 ], [ 98.260808, 4.30268 ], [ 98.260416, 4.301631 ], [ 98.260116, 4.300913 ], [ 98.259674, 4.299606 ], [ 98.259253, 4.298586 ], [ 98.258996, 4.297968 ], [ 98.258817, 4.297767 ], [ 98.258789, 4.297623 ], [ 98.258753, 4.29748 ], [ 98.25871, 4.297444 ], [ 98.258624, 4.297415 ], [ 98.258617, 4.297444 ], [ 98.258553, 4.297487 ], [ 98.25846, 4.297436 ], [ 98.258388, 4.2973 ], [ 98.258396, 4.297005 ], [ 98.258396, 4.296869 ], [ 98.258353, 4.296711 ], [ 98.258275, 4.296603 ], [ 98.258218, 4.296567 ], [ 98.258146, 4.296538 ], [ 98.258024, 4.296502 ], [ 98.257967, 4.296452 ], [ 98.257924, 4.296352 ], [ 98.257896, 4.296294 ], [ 98.257789, 4.296222 ], [ 98.25771, 4.296157 ], [ 98.257589, 4.296042 ], [ 98.257546, 4.295992 ], [ 98.257531, 4.295963 ], [ 98.257367, 4.295662 ], [ 98.256668, 4.294383 ], [ 98.256396, 4.293909 ], [ 98.256253, 4.293544 ], [ 98.256144, 4.293179 ], [ 98.255908, 4.292687 ], [ 98.255687, 4.292173 ], [ 98.255544, 4.291951 ], [ 98.255337, 4.291737 ], [ 98.255123, 4.291459 ], [ 98.255002, 4.29128 ], [ 98.254838, 4.290995 ], [ 98.254738, 4.290709 ], [ 98.254681, 4.290516 ], [ 98.254588, 4.290302 ], [ 98.254538, 4.290095 ], [ 98.254395, 4.289974 ], [ 98.254259, 4.289931 ], [ 98.254124, 4.28981 ], [ 98.25391, 4.289696 ], [ 98.253738, 4.28956 ], [ 98.253553, 4.289439 ], [ 98.253417, 4.289303 ], [ 98.25278, 4.288958 ], [ 98.252106, 4.289295 ], [ 98.25102, 4.290505 ], [ 98.249813, 4.292077 ], [ 98.248726, 4.293528 ], [ 98.247038, 4.294252 ], [ 98.244988, 4.294371 ], [ 98.243301, 4.293644 ], [ 98.241976, 4.292311 ], [ 98.240771, 4.291462 ], [ 98.239326, 4.289645 ], [ 98.239088, 4.286982 ], [ 98.238969, 4.285046 ], [ 98.23897, 4.283956 ], [ 98.238368, 4.283351 ], [ 98.236921, 4.28347 ], [ 98.235836, 4.28359 ], [ 98.234871, 4.28371 ], [ 98.232941, 4.284313 ], [ 98.232218, 4.284313 ], [ 98.23065, 4.284553 ], [ 98.229685, 4.28552 ], [ 98.229805, 4.286489 ], [ 98.230286, 4.2877 ], [ 98.230646, 4.289031 ], [ 98.230765, 4.290726 ], [ 98.230643, 4.291694 ], [ 98.229799, 4.292298 ], [ 98.228834, 4.292297 ], [ 98.228111, 4.291933 ], [ 98.226907, 4.290964 ], [ 98.225822, 4.290358 ], [ 98.224497, 4.289509 ], [ 98.223774, 4.288661 ], [ 98.222931, 4.287934 ], [ 98.222087, 4.287812 ], [ 98.221243, 4.288295 ], [ 98.220519, 4.289021 ], [ 98.219915, 4.289989 ], [ 98.219553, 4.290593 ], [ 98.21907, 4.290714 ], [ 98.218227, 4.29035 ], [ 98.217022, 4.289138 ], [ 98.21618, 4.287685 ], [ 98.215457, 4.287079 ], [ 98.214372, 4.287078 ], [ 98.213768, 4.288409 ], [ 98.213284, 4.289619 ], [ 98.212559, 4.29107 ], [ 98.211593, 4.292401 ], [ 98.21111, 4.293247 ], [ 98.210868, 4.294336 ], [ 98.211228, 4.295789 ], [ 98.211951, 4.296879 ], [ 98.212673, 4.297606 ], [ 98.212431, 4.298453 ], [ 98.210984, 4.298815 ], [ 98.209417, 4.298813 ], [ 98.207729, 4.298448 ], [ 98.206765, 4.298084 ], [ 98.205801, 4.29772 ], [ 98.204716, 4.297235 ], [ 98.20339, 4.297355 ], [ 98.202425, 4.297838 ], [ 98.2017, 4.298805 ], [ 98.201217, 4.300136 ], [ 98.200975, 4.300741 ], [ 98.199528, 4.301345 ], [ 98.199046, 4.30086 ], [ 98.198926, 4.300013 ], [ 98.199048, 4.298681 ], [ 98.198809, 4.296745 ], [ 98.198931, 4.295777 ], [ 98.198932, 4.294808 ], [ 98.19845, 4.294445 ], [ 98.197605, 4.294807 ], [ 98.197384, 4.295103 ], [ 98.197053, 4.295161 ], [ 98.196572, 4.295613 ], [ 98.195333, 4.297246 ], [ 98.195029, 4.297421 ], [ 98.194794, 4.297204 ], [ 98.194401, 4.296566 ], [ 98.194391, 4.296173 ], [ 98.19447, 4.29553 ], [ 98.194624, 4.295069 ], [ 98.194489, 4.294611 ], [ 98.194302, 4.294356 ], [ 98.193939, 4.294041 ], [ 98.193261, 4.293825 ], [ 98.192636, 4.29369 ], [ 98.192292, 4.293479 ], [ 98.191901, 4.293428 ], [ 98.191389, 4.293362 ], [ 98.191075, 4.293272 ], [ 98.190687, 4.293161 ], [ 98.19022, 4.293105 ], [ 98.190086, 4.293089 ], [ 98.189819, 4.293071 ], [ 98.189496, 4.293049 ], [ 98.189272, 4.293034 ], [ 98.188937, 4.293021 ], [ 98.188567, 4.293006 ], [ 98.188079, 4.293032 ], [ 98.187981, 4.293005 ], [ 98.187393, 4.292842 ], [ 98.186766, 4.292674 ], [ 98.18555, 4.292364 ], [ 98.184742, 4.292158 ], [ 98.184157, 4.291904 ], [ 98.18335, 4.291553 ], [ 98.182731, 4.291391 ], [ 98.182276, 4.291271 ], [ 98.181498, 4.291068 ], [ 98.181052, 4.290961 ], [ 98.180518, 4.290837 ], [ 98.180186, 4.290761 ], [ 98.180014, 4.290721 ], [ 98.179371, 4.290569 ], [ 98.178475, 4.290324 ], [ 98.17787, 4.290159 ], [ 98.177599, 4.29011 ], [ 98.176501, 4.289911 ], [ 98.175293, 4.289693 ], [ 98.17442, 4.289533 ], [ 98.173925, 4.289443 ], [ 98.173274, 4.289426 ], [ 98.172745, 4.289412 ], [ 98.171212, 4.289323 ], [ 98.169973, 4.289284 ], [ 98.16953, 4.289275 ], [ 98.169369, 4.28924 ], [ 98.168121, 4.288966 ], [ 98.167591, 4.288852 ], [ 98.166708, 4.28867 ], [ 98.165749, 4.288479 ], [ 98.165453, 4.28842 ], [ 98.1652, 4.288376 ], [ 98.164376, 4.288235 ], [ 98.163498, 4.288067 ], [ 98.163157, 4.28812 ], [ 98.162277, 4.288292 ], [ 98.161354, 4.288445 ], [ 98.161167, 4.28844 ], [ 98.160323, 4.288417 ], [ 98.15961, 4.28846 ], [ 98.159125, 4.288471 ], [ 98.158668, 4.28847 ], [ 98.158288, 4.288551 ], [ 98.157175, 4.288876 ], [ 98.157018, 4.288954 ], [ 98.156382, 4.289279 ], [ 98.156191, 4.289412 ], [ 98.155748, 4.289735 ], [ 98.155523, 4.28997 ], [ 98.155192, 4.290317 ], [ 98.154928, 4.290731 ], [ 98.154561, 4.291311 ], [ 98.153115, 4.292033 ], [ 98.153034, 4.292191 ], [ 98.152842, 4.292419 ], [ 98.152448, 4.29279 ], [ 98.151982, 4.293148 ], [ 98.151551, 4.293459 ], [ 98.151169, 4.293651 ], [ 98.15081, 4.293758 ], [ 98.15044, 4.293806 ], [ 98.150034, 4.293817 ], [ 98.149664, 4.293853 ], [ 98.149184, 4.294121 ], [ 98.148993, 4.294264 ], [ 98.148789, 4.294492 ], [ 98.148538, 4.294923 ], [ 98.148251, 4.295414 ], [ 98.148035, 4.295749 ], [ 98.147987, 4.296108 ], [ 98.147982, 4.296412 ], [ 98.147886, 4.296711 ], [ 98.147611, 4.296963 ], [ 98.146787, 4.297321 ], [ 98.145878, 4.297716 ], [ 98.145125, 4.29805 ], [ 98.144827, 4.298134 ], [ 98.144134, 4.298193 ], [ 98.143668, 4.298228 ], [ 98.143142, 4.298275 ], [ 98.142557, 4.298431 ], [ 98.142139, 4.298766 ], [ 98.141816, 4.29922 ], [ 98.141732, 4.299568 ], [ 98.141779, 4.299975 ], [ 98.141931, 4.300261 ], [ 98.142471, 4.300649 ], [ 98.142934, 4.301094 ], [ 98.143011, 4.301443 ], [ 98.142585, 4.30241 ], [ 98.142237, 4.303222 ], [ 98.142217, 4.303377 ], [ 98.141812, 4.303648 ], [ 98.141213, 4.304112 ], [ 98.14046, 4.304769 ], [ 98.140093, 4.305098 ], [ 98.139686, 4.306316 ], [ 98.139493, 4.306858 ], [ 98.139087, 4.307438 ], [ 98.138604, 4.30798 ], [ 98.138043, 4.308695 ], [ 98.137775, 4.309104 ], [ 98.13757, 4.30944 ], [ 98.137308, 4.309718 ], [ 98.136987, 4.30982 ], [ 98.136753, 4.309966 ], [ 98.136359, 4.310375 ], [ 98.13579, 4.311018 ], [ 98.135308, 4.311632 ], [ 98.134646, 4.312339 ], [ 98.134208, 4.312894 ], [ 98.133916, 4.313201 ], [ 98.13361, 4.3132 ], [ 98.133129, 4.313097 ], [ 98.132924, 4.313112 ], [ 98.132647, 4.313243 ], [ 98.132253, 4.313535 ], [ 98.131932, 4.313784 ], [ 98.131786, 4.314003 ], [ 98.13164, 4.314113 ], [ 98.131475, 4.314379 ], [ 98.13118, 4.31449 ], [ 98.130998, 4.314483 ], [ 98.130745, 4.31444 ], [ 98.130569, 4.314377 ], [ 98.130457, 4.31425 ], [ 98.13005, 4.313565 ], [ 98.129833, 4.313215 ], [ 98.129722, 4.313017 ], [ 98.129687, 4.312785 ], [ 98.129688, 4.312492 ], [ 98.129774, 4.312285 ], [ 98.129989, 4.312001 ], [ 98.130169, 4.311674 ], [ 98.130307, 4.311451 ], [ 98.13035, 4.311261 ], [ 98.130273, 4.311055 ], [ 98.129947, 4.310908 ], [ 98.129604, 4.310761 ], [ 98.129432, 4.310632 ], [ 98.129115, 4.310442 ], [ 98.128592, 4.310218 ], [ 98.128229, 4.310025 ], [ 98.127997, 4.309922 ], [ 98.127843, 4.309844 ], [ 98.127791, 4.309809 ], [ 98.12774, 4.309904 ], [ 98.127731, 4.310042 ], [ 98.127705, 4.310162 ], [ 98.127679, 4.310231 ], [ 98.12761, 4.310343 ], [ 98.127499, 4.310455 ], [ 98.127481, 4.310593 ], [ 98.127541, 4.31073 ], [ 98.127575, 4.310851 ], [ 98.12755, 4.310937 ], [ 98.127481, 4.310963 ], [ 98.127241, 4.310962 ], [ 98.127103, 4.310988 ], [ 98.127026, 4.311065 ], [ 98.126974, 4.3111 ], [ 98.126871, 4.311143 ], [ 98.126777, 4.311186 ], [ 98.126717, 4.311186 ], [ 98.126657, 4.311177 ], [ 98.126562, 4.311108 ], [ 98.126391, 4.311048 ], [ 98.12621, 4.311082 ], [ 98.126039, 4.311125 ], [ 98.125884, 4.311125 ], [ 98.12561, 4.311133 ], [ 98.125429, 4.311133 ], [ 98.125301, 4.311081 ], [ 98.125035, 4.310994 ], [ 98.124837, 4.310925 ], [ 98.124623, 4.310925 ], [ 98.124417, 4.310977 ], [ 98.124223, 4.311051 ], [ 98.124086, 4.311124 ], [ 98.123929, 4.311218 ], [ 98.123824, 4.311355 ], [ 98.123688, 4.311439 ], [ 98.12353, 4.311502 ], [ 98.123415, 4.311428 ], [ 98.123342, 4.31127 ], [ 98.123248, 4.311092 ], [ 98.123102, 4.310902 ], [ 98.122997, 4.31087 ], [ 98.122944, 4.310912 ], [ 98.122881, 4.311018 ], [ 98.122839, 4.311102 ], [ 98.122693, 4.311164 ], [ 98.122535, 4.311227 ], [ 98.122389, 4.311217 ], [ 98.122336, 4.311185 ], [ 98.122232, 4.311143 ], [ 98.122137, 4.311143 ], [ 98.122043, 4.311185 ], [ 98.122147, 4.3115 ], [ 98.122189, 4.311647 ], [ 98.122126, 4.312068 ], [ 98.122135, 4.312515 ], [ 98.122103, 4.312841 ], [ 98.122135, 4.31303 ], [ 98.122008, 4.313388 ], [ 98.121909, 4.313756 ], [ 98.121836, 4.313977 ], [ 98.121741, 4.314229 ], [ 98.121668, 4.314481 ], [ 98.121667, 4.314649 ], [ 98.121772, 4.314891 ], [ 98.121992, 4.31528 ], [ 98.122368, 4.315764 ], [ 98.122588, 4.316059 ], [ 98.122724, 4.316259 ], [ 98.122797, 4.316479 ], [ 98.122779, 4.316655 ], [ 98.122784, 4.316737 ], [ 98.122815, 4.316836 ], [ 98.122866, 4.316929 ], [ 98.122985, 4.317027 ], [ 98.123047, 4.317141 ], [ 98.123114, 4.317234 ], [ 98.123175, 4.317286 ], [ 98.123232, 4.317358 ], [ 98.12333, 4.31752 ], [ 98.12333, 4.317718 ], [ 98.123211, 4.318075 ], [ 98.122999, 4.318445 ], [ 98.122603, 4.318987 ], [ 98.122128, 4.319635 ], [ 98.121811, 4.320058 ], [ 98.121678, 4.320388 ], [ 98.121545, 4.320768 ], [ 98.121465, 4.321177 ], [ 98.121386, 4.321495 ], [ 98.121333, 4.321601 ], [ 98.12128, 4.321905 ], [ 98.121201, 4.322143 ], [ 98.121161, 4.322275 ], [ 98.121053, 4.322523 ], [ 98.120673, 4.323034 ], [ 98.120425, 4.323636 ], [ 98.11981, 4.324591 ], [ 98.119666, 4.324866 ], [ 98.119535, 4.325284 ], [ 98.119417, 4.325729 ], [ 98.119274, 4.326481 ], [ 98.119156, 4.326992 ], [ 98.119064, 4.327372 ], [ 98.11905, 4.327856 ], [ 98.119115, 4.328223 ], [ 98.119219, 4.328524 ], [ 98.119219, 4.328668 ], [ 98.119232, 4.328825 ], [ 98.119297, 4.328956 ], [ 98.119532, 4.329122 ], [ 98.119663, 4.329226 ], [ 98.119858, 4.329476 ], [ 98.120028, 4.329711 ], [ 98.120184, 4.329869 ], [ 98.120314, 4.330484 ], [ 98.120392, 4.330864 ], [ 98.120496, 4.331113 ], [ 98.120652, 4.331349 ], [ 98.120769, 4.331742 ], [ 98.120664, 4.332108 ], [ 98.12014, 4.333744 ], [ 98.120079, 4.333946 ], [ 98.120059, 4.334114 ], [ 98.120085, 4.3345 ], [ 98.12018, 4.335093 ], [ 98.120263, 4.335595 ], [ 98.120404, 4.336081 ], [ 98.120436, 4.336313 ], [ 98.12041, 4.33659 ], [ 98.120391, 4.336783 ], [ 98.120429, 4.336996 ], [ 98.120538, 4.337282 ], [ 98.120608, 4.337501 ], [ 98.120627, 4.337713 ], [ 98.120614, 4.337913 ], [ 98.120595, 4.338042 ], [ 98.12055, 4.338177 ], [ 98.12055, 4.338312 ], [ 98.120588, 4.338409 ], [ 98.120676, 4.338458 ], [ 98.120695, 4.338588 ], [ 98.120685, 4.338978 ], [ 98.120655, 4.339348 ], [ 98.120663, 4.33944 ], [ 98.120692, 4.339532 ], [ 98.120741, 4.339576 ], [ 98.120671, 4.33966 ], [ 98.120511, 4.339763 ], [ 98.120384, 4.339959 ], [ 98.12043, 4.340142 ], [ 98.120384, 4.340441 ], [ 98.120326, 4.34074 ], [ 98.1202, 4.3409 ], [ 98.119971, 4.341015 ], [ 98.119856, 4.341141 ], [ 98.119776, 4.341302 ], [ 98.119721, 4.341459 ], [ 98.11969, 4.34154 ], [ 98.119659, 4.341652 ], [ 98.119627, 4.341729 ], [ 98.119454, 4.341866 ], [ 98.119374, 4.341997 ], [ 98.119374, 4.342127 ], [ 98.119417, 4.342258 ], [ 98.119439, 4.342396 ], [ 98.119432, 4.342555 ], [ 98.119431, 4.342715 ], [ 98.119388, 4.342932 ], [ 98.119337, 4.343092 ], [ 98.1193, 4.343305 ], [ 98.1193, 4.343458 ], [ 98.119358, 4.343632 ], [ 98.11943, 4.343842 ], [ 98.119509, 4.343995 ], [ 98.119524, 4.344183 ], [ 98.119487, 4.344394 ], [ 98.119436, 4.344618 ], [ 98.119486, 4.344883 ], [ 98.119537, 4.345006 ], [ 98.119616, 4.345079 ], [ 98.119645, 4.345238 ], [ 98.119666, 4.345579 ], [ 98.119659, 4.345898 ], [ 98.119543, 4.345985 ], [ 98.119384, 4.346043 ], [ 98.119282, 4.346225 ], [ 98.119209, 4.3464 ], [ 98.11918, 4.346553 ], [ 98.119202, 4.34669 ], [ 98.119238, 4.34685 ], [ 98.119272, 4.34699 ], [ 98.119272, 4.347154 ], [ 98.119245, 4.347377 ], [ 98.119217, 4.347476 ], [ 98.119201, 4.34761 ], [ 98.119201, 4.347788 ], [ 98.11912, 4.347888 ], [ 98.119018, 4.348105 ], [ 98.118884, 4.348386 ], [ 98.118737, 4.348692 ], [ 98.118635, 4.349043 ], [ 98.118641, 4.349254 ], [ 98.118685, 4.349484 ], [ 98.118729, 4.349784 ], [ 98.118805, 4.350072 ], [ 98.118869, 4.350334 ], [ 98.118908, 4.350737 ], [ 98.119037, 4.351036 ], [ 98.119166, 4.351244 ], [ 98.11936, 4.351491 ], [ 98.119502, 4.351634 ], [ 98.119645, 4.351712 ], [ 98.119761, 4.351699 ], [ 98.119865, 4.35166 ], [ 98.119929, 4.351647 ], [ 98.120046, 4.351712 ], [ 98.120137, 4.351738 ], [ 98.120408, 4.351726 ], [ 98.120732, 4.351752 ], [ 98.120823, 4.351817 ], [ 98.120835, 4.351947 ], [ 98.120939, 4.352285 ], [ 98.121094, 4.352609 ], [ 98.121407, 4.353149 ], [ 98.121562, 4.353539 ], [ 98.1216, 4.354058 ], [ 98.121521, 4.354591 ], [ 98.121262, 4.355214 ], [ 98.120808, 4.35559 ], [ 98.120354, 4.356329 ], [ 98.12038, 4.356498 ], [ 98.12038, 4.356615 ], [ 98.120457, 4.356732 ], [ 98.120392, 4.357368 ], [ 98.120444, 4.357485 ], [ 98.120599, 4.357563 ], [ 98.120599, 4.357719 ], [ 98.120585, 4.358108 ], [ 98.120624, 4.358238 ], [ 98.12074, 4.358264 ], [ 98.120934, 4.358382 ], [ 98.121051, 4.358499 ], [ 98.121362, 4.358538 ], [ 98.121631, 4.358578 ], [ 98.121512, 4.359122 ], [ 98.121339, 4.359718 ], [ 98.121114, 4.359903 ], [ 98.120757, 4.36026 ], [ 98.120665, 4.360446 ], [ 98.120664, 4.360578 ], [ 98.120678, 4.360708 ], [ 98.120665, 4.360867 ], [ 98.120664, 4.362113 ], [ 98.120715, 4.363729 ], [ 98.120691, 4.365168 ] ] ] ] } },
{ "type": "Feature", "properties": { "KEC": "KEC. KARANG BARU", "LUAS": 10294.09, "LUAS_KM": 102.94 }, "geometry": { "type": "MultiPolygon", "coordinates": [ [ [ [ 98.074038, 4.397436 ], [ 98.077232, 4.396384 ], [ 98.077391, 4.396707 ], [ 98.077679, 4.397295 ], [ 98.079218, 4.396729 ], [ 98.080928, 4.396095 ], [ 98.082477, 4.395518 ], [ 98.083792, 4.395007 ], [ 98.083967, 4.394745 ], [ 98.084077, 4.394559 ], [ 98.084085, 4.39285 ], [ 98.084095, 4.390943 ], [ 98.084129, 4.390904 ], [ 98.084095, 4.390887 ], [ 98.08451, 4.389431 ], [ 98.084638, 4.387201 ], [ 98.0849, 4.386255 ], [ 98.085215, 4.385122 ], [ 98.086071, 4.381913 ], [ 98.087056, 4.380022 ], [ 98.087533, 4.379251 ], [ 98.087706, 4.378972 ], [ 98.088524, 4.377502 ], [ 98.089013, 4.376617 ], [ 98.089463, 4.375784 ], [ 98.089916, 4.374779 ], [ 98.090225, 4.374809 ], [ 98.091161, 4.374743 ], [ 98.091515, 4.374754 ], [ 98.091858, 4.374794 ], [ 98.092395, 4.374873 ], [ 98.093187, 4.374859 ], [ 98.093555, 4.374728 ], [ 98.094471, 4.374073 ], [ 98.094769, 4.373574 ], [ 98.095497, 4.37161 ], [ 98.095532, 4.371544 ], [ 98.095671, 4.371277 ], [ 98.095693, 4.371235 ], [ 98.095706, 4.371211 ], [ 98.095713, 4.371215 ], [ 98.095952, 4.370973 ], [ 98.097724, 4.370232 ], [ 98.098684, 4.37002 ], [ 98.09917, 4.369751 ], [ 98.099243, 4.369692 ], [ 98.099247, 4.369694 ], [ 98.099293, 4.369634 ], [ 98.099314, 4.369636 ], [ 98.099562, 4.369438 ], [ 98.100089, 4.368789 ], [ 98.10015, 4.36852 ], [ 98.100251, 4.368044 ], [ 98.100326, 4.367689 ], [ 98.100505, 4.367355 ], [ 98.101113, 4.36677 ], [ 98.101327, 4.366474 ], [ 98.101627, 4.366058 ], [ 98.102116, 4.365266 ], [ 98.102238, 4.365132 ], [ 98.102308, 4.365055 ], [ 98.102315, 4.365047 ], [ 98.102318, 4.365044 ], [ 98.102343, 4.365016 ], [ 98.10251, 4.36492 ], [ 98.103327, 4.365037 ], [ 98.103565, 4.365071 ], [ 98.104319, 4.365163 ], [ 98.104654, 4.365099 ], [ 98.104763, 4.365023 ], [ 98.105129, 4.364768 ], [ 98.105159, 4.364748 ], [ 98.105913, 4.364254 ], [ 98.106297, 4.364012 ], [ 98.106354, 4.363976 ], [ 98.106416, 4.363937 ], [ 98.106597, 4.363823 ], [ 98.106691, 4.363763 ], [ 98.106807, 4.36369 ], [ 98.106806, 4.363689 ], [ 98.106803, 4.363676 ], [ 98.106798, 4.363661 ], [ 98.106465, 4.362145 ], [ 98.105985, 4.361179 ], [ 98.105291, 4.360535 ], [ 98.104383, 4.359998 ], [ 98.103368, 4.360051 ], [ 98.102299, 4.360317 ], [ 98.101102, 4.360681 ], [ 98.101069, 4.360691 ], [ 98.101055, 4.360693 ], [ 98.099324, 4.360904 ], [ 98.099305, 4.360905 ], [ 98.098857, 4.360941 ], [ 98.098318, 4.360984 ], [ 98.097311, 4.360582 ], [ 98.096144, 4.36022 ], [ 98.095412, 4.359487 ], [ 98.095279, 4.359354 ], [ 98.094655, 4.358811 ], [ 98.094452, 4.358659 ], [ 98.094252, 4.358509 ], [ 98.094138, 4.358394 ], [ 98.093749, 4.358005 ], [ 98.093603, 4.357155 ], [ 98.093586, 4.357055 ], [ 98.09361, 4.356942 ], [ 98.093957, 4.35533 ], [ 98.094707, 4.353401 ], [ 98.095831, 4.352277 ], [ 98.096581, 4.351099 ], [ 98.097277, 4.349492 ], [ 98.097599, 4.348313 ], [ 98.097974, 4.347402 ], [ 98.098082, 4.346652 ], [ 98.097922, 4.346491 ], [ 98.097495, 4.346491 ], [ 98.0968, 4.346704 ], [ 98.095998, 4.347025 ], [ 98.095302, 4.347989 ], [ 98.094499, 4.349006 ], [ 98.093696, 4.349809 ], [ 98.092573, 4.350504 ], [ 98.091451, 4.350664 ], [ 98.090275, 4.350716 ], [ 98.089073, 4.350427 ], [ 98.087703, 4.349877 ], [ 98.086849, 4.349286 ], [ 98.085942, 4.348106 ], [ 98.085408, 4.346979 ], [ 98.085036, 4.345532 ], [ 98.084804, 4.344038 ], [ 98.085254, 4.342048 ], [ 98.085635, 4.340639 ], [ 98.085952, 4.339208 ], [ 98.086015, 4.337714 ], [ 98.086063, 4.336314 ], [ 98.085851, 4.334224 ], [ 98.085426, 4.332186 ], [ 98.084895, 4.329559 ], [ 98.084415, 4.326892 ], [ 98.084237, 4.325269 ], [ 98.084179, 4.323886 ], [ 98.084009, 4.32208 ], [ 98.083969, 4.320308 ], [ 98.08397, 4.318832 ], [ 98.083888, 4.317357 ], [ 98.083638, 4.315838 ], [ 98.083302, 4.314952 ], [ 98.082925, 4.314066 ], [ 98.082338, 4.313222 ], [ 98.081665, 4.312673 ], [ 98.080867, 4.312461 ], [ 98.080194, 4.312376 ], [ 98.079479, 4.312586 ], [ 98.078764, 4.312923 ], [ 98.077922, 4.313891 ], [ 98.07708, 4.314692 ], [ 98.076113, 4.315112 ], [ 98.075103, 4.315406 ], [ 98.074136, 4.315489 ], [ 98.072917, 4.315488 ], [ 98.071446, 4.315149 ], [ 98.070479, 4.314641 ], [ 98.069724, 4.313839 ], [ 98.069262, 4.312911 ], [ 98.068759, 4.311772 ], [ 98.068494, 4.310231 ], [ 98.068411, 4.309261 ], [ 98.068408, 4.309163 ], [ 98.068461, 4.308878 ], [ 98.068499, 4.308471 ], [ 98.068562, 4.308172 ], [ 98.068675, 4.307823 ], [ 98.068891, 4.307423 ], [ 98.068924, 4.307383 ], [ 98.069171, 4.307087 ], [ 98.069249, 4.306992 ], [ 98.069626, 4.306736 ], [ 98.06983, 4.306598 ], [ 98.070271, 4.306411 ], [ 98.070527, 4.306302 ], [ 98.070816, 4.306218 ], [ 98.07161, 4.306144 ], [ 98.072703, 4.30585 ], [ 98.073901, 4.305308 ], [ 98.074765, 4.304841 ], [ 98.075318, 4.304254 ], [ 98.07548, 4.304082 ], [ 98.075654, 4.3039 ], [ 98.07628, 4.30324 ], [ 98.076286, 4.303233 ], [ 98.077164, 4.302229 ], [ 98.077754, 4.301007 ], [ 98.078177, 4.299447 ], [ 98.078473, 4.29814 ], [ 98.078891, 4.296678 ], [ 98.078899, 4.296653 ], [ 98.078911, 4.296627 ], [ 98.079446, 4.295557 ], [ 98.079658, 4.294461 ], [ 98.079743, 4.293449 ], [ 98.079534, 4.292563 ], [ 98.079283, 4.291804 ], [ 98.078485, 4.29117 ], [ 98.077686, 4.290958 ], [ 98.077098, 4.290873 ], [ 98.076551, 4.291168 ], [ 98.076004, 4.291631 ], [ 98.07579, 4.292058 ], [ 98.075775, 4.292089 ], [ 98.075666, 4.292305 ], [ 98.075651, 4.292401 ], [ 98.075552, 4.292648 ], [ 98.075394, 4.29316 ], [ 98.075328, 4.293478 ], [ 98.07527, 4.293784 ], [ 98.075203, 4.294139 ], [ 98.075115, 4.294664 ], [ 98.075023, 4.295086 ], [ 98.074958, 4.295294 ], [ 98.074887, 4.295475 ], [ 98.074847, 4.295633 ], [ 98.074762, 4.295928 ], [ 98.074488, 4.296421 ], [ 98.073853, 4.297068 ], [ 98.072885, 4.297489 ], [ 98.07175, 4.297698 ], [ 98.070279, 4.297654 ], [ 98.068891, 4.297653 ], [ 98.067756, 4.297735 ], [ 98.066452, 4.298113 ], [ 98.065022, 4.298533 ], [ 98.063844, 4.29908 ], [ 98.062456, 4.29988 ], [ 98.061404, 4.300806 ], [ 98.060562, 4.301691 ], [ 98.059762, 4.30266 ], [ 98.058962, 4.303291 ], [ 98.058457, 4.303628 ], [ 98.057911, 4.303712 ], [ 98.057491, 4.3035 ], [ 98.057323, 4.302868 ], [ 98.056989, 4.301307 ], [ 98.056711, 4.300156 ], [ 98.056679, 4.300036 ], [ 98.056674, 4.300014 ], [ 98.056484, 4.299296 ], [ 98.056403, 4.298987 ], [ 98.056317, 4.298649 ], [ 98.056269, 4.298463 ], [ 98.056026, 4.297511 ], [ 98.055942, 4.29707 ], [ 98.055795, 4.296663 ], [ 98.055784, 4.296633 ], [ 98.055645, 4.296061 ], [ 98.055595, 4.295536 ], [ 98.055581, 4.294747 ], [ 98.055641, 4.293935 ], [ 98.055761, 4.293214 ], [ 98.055867, 4.292492 ], [ 98.055901, 4.291734 ], [ 98.055897, 4.291049 ], [ 98.055999, 4.290245 ], [ 98.056059, 4.289922 ], [ 98.056183, 4.28939 ], [ 98.056408, 4.288462 ], [ 98.056501, 4.288027 ], [ 98.056696, 4.287052 ], [ 98.056705, 4.286739 ], [ 98.056721, 4.286246 ], [ 98.056744, 4.285427 ], [ 98.056681, 4.285043 ], [ 98.0566, 4.284582 ], [ 98.05656, 4.284352 ], [ 98.056458, 4.284144 ], [ 98.056317, 4.283847 ], [ 98.056174, 4.28355 ], [ 98.056032, 4.283305 ], [ 98.055667, 4.282791 ], [ 98.055665, 4.282789 ], [ 98.055271, 4.282475 ], [ 98.054877, 4.282165 ], [ 98.054643, 4.282136 ], [ 98.054417, 4.282104 ], [ 98.054032, 4.282053 ], [ 98.053898, 4.282035 ], [ 98.053771, 4.281999 ], [ 98.053723, 4.281988 ], [ 98.053275, 4.281858 ], [ 98.052966, 4.281653 ], [ 98.052809, 4.281259 ], [ 98.052825, 4.28066 ], [ 98.052873, 4.279998 ], [ 98.053016, 4.279179 ], [ 98.053142, 4.278423 ], [ 98.053096, 4.277887 ], [ 98.05294, 4.277209 ], [ 98.052547, 4.276557 ], [ 98.052038, 4.276151 ], [ 98.051525, 4.275907 ], [ 98.05106, 4.275689 ], [ 98.050631, 4.275564 ], [ 98.050396, 4.275638 ], [ 98.050182, 4.275682 ], [ 98.050083, 4.275689 ], [ 98.049796, 4.275707 ], [ 98.049686, 4.275749 ], [ 98.049183, 4.27594 ], [ 98.048912, 4.276053 ], [ 98.048713, 4.276124 ], [ 98.047833, 4.276422 ], [ 98.046481, 4.276862 ], [ 98.045877, 4.27735 ], [ 98.045585, 4.277631 ], [ 98.045559, 4.27766 ], [ 98.045476, 4.277751 ], [ 98.045329, 4.277911 ], [ 98.045165, 4.278155 ], [ 98.045161, 4.27816 ], [ 98.044866, 4.278656 ], [ 98.044691, 4.279247 ], [ 98.044608, 4.279516 ], [ 98.044298, 4.280557 ], [ 98.04421, 4.280907 ], [ 98.043873, 4.281596 ], [ 98.043385, 4.282305 ], [ 98.042709, 4.282824 ], [ 98.04219, 4.283044 ], [ 98.041514, 4.283279 ], [ 98.040823, 4.283436 ], [ 98.040053, 4.283419 ], [ 98.039456, 4.283418 ], [ 98.039122, 4.283338 ], [ 98.039122, 4.283459 ], [ 98.039122, 4.283915 ], [ 98.039065, 4.28459 ], [ 98.039083, 4.284928 ], [ 98.039177, 4.285134 ], [ 98.039195, 4.285397 ], [ 98.039232, 4.285734 ], [ 98.039213, 4.286334 ], [ 98.039231, 4.286522 ], [ 98.039231, 4.286859 ], [ 98.039061, 4.287797 ], [ 98.038986, 4.28804 ], [ 98.038817, 4.288453 ], [ 98.038842, 4.289234 ], [ 98.03845, 4.289082 ], [ 98.038295, 4.289034 ], [ 98.038267, 4.288859 ], [ 98.037872, 4.288675 ], [ 98.037515, 4.28853 ], [ 98.036822, 4.288239 ], [ 98.036841, 4.288132 ], [ 98.036427, 4.287997 ], [ 98.036243, 4.287958 ], [ 98.036128, 4.287928 ], [ 98.036089, 4.287803 ], [ 98.036022, 4.287716 ], [ 98.035396, 4.287483 ], [ 98.034962, 4.287298 ], [ 98.034692, 4.287192 ], [ 98.034721, 4.287105 ], [ 98.034514, 4.287089 ], [ 98.034258, 4.287089 ], [ 98.03389, 4.287169 ], [ 98.033763, 4.28688 ], [ 98.033364, 4.286655 ], [ 98.033028, 4.286478 ], [ 98.032647, 4.286403 ], [ 98.032577, 4.286393 ], [ 98.032387, 4.286423 ], [ 98.032177, 4.286452 ], [ 98.031997, 4.286442 ], [ 98.031848, 4.286372 ], [ 98.031688, 4.286352 ], [ 98.031498, 4.286391 ], [ 98.031308, 4.286361 ], [ 98.030863, 4.286276 ], [ 98.030623, 4.286276 ], [ 98.030423, 4.286205 ], [ 98.030283, 4.286145 ], [ 98.030084, 4.286045 ], [ 98.029714, 4.285904 ], [ 98.029617, 4.285857 ], [ 98.026152, 4.294995 ], [ 98.024251, 4.300004 ], [ 98.02291, 4.303498 ], [ 98.022775, 4.30385 ], [ 98.022162, 4.305445 ], [ 98.019308, 4.312649 ], [ 98.018073, 4.316076 ], [ 98.016554, 4.320292 ], [ 98.016191, 4.3213 ], [ 98.016074, 4.321217 ], [ 98.015896, 4.321071 ], [ 98.015705, 4.320912 ], [ 98.01554, 4.320773 ], [ 98.015395, 4.320641 ], [ 98.015336, 4.320568 ], [ 98.015185, 4.320515 ], [ 98.014532, 4.320276 ], [ 98.014321, 4.320349 ], [ 98.014196, 4.320441 ], [ 98.014103, 4.3205 ], [ 98.013939, 4.32054 ], [ 98.013655, 4.320493 ], [ 98.01339, 4.320525 ], [ 98.013265, 4.320493 ], [ 98.013171, 4.32042 ], [ 98.013036, 4.320357 ], [ 98.012104, 4.320259 ], [ 98.011707, 4.320258 ], [ 98.011364, 4.320152 ], [ 98.01102, 4.320045 ], [ 98.010729, 4.319992 ], [ 98.010201, 4.319965 ], [ 98.002594, 4.317445 ], [ 98.002445, 4.318551 ], [ 98.0022, 4.318946 ], [ 98.002029, 4.319288 ], [ 98.001711, 4.319607 ], [ 98.001393, 4.319802 ], [ 98.001075, 4.319998 ], [ 98.000479, 4.320115 ], [ 98.000021, 4.320177 ], [ 97.999654, 4.320323 ], [ 97.999384, 4.320617 ], [ 97.999221, 4.321117 ], [ 97.996767, 4.322721 ], [ 97.996546, 4.322991 ], [ 97.996131, 4.323064 ], [ 97.995593, 4.322965 ], [ 97.995226, 4.322965 ], [ 97.994836, 4.322866 ], [ 97.99442, 4.322865 ], [ 97.994053, 4.322963 ], [ 97.993809, 4.323159 ], [ 97.993613, 4.323477 ], [ 97.993466, 4.323796 ], [ 97.993294, 4.324212 ], [ 97.99322, 4.324629 ], [ 97.993219, 4.325315 ], [ 97.992925, 4.325756 ], [ 97.992509, 4.326294 ], [ 97.991849, 4.32671 ], [ 97.991311, 4.326906 ], [ 97.990684, 4.327123 ], [ 97.990531, 4.327398 ], [ 97.990317, 4.327766 ], [ 97.990072, 4.328026 ], [ 97.989919, 4.328118 ], [ 97.989781, 4.328163 ], [ 97.989567, 4.32824 ], [ 97.98946, 4.328332 ], [ 97.989353, 4.328531 ], [ 97.989215, 4.328607 ], [ 97.989032, 4.328791 ], [ 97.988772, 4.328989 ], [ 97.988702, 4.329081 ], [ 97.988597, 4.329218 ], [ 97.988221, 4.329464 ], [ 97.987898, 4.329676 ], [ 97.987639, 4.329846 ], [ 97.987589, 4.329993 ], [ 97.987588, 4.330146 ], [ 97.98768, 4.330269 ], [ 97.987664, 4.330437 ], [ 97.987588, 4.330606 ], [ 97.987496, 4.330728 ], [ 97.987389, 4.330897 ], [ 97.987174, 4.331065 ], [ 97.986991, 4.331172 ], [ 97.986731, 4.331233 ], [ 97.986548, 4.331141 ], [ 97.986303, 4.331125 ], [ 97.98612, 4.331202 ], [ 97.985768, 4.331446 ], [ 97.985355, 4.331767 ], [ 97.982614, 4.334636 ], [ 97.982492, 4.334835 ], [ 97.9824, 4.335019 ], [ 97.982384, 4.335187 ], [ 97.982338, 4.335356 ], [ 97.982292, 4.335493 ], [ 97.982231, 4.335677 ], [ 97.982185, 4.335846 ], [ 97.982078, 4.335937 ], [ 97.982017, 4.335999 ], [ 97.98194, 4.336106 ], [ 97.98194, 4.336259 ], [ 97.981894, 4.336397 ], [ 97.981817, 4.336458 ], [ 97.981664, 4.336504 ], [ 97.981542, 4.336473 ], [ 97.981374, 4.336442 ], [ 97.981267, 4.336457 ], [ 97.981267, 4.336503 ], [ 97.981343, 4.336595 ], [ 97.981404, 4.336703 ], [ 97.98137, 4.336989 ], [ 97.981263, 4.337172 ], [ 97.981003, 4.337325 ], [ 97.980682, 4.337417 ], [ 97.980392, 4.3376 ], [ 97.9803, 4.337768 ], [ 97.980299, 4.337906 ], [ 97.98033, 4.338136 ], [ 97.98039, 4.338504 ], [ 97.980405, 4.338688 ], [ 97.98039, 4.33901 ], [ 97.980313, 4.33924 ], [ 97.98016, 4.339469 ], [ 97.979992, 4.339653 ], [ 97.979915, 4.339806 ], [ 97.979854, 4.339974 ], [ 97.979853, 4.340143 ], [ 97.979884, 4.340388 ], [ 97.979914, 4.340526 ], [ 97.979898, 4.340741 ], [ 97.979807, 4.340924 ], [ 97.979684, 4.341077 ], [ 97.979623, 4.341215 ], [ 97.979622, 4.341445 ], [ 97.979622, 4.341767 ], [ 97.979392, 4.342257 ], [ 97.979115, 4.342703 ], [ 97.973018, 4.34228 ], [ 97.970655, 4.34224 ], [ 97.967694, 4.342146 ], [ 97.96745, 4.342127 ], [ 97.96708, 4.342117 ], [ 97.966746, 4.342108 ], [ 97.966396, 4.342312 ], [ 97.966134, 4.342501 ], [ 97.96609, 4.342662 ], [ 97.966105, 4.342924 ], [ 97.966119, 4.343216 ], [ 97.966002, 4.343522 ], [ 97.965885, 4.343727 ], [ 97.965725, 4.343829 ], [ 97.965507, 4.343901 ], [ 97.965259, 4.343945 ], [ 97.964953, 4.344207 ], [ 97.964618, 4.344542 ], [ 97.964152, 4.345038 ], [ 97.963817, 4.345271 ], [ 97.963393, 4.345536 ], [ 97.963393, 4.345813 ], [ 97.963392, 4.34628 ], [ 97.963392, 4.346499 ], [ 97.963435, 4.346718 ], [ 97.96345, 4.34685 ], [ 97.963449, 4.347112 ], [ 97.963464, 4.347332 ], [ 97.963463, 4.347506 ], [ 97.963405, 4.347667 ], [ 97.963273, 4.347988 ], [ 97.963128, 4.348225 ], [ 97.963069, 4.348517 ], [ 97.962952, 4.348954 ], [ 97.962703, 4.349719 ], [ 97.962469, 4.350171 ], [ 97.96225, 4.350666 ], [ 97.962119, 4.350929 ], [ 97.961959, 4.35106 ], [ 97.961871, 4.351264 ], [ 97.961842, 4.351483 ], [ 97.96174, 4.351687 ], [ 97.961536, 4.351848 ], [ 97.961434, 4.352095 ], [ 97.961361, 4.352402 ], [ 97.961287, 4.352606 ], [ 97.961229, 4.352883 ], [ 97.961141, 4.353131 ], [ 97.960966, 4.353379 ], [ 97.960835, 4.353598 ], [ 97.960733, 4.353773 ], [ 97.96066, 4.353933 ], [ 97.960602, 4.354137 ], [ 97.960601, 4.354385 ], [ 97.960516, 4.354742 ], [ 97.960706, 4.354809 ], [ 97.96084, 4.354879 ], [ 97.960949, 4.354954 ], [ 97.961092, 4.355097 ], [ 97.961199, 4.355186 ], [ 97.961326, 4.35526 ], [ 97.961453, 4.355305 ], [ 97.961583, 4.355342 ], [ 97.961743, 4.355379 ], [ 97.961863, 4.355447 ], [ 97.961946, 4.35552 ], [ 97.961972, 4.35558 ], [ 97.961975, 4.355666 ], [ 97.961919, 4.355768 ], [ 97.961856, 4.355821 ], [ 97.961744, 4.355867 ], [ 97.961655, 4.355904 ], [ 97.961565, 4.355986 ], [ 97.961532, 4.356092 ], [ 97.961532, 4.356211 ], [ 97.961542, 4.356337 ], [ 97.961585, 4.35644 ], [ 97.961639, 4.356518 ], [ 97.961759, 4.356626 ], [ 97.961896, 4.356747 ], [ 97.962045, 4.356891 ], [ 97.962161, 4.35705 ], [ 97.962203, 4.357224 ], [ 97.962304, 4.357386 ], [ 97.962376, 4.357536 ], [ 97.962453, 4.35768 ], [ 97.962543, 4.357908 ], [ 97.962668, 4.358119 ], [ 97.962746, 4.358251 ], [ 97.962835, 4.358449 ], [ 97.96317, 4.358461 ], [ 97.963245, 4.358209 ], [ 97.963261, 4.358041 ], [ 97.963309, 4.357885 ], [ 97.963345, 4.357772 ], [ 97.963429, 4.357691 ], [ 97.963985, 4.357357 ], [ 97.964215, 4.356999 ], [ 97.965159, 4.356668 ], [ 97.966391, 4.356402 ], [ 97.967613, 4.356034 ], [ 97.96827, 4.355832 ], [ 97.96907, 4.355704 ], [ 97.969696, 4.355661 ], [ 97.970322, 4.355828 ], [ 97.970791, 4.355836 ], [ 97.971332, 4.355779 ], [ 97.97211, 4.355896 ], [ 97.972686, 4.356034 ], [ 97.972903, 4.356055 ], [ 97.973122, 4.356095 ], [ 97.973447, 4.356101 ], [ 97.97366, 4.356141 ], [ 97.973851, 4.356152 ], [ 97.974221, 4.356214 ], [ 97.974731, 4.356177 ], [ 97.975128, 4.356166 ], [ 97.975318, 4.356188 ], [ 97.975526, 4.356255 ], [ 97.975761, 4.356295 ], [ 97.975957, 4.356369 ], [ 97.976165, 4.356448 ], [ 97.976395, 4.356487 ], [ 97.97658, 4.356538 ], [ 97.976787, 4.356583 ], [ 97.976978, 4.356612 ], [ 97.97709, 4.356674 ], [ 97.977241, 4.356674 ], [ 97.977398, 4.356702 ], [ 97.977623, 4.356776 ], [ 97.977813, 4.356799 ], [ 97.977959, 4.356878 ], [ 97.978172, 4.356917 ], [ 97.978402, 4.356963 ], [ 97.978539, 4.356969 ], [ 97.978679, 4.356947 ], [ 97.978859, 4.356947 ], [ 97.979027, 4.356993 ], [ 97.979145, 4.3571 ], [ 97.979234, 4.357167 ], [ 97.979386, 4.357173 ], [ 97.979624, 4.357107 ], [ 97.97982, 4.357096 ], [ 97.979932, 4.357062 ], [ 97.980106, 4.357012 ], [ 97.980297, 4.357006 ], [ 97.980454, 4.357018 ], [ 97.980622, 4.357069 ], [ 97.980751, 4.357097 ], [ 97.980925, 4.357075 ], [ 97.981105, 4.357024 ], [ 97.981475, 4.356991 ], [ 97.981739, 4.356997 ], [ 97.982069, 4.357065 ], [ 97.982333, 4.357105 ], [ 97.982653, 4.35719 ], [ 97.982955, 4.357196 ], [ 97.983374, 4.357261 ], [ 97.983839, 4.35735 ], [ 97.984066, 4.357471 ], [ 97.98438, 4.357629 ], [ 97.984833, 4.357774 ], [ 97.985355, 4.357971 ], [ 97.985757, 4.358084 ], [ 97.986123, 4.358189 ], [ 97.986361, 4.358244 ], [ 97.986785, 4.358404 ], [ 97.98703, 4.358487 ], [ 97.987135, 4.358597 ], [ 97.987244, 4.358689 ], [ 97.987427, 4.358781 ], [ 97.987479, 4.358909 ], [ 97.987466, 4.358979 ], [ 97.987466, 4.359088 ], [ 97.987475, 4.359189 ], [ 97.987483, 4.359263 ], [ 97.987474, 4.359419 ], [ 97.987578, 4.359459 ], [ 97.987802, 4.359546 ], [ 97.988005, 4.359646 ], [ 97.988122, 4.359707 ], [ 97.988256, 4.359759 ], [ 97.988395, 4.359798 ], [ 97.988511, 4.359846 ], [ 97.988632, 4.359941 ], [ 97.988758, 4.359976 ], [ 97.988991, 4.360059 ], [ 97.989138, 4.360116 ], [ 97.98923, 4.360156 ], [ 97.989273, 4.360143 ], [ 97.989308, 4.360065 ], [ 97.989386, 4.360043 ], [ 97.989503, 4.360043 ], [ 97.989723, 4.36013 ], [ 97.989978, 4.360257 ], [ 97.990116, 4.360335 ], [ 97.990273, 4.360405 ], [ 97.990359, 4.360492 ], [ 97.990437, 4.360562 ], [ 97.990593, 4.360579 ], [ 97.990783, 4.360623 ], [ 97.990939, 4.360671 ], [ 97.99106, 4.360689 ], [ 97.991181, 4.360689 ], [ 97.991285, 4.360702 ], [ 97.991355, 4.360854 ], [ 97.991411, 4.360958 ], [ 97.991462, 4.361006 ], [ 97.991519, 4.361046 ], [ 97.993375, 4.36122 ], [ 97.993954, 4.36132 ], [ 97.994143, 4.361298 ], [ 97.994524, 4.361083 ], [ 97.994772, 4.360718 ], [ 97.994938, 4.360337 ], [ 97.995336, 4.360221 ], [ 97.995733, 4.360255 ], [ 97.996063, 4.360272 ], [ 97.996411, 4.360339 ], [ 97.996692, 4.360422 ], [ 97.997056, 4.360439 ], [ 97.997337, 4.36044 ], [ 97.997602, 4.360556 ], [ 97.997866, 4.360772 ], [ 97.998064, 4.360922 ], [ 97.998296, 4.361221 ], [ 97.998444, 4.361702 ], [ 97.998757, 4.362283 ], [ 97.998939, 4.362566 ], [ 97.999402, 4.362799 ], [ 97.999675, 4.363022 ], [ 97.999885, 4.363152 ], [ 98.000014, 4.363117 ], [ 98.000296, 4.363059 ], [ 98.000718, 4.362977 ], [ 98.001046, 4.362895 ], [ 98.001351, 4.362966 ], [ 98.003458, 4.365723 ], [ 98.003599, 4.365782 ], [ 98.003821, 4.365958 ], [ 98.003985, 4.365994 ], [ 98.00422, 4.365935 ], [ 98.004361, 4.3659 ], [ 98.004419, 4.365947 ], [ 98.004489, 4.366077 ], [ 98.004606, 4.366265 ], [ 98.004817, 4.36636 ], [ 98.005136, 4.366459 ], [ 98.005464, 4.366577 ], [ 98.005874, 4.366718 ], [ 98.006319, 4.366766 ], [ 98.00687, 4.366896 ], [ 98.007245, 4.367108 ], [ 98.00776, 4.36732 ], [ 98.008147, 4.367509 ], [ 98.008428, 4.367627 ], [ 98.008756, 4.367733 ], [ 98.009273, 4.367887 ], [ 98.009557, 4.368125 ], [ 98.009686, 4.368339 ], [ 98.009958, 4.368672 ], [ 98.010195, 4.368981 ], [ 98.010466, 4.369492 ], [ 98.010631, 4.370169 ], [ 98.010713, 4.370656 ], [ 98.010713, 4.37119 ], [ 98.010483, 4.371597 ], [ 98.010187, 4.372444 ], [ 98.010106, 4.372772 ], [ 98.009945, 4.37296 ], [ 98.009891, 4.373216 ], [ 98.009904, 4.373499 ], [ 98.010051, 4.37362 ], [ 98.010091, 4.373808 ], [ 98.010104, 4.374037 ], [ 98.010184, 4.37432 ], [ 98.010144, 4.374562 ], [ 98.009996, 4.37479 ], [ 98.009848, 4.374938 ], [ 98.009649, 4.375076 ], [ 98.009581, 4.375227 ], [ 98.009564, 4.375395 ], [ 98.009573, 4.375488 ], [ 98.009556, 4.37558 ], [ 98.009329, 4.375799 ], [ 98.009295, 4.376001 ], [ 98.009253, 4.376211 ], [ 98.009051, 4.376446 ], [ 98.008766, 4.37674 ], [ 98.008708, 4.376849 ], [ 98.008768, 4.376889 ], [ 98.008908, 4.37697 ], [ 98.009014, 4.37703 ], [ 98.009161, 4.37705 ], [ 98.009454, 4.377057 ], [ 98.009701, 4.377031 ], [ 98.009947, 4.376937 ], [ 98.010168, 4.376851 ], [ 98.010381, 4.376771 ], [ 98.010621, 4.376638 ], [ 98.010748, 4.376651 ], [ 98.01107, 4.376759 ], [ 98.01125, 4.376819 ], [ 98.011557, 4.376967 ], [ 98.011863, 4.377114 ], [ 98.01209, 4.377221 ], [ 98.012329, 4.377362 ], [ 98.012529, 4.377496 ], [ 98.012682, 4.37771 ], [ 98.012735, 4.377897 ], [ 98.012735, 4.378192 ], [ 98.012841, 4.378426 ], [ 98.013115, 4.378553 ], [ 98.013234, 4.378714 ], [ 98.013415, 4.378951 ], [ 98.01355, 4.379114 ], [ 98.013653, 4.379185 ], [ 98.013762, 4.379289 ], [ 98.013908, 4.379398 ], [ 98.014017, 4.379447 ], [ 98.014185, 4.379469 ], [ 98.01431, 4.379518 ], [ 98.014467, 4.379579 ], [ 98.014608, 4.379661 ], [ 98.014744, 4.379704 ], [ 98.014907, 4.379748 ], [ 98.015075, 4.379776 ], [ 98.015222, 4.379819 ], [ 98.015292, 4.379852 ], [ 98.015406, 4.379896 ], [ 98.016036, 4.37976 ], [ 98.016329, 4.379712 ], [ 98.016465, 4.379668 ], [ 98.016666, 4.379641 ], [ 98.016796, 4.379642 ], [ 98.016921, 4.379636 ], [ 98.017128, 4.379566 ], [ 98.01735, 4.37949 ], [ 98.017562, 4.379479 ], [ 98.017676, 4.37949 ], [ 98.017844, 4.37948 ], [ 98.01798, 4.379469 ], [ 98.0181, 4.379442 ], [ 98.018317, 4.379453 ], [ 98.018463, 4.379442 ], [ 98.018588, 4.37941 ], [ 98.018651, 4.379559 ], [ 98.018706, 4.379704 ], [ 98.019075, 4.379556 ], [ 98.019231, 4.379509 ], [ 98.019307, 4.379465 ], [ 98.019386, 4.379389 ], [ 98.019459, 4.379327 ], [ 98.019521, 4.379298 ], [ 98.019574, 4.379226 ], [ 98.019623, 4.379119 ], [ 98.019729, 4.379054 ], [ 98.019973, 4.379005 ], [ 98.020177, 4.378998 ], [ 98.021374, 4.378966 ], [ 98.021371, 4.379165 ], [ 98.021346, 4.3793 ], [ 98.021334, 4.379374 ], [ 98.021383, 4.379435 ], [ 98.021493, 4.379423 ], [ 98.02225, 4.379731 ], [ 98.022641, 4.379841 ], [ 98.022824, 4.37994 ], [ 98.022922, 4.37994 ], [ 98.023068, 4.379903 ], [ 98.02319, 4.379928 ], [ 98.023239, 4.380051 ], [ 98.023324, 4.380235 ], [ 98.023495, 4.38037 ], [ 98.023519, 4.380529 ], [ 98.023543, 4.380725 ], [ 98.023604, 4.380983 ], [ 98.023629, 4.38102 ], [ 98.023763, 4.381094 ], [ 98.023861, 4.38113 ], [ 98.023971, 4.381082 ], [ 98.024105, 4.380984 ], [ 98.024203, 4.380922 ], [ 98.024337, 4.380837 ], [ 98.024472, 4.380837 ], [ 98.02463, 4.380886 ], [ 98.024814, 4.380862 ], [ 98.024985, 4.38085 ], [ 98.025058, 4.380727 ], [ 98.025254, 4.380593 ], [ 98.025523, 4.380556 ], [ 98.02573, 4.380667 ], [ 98.02573, 4.380814 ], [ 98.025889, 4.380937 ], [ 98.025986, 4.381023 ], [ 98.026023, 4.381109 ], [ 98.026108, 4.381268 ], [ 98.026242, 4.381342 ], [ 98.026352, 4.381367 ], [ 98.026499, 4.381269 ], [ 98.02667, 4.381183 ], [ 98.026878, 4.381134 ], [ 98.027159, 4.381135 ], [ 98.027489, 4.381184 ], [ 98.027647, 4.381393 ], [ 98.027891, 4.381516 ], [ 98.027916, 4.381626 ], [ 98.027915, 4.381724 ], [ 98.027898, 4.381835 ], [ 98.027854, 4.381982 ], [ 98.027865, 4.382113 ], [ 98.027903, 4.382178 ], [ 98.027957, 4.382216 ], [ 98.028049, 4.382233 ], [ 98.028098, 4.382238 ], [ 98.028147, 4.382167 ], [ 98.02818, 4.382113 ], [ 98.028212, 4.382086 ], [ 98.028267, 4.382075 ], [ 98.028321, 4.38207 ], [ 98.028451, 4.38207 ], [ 98.028516, 4.38213 ], [ 98.028614, 4.382179 ], [ 98.028679, 4.382234 ], [ 98.028711, 4.382277 ], [ 98.02876, 4.382332 ], [ 98.028831, 4.382386 ], [ 98.028942, 4.382411 ], [ 98.029303, 4.382489 ], [ 98.029707, 4.382621 ], [ 98.02986, 4.382709 ], [ 98.02998, 4.382731 ], [ 98.030166, 4.382621 ], [ 98.030286, 4.382424 ], [ 98.030374, 4.382358 ], [ 98.030866, 4.382392 ], [ 98.031401, 4.382437 ], [ 98.031565, 4.38247 ], [ 98.031707, 4.382613 ], [ 98.032133, 4.38303 ], [ 98.032318, 4.383129 ], [ 98.032439, 4.383162 ], [ 98.032777, 4.383404 ], [ 98.033028, 4.383536 ], [ 98.033313, 4.383514 ], [ 98.033378, 4.383514 ], [ 98.033476, 4.383723 ], [ 98.033585, 4.384096 ], [ 98.033935, 4.384239 ], [ 98.034033, 4.384294 ], [ 98.034164, 4.384316 ], [ 98.034612, 4.384481 ], [ 98.035027, 4.384679 ], [ 98.035322, 4.384757 ], [ 98.035562, 4.384823 ], [ 98.036069, 4.384915 ], [ 98.036243, 4.385135 ], [ 98.036385, 4.38519 ], [ 98.036702, 4.385311 ], [ 98.037063, 4.385322 ], [ 98.037358, 4.385322 ], [ 98.037631, 4.385323 ], [ 98.03785, 4.3854 ], [ 98.038057, 4.385532 ], [ 98.038658, 4.385697 ], [ 98.0388, 4.385763 ], [ 98.039009, 4.385844 ], [ 98.039299, 4.385988 ], [ 98.039879, 4.386178 ], [ 98.039991, 4.38582 ], [ 98.040276, 4.385535 ], [ 98.040604, 4.38536 ], [ 98.040801, 4.385283 ], [ 98.041063, 4.385174 ], [ 98.041282, 4.384998 ], [ 98.041403, 4.384724 ], [ 98.041523, 4.384538 ], [ 98.041676, 4.384461 ], [ 98.042004, 4.384462 ], [ 98.042507, 4.38443 ], [ 98.043261, 4.384365 ], [ 98.043742, 4.3843 ], [ 98.044224, 4.384154 ], [ 98.044667, 4.384056 ], [ 98.044888, 4.384081 ], [ 98.045503, 4.384501 ], [ 98.046191, 4.3847 ], [ 98.04683, 4.38475 ], [ 98.047371, 4.384751 ], [ 98.047592, 4.384874 ], [ 98.04769, 4.385121 ], [ 98.047788, 4.38564 ], [ 98.04791, 4.386306 ], [ 98.047934, 4.386849 ], [ 98.048131, 4.387121 ], [ 98.048524, 4.386949 ], [ 98.049041, 4.386629 ], [ 98.04973, 4.386235 ], [ 98.050124, 4.386013 ], [ 98.050272, 4.385445 ], [ 98.050641, 4.385323 ], [ 98.051133, 4.385372 ], [ 98.051477, 4.385373 ], [ 98.051723, 4.385472 ], [ 98.052092, 4.385695 ], [ 98.052436, 4.385646 ], [ 98.052805, 4.385547 ], [ 98.053149, 4.385696 ], [ 98.053518, 4.385795 ], [ 98.054108, 4.38582 ], [ 98.054403, 4.385722 ], [ 98.054698, 4.385821 ], [ 98.05487, 4.386142 ], [ 98.054944, 4.386266 ], [ 98.055239, 4.386439 ], [ 98.05546, 4.38639 ], [ 98.055657, 4.386267 ], [ 98.055878, 4.386267 ], [ 98.05605, 4.386218 ], [ 98.056272, 4.386144 ], [ 98.056444, 4.386317 ], [ 98.056861, 4.38728 ], [ 98.056565, 4.387625 ], [ 98.05627, 4.38802 ], [ 98.056048, 4.388415 ], [ 98.055973, 4.389032 ], [ 98.05585, 4.389352 ], [ 98.055923, 4.389673 ], [ 98.056243, 4.389822 ], [ 98.056488, 4.389995 ], [ 98.056758, 4.390292 ], [ 98.057054, 4.390341 ], [ 98.057939, 4.390491 ], [ 98.05816, 4.390762 ], [ 98.058487, 4.391224 ], [ 98.058716, 4.391668 ], [ 98.058812, 4.392308 ], [ 98.05942, 4.392294 ], [ 98.06001, 4.392394 ], [ 98.060518, 4.392526 ], [ 98.061223, 4.392659 ], [ 98.061863, 4.392775 ], [ 98.062436, 4.392973 ], [ 98.062846, 4.393072 ], [ 98.063075, 4.393072 ], [ 98.063157, 4.393105 ], [ 98.063343, 4.393622 ], [ 98.063746, 4.394148 ], [ 98.063908, 4.394434 ], [ 98.064106, 4.394098 ], [ 98.064402, 4.393818 ], [ 98.065108, 4.393311 ], [ 98.065813, 4.393032 ], [ 98.066469, 4.392901 ], [ 98.066945, 4.393033 ], [ 98.067355, 4.393017 ], [ 98.067584, 4.3931 ], [ 98.067764, 4.393281 ], [ 98.067961, 4.393479 ], [ 98.068026, 4.393759 ], [ 98.067976, 4.394038 ], [ 98.068042, 4.394285 ], [ 98.068051, 4.394493 ], [ 98.06803, 4.394576 ], [ 98.068391, 4.394719 ], [ 98.068795, 4.394818 ], [ 98.069046, 4.394841 ], [ 98.06909, 4.394786 ], [ 98.069189, 4.394665 ], [ 98.069287, 4.394632 ], [ 98.070281, 4.394919 ], [ 98.070708, 4.395084 ], [ 98.071265, 4.39526 ], [ 98.071374, 4.395216 ], [ 98.071527, 4.395052 ], [ 98.072282, 4.39434 ], [ 98.072991, 4.395537 ], [ 98.073297, 4.396118 ], [ 98.073602, 4.39659 ], [ 98.073799, 4.396909 ], [ 98.073656, 4.397018 ], [ 98.074038, 4.397436 ] ] ] ] } }
]
}
