{
"type": "FeatureCollection",
"name": "danau_area",
"crs": { "type": "name", "properties": { "name": "urn:ogc:def:crs:OGC:1.3:CRS84" } },
"features": [
{ "type": "Feature", "properties": { "Id": 0, "area": 14428.8222276, "danau": "D. Jempang" }, "geometry": { "type": "MultiPolygon", "coordinates": [ [ [ [ 116.275489285311906, -0.417622670670119 ], [ 116.274907557651872, -0.418375483255595 ], [ 116.274907549972113, -0.41845913509776 ], [ 116.274907542290819, -0.418542786939889 ], [ 116.274824440516241, -0.418626431046401 ], [ 116.274824432830982, -0.418710082886948 ], [ 116.274741307980037, -0.419044682504742 ], [ 116.274741292590889, -0.419211986182564 ], [ 116.27474128489402, -0.419295638021422 ], [ 116.274741277195602, -0.419379289860313 ], [ 116.274741261794162, -0.419546593537973 ], [ 116.27474125409114, -0.419630245376775 ], [ 116.274741238680491, -0.41979754905436 ], [ 116.274741223263703, -0.419964852731822 ], [ 116.274575019633204, -0.420132140877915 ], [ 116.274491917815297, -0.420215784944969 ], [ 116.274491886934257, -0.420550392280969 ], [ 116.274574957865866, -0.420801355562125 ], [ 116.274574950138032, -0.42088500739758 ], [ 116.27465803652052, -0.420968667014557 ], [ 116.274741107441898, -0.421219630310719 ], [ 116.274824178356312, -0.421470593615052 ], [ 116.274824162879824, -0.421637897294896 ], [ 116.27482414739724, -0.421805200974685 ], [ 116.274824139653632, -0.421888852814561 ], [ 116.274574818529885, -0.422307088597334 ], [ 116.274574810774396, -0.422390740432462 ], [ 116.274491701131637, -0.422558036290797 ], [ 116.274408607006023, -0.422558028478054 ], [ 116.27432550511918, -0.422641672494832 ], [ 116.274159301340148, -0.422808960516384 ], [ 116.273993097554012, -0.422976248521903 ], [ 116.273826901538058, -0.423059884690348 ], [ 116.273743784080153, -0.423310832319542 ], [ 116.273743768512958, -0.423478135958378 ], [ 116.273743760727086, -0.42356178777776 ], [ 116.273993019744807, -0.423812766762488 ], [ 116.274076098297613, -0.423980078253917 ], [ 116.274076090506071, -0.424063730079398 ], [ 116.274159169055622, -0.424231041577524 ], [ 116.274242247604121, -0.424398353080919 ], [ 116.274325326151612, -0.424565664589513 ], [ 116.274491491045936, -0.424816635789316 ], [ 116.274657663747021, -0.424983955167826 ], [ 116.274823836455255, -0.425151274555052 ], [ 116.274823828650227, -0.425234926394163 ], [ 116.274990009170665, -0.425318593950971 ], [ 116.274989993556474, -0.425485897635334 ], [ 116.275156158465819, -0.425736868891234 ], [ 116.275405409743186, -0.426071499877921 ], [ 116.275405401927529, -0.426155151727681 ], [ 116.27548846483559, -0.426489767001106 ], [ 116.275571535553951, -0.426740730432971 ], [ 116.275571512070968, -0.426991685991004 ], [ 116.275654598435594, -0.427075345727224 ], [ 116.275654574936866, -0.427326301289668 ], [ 116.275654567100901, -0.427409953143768 ], [ 116.275737614258745, -0.427911872166157 ], [ 116.275737598565584, -0.428079175877185 ], [ 116.275820669226292, -0.428330139348554 ], [ 116.275820645663956, -0.428581094919397 ], [ 116.275820637806788, -0.428664746776325 ], [ 116.275820629948072, -0.428748398633217 ], [ 116.2758205827636, -0.429250309774216 ], [ 116.275820551276595, -0.42958491720119 ], [ 116.27582053552392, -0.429752220914565 ], [ 116.275820527645251, -0.429835872771217 ], [ 116.275820504000109, -0.430086828341077 ], [ 116.275820496115315, -0.430170480197638 ], [ 116.275820464560852, -0.430505087623812 ], [ 116.275820448774411, -0.430672391336746 ], [ 116.275820440878903, -0.430756043193227 ], [ 116.275820409281494, -0.431090650618847 ], [ 116.275820401378326, -0.431174302475201 ], [ 116.275820377659556, -0.431425258044187 ], [ 116.275820369750221, -0.43150890990045 ], [ 116.275654165432343, -0.431676197678632 ], [ 116.275404866863397, -0.431843477467256 ], [ 116.274989371884757, -0.432094393108455 ], [ 116.27490627764746, -0.432094385124875 ], [ 116.274407696380379, -0.432261640863908 ], [ 116.274324602152021, -0.432261632870832 ], [ 116.273992217309313, -0.432345252711445 ], [ 116.27365983248238, -0.432428872525063 ], [ 116.273493628143356, -0.432596160140849 ], [ 116.273244337543744, -0.432679787918146 ], [ 116.273161243332353, -0.432679779904511 ], [ 116.272995062875978, -0.432596112071082 ], [ 116.272911976631221, -0.432512452254319 ], [ 116.272745804147178, -0.43234513262734 ], [ 116.272745812105455, -0.432261480828504 ], [ 116.272828922214757, -0.43209418523809 ], [ 116.272912040264558, -0.431843237838424 ], [ 116.273078244550717, -0.431675950228931 ], [ 116.27316134669104, -0.431592306418136 ], [ 116.273244448829587, -0.431508662603294 ], [ 116.273244464702955, -0.431341358986584 ], [ 116.273244472637316, -0.431257707178226 ], [ 116.273161410167106, -0.430923091963409 ], [ 116.273161433945234, -0.430672136542564 ], [ 116.273078339757205, -0.430672128565202 ], [ 116.272995245570712, -0.430672120586929 ], [ 116.272745955091395, -0.430755748445877 ], [ 116.272496640809877, -0.431090331670775 ], [ 116.272413538689236, -0.431173975471275 ], [ 116.272330428622482, -0.431341271059063 ], [ 116.272247318547457, -0.431508566639675 ], [ 116.272164208464162, -0.431675862213094 ], [ 116.272164192554897, -0.431843165789327 ], [ 116.272164168679424, -0.432094121153571 ], [ 116.272164136823875, -0.432428728305624 ], [ 116.27216411291603, -0.432679683669443 ], [ 116.27216410494367, -0.432763335457362 ], [ 116.272164096969775, -0.432846987245246 ], [ 116.272164073038823, -0.433097942608818 ], [ 116.272164065058732, -0.43318159439661 ], [ 116.272164033123033, -0.433516201547692 ], [ 116.272164025135268, -0.433599853335425 ], [ 116.27216399316876, -0.433934460486116 ], [ 116.272163961177569, -0.434269067636524 ], [ 116.272080842956612, -0.434520014939429 ], [ 116.271997700675001, -0.435021917584921 ], [ 116.27183148016293, -0.435356508566922 ], [ 116.271748353834269, -0.435691107606131 ], [ 116.271665251584409, -0.435774751298032 ], [ 116.271499047079203, -0.435942038669708 ], [ 116.271166646094855, -0.436192961595985 ], [ 116.270917355415008, -0.436276589051636 ], [ 116.270751150891556, -0.43644387635986 ], [ 116.270501852155746, -0.436611155535859 ], [ 116.270335655685415, -0.436694791053862 ], [ 116.270252553416668, -0.436778434684752 ], [ 116.270086340799722, -0.437029373682535 ], [ 116.269920128164046, -0.437280312657741 ], [ 116.269837009710756, -0.437531259751907 ], [ 116.26967080512965, -0.4376985469484 ], [ 116.269504592443766, -0.437949485865636 ], [ 116.269338379739139, -0.43820042476034 ], [ 116.269172158903771, -0.438535015363105 ], [ 116.269089040356135, -0.438785962382636 ], [ 116.269089007870733, -0.439120569298539 ], [ 116.269088999745534, -0.43920422102748 ], [ 116.269088975360603, -0.439455176214156 ], [ 116.269005873019793, -0.439538819755812 ], [ 116.269005864885898, -0.439622471483083 ], [ 116.269005840474989, -0.439873426664799 ], [ 116.2690058241933, -0.440040730119188 ], [ 116.269005807905401, -0.4402080335735 ], [ 116.268922697394231, -0.440375328823996 ], [ 116.268839595027487, -0.440458972343321 ], [ 116.268756492658866, -0.440542615858561 ], [ 116.268424115810916, -0.440542583014412 ], [ 116.268257927396263, -0.440542566586742 ], [ 116.268174833191239, -0.440542558371507 ], [ 116.268091738987764, -0.440542550155341 ], [ 116.267925550585502, -0.440542533720209 ], [ 116.267759362189423, -0.440542517281347 ], [ 116.267676276159435, -0.440458857358411 ], [ 116.26759318196622, -0.44045884913821 ], [ 116.267426993584394, -0.44045883269501 ], [ 116.267177686504766, -0.440709763101385 ], [ 116.267177678328835, -0.440793414794065 ], [ 116.267094567782834, -0.440960709944213 ], [ 116.267011465412438, -0.441044353397608 ], [ 116.26701143266709, -0.441378960155441 ], [ 116.26701139989693, -0.441713566912937 ], [ 116.267011375302985, -0.441964521980892 ], [ 116.267011358899296, -0.442131825359428 ], [ 116.267011334282074, -0.442382780427063 ], [ 116.267011326073245, -0.442466432116253 ], [ 116.267011301437407, -0.44271738718366 ], [ 116.267011276787599, -0.442968342250928 ], [ 116.26701126856787, -0.443051993939967 ], [ 116.266678875287184, -0.443219264195446 ], [ 116.266097199412101, -0.443386509538434 ], [ 116.265764814394927, -0.443470128027588 ], [ 116.265515523580873, -0.443553754791544 ], [ 116.26534930220167, -0.443888344816222 ], [ 116.265183097311322, -0.444055631503051 ], [ 116.265099994863334, -0.444139274840337 ], [ 116.265099978335954, -0.444306578145906 ], [ 116.264933773424403, -0.444473864801838 ], [ 116.264933756880808, -0.44464116810097 ], [ 116.264933723774945, -0.444975774699038 ], [ 116.264767535392039, -0.444975758026906 ], [ 116.264601347015386, -0.444975741351006 ], [ 116.264435158644929, -0.444975724671338 ], [ 116.26426898685169, -0.44480840471399 ], [ 116.264185909240467, -0.444641093103144 ], [ 116.263936643287749, -0.444473764825426 ], [ 116.263853565681487, -0.444306453229488 ], [ 116.263687385634384, -0.44422278493185 ], [ 116.263521205595737, -0.444139116636727 ], [ 116.263438111439328, -0.444139108300818 ], [ 116.263188845543652, -0.443971780053982 ], [ 116.263022657248627, -0.443971763379986 ], [ 116.262856477243346, -0.443888095091718 ], [ 116.262773391385053, -0.443804435144092 ], [ 116.262524108973892, -0.443804410127022 ], [ 116.262357937277883, -0.443637090242069 ], [ 116.262274859714907, -0.443469778703292 ], [ 116.262191782150921, -0.443302467169808 ], [ 116.262108721136912, -0.442967852448505 ], [ 116.262108745951551, -0.442716897658735 ], [ 116.26210875421998, -0.442633246062135 ], [ 116.261859488423198, -0.442465917904726 ], [ 116.261693316746928, -0.442298598079676 ], [ 116.261610222645388, -0.44229858975771 ], [ 116.261194785235176, -0.441963941816093 ], [ 116.261028613591193, -0.441796622019904 ], [ 116.260779372660366, -0.441378339198699 ], [ 116.260447029411893, -0.441043699671517 ], [ 116.260447045921751, -0.440876396540493 ], [ 116.26028085779879, -0.440876379921143 ], [ 116.26028087430609, -0.440709076796333 ], [ 116.260031616896512, -0.440458097196616 ], [ 116.259699257211309, -0.440290760864157 ], [ 116.259366914059186, -0.43995612145152 ], [ 116.258951476914959, -0.439621473772837 ], [ 116.258785313614212, -0.439370502564434 ], [ 116.258619125587288, -0.43937048596464 ], [ 116.258452970543473, -0.439035863249019 ], [ 116.258286799019189, -0.43886854360458 ], [ 116.258203713259803, -0.438784883785673 ], [ 116.25820372973493, -0.438617580738871 ], [ 116.258037541746589, -0.438617564154522 ], [ 116.257871378476494, -0.438366593015119 ], [ 116.257788292725678, -0.438282933208855 ], [ 116.257622112995804, -0.438199265115456 ], [ 116.257539019016463, -0.43819925682516 ], [ 116.257455933274372, -0.438115597024642 ], [ 116.257289753561281, -0.438031928936464 ], [ 116.257206659590068, -0.438031920645623 ], [ 116.257040455173453, -0.438199207063899 ], [ 116.256957352962388, -0.438282850266866 ], [ 116.25679113203455, -0.438617439653517 ], [ 116.256708029812941, -0.438701082840948 ], [ 116.256708013301463, -0.438868385830727 ], [ 116.256624919332054, -0.43886837751755 ], [ 116.25629253520745, -0.438951995742476 ], [ 116.256209441244977, -0.438951987423067 ], [ 116.255877057141944, -0.439035605615136 ], [ 116.255710869232544, -0.439035588962924 ], [ 116.25554468960199, -0.438951920834343 ], [ 116.255461603925639, -0.438868261035506 ], [ 116.255295440847547, -0.43861728997653 ], [ 116.255295449115025, -0.438533638508581 ], [ 116.255129277772667, -0.438366318932754 ], [ 116.254963131222766, -0.437948044980624 ], [ 116.254713898993145, -0.437446111289872 ], [ 116.254630821581173, -0.437278800070321 ], [ 116.254547744168136, -0.437111488856141 ], [ 116.254464650259052, -0.437111480552181 ], [ 116.254049188990194, -0.437027787574025 ], [ 116.253467531732554, -0.437027729399139 ], [ 116.253384437844915, -0.43702772108474 ], [ 116.253052062310218, -0.437027687817894 ], [ 116.252885874552362, -0.437027671178919 ], [ 116.252802780675808, -0.437027662858044 ], [ 116.252387311316781, -0.437027621239792 ], [ 116.252138029720371, -0.437027596257738 ], [ 116.252054935858069, -0.437027587928536 ], [ 116.251639466570268, -0.43702754626865 ], [ 116.251307099450187, -0.436943861532152 ], [ 116.2511409117607, -0.436943844857512 ], [ 116.250808544686279, -0.43686016011479 ], [ 116.25055927147244, -0.436776483711966 ], [ 116.250393092102172, -0.436692815652675 ], [ 116.250060716810339, -0.436692782278175 ], [ 116.249728333249621, -0.436776400250487 ], [ 116.249146668285817, -0.436859993122869 ], [ 116.249063574482506, -0.436859984763562 ], [ 116.24881429308202, -0.436859959680093 ], [ 116.248481901279504, -0.437027228897643 ], [ 116.248149526119249, -0.437027195412453 ], [ 116.248066424014098, -0.437110838368364 ], [ 116.247900236444892, -0.437110821615161 ], [ 116.247817134339272, -0.437194464561881 ], [ 116.247734040557717, -0.437194456181363 ], [ 116.247401665447427, -0.437194422650035 ], [ 116.246435651405989, -0.437685776491019 ], [ 116.246352557645537, -0.437685768085676 ], [ 116.246269463886676, -0.437685759679406 ], [ 116.246020157552138, -0.437936688324534 ], [ 116.245853970043285, -0.43793667149401 ], [ 116.245438476197805, -0.438187583237038 ], [ 116.245272271959891, -0.438354868934399 ], [ 116.245189169838184, -0.438438511776825 ], [ 116.24510606771463, -0.438522154615085 ], [ 116.245022948821884, -0.438773099989869 ], [ 116.244856744555449, -0.438940385639045 ], [ 116.244773625630572, -0.439191330988189 ], [ 116.244607421342963, -0.439358616605874 ], [ 116.24460741294105, -0.439442267867992 ], [ 116.244358089664487, -0.439860498772723 ], [ 116.244108791600141, -0.440027775863429 ], [ 116.244025697858589, -0.44002776738702 ], [ 116.243942595696552, -0.440111410158775 ], [ 116.243444024855776, -0.440195010504902 ], [ 116.243360931125224, -0.440195002017815 ], [ 116.243111649943131, -0.440194976550965 ], [ 116.242779275056094, -0.440194942582118 ], [ 116.242696181338331, -0.440194934087577 ], [ 116.242613087622189, -0.440194925592103 ], [ 116.242446908635088, -0.440111257378326 ], [ 116.242114550686381, -0.43994392095893 ], [ 116.24203145698425, -0.439943912461781 ], [ 116.241782184330447, -0.439860235757578 ], [ 116.241616005385652, -0.43977656755421 ], [ 116.241283639077963, -0.439692882353087 ], [ 116.241034366479326, -0.439609205652827 ], [ 116.240785093899106, -0.439525528953863 ], [ 116.240535821337275, -0.4394418522562 ], [ 116.240452727671226, -0.439441843751069 ], [ 116.240203446682713, -0.439441818230096 ], [ 116.239871063597647, -0.439525435359148 ], [ 116.239455561483879, -0.439859997426363 ], [ 116.239289340293453, -0.44019458500903 ], [ 116.239040016931838, -0.440612815173216 ], [ 116.238873829633377, -0.440612798083109 ], [ 116.238873812652088, -0.440780100383705 ], [ 116.23879070201383, -0.440947394131282 ], [ 116.238707591367046, -0.441114687871342 ], [ 116.238624497717879, -0.441114679313286 ], [ 116.238541395567111, -0.44119832189799 ], [ 116.238458301920261, -0.441198313336442 ], [ 116.238375199768328, -0.441281955914406 ], [ 116.237959723048746, -0.441365564212141 ], [ 116.237876620895847, -0.441449206771486 ], [ 116.237793527259115, -0.441449198197592 ], [ 116.237627322949123, -0.441616483298502 ], [ 116.237544186679017, -0.442034730338802 ], [ 116.237544144002342, -0.442452985958623 ], [ 116.237627229106124, -0.442536645680345 ], [ 116.237627220565258, -0.442620296805865 ], [ 116.237710297127066, -0.442787607658577 ], [ 116.237710280035884, -0.442954909912717 ], [ 116.237710262938236, -0.443122212166779 ], [ 116.237627135067783, -0.443456808059893 ], [ 116.237627126509139, -0.443540459185186 ], [ 116.237460913509281, -0.443791395315633 ], [ 116.237294717632636, -0.443875029185239 ], [ 116.237294709062184, -0.443958680303934 ], [ 116.23729468334119, -0.444209633659919 ], [ 116.237460862083338, -0.44429330204717 ], [ 116.237710125924721, -0.444460630196489 ], [ 116.238042492035689, -0.444544315857331 ], [ 116.238125585711728, -0.444544324488517 ], [ 116.238374866749496, -0.444544350376428 ], [ 116.238541045546796, -0.444628018773239 ], [ 116.238707224352638, -0.444711687172776 ], [ 116.238873411735895, -0.44471170442564 ], [ 116.239122692822804, -0.444711730297876 ], [ 116.239371973924293, -0.444711756161638 ], [ 116.239704348748788, -0.444711790633474 ], [ 116.239870536170642, -0.444711807863744 ], [ 116.240119842970302, -0.444460880180913 ], [ 116.240202953778919, -0.444293586436161 ], [ 116.240286056037306, -0.444209943860967 ], [ 116.240286073119023, -0.444042641506839 ], [ 116.240452277620008, -0.443875356337319 ], [ 116.240452286153356, -0.443791705156949 ], [ 116.240535413981306, -0.44345710901809 ], [ 116.240535422505701, -0.443373457836005 ], [ 116.240535439549632, -0.443206155471761 ], [ 116.240369269176782, -0.443038835957001 ], [ 116.240286183993206, -0.442955176203052 ], [ 116.240286201026635, -0.442787873848332 ], [ 116.240203124357151, -0.442620562924086 ], [ 116.240036962505826, -0.442369592264574 ], [ 116.23995387732694, -0.442285932526161 ], [ 116.239787698466131, -0.442202264223966 ], [ 116.239787715481768, -0.442034961888343 ], [ 116.239953902847233, -0.442034979013024 ], [ 116.240120090219122, -0.442034996133961 ], [ 116.240203175405128, -0.442118655868973 ], [ 116.240286269096032, -0.442118664428722 ], [ 116.240452456482629, -0.442118681545412 ], [ 116.24053555017835, -0.442118690102353 ], [ 116.240618635376379, -0.442202349842332 ], [ 116.240784814278655, -0.442286018141997 ], [ 116.240950976186994, -0.442536988825167 ], [ 116.241200257321893, -0.442537014500602 ], [ 116.241366436254197, -0.442620682811349 ], [ 116.241532615195027, -0.442704351124764 ], [ 116.241781896369247, -0.442704376790226 ], [ 116.241864990097199, -0.442704385343505 ], [ 116.242446646237767, -0.44270444519022 ], [ 116.242529739978565, -0.442704453736002 ], [ 116.242695927464922, -0.442704470824755 ], [ 116.243111404690012, -0.442620862297891 ], [ 116.24344378818607, -0.442537245200103 ], [ 116.243693069465337, -0.442537270791223 ], [ 116.244108546762874, -0.442453662172605 ], [ 116.24435782807781, -0.442453687736408 ], [ 116.244690211645349, -0.442370070545305 ], [ 116.24469019472663, -0.442537373071388 ], [ 116.244523990238207, -0.442704658553611 ], [ 116.244274683491682, -0.442955586745647 ], [ 116.244274675017266, -0.443039238000503 ], [ 116.244191564283611, -0.443206531974407 ], [ 116.244025334302279, -0.443624771149722 ], [ 116.244025317320634, -0.443792073649457 ], [ 116.244025300332609, -0.443959376149099 ], [ 116.244025266337317, -0.444293981148187 ], [ 116.244025257834494, -0.444377632397903 ], [ 116.24394212150338, -0.444795880077023 ], [ 116.243859019197714, -0.444879522753254 ], [ 116.243858993645219, -0.44513047649227 ], [ 116.24377588280683, -0.445297770404109 ], [ 116.243692780487265, -0.445381413065461 ], [ 116.243360388260584, -0.445548681195912 ], [ 116.24311110689969, -0.44554865541932 ], [ 116.243028013115932, -0.445548646825236 ], [ 116.242612569839821, -0.445297650174504 ], [ 116.242529476068498, -0.445297641579605 ], [ 116.242529484605797, -0.445213990359155 ], [ 116.242446407908631, -0.445046679327148 ], [ 116.242280228914879, -0.444963010926647 ], [ 116.242114041394146, -0.444962993741288 ], [ 116.242030947636167, -0.444962985147196 ], [ 116.242197118079645, -0.445130304762532 ], [ 116.242197100999178, -0.445297607190583 ], [ 116.24228019476412, -0.445297615789252 ], [ 116.242363279989874, -0.445381275604215 ], [ 116.242363271447488, -0.445464926821431 ], [ 116.242612501491251, -0.445966859950521 ], [ 116.243027927662951, -0.446385159125197 ], [ 116.243111012902929, -0.446468818966897 ], [ 116.243526447687415, -0.446803466969958 ], [ 116.243609541494877, -0.446803475582571 ], [ 116.243941899635516, -0.446970812518612 ], [ 116.244024984898815, -0.447054472378835 ], [ 116.244523539292075, -0.447138175294014 ], [ 116.244689726954533, -0.447138192508475 ], [ 116.244855914623386, -0.447138209719149 ], [ 116.244939008460207, -0.447138218323066 ], [ 116.245354477668272, -0.447138261328453 ], [ 116.245936143160748, -0.447054670210138 ], [ 116.246434723376595, -0.446887419144427 ], [ 116.246517817240942, -0.44688742772554 ], [ 116.246767115881667, -0.44672015085872 ], [ 116.247016414519067, -0.446552873964043 ], [ 116.247514986278574, -0.446469274041523 ], [ 116.247598080158951, -0.446469282602318 ], [ 116.247681157033057, -0.446636593802069 ], [ 116.247681148526752, -0.446720245122 ], [ 116.247764208375671, -0.44705485897161 ], [ 116.2477641913474, -0.44722216161445 ], [ 116.247764182830863, -0.447305812935832 ], [ 116.2477641487488, -0.447640418221186 ], [ 116.247431730514165, -0.448058640464287 ], [ 116.247348628081937, -0.448142283184272 ], [ 116.24734861954316, -0.448225934497439 ], [ 116.246850013448864, -0.448644139416595 ], [ 116.24676688532908, -0.448978736012641 ], [ 116.246849962100995, -0.44914604723676 ], [ 116.246933047436144, -0.449229707161399 ], [ 116.247431576618141, -0.44956436412735 ], [ 116.247763935158446, -0.449731701247698 ], [ 116.248428678021583, -0.449815421518625 ], [ 116.248511771957197, -0.449815430133106 ], [ 116.248594865894361, -0.449815438746634 ], [ 116.248844147715474, -0.449815464581506 ], [ 116.249425796806747, -0.449899176182346 ], [ 116.249675061585293, -0.45006650470866 ], [ 116.250173599748365, -0.450317510425758 ], [ 116.250339787699289, -0.450317527632952 ], [ 116.250672146533887, -0.450484864789262 ], [ 116.250838317418825, -0.450652184751078 ], [ 116.251087573760429, -0.450903164710448 ], [ 116.251419915575823, -0.451237804687315 ], [ 116.251419907024584, -0.45132145607817 ], [ 116.251752248867788, -0.451656096096844 ], [ 116.251835334333336, -0.451739756107025 ], [ 116.252084599297731, -0.451907084747474 ], [ 116.252250787357625, -0.451907101971395 ], [ 116.252250770247201, -0.452074404784654 ], [ 116.252416958317241, -0.452074422011123 ], [ 116.252915514015314, -0.452158125086918 ], [ 116.253081702112581, -0.452158142301259 ], [ 116.253247890216173, -0.452158159511772 ], [ 116.253414078326074, -0.452158176718455 ], [ 116.253497172383405, -0.452158185320361 ], [ 116.253580266442299, -0.45215819392131 ], [ 116.253829548628502, -0.452158219718413 ], [ 116.253912659769298, -0.451990925438622 ], [ 116.253995762368675, -0.451907282591521 ], [ 116.254078890552449, -0.451572685415116 ], [ 116.254078899078067, -0.451489033973361 ], [ 116.254078916124541, -0.451321731089777 ], [ 116.254245112766043, -0.451238096800508 ], [ 116.254660566065169, -0.451405442571068 ], [ 116.254826754211692, -0.451405459716609 ], [ 116.254909848287312, -0.451405468287947 ], [ 116.254909831256654, -0.451572771203276 ], [ 116.254909814219701, -0.451740074118512 ], [ 116.25490979717641, -0.451907377033686 ], [ 116.254909754540591, -0.452325634321288 ], [ 116.254909720403546, -0.452660240150995 ], [ 116.254909711865324, -0.452743891608368 ], [ 116.254826609233774, -0.452827534467398 ], [ 116.254577275673157, -0.453329417372243 ], [ 116.254494155910407, -0.453580363108293 ], [ 116.254327942035601, -0.453831300210539 ], [ 116.25432793346863, -0.453914951656516 ], [ 116.254161702415786, -0.454333191617846 ], [ 116.254161693837432, -0.454416843060526 ], [ 116.254078556821426, -0.454835091628535 ], [ 116.254078548232627, -0.454918743069507 ], [ 116.253746120253737, -0.455420617080296 ], [ 116.253663000335791, -0.455671562717818 ], [ 116.253829136873151, -0.456173488664323 ], [ 116.253912213750667, -0.456340800212742 ], [ 116.253995299247038, -0.456424460327452 ], [ 116.254078367502984, -0.456675423325494 ], [ 116.254327606753307, -0.457093706589322 ], [ 116.254410683627611, -0.457261018168076 ], [ 116.254410666364535, -0.457428321061576 ], [ 116.254410631819383, -0.457762926848374 ], [ 116.254244426257443, -0.457930212338563 ], [ 116.254244408965221, -0.458097515225406 ], [ 116.254161314825708, -0.458097506519234 ], [ 116.253745800864834, -0.458515720142857 ], [ 116.253579603932621, -0.458599354132574 ], [ 116.253164107269029, -0.458850264773166 ], [ 116.252997919015328, -0.458850247305979 ], [ 116.252831722088899, -0.458933881251092 ], [ 116.252582439726851, -0.458933855032418 ], [ 116.252499345609323, -0.458933846290916 ], [ 116.252333157379041, -0.458933828804999 ], [ 116.252166969155098, -0.458933811315195 ], [ 116.252000780937465, -0.458933793821505 ], [ 116.251917686831035, -0.458933785073203 ], [ 116.251834592726183, -0.458933776323929 ], [ 116.251751498622909, -0.458933767573684 ], [ 116.251419122225698, -0.458933732562987 ], [ 116.251086719746226, -0.459184651684623 ], [ 116.251003582105156, -0.459602899825629 ], [ 116.251003555956601, -0.459853853968259 ], [ 116.250837350317923, -0.460021139167507 ], [ 116.250338768298789, -0.460188389192903 ], [ 116.250255674209598, -0.460188380401197 ], [ 116.250089486035918, -0.460188362814861 ], [ 116.249840229995556, -0.45993738235279 ], [ 116.249424794568952, -0.459602732977282 ], [ 116.24917553857685, -0.459351752563383 ], [ 116.248676991725929, -0.459184397140357 ], [ 116.248344624288166, -0.45910071063682 ], [ 116.248261538985034, -0.459017050514305 ], [ 116.248012265618655, -0.458933372807077 ], [ 116.247929180324505, -0.458849712690236 ], [ 116.247596812961788, -0.458766026191727 ], [ 116.247430624922799, -0.458766008597582 ], [ 116.247347530905714, -0.458765999799053 ], [ 116.247015154853187, -0.458765964595224 ], [ 116.246932060844031, -0.458765955791839 ], [ 116.246765855333066, -0.458933240781008 ], [ 116.246682752574685, -0.459016883269263 ], [ 116.246682743820983, -0.459100534567042 ], [ 116.24651655580935, -0.459100516938682 ], [ 116.246350359044925, -0.459184150597753 ], [ 116.246184171044121, -0.459184132958404 ], [ 116.246017983049683, -0.459184115315167 ], [ 116.245851821351678, -0.458933143822958 ], [ 116.245851856382743, -0.458598538695867 ], [ 116.245851865136501, -0.458514887414037 ], [ 116.245851873888668, -0.45843123613222 ], [ 116.245934994117249, -0.458180291091309 ], [ 116.245935002862069, -0.458096639807805 ], [ 116.245935020346906, -0.457929337240689 ], [ 116.246018149273937, -0.457594740898771 ], [ 116.245685790848995, -0.457427403165108 ], [ 116.245519611649456, -0.457343734302075 ], [ 116.24543652642005, -0.457260074234499 ], [ 116.245353432458558, -0.457260065441616 ], [ 116.245270355966994, -0.457092754105986 ], [ 116.245187296931874, -0.456758140237023 ], [ 116.245104237880454, -0.456423526379668 ], [ 116.244771879556012, -0.456256188728364 ], [ 116.244439503816977, -0.456256153597345 ], [ 116.244439486361458, -0.456423456107324 ], [ 116.244273254821337, -0.456841694788045 ], [ 116.244023938041835, -0.457176273377094 ], [ 116.244023920541508, -0.457343575870528 ], [ 116.243774621228056, -0.457510851918457 ], [ 116.243442254269127, -0.457427165408955 ], [ 116.2431929987807, -0.457176185256271 ], [ 116.243193016293858, -0.457008882795041 ], [ 116.243109939887162, -0.456841571522729 ], [ 116.242777573005128, -0.456757885046627 ], [ 116.242611420212484, -0.45642326253952 ], [ 116.242528370052185, -0.45600499764023 ], [ 116.242528387535828, -0.455837695204272 ], [ 116.242694610259164, -0.455503107914863 ], [ 116.242694618990228, -0.455419456693539 ], [ 116.242445363524666, -0.455168476673145 ], [ 116.24244537225222, -0.455084825456569 ], [ 116.242279184496041, -0.455084807884124 ], [ 116.242113005476028, -0.455001139097708 ], [ 116.241697562328497, -0.454750141541937 ], [ 116.24119901665496, -0.454582786414964 ], [ 116.241115922805903, -0.454582777624478 ], [ 116.240783556161148, -0.45449909126855 ], [ 116.240700471055831, -0.45441543129209 ], [ 116.240451207018566, -0.454248102554248 ], [ 116.240368121921549, -0.454164442585248 ], [ 116.240368148113163, -0.453913489056057 ], [ 116.240866711099017, -0.453913541758798 ], [ 116.240949804935596, -0.453913550539225 ], [ 116.241199095172831, -0.453829925682131 ], [ 116.241282223866165, -0.453495329679975 ], [ 116.241116062318525, -0.45324435856866 ], [ 116.241116071024408, -0.453160707377512 ], [ 116.240949883363555, -0.453160689848663 ], [ 116.240617525479479, -0.452993352416518 ], [ 116.24053444036754, -0.452909692470142 ], [ 116.240285176337366, -0.452742363819757 ], [ 116.23995280981498, -0.452658677583647 ], [ 116.239786630920463, -0.452575008881987 ], [ 116.239703537121656, -0.452575000114038 ], [ 116.239454273157307, -0.452407671486576 ], [ 116.239371179366827, -0.452407662718038 ], [ 116.239038821646574, -0.452240325332579 ], [ 116.238706472671794, -0.451989336813263 ], [ 116.238706481381115, -0.451905685668794 ], [ 116.238457217494656, -0.451738357084421 ], [ 116.23837412373112, -0.451738348317378 ], [ 116.23829100383179, -0.451989292958478 ], [ 116.238290995116103, -0.452072944094794 ], [ 116.238290977679867, -0.452240246367369 ], [ 116.237958602625454, -0.452240211246828 ], [ 116.237709330077223, -0.45215653377148 ], [ 116.237376981250279, -0.451905545275268 ], [ 116.237127717471694, -0.45173821669697 ], [ 116.23696152999787, -0.451738199131325 ], [ 116.236878427536382, -0.451821841455846 ], [ 116.236795316341812, -0.451989134883184 ], [ 116.236795281400873, -0.452323739311339 ], [ 116.236712187662974, -0.45232373051378 ], [ 116.236629093926695, -0.452323721715264 ], [ 116.236130531542941, -0.452323668904056 ], [ 116.236047429070155, -0.452407311191151 ], [ 116.235964335345841, -0.452407302383345 ], [ 116.235798147902102, -0.452407284764861 ], [ 116.235465773034051, -0.452407249516399 ], [ 116.235133415706827, -0.452239912103764 ], [ 116.234717973474687, -0.45198891481986 ], [ 116.234634888536959, -0.451905254940153 ], [ 116.234551803601107, -0.451821595062767 ], [ 116.234468709912605, -0.451821586249145 ], [ 116.234385624981243, -0.451737926374671 ], [ 116.234136370198584, -0.451486946765083 ], [ 116.23405327652199, -0.45148693795321 ], [ 116.233887089173663, -0.451486920326595 ], [ 116.233471638348632, -0.451319574159346 ], [ 116.233139263711507, -0.451319538888607 ], [ 116.231726654236766, -0.451486690832706 ], [ 116.231560458196483, -0.451570324156895 ], [ 116.231228083697587, -0.451570288778596 ], [ 116.230978776461995, -0.451821215213316 ], [ 116.230812571628761, -0.451988499481835 ], [ 116.230729478011469, -0.451988490621892 ], [ 116.230729460405442, -0.452155792597528 ], [ 116.230646357981513, -0.452239434719471 ], [ 116.230313957083425, -0.452490352185269 ], [ 116.230313939448337, -0.452657654144267 ], [ 116.230230837012286, -0.452741296243276 ], [ 116.230064605646376, -0.453159533351928 ], [ 116.229981503196882, -0.453243175433173 ], [ 116.229898400745469, -0.453326817510173 ], [ 116.229815271766114, -0.453661412491164 ], [ 116.229732169303119, -0.453745054554636 ], [ 116.229482861902753, -0.453995980719501 ], [ 116.229316656959583, -0.454163264808077 ], [ 116.229067340661985, -0.454497841863348 ], [ 116.228901135694571, -0.454665125905921 ], [ 116.228818042084313, -0.454665116971366 ], [ 116.228070190780556, -0.454748687451686 ], [ 116.227987097185689, -0.454748678505861 ], [ 116.227820936659313, -0.454497707822182 ], [ 116.227737860838246, -0.454330397022168 ], [ 116.227737878597779, -0.454163095165869 ], [ 116.227737896350746, -0.453995793309474 ], [ 116.227239334896879, -0.453995739685904 ], [ 116.227073129990416, -0.454163023633735 ], [ 116.226823795928439, -0.454664902253301 ], [ 116.226823787029147, -0.454748553163223 ], [ 116.226657590987301, -0.454832186148335 ], [ 116.226657582082836, -0.454915837054921 ], [ 116.226242078601018, -0.455250395811051 ], [ 116.226158976118029, -0.455334037730742 ], [ 116.225826584022798, -0.455501303586843 ], [ 116.225660396905852, -0.455501285612535 ], [ 116.225743320549313, -0.457090661474314 ], [ 116.225743302629169, -0.45725796325013 ], [ 116.225743293666625, -0.457341614137983 ], [ 116.225743284702475, -0.45742526502585 ], [ 116.225743266769214, -0.457592566801508 ], [ 116.225743257800119, -0.457676217689282 ], [ 116.225743248829403, -0.457759868577087 ], [ 116.225660128320911, -0.458010812203127 ], [ 116.225576998809416, -0.458345406702464 ], [ 116.225576971847175, -0.458596359355373 ], [ 116.225576953864163, -0.458763661123874 ], [ 116.225576935874585, -0.458930962892296 ], [ 116.225576926877338, -0.459014613776451 ], [ 116.225493788266874, -0.459432859129909 ], [ 116.225493770249145, -0.459600160894694 ], [ 116.225493725176051, -0.460018415306345 ], [ 116.225410622550825, -0.460102057107284 ], [ 116.225327456715945, -0.460771255055977 ], [ 116.225327393427833, -0.461356811207086 ], [ 116.225327348172826, -0.461775065600135 ], [ 116.225327339116888, -0.461858716478678 ], [ 116.225327321000123, -0.462026018235722 ], [ 116.225410405566592, -0.462109678236135 ], [ 116.22541037837712, -0.462360630876453 ], [ 116.22541034210154, -0.462695234396587 ], [ 116.225410305799713, -0.463029837916383 ], [ 116.225410296720142, -0.463113488796261 ], [ 116.225410287638951, -0.46319713967617 ], [ 116.225410233117316, -0.463699044955033 ], [ 116.225410187637493, -0.464117299353524 ], [ 116.225410151224139, -0.464451902871959 ], [ 116.225410142116687, -0.46453555375153 ], [ 116.225326975534713, -0.465204751604248 ], [ 116.225326957286697, -0.46537205335969 ], [ 116.22532691163795, -0.465790307747916 ], [ 116.225326875089436, -0.466124911258156 ], [ 116.225326865948219, -0.466208562135657 ], [ 116.225326856805339, -0.466292213013138 ], [ 116.225326820217461, -0.466626816522894 ], [ 116.225409877287262, -0.466961429250052 ], [ 116.225409858972341, -0.467128731007934 ], [ 116.225492906848743, -0.467546994630612 ], [ 116.225492860996567, -0.467965249032747 ], [ 116.225492842644201, -0.468132550793464 ], [ 116.22549283346558, -0.468216201673766 ], [ 116.225492805919842, -0.468467154314637 ], [ 116.225492796734628, -0.468550805194858 ], [ 116.225492750784056, -0.468969059595797 ], [ 116.22549273239234, -0.469136361356028 ], [ 116.225492686384371, -0.469554615756224 ], [ 116.225492677177854, -0.469638266636216 ], [ 116.225492631120659, -0.470056521035804 ], [ 116.225575678751113, -0.470474784719989 ], [ 116.225575669527529, -0.470558435601392 ], [ 116.225741792394672, -0.47114401036429 ], [ 116.225741783159961, -0.471227661248831 ], [ 116.225824849191454, -0.471478623204272 ], [ 116.225824839951187, -0.471562274090382 ], [ 116.225824830709257, -0.471645924976472 ], [ 116.225907896725715, -0.471896886943795 ], [ 116.225907887478229, -0.471980537831471 ], [ 116.225907850471927, -0.472315141381919 ], [ 116.225990888677885, -0.472817056033298 ], [ 116.225990842338902, -0.47323531047855 ], [ 116.226073908290047, -0.473486272483944 ], [ 116.226073899013414, -0.473569923374531 ], [ 116.226073889735147, -0.473653574265098 ], [ 116.226073852605666, -0.473988177827096 ], [ 116.226073843319185, -0.474071828717577 ], [ 116.226156899943732, -0.474406441634835 ], [ 116.22615686275924, -0.474741045202711 ], [ 116.226156806933332, -0.475242950553934 ], [ 116.225990572764715, -0.475661186250876 ], [ 116.225990554122589, -0.475828488027649 ], [ 116.225824338541699, -0.476079421910327 ], [ 116.22582432921125, -0.476163072795295 ], [ 116.225658104264213, -0.476497657532192 ], [ 116.22565809492356, -0.47658130841379 ], [ 116.225658085581273, -0.476664959295351 ], [ 116.22565804819574, -0.476999562821403 ], [ 116.225658029493104, -0.477166864584314 ], [ 116.225990386048309, -0.477334204014863 ], [ 116.226073479868518, -0.477334213429267 ], [ 116.226239667513838, -0.477334232255044 ], [ 116.226322761338949, -0.477334241666416 ], [ 116.227070596498649, -0.477417977232724 ], [ 116.22723678418528, -0.477417996037544 ], [ 116.227569150242559, -0.477501684554329 ], [ 116.227652244095893, -0.477501693952826 ], [ 116.227735337950804, -0.477501703350313 ], [ 116.227984619525472, -0.477501731536708 ], [ 116.228400060862796, -0.477752731300903 ], [ 116.228566248609766, -0.477752750086539 ], [ 116.228732436363288, -0.477752768868129 ], [ 116.228898614797288, -0.477836438591188 ], [ 116.229397159477699, -0.478003796820112 ], [ 116.229729525747686, -0.478087485320399 ], [ 116.23006189205023, -0.478171173817591 ], [ 116.230477342986362, -0.478338522667198 ], [ 116.23056043690687, -0.478338532046719 ], [ 116.230809709363811, -0.478422211162338 ], [ 116.231142075773718, -0.478505899654371 ], [ 116.231308245021665, -0.4786732203886 ], [ 116.231557498908671, -0.478924201506741 ], [ 116.23172368680774, -0.478924220261375 ], [ 116.232222222613203, -0.479175229533421 ], [ 116.232305297951342, -0.479342540932861 ], [ 116.232554579861372, -0.47934256906046 ], [ 116.232637664522926, -0.479426229453193 ], [ 116.232803852476351, -0.479426248201094 ], [ 116.233302407070369, -0.479509955452446 ], [ 116.233468595051804, -0.479509974187376 ], [ 116.23380096173328, -0.479593662686795 ], [ 116.233967168332271, -0.479426379322727 ], [ 116.234050280921707, -0.479259086587514 ], [ 116.234216487503332, -0.479091803194364 ], [ 116.234216496789415, -0.479008152144302 ], [ 116.234299609356412, -0.478840859387897 ], [ 116.23438270335771, -0.478840868730631 ], [ 116.234631994647572, -0.478757245694449 ], [ 116.234798182662772, -0.47875726436753 ], [ 116.235379822231167, -0.478924631837276 ], [ 116.235462916254534, -0.478924641168462 ], [ 116.235795292364287, -0.478924678483066 ], [ 116.23596148042887, -0.478924697134285 ], [ 116.236460016884763, -0.479175706345815 ], [ 116.236626204981263, -0.479175724990577 ], [ 116.236958562679916, -0.479343064475483 ], [ 116.237374014481702, -0.479510413289343 ], [ 116.237872560416918, -0.479677771426646 ], [ 116.238121833412976, -0.4797614504962 ], [ 116.238288003084094, -0.479928771382358 ], [ 116.23845415425032, -0.480263394542994 ], [ 116.238454144991422, -0.480347045675771 ], [ 116.238620333193694, -0.480347064317293 ], [ 116.23886957847769, -0.480681696835259 ], [ 116.238869569215751, -0.48076534797603 ], [ 116.238869541420385, -0.481016301398254 ], [ 116.238952626269509, -0.481099961869712 ], [ 116.238952607729985, -0.481267264154288 ], [ 116.238952570631611, -0.481601868723175 ], [ 116.23895256135296, -0.481685519865374 ], [ 116.238952533507444, -0.481936473291745 ], [ 116.238869392933282, -0.482354719646873 ], [ 116.238620091948931, -0.482521993846328 ], [ 116.238536979216207, -0.482689286751513 ], [ 116.238453866474586, -0.4828565796491 ], [ 116.238038367898525, -0.483107486155844 ], [ 116.237789057560718, -0.483358411366997 ], [ 116.237290483518478, -0.483442006127377 ], [ 116.237041201182507, -0.483441977934253 ], [ 116.236708796727712, -0.483692893622561 ], [ 116.236542599170235, -0.483776525898613 ], [ 116.236459486363387, -0.483943818671931 ], [ 116.236459477009092, -0.484027469764779 ], [ 116.236210166618548, -0.484278394770496 ], [ 116.235794686751987, -0.484361998708601 ], [ 116.235711592656273, -0.484361989275573 ], [ 116.235628489189651, -0.484445630917961 ], [ 116.235545376344163, -0.484612923630828 ], [ 116.235545338820714, -0.484947527929729 ], [ 116.235545320049283, -0.485114830079036 ], [ 116.235545301271387, -0.485282132228277 ], [ 116.235462188382897, -0.485449424920144 ], [ 116.235462150790624, -0.485784029211671 ], [ 116.235462141388496, -0.485867680284479 ], [ 116.235295915542125, -0.486202265628599 ], [ 116.235129689659942, -0.486536850942167 ], [ 116.23479727552332, -0.486871417239756 ], [ 116.234631087311143, -0.486871398250182 ], [ 116.234215597930429, -0.487038652854357 ], [ 116.233966277853384, -0.487373228509495 ], [ 116.234298588092287, -0.487958823903432 ], [ 116.234714020845544, -0.488293475726641 ], [ 116.235378783335619, -0.488209900803129 ], [ 116.23546188691931, -0.488126259242998 ], [ 116.235628046853606, -0.48837723148727 ], [ 116.235711131547546, -0.488460892076612 ], [ 116.235711093734437, -0.488795496384681 ], [ 116.235711055895464, -0.489130100692396 ], [ 116.235711046431661, -0.489213751769267 ], [ 116.235711008560287, -0.489548356076576 ], [ 116.235710999088411, -0.489632007153342 ], [ 116.235461688182809, -0.489882931755644 ], [ 116.23496311377852, -0.489966525533899 ], [ 116.234796925483863, -0.489966506427749 ], [ 116.234464577390582, -0.489715515046256 ], [ 116.233799824353369, -0.48971543858616 ], [ 116.233633645609586, -0.489631768424794 ], [ 116.233218213036778, -0.48929711648997 ], [ 116.233135137923909, -0.489129804876156 ], [ 116.233135156910421, -0.488962502823518 ], [ 116.233135175890425, -0.488795200770813 ], [ 116.233135194863905, -0.488627898718006 ], [ 116.233135213830934, -0.488460596665115 ], [ 116.233135251745452, -0.488125992559097 ], [ 116.233135289633978, -0.487791388452741 ], [ 116.233052195548268, -0.487791378919872 ], [ 116.232802951179821, -0.487456746234521 ], [ 116.232636772498935, -0.487373076155648 ], [ 116.232387518693912, -0.487122094523767 ], [ 116.232304434096349, -0.487038433984213 ], [ 116.231722785179628, -0.486954716264307 ], [ 116.231390408998038, -0.486954678121941 ], [ 116.231224211439994, -0.487038310033736 ], [ 116.231057985430908, -0.487372894892398 ], [ 116.230974881902725, -0.487456536326084 ], [ 116.230891749890091, -0.48779113070282 ], [ 116.231140975034947, -0.488293065302577 ], [ 116.231224059586339, -0.488376725857857 ], [ 116.231307125127628, -0.488627688396268 ], [ 116.231390209681962, -0.488711348959245 ], [ 116.231556350260846, -0.48912962307758 ], [ 116.231556331228759, -0.489296925067948 ], [ 116.231556293145076, -0.489631529048413 ], [ 116.23155627409345, -0.489798831038527 ], [ 116.23139008593607, -0.489798811853877 ], [ 116.231390066873828, -0.489966113837354 ], [ 116.23114077510715, -0.490049736029551 ], [ 116.231057681032681, -0.490049726427642 ], [ 116.230891492888659, -0.490049707220714 ], [ 116.230559087978818, -0.490300621720192 ], [ 116.230392899848141, -0.490300602490972 ], [ 116.229811212758307, -0.490551488037324 ], [ 116.229561930599502, -0.490551459149133 ], [ 116.229478846116905, -0.49046779856382 ], [ 116.229312705845615, -0.490049524547923 ], [ 116.229312753625891, -0.489631269794276 ], [ 116.229479008507141, -0.48904573234522 ], [ 116.229728338262078, -0.488627506351866 ], [ 116.229728347788523, -0.488543855392597 ], [ 116.22972835731332, -0.488460204433324 ], [ 116.229811508450609, -0.487958308254668 ], [ 116.229811517962958, -0.487874657293588 ], [ 116.229811555996108, -0.487540053449093 ], [ 116.229811565500313, -0.487456402487942 ], [ 116.22981158450385, -0.487289100565526 ], [ 116.229811622491326, -0.486954496720459 ], [ 116.22981163198412, -0.486870845759127 ], [ 116.229728547466962, -0.486787185243319 ], [ 116.229728566446425, -0.486619883323868 ], [ 116.22964551986702, -0.486201618980813 ], [ 116.229562473258724, -0.485783354652661 ], [ 116.229479398214025, -0.485616043204689 ], [ 116.229396313698331, -0.485532382715636 ], [ 116.229147079098567, -0.485114099364724 ], [ 116.228731647111658, -0.484779447943401 ], [ 116.228648553149057, -0.484779438414995 ], [ 116.228482365228771, -0.484779419355104 ], [ 116.228316158372692, -0.48494670215562 ], [ 116.22814982815467, -0.486201447012686 ], [ 116.22823290312482, -0.486368758435727 ], [ 116.228315968589484, -0.48661972079607 ], [ 116.2283990340472, -0.486870683165031 ], [ 116.228399024536984, -0.486954334098425 ], [ 116.228482109010429, -0.487037994607659 ], [ 116.228482089983927, -0.487205296477617 ], [ 116.228398995996599, -0.487205286898434 ], [ 116.228149714044449, -0.487205258154696 ], [ 116.227900432106992, -0.487205229401676 ], [ 116.2275680562133, -0.487205191049875 ], [ 116.227484962243963, -0.487205181459347 ], [ 116.227235689875187, -0.487121501771321 ], [ 116.227069501953295, -0.487121482584276 ], [ 116.226737126129137, -0.487121444197813 ], [ 116.226404798005063, -0.486703151325548 ], [ 116.226155535253369, -0.486535820759271 ], [ 116.226155554311021, -0.486368518981235 ], [ 116.225823197655075, -0.486201178843862 ], [ 116.225407737590459, -0.486117479997421 ], [ 116.225241559297928, -0.486033809933665 ], [ 116.224909174134424, -0.486117422406721 ], [ 116.224826080230841, -0.486117412804669 ], [ 116.224410610737465, -0.486117364778973 ], [ 116.223912028296624, -0.486284608803148 ], [ 116.223413426755357, -0.486619154419412 ], [ 116.223330332875207, -0.486619144788903 ], [ 116.223164135550064, -0.486702776354242 ], [ 116.222831750479457, -0.486786388629872 ], [ 116.222499346257891, -0.487037302507993 ], [ 116.222083848159627, -0.487288206670457 ], [ 116.222000754297611, -0.487288197010199 ], [ 116.221917641239003, -0.487455488957774 ], [ 116.221834547378222, -0.487455479292135 ], [ 116.221252851949956, -0.487790014768144 ], [ 116.221169758098256, -0.487790005087609 ], [ 116.220671156518634, -0.488124550100235 ], [ 116.220504968831818, -0.488124530710384 ], [ 116.22008947072662, -0.488375434520678 ], [ 116.219923273412391, -0.488459065870701 ], [ 116.219840179578924, -0.48845905616034 ], [ 116.219507765646952, -0.488793620332314 ], [ 116.219258455176416, -0.489044543415262 ], [ 116.219092257855294, -0.489128174701152 ], [ 116.218759843860013, -0.489462738722017 ], [ 116.218676740356088, -0.489546379716257 ], [ 116.218510533341984, -0.489713661691585 ], [ 116.218344336011668, -0.489797292917023 ], [ 116.217928828137005, -0.4901318470191 ], [ 116.217596414047904, -0.490466410807607 ], [ 116.217596404333335, -0.490550061524749 ], [ 116.217264009649384, -0.490717323815352 ], [ 116.217180906116383, -0.490800964735566 ], [ 116.216682323828365, -0.490968207370099 ], [ 116.216266845104926, -0.491051809046095 ], [ 116.216183751312371, -0.491051799238441 ], [ 116.215685188591934, -0.491051740370687 ], [ 116.21551900103178, -0.491051720739786 ], [ 116.215352813478248, -0.491051701104727 ], [ 116.215020438391122, -0.491051661822135 ], [ 116.214937334864288, -0.491135302662418 ], [ 116.214854241097299, -0.491135292836458 ], [ 116.214771137569016, -0.491218933669636 ], [ 116.214604930506297, -0.491386215322748 ], [ 116.214438733209036, -0.491469846304807 ], [ 116.214189412813354, -0.491804419378301 ], [ 116.213940111962657, -0.491971691115502 ], [ 116.213773924449569, -0.491971671404072 ], [ 116.213690820902514, -0.492055312185002 ], [ 116.21360772714911, -0.492055302325007 ], [ 116.213109145058155, -0.49222254439597 ], [ 116.213026041508044, -0.492306185150022 ], [ 116.212859854023336, -0.492306165402257 ], [ 116.212693637104039, -0.492557097504175 ], [ 116.212195035388092, -0.492891640624326 ], [ 116.210616166024849, -0.4936443076121 ], [ 116.210533062447723, -0.493727948255547 ], [ 116.210366875027916, -0.493727928388026 ], [ 116.209785199356105, -0.493895159936253 ], [ 116.209702105658366, -0.49389514999024 ], [ 116.209203523730537, -0.494062391386014 ], [ 116.208871139093247, -0.494146002093044 ], [ 116.208788045410799, -0.494145992130469 ], [ 116.208621858050918, -0.494145972202182 ], [ 116.208538764373515, -0.49414596223647 ], [ 116.208455670697759, -0.494145952269711 ], [ 116.208206379775689, -0.494229572889778 ], [ 116.208123286105604, -0.494229562917147 ], [ 116.20804019243721, -0.49422955294347 ], [ 116.207873995194703, -0.494313183512806 ], [ 116.207790901530302, -0.494313173534301 ], [ 116.207541620547133, -0.494313143592509 ], [ 116.20745852688944, -0.494313133609819 ], [ 116.20687687133254, -0.494313063701687 ], [ 116.206461422983111, -0.494145712753684 ], [ 116.205796693824865, -0.493978331825872 ], [ 116.205796703754842, -0.493894681348229 ], [ 116.20571361013765, -0.493894671352029 ], [ 116.205464339228527, -0.49381099088625 ], [ 116.20538124561908, -0.493810980887562 ], [ 116.204882683997681, -0.493810920873484 ], [ 116.204799590400029, -0.493810910867479 ], [ 116.20446722596941, -0.493727220382447 ], [ 116.203968704246392, -0.493392558547721 ], [ 116.203968724126739, -0.493225257666677 ], [ 116.203802536984696, -0.493225237654384 ], [ 116.20363635979119, -0.49314156720414 ], [ 116.20347017266468, -0.493141547186889 ], [ 116.202971611325708, -0.493141487110081 ], [ 116.20238996646269, -0.493057766564697 ], [ 116.202140685854545, -0.493057736495379 ], [ 116.201974488830047, -0.493141366843721 ], [ 116.201808301771095, -0.493141346784713 ], [ 116.201725208244142, -0.493141336753643 ], [ 116.201725198278496, -0.493224987148323 ], [ 116.20164210475221, -0.493224977114507 ], [ 116.201475917704713, -0.493224957043743 ], [ 116.201392824183472, -0.493224947006795 ], [ 116.200811149623135, -0.493392177470744 ], [ 116.20072804613018, -0.493475817796202 ], [ 116.20064495262109, -0.493475807744745 ], [ 116.200312558619814, -0.493643068259697 ], [ 116.200229465117104, -0.493643058199607 ], [ 116.199647790640356, -0.49381028845359 ], [ 116.19956468714291, -0.493893928731933 ], [ 116.199398490153513, -0.493977558928414 ], [ 116.199232263113672, -0.494312140143728 ], [ 116.198899828994456, -0.494814001806262 ], [ 116.198816695352249, -0.495148593042676 ], [ 116.198733591817643, -0.495232233265807 ], [ 116.198484281201246, -0.495483153908299 ], [ 116.198151887140995, -0.495650414060772 ], [ 116.198068773531247, -0.495817704570417 ], [ 116.197985629696916, -0.496235946023582 ], [ 116.197985569220435, -0.496737847925991 ], [ 116.197985528868813, -0.497072449193845 ], [ 116.197985508682819, -0.497239749827627 ], [ 116.197403803687024, -0.497657930189701 ], [ 116.197154492863447, -0.497908850549032 ], [ 116.196988285637246, -0.498076130766112 ], [ 116.196655871159706, -0.498410691146256 ], [ 116.196323466794041, -0.498661601172127 ], [ 116.196240363163795, -0.498745241239629 ], [ 116.196240353015639, -0.498828891520174 ], [ 116.196157229073648, -0.499079832138959 ], [ 116.19615721891762, -0.499163482417722 ], [ 116.196157188439415, -0.499414433253779 ], [ 116.19615716811208, -0.499581733811059 ], [ 116.196157147777953, -0.499749034368253 ], [ 116.196240190413818, -0.500167296005798 ], [ 116.196240180236757, -0.50025094628596 ], [ 116.196240149695285, -0.500501897126332 ], [ 116.196073911739546, -0.500920128004727 ], [ 116.196073901545063, -0.501003778281267 ], [ 116.195990797839642, -0.501087418291885 ], [ 116.195741445871633, -0.501672939374812 ], [ 116.19574142544181, -0.5018402399138 ], [ 116.195741394784349, -0.502091190722087 ], [ 116.195741384561785, -0.50217484099145 ], [ 116.19574134365449, -0.502509442068785 ], [ 116.195824386009349, -0.502927703721773 ], [ 116.195824345044969, -0.503262304805184 ], [ 116.195741220769094, -0.503513245298673 ], [ 116.195741200264337, -0.503680545836689 ], [ 116.195574961893527, -0.504098776516504 ], [ 116.195574920821045, -0.504433377578121 ], [ 116.195574889998824, -0.50468432837408 ], [ 116.195657942429037, -0.505018939786899 ], [ 116.195657932145792, -0.50510259005382 ], [ 116.196156370035112, -0.506106455477154 ], [ 116.196156349435398, -0.506273756030957 ], [ 116.19615629790637, -0.506692007415056 ], [ 116.196156287595457, -0.506775657691824 ], [ 116.196156256652515, -0.507026608521962 ], [ 116.196156225694239, -0.507277559351903 ], [ 116.196239308963527, -0.507361220020808 ], [ 116.196322371585055, -0.507612181251982 ], [ 116.196571600747802, -0.508030463859864 ], [ 116.196571569744265, -0.508281414714695 ], [ 116.196571538725436, -0.508532365569362 ], [ 116.196405310108517, -0.508866945869839 ], [ 116.196405268690469, -0.509201546995005 ], [ 116.196239040000222, -0.509536127249337 ], [ 116.196239029632508, -0.509619777527054 ], [ 116.196155904894923, -0.509870717916396 ], [ 116.196072800895763, -0.50995435774579 ], [ 116.196072769755517, -0.510205308568298 ], [ 116.196072759372043, -0.510288958842412 ], [ 116.195989665745884, -0.510288948387972 ], [ 116.195906603273201, -0.510037987120309 ], [ 116.195823520035248, -0.509954326399796 ], [ 116.195740467932112, -0.50961971487944 ], [ 116.195740488678709, -0.509452414344533 ], [ 116.195740540515388, -0.509034163006906 ], [ 116.195740550877645, -0.508950512739301 ], [ 116.195740581954098, -0.508699561936405 ], [ 116.195657519419441, -0.508448600712236 ], [ 116.195574446528539, -0.508281289761455 ], [ 116.195491373636813, -0.508113978816369 ], [ 116.195491394328513, -0.507946678290992 ], [ 116.195408342111463, -0.507612066832773 ], [ 116.195408352449007, -0.507528416571687 ], [ 116.195242206637928, -0.507193794726718 ], [ 116.195076050495288, -0.506942823158966 ], [ 116.194660624021452, -0.506608170170948 ], [ 116.19449445757877, -0.506440848890337 ], [ 116.194411384685395, -0.506273538012714 ], [ 116.194411395008444, -0.506189887771839 ], [ 116.194328342748165, -0.505855276423149 ], [ 116.194328353063767, -0.505771626183883 ], [ 116.194328394309053, -0.505437025226648 ], [ 116.194245321395172, -0.505269714373821 ], [ 116.194245362603752, -0.504935113422932 ], [ 116.194245372901634, -0.504851463185143 ], [ 116.194162310268922, -0.504600502110296 ], [ 116.193996164408546, -0.504265880453306 ], [ 116.193913081190274, -0.504182219864484 ], [ 116.193746914760098, -0.504014898693901 ], [ 116.193580727764967, -0.504014877981283 ], [ 116.19358074833842, -0.503847577532713 ], [ 116.193497685696101, -0.503596616510407 ], [ 116.193497716531297, -0.503345665842343 ], [ 116.193497726806299, -0.50326201561964 ], [ 116.193663965117693, -0.50284378517228 ], [ 116.193913276346919, -0.502592865469825 ], [ 116.193996400587167, -0.502341925093405 ], [ 116.194079504318395, -0.502258285175557 ], [ 116.194079545289711, -0.50192368423526 ], [ 116.194079565765122, -0.501756383764998 ], [ 116.194079606695482, -0.501421782824181 ], [ 116.19391346066368, -0.501087161299224 ], [ 116.19374731462824, -0.500752539797154 ], [ 116.193664251825695, -0.500501578827836 ], [ 116.193664262040485, -0.50041792860094 ], [ 116.193664302882652, -0.500083327693106 ], [ 116.193498126198548, -0.49999965691638 ], [ 116.193498136405196, -0.499916006692776 ], [ 116.193331990341747, -0.499581385261432 ], [ 116.193248907109052, -0.499497724772927 ], [ 116.192999647224227, -0.499330393535006 ], [ 116.192833480779086, -0.499163072575854 ], [ 116.192833501173368, -0.498995772155728 ], [ 116.192833521560772, -0.498828471735516 ], [ 116.19283353175193, -0.498744821525369 ], [ 116.19283357249941, -0.4984102206846 ], [ 116.192833582682027, -0.498326570474379 ], [ 116.192916716800852, -0.497991979875759 ], [ 116.192999840718798, -0.497741039475811 ], [ 116.193082944290353, -0.497657399495534 ], [ 116.193082964616821, -0.497490099064327 ], [ 116.193083015403019, -0.497071847985882 ], [ 116.192833785975097, -0.496653566264985 ], [ 116.19266761949855, -0.496486245417229 ], [ 116.192584546408114, -0.496318934791322 ], [ 116.192418390084441, -0.496067963758972 ], [ 116.192252223626127, -0.49590064294172 ], [ 116.192169130260439, -0.495900632733773 ], [ 116.191919850173591, -0.495900602103632 ], [ 116.19183675681478, -0.495900591891485 ], [ 116.191753663457604, -0.495900581678289 ], [ 116.191421290046179, -0.495900540815007 ], [ 116.191172010005573, -0.495900510156523 ], [ 116.190839616324226, -0.49606776960287 ], [ 116.190673429648598, -0.496067749143334 ], [ 116.190590326148751, -0.496151389076286 ], [ 116.190174869662812, -0.49606768773952 ], [ 116.189842496373274, -0.496067646782643 ], [ 116.189593216424115, -0.496067616053958 ], [ 116.189510123111177, -0.496067605808963 ], [ 116.189343936490431, -0.496067585315822 ], [ 116.188928469968587, -0.496067534064594 ], [ 116.188679200262982, -0.495983853176654 ], [ 116.188596106969968, -0.495983842921837 ], [ 116.188429920389069, -0.495983822409054 ], [ 116.188263744005482, -0.495900151776115 ], [ 116.188180650722074, -0.495900141517779 ], [ 116.187682080860199, -0.495983730049558 ], [ 116.187432780641416, -0.4961509994414 ], [ 116.187183490629522, -0.496234618709523 ], [ 116.187017283673327, -0.49640189833043 ], [ 116.186601786701445, -0.496652797141038 ], [ 116.186269382980413, -0.496903706177464 ], [ 116.185853885995527, -0.497154604841508 ], [ 116.185604585752372, -0.497321874014248 ], [ 116.185189099021102, -0.497489122499393 ], [ 116.184856726073448, -0.497489081172351 ], [ 116.184773632840887, -0.497489070837957 ], [ 116.184524353153449, -0.497489039828459 ], [ 116.184441259927752, -0.497489029489853 ], [ 116.184025804099903, -0.497405327753905 ], [ 116.183859617673079, -0.497405307066482 ], [ 116.183693431253161, -0.497405286374848 ], [ 116.183527244840164, -0.497405265679002 ], [ 116.183361068715413, -0.497321594965771 ], [ 116.183111789122364, -0.49732156391301 ], [ 116.182862509544961, -0.497321532850774 ], [ 116.182447033324308, -0.497405131053339 ], [ 116.182197753785289, -0.497405099960608 ], [ 116.182197743487592, -0.497488749949421 ], [ 116.181948433048106, -0.497739668792496 ], [ 116.181865329564104, -0.497823308397747 ], [ 116.181699112273705, -0.498074237572688 ], [ 116.181699101955886, -0.498157887550848 ], [ 116.181615967487815, -0.498492477067894 ], [ 116.181615915832779, -0.49891072694915 ], [ 116.181615895158615, -0.499078026901495 ], [ 116.181782081533896, -0.499078047715552 ], [ 116.181782060857017, -0.499245347674805 ], [ 116.182114402621067, -0.499496339263846 ], [ 116.18228057868771, -0.499580010072642 ], [ 116.182529827292953, -0.499830991283682 ], [ 116.182529816949241, -0.499914641278807 ], [ 116.18261287912722, -0.500165601682676 ], [ 116.182612868777639, -0.500249251679457 ], [ 116.1826959205885, -0.500583862092641 ], [ 116.182695910231288, -0.500667512091057 ], [ 116.18269588951172, -0.50083481208784 ], [ 116.182612796282086, -0.500834801656372 ], [ 116.182031154092186, -0.50075107862196 ], [ 116.181615739881551, -0.500332776541447 ], [ 116.181532646680736, -0.500332766106663 ], [ 116.181366491380416, -0.500081795322011 ], [ 116.181200304997247, -0.500081774455502 ], [ 116.18078488053628, -0.499747122436767 ], [ 116.180618714912896, -0.499579801659289 ], [ 116.180452528573596, -0.499579780794687 ], [ 116.180369435406519, -0.4995797703608 ], [ 116.180203228340005, -0.499747049382504 ], [ 116.179953907344682, -0.500081617821714 ], [ 116.17987081418174, -0.500081607370993 ], [ 116.17987080379919, -0.500165257310215 ], [ 116.179621503540972, -0.500332525814326 ], [ 116.179455317224381, -0.500332504892862 ], [ 116.179372203278831, -0.500499794287815 ], [ 116.179289099724173, -0.500583433747809 ], [ 116.178956716708583, -0.500667041782533 ], [ 116.178624333710673, -0.500750649786276 ], [ 116.178541240567114, -0.500750639304609 ], [ 116.178375054285212, -0.500750618338094 ], [ 116.178042692160162, -0.500666926491796 ], [ 116.178042723403365, -0.500415976790002 ], [ 116.178125847756633, -0.500165037563776 ], [ 116.17812586856418, -0.499997737758833 ], [ 116.178125878965332, -0.49991408785632 ], [ 116.17829211718491, -0.49949585926382 ], [ 116.178541417327025, -0.499328590813564 ], [ 116.178541427709021, -0.499244940902121 ], [ 116.178790727840578, -0.499077672415957 ], [ 116.17887383134088, -0.498994032940956 ], [ 116.178956934839107, -0.498910393461343 ], [ 116.179040027968242, -0.498910403899207 ], [ 116.179372441942945, -0.498575845923792 ], [ 116.179455545431338, -0.498492206418522 ], [ 116.179455555784401, -0.498408556487595 ], [ 116.179787969706013, -0.498073998413606 ], [ 116.179954176654235, -0.497906719349164 ], [ 116.17995420765287, -0.49765576952449 ], [ 116.179954217982257, -0.497572119582872 ], [ 116.179871124850791, -0.497572109184597 ], [ 116.179704948923856, -0.497488438448526 ], [ 116.179372586766618, -0.497404746914025 ], [ 116.179289503981948, -0.497321086584217 ], [ 116.178957141869603, -0.497237395051359 ], [ 116.178458572915744, -0.497320982522316 ], [ 116.177876900570467, -0.497488209412157 ], [ 116.177793797128629, -0.497571848885397 ], [ 116.177461393706423, -0.497822756843637 ], [ 116.177045897192613, -0.498073654298094 ], [ 116.17671352489559, -0.498073612509101 ], [ 116.17654733875753, -0.498073591608278 ], [ 116.176214956115416, -0.498157199656625 ], [ 116.176131863054934, -0.498157189198658 ], [ 116.175882573491052, -0.498240807674012 ], [ 116.17563327353534, -0.498408075979577 ], [ 116.175300890934707, -0.498491683934013 ], [ 116.174968487523842, -0.498742591529698 ], [ 116.174802301442341, -0.49874257055645 ], [ 116.17446991887735, -0.498826178422841 ], [ 116.174386815419425, -0.498909817752407 ], [ 116.174137536330193, -0.498909786258219 ], [ 116.173805164235702, -0.498909744251183 ], [ 116.173472792169221, -0.498909702227249 ], [ 116.173306595705341, -0.498993331009803 ], [ 116.173140409687505, -0.49899330998375 ], [ 116.172891109775861, -0.499160578020754 ], [ 116.172808016772748, -0.499160567499448 ], [ 116.172392520404287, -0.499411464221141 ], [ 116.172309427408535, -0.499411453688202 ], [ 116.172060106551669, -0.499746021179973 ], [ 116.171893868167473, -0.500164248943477 ], [ 116.17181077517273, -0.500164238388307 ], [ 116.171561475218439, -0.500331506243376 ], [ 116.171312196254291, -0.500331474551385 ], [ 116.171229103269766, -0.50033146398527 ], [ 116.171229113765179, -0.500247814228871 ], [ 116.170896752346707, -0.500164122211551 ], [ 116.170564411958352, -0.499913130706738 ], [ 116.170481329490983, -0.499829470399349 ], [ 116.170398236530318, -0.499829459833253 ], [ 116.170315154067879, -0.499745799529031 ], [ 116.17014902062391, -0.499327529727078 ], [ 116.170149031111933, -0.499243879993402 ], [ 116.170149041598194, -0.499160230259738 ], [ 116.170149104478881, -0.498658331857147 ], [ 116.170232228833044, -0.498407393194751 ], [ 116.170315363628205, -0.49807280478301 ], [ 116.17023233343042, -0.497570895837073 ], [ 116.1702323438805, -0.497487246101209 ], [ 116.169983096456747, -0.497236265346927 ], [ 116.169484559880487, -0.497068902785488 ], [ 116.169152219625175, -0.496817911558646 ], [ 116.168653683189092, -0.496650549022398 ], [ 116.1684044045479, -0.496650517453164 ], [ 116.168238218795878, -0.496650496401752 ], [ 116.167988950640023, -0.496566815128454 ], [ 116.167324218218653, -0.496483081195577 ], [ 116.166908743506113, -0.496566678173841 ], [ 116.166742557819674, -0.496566657088133 ], [ 116.166659454503417, -0.496650296203597 ], [ 116.166327062189652, -0.496817553313782 ], [ 116.166160876521644, -0.496817532202694 ], [ 116.166077783690284, -0.496817521645573 ], [ 116.165994690860686, -0.4968175110874 ], [ 116.165828505206775, -0.496817489967898 ], [ 116.16532994828755, -0.496817426584155 ], [ 116.164914484236775, -0.496817373735447 ], [ 116.164249741847513, -0.496817289122828 ], [ 116.164000463480718, -0.496817257375743 ], [ 116.163501906794991, -0.496817193853178 ], [ 116.16292024688093, -0.496900769275361 ], [ 116.16283715411754, -0.49690075867544 ], [ 116.162255504823406, -0.49690068444654 ], [ 116.161923144377695, -0.496816992448617 ], [ 116.161424598502919, -0.496733279220684 ], [ 116.160427496423424, -0.496649502241811 ], [ 116.160344403716451, -0.496649491615704 ], [ 116.160261321567276, -0.496565831465963 ], [ 116.159928950768318, -0.496565788953978 ], [ 116.159762775940052, -0.4964821181798 ], [ 116.159596590560469, -0.496482096916879 ], [ 116.159014952356131, -0.496398372967777 ], [ 116.158765674340614, -0.496398341048822 ], [ 116.158433314251923, -0.496314648992297 ], [ 116.157602398313415, -0.496230893038066 ], [ 116.157353120395086, -0.496230861076297 ], [ 116.157020781620503, -0.495979870087607 ], [ 116.156854596371048, -0.495979848776889 ], [ 116.15677151433465, -0.49589618867254 ], [ 116.156356083018267, -0.495645187065689 ], [ 116.156106836957292, -0.495394206794997 ], [ 116.155691395153369, -0.495226854667158 ], [ 116.155192860831249, -0.495059491891948 ], [ 116.154694305409137, -0.4950594279275 ], [ 116.154528130876841, -0.494975757198581 ], [ 116.154195781840826, -0.494808415749718 ], [ 116.154029617930306, -0.494641095641457 ], [ 116.153697290134176, -0.494306455455416 ], [ 116.153448044308917, -0.494055475342552 ], [ 116.153281880435799, -0.493888155280014 ], [ 116.15311569539945, -0.493888133965061 ], [ 116.152866449622351, -0.493637153894881 ], [ 116.15095550251192, -0.492214870052161 ], [ 116.150955513089642, -0.492131220730028 ], [ 116.15070629920109, -0.491629292881657 ], [ 116.15054013547082, -0.491461972973194 ], [ 116.149958499074188, -0.491378249178223 ], [ 116.149875406658055, -0.491378238533815 ], [ 116.149626129420483, -0.491378206594349 ], [ 116.149376852199097, -0.491378174645523 ], [ 116.149044472010488, -0.491461781313142 ], [ 116.149044461423387, -0.491545430593771 ], [ 116.148628957062414, -0.491879974371957 ], [ 116.14846272985298, -0.492214550098138 ], [ 116.148462719242417, -0.492298199365856 ], [ 116.148296502605348, -0.492549125790784 ], [ 116.148130275319531, -0.492883701449852 ], [ 116.148130264690408, -0.49296735071012 ], [ 116.148130200877745, -0.493469246271435 ], [ 116.148130147650875, -0.493887492571934 ], [ 116.147963909555244, -0.494305717409149 ], [ 116.147880817146088, -0.494305706676205 ], [ 116.147880795818466, -0.49447300518513 ], [ 116.147880785151926, -0.494556654439578 ], [ 116.147797682072081, -0.49464029295273 ], [ 116.147797660727946, -0.494807591457869 ], [ 116.147714514918974, -0.49522582696531 ], [ 116.14771447216873, -0.495560423967601 ], [ 116.147714429389637, -0.495895020969599 ], [ 116.147714418690327, -0.495978670220032 ], [ 116.147880539323751, -0.496480587285708 ], [ 116.147880528613896, -0.496564236539641 ], [ 116.14788051790228, -0.496647885793536 ], [ 116.148046638485525, -0.497149802904838 ], [ 116.148129720212566, -0.49723346295661 ], [ 116.148295851494183, -0.497651730856128 ], [ 116.14829584076432, -0.497735380118823 ], [ 116.148378868814433, -0.498237286507617 ], [ 116.148378804338748, -0.498739182093486 ], [ 116.148378782832395, -0.498906480621943 ], [ 116.148378772076526, -0.498990129886147 ], [ 116.148378761318867, -0.499073779150296 ], [ 116.148295647318292, -0.499241066843752 ], [ 116.14821250099638, -0.499659302310051 ], [ 116.148129397739666, -0.499742940722577 ], [ 116.148129333050264, -0.500244836273432 ], [ 116.148046229774323, -0.500328474670237 ], [ 116.148046218983595, -0.500412123926794 ], [ 116.148129246696683, -0.500914030340031 ], [ 116.148129235894373, -0.500997679598252 ], [ 116.148129181855722, -0.501415925889066 ], [ 116.148212252733288, -0.501583235293027 ], [ 116.148295301971359, -0.501917843226353 ], [ 116.148461443710346, -0.502252462071932 ], [ 116.148544492917239, -0.502587070037682 ], [ 116.148710656309945, -0.502754390386112 ], [ 116.148876765512597, -0.503339957114679 ], [ 116.148876754667498, -0.50342360638864 ], [ 116.14887674382058, -0.503507255662528 ], [ 116.148876722121358, -0.503674554210291 ], [ 116.148876711269025, -0.503758203484148 ], [ 116.148876667841762, -0.504092800579307 ], [ 116.148876656980448, -0.504176449853038 ], [ 116.148876580900691, -0.504761994768595 ], [ 116.148959597302152, -0.505347550642936 ], [ 116.149042624528988, -0.505849457263649 ], [ 116.149042602733076, -0.506016755817428 ], [ 116.149125640798744, -0.506435013182838 ], [ 116.14912558623773, -0.506853259575459 ], [ 116.149125575320127, -0.506936908853893 ], [ 116.149125553479493, -0.507104207410764 ], [ 116.149125498846416, -0.507522453802507 ], [ 116.14912548791439, -0.507606103080766 ], [ 116.149125466044921, -0.507773401637269 ], [ 116.149125411339767, -0.50819164802815 ], [ 116.148959182317768, -0.50852622308604 ], [ 116.148876045869514, -0.508860809147409 ], [ 116.148792931324948, -0.509028096651576 ], [ 116.148709805797282, -0.509279033416083 ], [ 116.148543587633085, -0.509529959113562 ], [ 116.148460473049738, -0.509697246584045 ], [ 116.148211184221921, -0.509780862656476 ], [ 116.147795710192852, -0.509864456565667 ], [ 116.147463361798501, -0.509697113784612 ], [ 116.147297198614723, -0.509529793160671 ], [ 116.147131013442944, -0.509529771015284 ], [ 116.14663246897662, -0.509446055329942 ], [ 116.146466283835906, -0.509446033170936 ], [ 116.146383191268256, -0.509446022089815 ], [ 116.14630009870244, -0.509446011007616 ], [ 116.145801543345371, -0.509445944491775 ], [ 116.145469261243178, -0.508776706543146 ], [ 116.145386190714788, -0.508609397071302 ], [ 116.145303120185204, -0.508442087605564 ], [ 116.145220038656007, -0.508358427338599 ], [ 116.145220049654498, -0.508274778145949 ], [ 116.145136979122626, -0.508107468692459 ], [ 116.145137012099525, -0.507856521119762 ], [ 116.145137023088211, -0.507772871928803 ], [ 116.145137110932495, -0.507103678400435 ], [ 116.145137121904895, -0.507020029209295 ], [ 116.145137132875462, -0.506936380018099 ], [ 116.145303372709279, -0.506518156127923 ], [ 116.145220356876891, -0.505932600743152 ], [ 116.145220367822859, -0.505848951549883 ], [ 116.144971145063153, -0.505430672550475 ], [ 116.14488805257929, -0.505430661537435 ], [ 116.144721867617022, -0.505430639508147 ], [ 116.144306416189764, -0.50534693524284 ], [ 116.144223323721462, -0.505346924223066 ], [ 116.143890975765132, -0.505179581804742 ], [ 116.143641764071234, -0.504677653783872 ], [ 116.143558726308058, -0.504259396984313 ], [ 116.143558737239033, -0.504175747827067 ], [ 116.143558759095555, -0.504008449512528 ], [ 116.143808101918452, -0.503506587529713 ], [ 116.143808112829916, -0.503422938366829 ], [ 116.143974363119597, -0.502921065332243 ], [ 116.144057531783005, -0.502335532122106 ], [ 116.143891390464631, -0.502000913546202 ], [ 116.143725227390647, -0.501833593317926 ], [ 116.143725249141397, -0.501666294994849 ], [ 116.143642156732398, -0.501666284047905 ], [ 116.143642178477975, -0.501498985728409 ], [ 116.143309884950341, -0.500913397876867 ], [ 116.143060683799504, -0.500327821035759 ], [ 116.143060694651552, -0.500244171888449 ], [ 116.14306071635022, -0.500076873593782 ], [ 116.143060727196826, -0.499993224446424 ], [ 116.142894553298632, -0.499909553463818 ], [ 116.142728433618728, -0.499407636783462 ], [ 116.142645352097233, -0.499323976734723 ], [ 116.14222991201521, -0.499156623917715 ], [ 116.142146830508622, -0.49907296387899 ], [ 116.142063738166655, -0.499072952968562 ], [ 116.141897564327778, -0.498989282022528 ], [ 116.141482135192163, -0.498738280114329 ], [ 116.141315950547579, -0.498738258290156 ], [ 116.140900510655811, -0.498570905510911 ], [ 116.140651233736151, -0.498570872761886 ], [ 116.140318864535416, -0.498570829081745 ], [ 116.140235772239791, -0.498570818159072 ], [ 116.139903381362444, -0.498738072614181 ], [ 116.139487919937537, -0.498738017945536 ], [ 116.139321746245116, -0.498654347005367 ], [ 116.139404914516703, -0.498068814470741 ], [ 116.139488006787829, -0.498068825392961 ], [ 116.139488028482162, -0.497901527254598 ], [ 116.139571131596398, -0.497817889101072 ], [ 116.139654245547277, -0.497650601869853 ], [ 116.139820451759576, -0.497483325535342 ], [ 116.13982046259072, -0.497399676458659 ], [ 116.139903565690858, -0.497316038282452 ], [ 116.139986722888651, -0.496814154699335 ], [ 116.139986733703125, -0.496730505618812 ], [ 116.139820614035472, -0.496228589383226 ], [ 116.139571423679257, -0.495559364174678 ], [ 116.139488342231061, -0.495475704238749 ], [ 116.139405260784969, -0.495392044305401 ], [ 116.138989832006331, -0.495141042795475 ], [ 116.138657484710308, -0.494973701228808 ], [ 116.138491332657566, -0.494722732354234 ], [ 116.138408326708685, -0.494053529122892 ], [ 116.138408359025561, -0.4938025819838 ], [ 116.138408369794206, -0.493718932937422 ], [ 116.138408391326024, -0.49355163484455 ], [ 116.138408402089198, -0.493467985798073 ], [ 116.138491505041443, -0.493384347583616 ], [ 116.13849158031249, -0.492798804244745 ], [ 116.13832542818497, -0.492547835470856 ], [ 116.138159254577474, -0.492464164797086 ], [ 116.13766074455593, -0.492129503764553 ], [ 116.137577652398832, -0.492129492949659 ], [ 116.137328418909988, -0.491794864406844 ], [ 116.136912990424989, -0.491543863296393 ], [ 116.136913001162966, -0.491460214282493 ], [ 116.136829919767791, -0.491376554460896 ], [ 116.136248317859057, -0.491041882780841 ], [ 116.136248328594348, -0.490958233781538 ], [ 116.136165236482796, -0.490958222974714 ], [ 116.135999063001762, -0.490874552364183 ], [ 116.135749808165983, -0.490707221960173 ], [ 116.135666726803677, -0.490623562166163 ], [ 116.135583634709093, -0.490623551359435 ], [ 116.135417461261795, -0.490539880761875 ], [ 116.135085103659222, -0.490456188550024 ], [ 116.135002011579488, -0.490456177739714 ], [ 116.134918930240573, -0.490372517958396 ], [ 116.134752746092346, -0.490372496336273 ], [ 116.134669654020982, -0.490372485523655 ], [ 116.134088031065815, -0.490205111903194 ], [ 116.133755662858277, -0.490205068628046 ], [ 116.133340202640113, -0.490205014510764 ], [ 116.133257099846062, -0.490288652617255 ], [ 116.132758536885746, -0.490372236546943 ], [ 116.132592320523855, -0.490623161625559 ], [ 116.13234303367264, -0.490706777999618 ], [ 116.132343022894375, -0.490790426912217 ], [ 116.132259930871058, -0.490790416060248 ], [ 116.132176838849574, -0.49079040520724 ], [ 116.132010633241805, -0.490957681308493 ], [ 116.131927530434808, -0.491041319351986 ], [ 116.131678211202029, -0.491375882351541 ], [ 116.131595097579805, -0.491543169269866 ], [ 116.13142889193162, -0.491710445296955 ], [ 116.131096491431819, -0.491961348409379 ], [ 116.130681031399277, -0.491961293931543 ], [ 116.130348652575677, -0.492044899198419 ], [ 116.130099376597229, -0.492044866481163 ], [ 116.129850143971851, -0.491710238327454 ], [ 116.129600922183613, -0.491291961357204 ], [ 116.129517851861848, -0.491124652760799 ], [ 116.129434759897009, -0.491124641866085 ], [ 116.129351667933975, -0.491124630970332 ], [ 116.129268565147129, -0.49120826891751 ], [ 116.129019256774129, -0.491459182730351 ], [ 116.128686845581242, -0.491793734413971 ], [ 116.128437548019321, -0.491960999301363 ], [ 116.12843762394894, -0.491375457524557 ], [ 116.128520726733441, -0.491291819610086 ], [ 116.128603829515868, -0.49120818169089 ], [ 116.128686943127306, -0.491040894935906 ], [ 116.128770035074524, -0.491040905838119 ], [ 116.128770056729053, -0.490873608172385 ], [ 116.128936283903627, -0.490539034619653 ], [ 116.128936294718685, -0.490455385782955 ], [ 116.129019408286752, -0.490288098991846 ], [ 116.129019419095243, -0.490204450153245 ], [ 116.128936413562613, -0.489535248577815 ], [ 116.128770272868593, -0.489200631510248 ], [ 116.128437948337222, -0.488865992754912 ], [ 116.128437969904056, -0.488698695102919 ], [ 116.128354899554537, -0.488531386600212 ], [ 116.128354921108638, -0.488364088951766 ], [ 116.128022596602023, -0.488029450286378 ], [ 116.127856423589805, -0.48794577978287 ], [ 116.127856434361021, -0.487862130969654 ], [ 116.127690272128206, -0.487694811663587 ], [ 116.127524131433958, -0.487360194756426 ], [ 116.127441050323071, -0.48727653511641 ], [ 116.127357969214259, -0.487192875479044 ], [ 116.127274888107493, -0.48710921584438 ], [ 116.127441104112421, -0.486858291095809 ], [ 116.127856563471525, -0.486858345209538 ], [ 116.128022747228115, -0.486858366847815 ], [ 116.128105839109168, -0.486858377665408 ], [ 116.128272012132896, -0.486942048120266 ], [ 116.128521298542168, -0.486858431737914 ], [ 116.128604401172296, -0.486774793719124 ], [ 116.128604411908455, -0.486691144888887 ], [ 116.128687525265093, -0.486523858031315 ], [ 116.128687535994686, -0.48644020919919 ], [ 116.128687546722418, -0.486356560367011 ], [ 116.128687578894585, -0.486105613870381 ], [ 116.12835527568555, -0.485603677740317 ], [ 116.128272205241231, -0.4854363693075 ], [ 116.12818917761652, -0.484934465595607 ], [ 116.128189199015978, -0.484767167952783 ], [ 116.128189220408032, -0.484599870309874 ], [ 116.128189241792711, -0.484432572666882 ], [ 116.12818926317, -0.484265275023822 ], [ 116.128189284539914, -0.484097977380662 ], [ 116.128355489602356, -0.483930701237374 ], [ 116.128355510953426, -0.48376340358663 ], [ 116.128604829178826, -0.483428840493667 ], [ 116.128604871817089, -0.483094245169266 ], [ 116.128604925073418, -0.482676001013319 ], [ 116.128604935719139, -0.482592352182053 ], [ 116.128604946363026, -0.482508703350784 ], [ 116.128521875808133, -0.482341394977084 ], [ 116.128106469853947, -0.481923097305104 ], [ 116.127691053317534, -0.481588448511122 ], [ 116.127524880338939, -0.481504778291578 ], [ 116.127524922860061, -0.481170183061924 ], [ 116.127524933485731, -0.481086534254429 ], [ 116.127524954731513, -0.480919236639444 ], [ 116.127524975969905, -0.480751939024359 ], [ 116.12785736438677, -0.480584684140266 ], [ 116.128106661005035, -0.48041741853661 ], [ 116.128522141238491, -0.480250174233795 ], [ 116.128688377801538, -0.479831951393315 ], [ 116.12902076620847, -0.479664696318048 ], [ 116.129436267571762, -0.4793301541333 ], [ 116.129602493443855, -0.478995579980814 ], [ 116.129685606365555, -0.47882829289181 ], [ 116.129685616913321, -0.478744644035437 ], [ 116.129685659085894, -0.478410048609874 ], [ 116.129768803570599, -0.477991814927756 ], [ 116.129768824625415, -0.477824517210916 ], [ 116.130018152651402, -0.477406304674466 ], [ 116.130267449106199, -0.477239038681973 ], [ 116.130433653742188, -0.477071762087218 ], [ 116.130599868864493, -0.476820836596299 ], [ 116.130682981662275, -0.476653549401352 ], [ 116.130849207229275, -0.476318974985947 ], [ 116.131015411814431, -0.476151698309896 ], [ 116.131098514104011, -0.476068059964795 ], [ 116.131597117344796, -0.475649878694418 ], [ 116.13192952644647, -0.475315325160572 ], [ 116.132012628716907, -0.475231686765311 ], [ 116.132095730985327, -0.475148048365273 ], [ 116.132261925082332, -0.475064420465797 ], [ 116.132511231872115, -0.474813505214651 ], [ 116.132760517804783, -0.474729887772788 ], [ 116.132843609644212, -0.474729898263593 ], [ 116.132926701485474, -0.474729908753392 ], [ 116.133092885173525, -0.474729929729977 ], [ 116.13375761999913, -0.474730013596119 ], [ 116.1338407118606, -0.474730024074865 ], [ 116.134256171195403, -0.474730076453521 ], [ 116.134837814341125, -0.474730149741434 ], [ 116.135336365680345, -0.474730212520455 ], [ 116.135502549474737, -0.474730233438756 ], [ 116.135917998608335, -0.474813934712898 ], [ 116.136416529333971, -0.474981295438569 ], [ 116.136748886657273, -0.475064986255341 ], [ 116.13683197858866, -0.475064996705272 ], [ 116.137081244015988, -0.475148677070674 ], [ 116.137496693358102, -0.475232378330223 ], [ 116.137579785307906, -0.47523238877478 ], [ 116.138493807238973, -0.475148854545592 ], [ 116.138576899209696, -0.475148864976241 ], [ 116.138743103870368, -0.474981587717652 ], [ 116.138909329218137, -0.474647012315911 ], [ 116.138992431535812, -0.474563373666489 ], [ 116.13915865683613, -0.474228798217912 ], [ 116.139158677499751, -0.474061500082252 ], [ 116.139158698156109, -0.473894201946493 ], [ 116.138992565839771, -0.473475935831915 ], [ 116.138992576158074, -0.473392286767598 ], [ 116.138992617413109, -0.473057690510025 ], [ 116.138743372484882, -0.472806712190956 ], [ 116.138494117268507, -0.472639382949283 ], [ 116.138078657591748, -0.472639331056487 ], [ 116.137746310511289, -0.47247199145023 ], [ 116.137413942839913, -0.472471949916685 ], [ 116.137164687740281, -0.472304620707672 ], [ 116.137081626775839, -0.472053663255309 ], [ 116.137081678308277, -0.471635418142968 ], [ 116.137081750376936, -0.471049874984832 ], [ 116.137164852555102, -0.470966236317961 ], [ 116.137164903963807, -0.470547991195081 ], [ 116.137164914240074, -0.470464342170454 ], [ 116.137164955326838, -0.470129746071726 ], [ 116.137164996384385, -0.469795149972672 ], [ 116.137165016902173, -0.469627851923014 ], [ 116.137331241661713, -0.469293276458456 ], [ 116.137497435659768, -0.469209648057178 ], [ 116.137829823660454, -0.469042391220599 ], [ 116.138328405672993, -0.468791505880687 ], [ 116.138660793689041, -0.468624248930725 ], [ 116.13882698769936, -0.46854062043871 ], [ 116.139325569739455, -0.468289734894792 ], [ 116.139741049686776, -0.468122488071411 ], [ 116.140073427545559, -0.468038880022069 ], [ 116.140405825784512, -0.467787973748495 ], [ 116.140655142253848, -0.467453408074642 ], [ 116.141319928499556, -0.4670352443489 ], [ 116.141403030585565, -0.466951605448755 ], [ 116.141486122522963, -0.466951615664845 ], [ 116.14173540848978, -0.466867997180773 ], [ 116.142400083247836, -0.467369973681406 ], [ 116.142732430827778, -0.467537312825384 ], [ 116.142815512655687, -0.46762097218845 ], [ 116.142981686464438, -0.467704641768918 ], [ 116.143064778445222, -0.467704651982669 ], [ 116.143563330367854, -0.467704713244381 ], [ 116.143646422361314, -0.467704723451202 ], [ 116.143978790353259, -0.467704764268583 ], [ 116.144061882355771, -0.467704774470453 ], [ 116.144726638688653, -0.467537557665817 ], [ 116.144809740825565, -0.467453918661308 ], [ 116.144892913730573, -0.466784735281859 ], [ 116.144892933934287, -0.466617436890166 ], [ 116.145059168423273, -0.466199211225941 ], [ 116.145059188597713, -0.466031912826691 ], [ 116.145142280604162, -0.466031922979243 ], [ 116.145391576793685, -0.465864655017057 ], [ 116.145557760818917, -0.465864675305996 ], [ 116.145890169164659, -0.465530119000259 ], [ 116.146139475403388, -0.46527920172214 ], [ 116.146471853550395, -0.465195592978826 ], [ 116.146970415785773, -0.465112004427841 ], [ 116.147136599862108, -0.46511202464658 ], [ 116.147219691902976, -0.465112034754472 ], [ 116.147718254219413, -0.465028446123047 ], [ 116.147884448355825, -0.464944817058655 ], [ 116.148715409049643, -0.464610320848481 ], [ 116.148798511128732, -0.46452668164495 ], [ 116.148881603198845, -0.464526691720451 ], [ 116.149214001501164, -0.464275784139768 ], [ 116.149297133553389, -0.4639411970336 ], [ 116.14913099934985, -0.463522930470387 ], [ 116.149047917269456, -0.463439271132053 ], [ 116.148964835191009, -0.463355611796362 ], [ 116.148466322804211, -0.463020954387319 ], [ 116.14838328064458, -0.462602697973646 ], [ 116.148549534471925, -0.462017173111496 ], [ 116.148632706103641, -0.461347988904316 ], [ 116.148632725984669, -0.461180690346317 ], [ 116.148383519459884, -0.460595115410346 ], [ 116.148383529387985, -0.460511466136613 ], [ 116.148217394987668, -0.460093199796386 ], [ 116.148134312903679, -0.460009540540853 ], [ 116.147968198306955, -0.459423975713425 ], [ 116.147802063856702, -0.459005709454755 ], [ 116.147469765230412, -0.458420124796176 ], [ 116.147386683154565, -0.458336465584162 ], [ 116.147386693045533, -0.458252816331724 ], [ 116.147303610970781, -0.458169157124153 ], [ 116.147303620859105, -0.458085507873493 ], [ 116.147137496242152, -0.457583592481398 ], [ 116.147137506119762, -0.457499943234201 ], [ 116.147054483268349, -0.456914388572654 ], [ 116.147054542425948, -0.456412493099205 ], [ 116.147054552279229, -0.456328843853567 ], [ 116.14705462120159, -0.455743299133494 ], [ 116.147054670377685, -0.455325052904281 ], [ 116.147054690035461, -0.455157754412472 ], [ 116.147137791784644, -0.455074115057222 ], [ 116.147137801608054, -0.45499046580945 ], [ 116.147304054157502, -0.454404940823871 ], [ 116.147553388723239, -0.453903074898364 ], [ 116.147636490436085, -0.453819435498894 ], [ 116.147636510015502, -0.453652136980914 ], [ 116.147802781856868, -0.452899313321518 ], [ 116.147802791625693, -0.452815664058713 ], [ 116.147802811157987, -0.452648365532995 ], [ 116.147885951863898, -0.452230129038617 ], [ 116.147885961617362, -0.452146479773839 ], [ 116.147969121742051, -0.45156094472446 ], [ 116.147969131480124, -0.451477295457692 ], [ 116.1481353736648, -0.450975419437915 ], [ 116.148135383388336, -0.450891770167378 ], [ 116.148218514159524, -0.450557182865112 ], [ 116.148218523873112, -0.450473533592679 ], [ 116.148467857792724, -0.449971667254064 ], [ 116.148467867490808, -0.449888017975997 ], [ 116.148550978774423, -0.449720729178049 ], [ 116.148800293208453, -0.44938616130526 ], [ 116.148966496360501, -0.449218882220361 ], [ 116.148966554390796, -0.448716986485463 ], [ 116.148966564056224, -0.448633337196235 ], [ 116.148966583381622, -0.448466038617736 ], [ 116.148966593041635, -0.448382389328465 ], [ 116.148551210879063, -0.447713146454794 ], [ 116.148468119008925, -0.447713136740199 ], [ 116.148468128658351, -0.447629487461626 ], [ 116.14830195457489, -0.447545818758294 ], [ 116.147720359826351, -0.447127504430249 ], [ 116.1477203694716, -0.447043855167901 ], [ 116.147138765186938, -0.446709190182553 ], [ 116.14680640753167, -0.446625502098858 ], [ 116.146640233540111, -0.446541833437378 ], [ 116.146224784130496, -0.446458135643536 ], [ 116.146141701973676, -0.446374476701772 ], [ 116.145975528018781, -0.446290808050553 ], [ 116.145892436220592, -0.446290798337529 ], [ 116.145227730861066, -0.446039772975397 ], [ 116.145061547304721, -0.446039753542334 ], [ 116.144978455529284, -0.446039743824386 ], [ 116.144313760021035, -0.445705069294833 ], [ 116.144147586166923, -0.445621400671167 ], [ 116.143732175701501, -0.445203106189057 ], [ 116.143233663912511, -0.44486845122826 ], [ 116.142652060496857, -0.444533786609446 ], [ 116.142153568172375, -0.444031833475487 ], [ 116.141904322035359, -0.443780856944926 ], [ 116.141571974603607, -0.443613519865128 ], [ 116.141488882931498, -0.443613510160595 ], [ 116.140907260567573, -0.443446143975364 ], [ 116.140408729954586, -0.443278787505706 ], [ 116.140325638311637, -0.443278777795356 ], [ 116.140242546670521, -0.443278768084068 ], [ 116.140076373041765, -0.443195099563321 ], [ 116.139494750940543, -0.44302773339265 ], [ 116.139411659320473, -0.443027723677482 ], [ 116.138746926425284, -0.44302764592238 ], [ 116.13866384447995, -0.442943987134563 ], [ 116.138248386493515, -0.442943938511639 ], [ 116.138082212974751, -0.442860270004518 ], [ 116.137832976863663, -0.442525644635757 ], [ 116.13783298652038, -0.442441995589803 ], [ 116.137833005828341, -0.44227469749782 ], [ 116.137833015479586, -0.442191048451791 ], [ 116.137500707084726, -0.44168911535161 ], [ 116.137417625166407, -0.441605456606416 ], [ 116.137334543249935, -0.441521797863896 ], [ 116.137085326419239, -0.441019874563613 ], [ 116.136669916879043, -0.440601580960242 ], [ 116.136337608526617, -0.440099648099906 ], [ 116.136171463970129, -0.439765032687253 ], [ 116.13617147358508, -0.439681383677428 ], [ 116.136088420520394, -0.439346777966418 ], [ 116.136088478133402, -0.438844883917827 ], [ 116.136088516505495, -0.438510287885041 ], [ 116.136088535680557, -0.438342989868552 ], [ 116.1360885548483, -0.438175691851969 ], [ 116.136088564429429, -0.438092042843658 ], [ 116.136088631446114, -0.437506499784898 ], [ 116.136005549529372, -0.437422841146194 ], [ 116.135507058067631, -0.436920889371565 ], [ 116.135091619889067, -0.43675354326107 ], [ 116.134759273212055, -0.436586206790856 ], [ 116.134260743702413, -0.436418851081182 ], [ 116.1341776618343, -0.436335192486428 ], [ 116.133845315258171, -0.436167856052882 ], [ 116.133512968718733, -0.436000519634014 ], [ 116.133097559497472, -0.435582226774957 ], [ 116.132848333094145, -0.435163953218578 ], [ 116.132931462672076, -0.434829367078417 ], [ 116.13301456360081, -0.434745727744781 ], [ 116.133097654988703, -0.434745737349201 ], [ 116.133346938699731, -0.434662117208724 ], [ 116.133596270050944, -0.434160252279659 ], [ 116.133679409025888, -0.433742017085787 ], [ 116.133762528941148, -0.433491079787597 ], [ 116.133762566946942, -0.433156483956532 ], [ 116.133430229912989, -0.432905498851804 ], [ 116.133347148033707, -0.432821840343059 ], [ 116.133264066156258, -0.432738181837091 ], [ 116.133097883418714, -0.432738162719704 ], [ 116.133014792052705, -0.432738153159637 ], [ 116.132931700688545, -0.432738143598654 ], [ 116.132765517965694, -0.43273812447394 ], [ 116.132433152542006, -0.432738086213519 ], [ 116.132350061190692, -0.432738076646124 ], [ 116.132017695803782, -0.432738038367383 ], [ 116.131685358972049, -0.432487053338862 ], [ 116.131353041179281, -0.432068770531131 ], [ 116.131353050678641, -0.431985121626686 ], [ 116.131353069671846, -0.431817823817773 ], [ 116.13126998784918, -0.431734165356207 ], [ 116.131269997342088, -0.431650516453539 ], [ 116.131186934498729, -0.431399560194868 ], [ 116.13110387164609, -0.431148603946212 ], [ 116.130937726962259, -0.430813989269962 ], [ 116.130854645142108, -0.430730330835112 ], [ 116.13060541863581, -0.430312057770872 ], [ 116.130439264475086, -0.430061092048983 ], [ 116.13043927394024, -0.429977443164452 ], [ 116.13043929286502, -0.429810145395402 ], [ 116.13052238414231, -0.429810154918992 ], [ 116.130854768178253, -0.429642895216579 ], [ 116.131436444979073, -0.429308366177416 ], [ 116.131519536273018, -0.42930837567898 ], [ 116.131602599249888, -0.429559331911349 ], [ 116.131602542562447, -0.430061225374243 ], [ 116.131685577120024, -0.430563128363979 ], [ 116.13193484160287, -0.430646805858732 ], [ 116.132017923459642, -0.430730464304017 ], [ 116.132184106105839, -0.430730483356416 ], [ 116.132350288759412, -0.430730502405167 ], [ 116.132433380088912, -0.430730511928176 ], [ 116.132599562753498, -0.430730530971457 ], [ 116.132682654088569, -0.43073054049173 ], [ 116.133015047797059, -0.430479631738439 ], [ 116.133015057243355, -0.430395982796658 ], [ 116.133015066687832, -0.430312333854842 ], [ 116.133015085571287, -0.43014503597117 ], [ 116.1329320319837, -0.429810430707324 ], [ 116.132599694975198, -0.429559445914927 ], [ 116.132516613086196, -0.429475787488703 ], [ 116.132433521768377, -0.429475777994346 ], [ 116.132433540627744, -0.429308480136201 ], [ 116.132350449313606, -0.429308470644634 ], [ 116.131935039913643, -0.428890178582959 ], [ 116.131768895006985, -0.428555563948802 ], [ 116.131602731263115, -0.428388247161988 ], [ 116.13151964939388, -0.428304588772713 ], [ 116.13135348566081, -0.428137272002579 ], [ 116.131270413208924, -0.427969964718185 ], [ 116.131187321934917, -0.427969955243526 ], [ 116.131104240074677, -0.427886296868177 ], [ 116.130938066949554, -0.427802629021903 ], [ 116.13077189383354, -0.427718961179449 ], [ 116.130273365128531, -0.427551606556004 ], [ 116.130190273881112, -0.427551597079745 ], [ 116.130024091391789, -0.427551578124512 ], [ 116.129941000149898, -0.427551568645538 ], [ 116.129857927740417, -0.427384261421475 ], [ 116.129276298543061, -0.427300546203834 ], [ 116.128943952502965, -0.427133210568738 ], [ 116.128860861289525, -0.427133201087283 ], [ 116.12852843988729, -0.427635056206881 ], [ 116.128196037297343, -0.427969613552485 ], [ 116.12753130770254, -0.427969537461704 ], [ 116.127448216511496, -0.42796952794628 ], [ 116.12736513477472, -0.427885869613694 ], [ 116.127282043588252, -0.427885860098319 ], [ 116.12711587067416, -0.427802192254123 ], [ 116.127115880125587, -0.427718543443428 ], [ 116.126949707220632, -0.427634875606772 ], [ 116.12694971667014, -0.427551226799728 ], [ 116.126866634945102, -0.427467568482084 ], [ 116.126700528141598, -0.426798359045763 ], [ 116.126700537575317, -0.426714710244118 ], [ 116.126700575291736, -0.426380115037404 ], [ 116.126451311257981, -0.426296437771228 ], [ 116.12636822010893, -0.426296428281271 ], [ 116.125786544368935, -0.426630956951144 ], [ 116.12570343434399, -0.426798245005102 ], [ 116.12512174913681, -0.427216422252193 ], [ 116.124290800032625, -0.427550921952135 ], [ 116.123626071169738, -0.427550845595436 ], [ 116.123376788388583, -0.427634465673596 ], [ 116.123293687802814, -0.427718104845303 ], [ 116.122712031184562, -0.427885335357855 ], [ 116.12229655677325, -0.428052584923214 ], [ 116.122047255006493, -0.428303502287757 ], [ 116.121964163934194, -0.428303492705058 ], [ 116.121797981795126, -0.428303473536939 ], [ 116.121714890728398, -0.42830346395152 ], [ 116.121299473513602, -0.427968821291043 ], [ 116.121133319965608, -0.427717856094597 ], [ 116.12105026696976, -0.427383251817186 ], [ 116.121299578110367, -0.427048685810047 ], [ 116.121382678651059, -0.426965046689835 ], [ 116.121798133894217, -0.426965094476199 ], [ 116.122213627116324, -0.426630547436595 ], [ 116.122213646071387, -0.426463250034814 ], [ 116.122296746603325, -0.426379610870824 ], [ 116.122379894461105, -0.425877728178468 ], [ 116.122546104943012, -0.425626801099752 ], [ 116.122546114395561, -0.425543152391149 ], [ 116.122546152187297, -0.425208557556588 ], [ 116.122463080023536, -0.425041250634905 ], [ 116.12204764369703, -0.424873905704851 ], [ 116.121964552661453, -0.424873896198887 ], [ 116.12138291546475, -0.424873829631956 ], [ 116.121299824444066, -0.424873820118797 ], [ 116.12113364240831, -0.424873801089781 ], [ 116.120718187351557, -0.424873753501504 ], [ 116.12046893325433, -0.424706427613839 ], [ 116.120468942708769, -0.424622778951884 ], [ 116.120053525556955, -0.424288136745163 ], [ 116.119555026933341, -0.423869836437822 ], [ 116.119222691410613, -0.42361885248866 ], [ 116.11913960045176, -0.423618842980283 ], [ 116.118474891749543, -0.423451469646621 ], [ 116.118308719320538, -0.423367802006872 ], [ 116.118225628384891, -0.42336779249427 ], [ 116.118142537451106, -0.423367782980771 ], [ 116.117976355589164, -0.423367763951086 ], [ 116.117477819504799, -0.423284058245884 ], [ 116.117311637674533, -0.423284039205623 ], [ 116.117062355481963, -0.423367659223743 ], [ 116.116979245644643, -0.423534946864391 ], [ 116.116813025942477, -0.423869522120188 ], [ 116.116813016465571, -0.423953170699677 ], [ 116.116813006986789, -0.424036819279114 ], [ 116.116397495521014, -0.42453866297104 ], [ 116.116397486024667, -0.424622311540983 ], [ 116.115981964955196, -0.425207803647583 ], [ 116.115815745069682, -0.425542378714591 ], [ 116.115732654166919, -0.425542369126098 ], [ 116.115400290574613, -0.425542330763118 ], [ 116.115317199681243, -0.425542321170121 ], [ 116.115234175456507, -0.424956771772563 ], [ 116.11573281582163, -0.424120343694751 ], [ 116.115815925690086, -0.423953056137505 ], [ 116.115899045032279, -0.423702120012944 ], [ 116.115899054513378, -0.423618471454154 ], [ 116.115732929605059, -0.423116561034108 ], [ 116.115732939074817, -0.423032912478925 ], [ 116.115649923898673, -0.422363714519127 ], [ 116.115483770531412, -0.422112749831841 ], [ 116.115400689123533, -0.42202909176921 ], [ 116.114735990690846, -0.421778070035449 ], [ 116.114486727634642, -0.421694392959732 ], [ 116.114237474050796, -0.421527067365803 ], [ 116.113988239383175, -0.421192444754507 ], [ 116.113738995281366, -0.42094147069059 ], [ 116.11365591391764, -0.420857812675028 ], [ 116.11357283255569, -0.420774154662318 ], [ 116.112492633374302, -0.420941327990526 ], [ 116.112492623916808, -0.421024976472517 ], [ 116.112492604996191, -0.421192273436412 ], [ 116.112658729768356, -0.421694183399984 ], [ 116.112658701344827, -0.421945128856744 ], [ 116.112409428970992, -0.421945100229916 ], [ 116.112326338183465, -0.421945090685854 ], [ 116.112243247397785, -0.421945081140899 ], [ 116.11199397505213, -0.421945052500674 ], [ 116.111495449387277, -0.421777698277974 ], [ 116.111495468355471, -0.421610401359749 ], [ 116.111246243472124, -0.421192130450678 ], [ 116.111246290825946, -0.42077388818276 ], [ 116.110997065905224, -0.420355617350029 ], [ 116.110997075363571, -0.420271968901974 ], [ 116.110498568800594, -0.419937318013699 ], [ 116.110249343902836, -0.419519047298215 ], [ 116.110083162478816, -0.41951902827277 ], [ 116.109584656058829, -0.419184377511084 ], [ 116.109169230954478, -0.418933384723498 ], [ 116.10916924040022, -0.418849736316885 ], [ 116.108836924903983, -0.418431456281659 ], [ 116.108836934341909, -0.418347807882534 ], [ 116.108587709516442, -0.417929537410113 ], [ 116.108421603596497, -0.417260331302957 ], [ 116.108421613012396, -0.417176682913063 ], [ 116.10842167887084, -0.416591144183379 ], [ 116.108421688271648, -0.416507495793356 ], [ 116.108421763410064, -0.415838308672479 ], [ 116.108421772793875, -0.415754660282277 ], [ 116.108255647805578, -0.415252751070115 ], [ 116.108172566555851, -0.415169093248867 ], [ 116.107674069727139, -0.414750794755682 ], [ 116.107424854109411, -0.414248876253012 ], [ 116.107341772875117, -0.414165218464594 ], [ 116.107341791587942, -0.413997921732915 ], [ 116.107175675859324, -0.413412364361736 ], [ 116.107175685201398, -0.413328715999542 ], [ 116.10684339759591, -0.412659491539928 ], [ 116.106843416251138, -0.412492194830462 ], [ 116.106843425575889, -0.412408546475702 ], [ 116.106677309687882, -0.411822989243923 ], [ 116.106677318999246, -0.411739340892828 ], [ 116.106428093894891, -0.41132107104295 ], [ 116.106345003354392, -0.411321061676502 ], [ 116.106261922120126, -0.411237403967488 ], [ 116.105680325631624, -0.410902745071673 ], [ 116.105597235112498, -0.410902735706921 ], [ 116.104932511027656, -0.410902660757598 ], [ 116.104766330025399, -0.410902642011569 ], [ 116.10468323952712, -0.41090263263725 ], [ 116.104600149030688, -0.410902623262062 ], [ 116.104101624724947, -0.410735270408284 ], [ 116.103769327989895, -0.41014969490085 ], [ 116.103686237522112, -0.410149685533288 ], [ 116.103686256129379, -0.409982388967688 ], [ 116.103104669435382, -0.409564082049802 ], [ 116.102772326260251, -0.409396748076317 ], [ 116.1026893101524, -0.408727552634987 ], [ 116.102689328715726, -0.408560256114665 ], [ 116.102689337994548, -0.408476607854502 ], [ 116.102523203518913, -0.408058347890373 ], [ 116.102523222055297, -0.40789105137742 ], [ 116.102107807061131, -0.407556411736319 ], [ 116.102024725920884, -0.407472754165647 ], [ 116.101609301728161, -0.40722176282767 ], [ 116.101609310987726, -0.407138114592106 ], [ 116.101276986482304, -0.406803484390311 ], [ 116.101193905360219, -0.406719826847214 ], [ 116.100861580889031, -0.406385196704481 ], [ 116.100695400165719, -0.406385178080235 ], [ 116.100529256445157, -0.40605056660902 ], [ 116.100280031609998, -0.40563229765805 ], [ 116.10011385092875, -0.405632279056286 ], [ 116.100113869404368, -0.405464982653419 ], [ 116.100030779068291, -0.405464973355086 ], [ 116.099698482377477, -0.404879398809728 ], [ 116.099200023492699, -0.404126509436902 ], [ 116.09920004191838, -0.403959213075626 ], [ 116.09903386132072, -0.403959194528353 ], [ 116.098784627284061, -0.403624574016698 ], [ 116.098618501933416, -0.403122666472252 ], [ 116.098452376542042, -0.402620758969895 ], [ 116.098452385729118, -0.402537110806265 ], [ 116.09836935054841, -0.402035212587269 ], [ 116.098369368895632, -0.401867916263558 ], [ 116.098369378066366, -0.401784268101643 ], [ 116.098369387235195, -0.401700619939761 ], [ 116.098369451363595, -0.401115082805932 ], [ 116.09870188553846, -0.400445934304751 ], [ 116.098785030569033, -0.399944054470563 ], [ 116.098785039691649, -0.399860406298658 ], [ 116.098785048812388, -0.399776758126752 ], [ 116.098535814548001, -0.399442137915144 ], [ 116.098452742536281, -0.399274832410252 ], [ 116.098203517383169, -0.398856564094795 ], [ 116.098120445364927, -0.39868925861508 ], [ 116.098037364244689, -0.398605601297026 ], [ 116.097705076150334, -0.397936379465526 ], [ 116.097123499290163, -0.397434426593692 ], [ 116.096874265063846, -0.397099806644971 ], [ 116.096791238390935, -0.39651426062103 ], [ 116.096791256517804, -0.396346964368118 ], [ 116.096791283693761, -0.396096019988646 ], [ 116.096625112421535, -0.396012353631083 ], [ 116.096625148628377, -0.395677761140199 ], [ 116.096542076564674, -0.395510455789432 ], [ 116.096459031615623, -0.395092206088481 ], [ 116.096459067744973, -0.39475761361225 ], [ 116.096459076772504, -0.39467396549312 ], [ 116.096459112863585, -0.394339373016547 ], [ 116.096542221038092, -0.394172085853385 ], [ 116.096708401324804, -0.394172104001354 ], [ 116.097123861082494, -0.394088501222073 ], [ 116.097705501207059, -0.394004916522909 ], [ 116.097788591374567, -0.394004925581783 ], [ 116.098120952063653, -0.394004961808941 ], [ 116.098287159390267, -0.393754035432692 ], [ 116.098453393628617, -0.393252164533261 ], [ 116.098453402601876, -0.393168516367683 ], [ 116.098536492778322, -0.393168525399835 ], [ 116.098536519684174, -0.39291758089722 ], [ 116.098204176934232, -0.392750248466891 ], [ 116.09812110469791, -0.392582943125007 ], [ 116.09778877095313, -0.392331962577534 ], [ 116.097456437241505, -0.392080982062777 ], [ 116.097456446197953, -0.391997333920036 ], [ 116.097207211600121, -0.391662714321381 ], [ 116.097124130419317, -0.391579057175393 ], [ 116.096708706648528, -0.391328067741841 ], [ 116.096542562199645, -0.390993457237817 ], [ 116.096542597950688, -0.390658864750529 ], [ 116.096625723775588, -0.390324281248804 ], [ 116.096875011942586, -0.390157011942012 ], [ 116.097124317931261, -0.389822446333666 ], [ 116.097539777418973, -0.38973884302269 ], [ 116.098038300377468, -0.389906193098262 ], [ 116.098453697648793, -0.390408126893885 ], [ 116.09845368873853, -0.390491775060056 ], [ 116.098619860129986, -0.390575441170492 ], [ 116.098619851217535, -0.390659089340455 ], [ 116.098952176195311, -0.390993717937272 ], [ 116.099201428865911, -0.391161041233054 ], [ 116.09969993426536, -0.391495687871212 ], [ 116.099783006608163, -0.391662993245786 ], [ 116.099866096800241, -0.391663002230083 ], [ 116.100032277190095, -0.39166302019619 ], [ 116.100115367387914, -0.391663029178 ], [ 116.100198457587595, -0.391663038158981 ], [ 116.100364637992726, -0.391663056118457 ], [ 116.100447728198134, -0.391663065096951 ], [ 116.10053081840546, -0.391663074074616 ], [ 116.100696980990577, -0.391830388462855 ], [ 116.100863116808625, -0.392248647527444 ], [ 116.101029243667, -0.392750554851789 ], [ 116.101112307080768, -0.393001508529732 ], [ 116.101195379430266, -0.393168813989287 ], [ 116.101610821703972, -0.393252507242887 ], [ 116.101943182713967, -0.393252543247664 ], [ 116.102192480293951, -0.393001625486807 ], [ 116.102275579483972, -0.392917986223839 ], [ 116.102358678672317, -0.392834346956196 ], [ 116.102358696520241, -0.392667050444582 ], [ 116.102441822450928, -0.392332466395055 ], [ 116.102441866995321, -0.391914225105824 ], [ 116.102441884799759, -0.391746928590009 ], [ 116.10235880344807, -0.391663271373504 ], [ 116.102358847920556, -0.391245030093145 ], [ 116.10235885680936, -0.391161381837032 ], [ 116.10227583761359, -0.39049218685485 ], [ 116.102275890820124, -0.389990297328454 ], [ 116.102192809451182, -0.3899066401539 ], [ 116.102192818311224, -0.389822991901361 ], [ 116.102192836025566, -0.389655695396181 ], [ 116.101943636155212, -0.388986482672814 ], [ 116.101860607798514, -0.388400936054521 ], [ 116.101777526422623, -0.388317278921485 ], [ 116.101611372501495, -0.388066316424875 ], [ 116.101611390147411, -0.387899019945823 ], [ 116.10161139896752, -0.387815371706247 ], [ 116.102109993025024, -0.387313535455094 ], [ 116.102193083227817, -0.387313544316656 ], [ 116.102857831296618, -0.387062670374426 ], [ 116.103024020520692, -0.386979039798243 ], [ 116.103107154644803, -0.386560807272008 ], [ 116.103107172192964, -0.386393510723434 ], [ 116.103024117055028, -0.386058908802238 ], [ 116.102608709849534, -0.385640623355958 ], [ 116.10252563717124, -0.385473318014588 ], [ 116.102359500557299, -0.385055059094852 ], [ 116.102359509305415, -0.384971410837462 ], [ 116.102359561754326, -0.384469521292937 ], [ 116.103024335596515, -0.383967701985604 ], [ 116.10310743450394, -0.3838840624869 ], [ 116.103190524696302, -0.383884071260242 ], [ 116.103855263715616, -0.383716844833687 ], [ 116.104104534344813, -0.383716871117877 ], [ 116.104603101736515, -0.383465978736578 ], [ 116.104686200648459, -0.383382339174588 ], [ 116.105018570238414, -0.383298725836669 ], [ 116.105184750701028, -0.383298743318456 ], [ 116.105683283456358, -0.383382444078467 ], [ 116.10626488919219, -0.383633450260611 ], [ 116.106264880512384, -0.383717098607987 ], [ 116.106514107891073, -0.384135366586654 ], [ 116.106680227588342, -0.384720922574507 ], [ 116.10684639945535, -0.384804588449055 ], [ 116.106846390754725, -0.38488823680953 ], [ 116.107012562630374, -0.384971902692192 ], [ 116.107012545222887, -0.385139199420657 ], [ 116.107178682268128, -0.38555745878716 ], [ 116.107178673553719, -0.385641107155066 ], [ 116.107178629953268, -0.386059348994476 ], [ 116.107178612499865, -0.38622664573012 ], [ 116.107178595038874, -0.38639394246568 ], [ 116.107178577570323, -0.38656123920119 ], [ 116.107178560094241, -0.386728535936633 ], [ 116.107178542610583, -0.386895832671992 ], [ 116.107427787327012, -0.387146804195706 ], [ 116.107510877649489, -0.387146813000995 ], [ 116.107593950479426, -0.3873141185597 ], [ 116.108009393391811, -0.387397810975384 ], [ 116.108341737264666, -0.387565142979835 ], [ 116.108507909214453, -0.387648808988536 ], [ 116.108590999566403, -0.387648817794573 ], [ 116.109006425117414, -0.387899807040411 ], [ 116.109089506734534, -0.387983464258402 ], [ 116.109338751595644, -0.388234435930134 ], [ 116.109421841972136, -0.388234444741256 ], [ 116.109920384270765, -0.388234497590728 ], [ 116.110003474660473, -0.388234506396097 ], [ 116.110252763324652, -0.388067235931842 ], [ 116.110252772063703, -0.387983587494126 ], [ 116.11000356202841, -0.387398022075224 ], [ 116.109920523982055, -0.38689612270685 ], [ 116.109920558834489, -0.386561528985214 ], [ 116.110419118508361, -0.386394284693798 ], [ 116.110668407056068, -0.386227014072397 ], [ 116.110751506135912, -0.386143374375379 ], [ 116.11116697546737, -0.385976121198054 ], [ 116.111416246660951, -0.385976147421269 ], [ 116.111748634305144, -0.385725236957281 ], [ 116.111831733382743, -0.385641597213531 ], [ 116.111997931533111, -0.385474317712224 ], [ 116.112081039266783, -0.385307029474699 ], [ 116.112330336467252, -0.385056110168547 ], [ 116.112662732711826, -0.384721551029021 ], [ 116.112912038510473, -0.384386983126883 ], [ 116.113244443318592, -0.383968775343843 ], [ 116.11349374904465, -0.383634207320046 ], [ 116.113992334624285, -0.383216016685366 ], [ 116.113992351809458, -0.383048719637592 ], [ 116.114158532674466, -0.383048736932803 ], [ 116.114407838317803, -0.382714168736044 ], [ 116.114740242936378, -0.382295960571807 ], [ 116.114989565616952, -0.381794095160069 ], [ 116.114989591267346, -0.381543149519594 ], [ 116.11498959981374, -0.381459500972741 ], [ 116.114740371224414, -0.381041232454321 ], [ 116.11449114262912, -0.380622963984875 ], [ 116.114324987386539, -0.380372001209749 ], [ 116.114325030000501, -0.37995375854964 ], [ 116.11432505554636, -0.379702812953354 ], [ 116.114325064057908, -0.379619164421253 ], [ 116.114408188488326, -0.379284578852401 ], [ 116.114491287393776, -0.37920093887542 ], [ 116.114574386297633, -0.379117298893879 ], [ 116.114906764920818, -0.378950036012668 ], [ 116.115322250933403, -0.378615484518123 ], [ 116.115820810420033, -0.378448238584081 ], [ 116.116153189076272, -0.378280975537596 ], [ 116.116236287972313, -0.378197335481351 ], [ 116.116319378408022, -0.378197343998211 ], [ 116.116485559285124, -0.378197361029529 ], [ 116.11706720931511, -0.378030123424655 ], [ 116.117565752060258, -0.378030174443195 ], [ 116.117815006571163, -0.378197497164796 ], [ 116.117898088596988, -0.378281154279877 ], [ 116.118230433613718, -0.378448485527826 ], [ 116.118313524096706, -0.378448494031112 ], [ 116.118978248027801, -0.378448562028559 ], [ 116.119061338527615, -0.378448570524635 ], [ 116.11922752796923, -0.378364938870906 ], [ 116.119310618473818, -0.378364947362702 ], [ 116.119726054159443, -0.378532287119078 ], [ 116.119809136242182, -0.378615944266387 ], [ 116.119892218326513, -0.378699601416615 ], [ 116.120224529794285, -0.379201527378537 ], [ 116.120556849714688, -0.379619804743845 ], [ 116.120972277116493, -0.37987079331902 ], [ 116.121304614004089, -0.380121773419085 ], [ 116.121636976286865, -0.380121807458682 ], [ 116.121720066862167, -0.380121815966569 ], [ 116.121969355492283, -0.379954544075418 ], [ 116.122052479833826, -0.379619957748703 ], [ 116.122384884306982, -0.379201748142053 ], [ 116.122634181318574, -0.378950827419426 ], [ 116.12263418973356, -0.378867178699235 ], [ 116.122800387727992, -0.378699898190898 ], [ 116.123049684707695, -0.378448977394235 ], [ 116.123049693107575, -0.37836532866458 ], [ 116.123298973279319, -0.378281705291812 ], [ 116.123382080658374, -0.378114416268201 ], [ 116.123714443050403, -0.378114450047981 ], [ 116.12421297831095, -0.378198149449463 ], [ 116.124711505263861, -0.378365497611503 ], [ 116.125043842636273, -0.378616477685735 ], [ 116.125126916500435, -0.378783783679567 ], [ 116.125210007140979, -0.378783792123823 ], [ 116.125625376443537, -0.379620322206456 ], [ 116.125874631624924, -0.379787645163943 ], [ 116.126206969094312, -0.380038625397437 ], [ 116.126373142044216, -0.380122291124118 ], [ 116.126456232725289, -0.380122299586143 ], [ 116.126954751641122, -0.380373296792169 ], [ 116.127037842337529, -0.380373305254145 ], [ 116.127370196738823, -0.380456987920206 ], [ 116.12753637815355, -0.38045700483902 ], [ 116.127702551174195, -0.380540670588231 ], [ 116.128034905643702, -0.380624353258243 ], [ 116.128201087091185, -0.380624370171606 ], [ 116.128367268546072, -0.380624387081746 ], [ 116.128533441611168, -0.380708052840834 ], [ 116.128616532345873, -0.380708061294942 ], [ 116.129031986047053, -0.380708103553394 ], [ 116.129198167540437, -0.380708120451134 ], [ 116.129281249898071, -0.380791777767677 ], [ 116.129364340650184, -0.380791786216389 ], [ 116.12961360452708, -0.380875460433958 ], [ 116.129696695287365, -0.3808754688813 ], [ 116.129862876813448, -0.380875485773567 ], [ 116.131109196586053, -0.381293856910756 ], [ 116.131275378182735, -0.381293873794131 ], [ 116.131940071115821, -0.381628537007481 ], [ 116.132687855025381, -0.381963208729664 ], [ 116.132770937478426, -0.382046866117627 ], [ 116.132937119163088, -0.38204688300199 ], [ 116.133020201622983, -0.382130540394904 ], [ 116.133103292470707, -0.382130548836912 ], [ 116.133269465787066, -0.382214214675991 ], [ 116.13343563911215, -0.382297880519191 ], [ 116.133518729970675, -0.382297888960848 ], [ 116.133934150752395, -0.382632527045758 ], [ 116.134017241625116, -0.382632535489945 ], [ 116.134183406600741, -0.382799850331261 ], [ 116.134598810672415, -0.383301786471455 ], [ 116.134764975668517, -0.38346910135651 ], [ 116.134931149070752, -0.3835527672589 ], [ 116.135014231575482, -0.383636424709602 ], [ 116.135097314081847, -0.38372008216318 ], [ 116.135180396589803, -0.383803739619582 ], [ 116.135595817559818, -0.384138377935836 ], [ 116.135595800745932, -0.38430567595331 ], [ 116.135928130822123, -0.384640305871994 ], [ 116.13592812240833, -0.384723954888017 ], [ 116.136426617565036, -0.385225899862578 ], [ 116.13667585674051, -0.385560521420762 ], [ 116.136925087491136, -0.385978792053332 ], [ 116.13700817002956, -0.386062449581635 ], [ 116.137174309796833, -0.386480711776605 ], [ 116.137423548977722, -0.386815333460748 ], [ 116.137423540531032, -0.386898982509446 ], [ 116.137423498270138, -0.387317227752719 ], [ 116.137423464428522, -0.387651823947042 ], [ 116.137423455963571, -0.387735472995572 ], [ 116.13783883474666, -0.388488357117789 ], [ 116.137838817786545, -0.388655655232897 ], [ 116.138004999822584, -0.38865567230895 ], [ 116.138088082363012, -0.388739329908759 ], [ 116.138088073880823, -0.388822978971809 ], [ 116.138254221990707, -0.389157592316885 ], [ 116.138420404054813, -0.389157609406753 ], [ 116.138503444139005, -0.38965951238293 ], [ 116.138503435640843, -0.389743161454929 ], [ 116.138503427140876, -0.389826810526961 ], [ 116.138586509683051, -0.389910468158327 ], [ 116.138586501180271, -0.389994117232162 ], [ 116.138669575217449, -0.390161423943798 ], [ 116.13891878879997, -0.390746993198432 ], [ 116.139084928325587, -0.39116525576796 ], [ 116.139168002344007, -0.391332562521904 ], [ 116.139167993815974, -0.391416211608267 ], [ 116.139251050762184, -0.391750816546733 ], [ 116.139251042225851, -0.391834465634863 ], [ 116.139334073505481, -0.392420017858229 ], [ 116.139334064955392, -0.392503666948058 ], [ 116.139334056403456, -0.392587316037853 ], [ 116.139334039294141, -0.392754614217409 ], [ 116.139334030736762, -0.392838263307169 ], [ 116.139334022177536, -0.392921912396896 ], [ 116.139500144409126, -0.393507473283763 ], [ 116.139500135836997, -0.393591122377056 ], [ 116.139500118687238, -0.393758420563525 ], [ 116.139500110109637, -0.39384206965675 ], [ 116.139500041423219, -0.394511262401857 ], [ 116.139583123941264, -0.394594920147125 ], [ 116.139583072343967, -0.395096814716137 ], [ 116.139583020681073, -0.395598709284533 ], [ 116.139582960324802, -0.396184252946876 ], [ 116.139582951695161, -0.39626790204144 ], [ 116.139499791457354, -0.396937086093679 ], [ 116.139499782810489, -0.39702073518622 ], [ 116.139499696241828, -0.397857226110927 ], [ 116.13949968757494, -0.397940875203313 ], [ 116.139499678906219, -0.398024524295665 ], [ 116.13958271800692, -0.39852642758787 ], [ 116.139582700643828, -0.398693725776001 ], [ 116.139665783115163, -0.398777383613129 ], [ 116.139748830832247, -0.399195637843618 ], [ 116.139748796047215, -0.39953023423393 ], [ 116.139748778643778, -0.399697532428982 ], [ 116.139748726389726, -0.400199427013706 ], [ 116.139748708957143, -0.400366725208464 ], [ 116.139831756523165, -0.400784979480474 ], [ 116.139831704132078, -0.401286874074848 ], [ 116.139831686653807, -0.401454172272839 ], [ 116.139831677911943, -0.401537821371817 ], [ 116.139831651675422, -0.401788768668596 ], [ 116.139831642926282, -0.401872417767522 ], [ 116.139831607911475, -0.402207014162931 ], [ 116.139831599153197, -0.402290663261719 ], [ 116.139831546565389, -0.402792557854232 ], [ 116.13958224664573, -0.403043478642972 ], [ 116.139416020332305, -0.403461706414323 ], [ 116.139249829147914, -0.403545337802493 ], [ 116.139249776360529, -0.404047232316381 ], [ 116.139665197175006, -0.404381872996983 ], [ 116.139831370799158, -0.404465539824704 ], [ 116.139914462017614, -0.404465548689931 ], [ 116.14008062684843, -0.404632864625465 ], [ 116.140163718074049, -0.404632873491789 ], [ 116.140329891724789, -0.404716540331181 ], [ 116.14066222143498, -0.405051172254732 ], [ 116.140662203809811, -0.405218470487807 ], [ 116.141077624794562, -0.405553111347517 ], [ 116.141077615976258, -0.40563676047314 ], [ 116.141326845648649, -0.406055032759757 ], [ 116.141493019360325, -0.406138699662752 ], [ 116.141825322657084, -0.406724279189617 ], [ 116.141825313821002, -0.406807928331466 ], [ 116.142074543489599, -0.407226200752823 ], [ 116.142240717240171, -0.407309867707765 ], [ 116.142240708395661, -0.407393516858584 ], [ 116.142573038228306, -0.407728149103409 ], [ 116.142988468262217, -0.407979141137612 ], [ 116.143570098718968, -0.408062852665327 ], [ 116.143653181209658, -0.408146510752277 ], [ 116.143819363890742, -0.408146528563732 ], [ 116.144317911977623, -0.408146581977362 ], [ 116.144816468963967, -0.408062986152599 ], [ 116.144899560328128, -0.408062995044841 ], [ 116.145231943457432, -0.407895732172324 ], [ 116.145398170298321, -0.407477503839404 ], [ 116.14556438827924, -0.407142924690045 ], [ 116.145647523652116, -0.406724687425716 ], [ 116.145730623814742, -0.406641047052582 ], [ 116.145813767905622, -0.40613916052734 ], [ 116.145979959418696, -0.406055528973242 ], [ 116.145980003285857, -0.40563728280697 ], [ 116.145980047107813, -0.405219036640226 ], [ 116.145980064623942, -0.405051738173403 ], [ 116.145896973267014, -0.405051729357931 ], [ 116.145896990777601, -0.404884430894662 ], [ 116.145730808072599, -0.404884413268431 ], [ 116.145315395116384, -0.404466123093204 ], [ 116.145315412613556, -0.404298824655204 ], [ 116.144899999690253, -0.403880534567246 ], [ 116.144733825791903, -0.403796867757833 ], [ 116.144733834532857, -0.403713218551468 ], [ 116.144650751956675, -0.403629560547748 ], [ 116.144567669382198, -0.403545902546804 ], [ 116.144318439135859, -0.403127630165853 ], [ 116.144152282727092, -0.402876665002404 ], [ 116.144069235052996, -0.402458410255452 ], [ 116.144069252488706, -0.402291111871311 ], [ 116.144069261203825, -0.40220746267924 ], [ 116.144069269917125, -0.402123813487118 ], [ 116.144069287338311, -0.401956515102839 ], [ 116.144069339558371, -0.401454619949599 ], [ 116.144069348255357, -0.401370970757354 ], [ 116.144069365643929, -0.401203672372762 ], [ 116.144069435125672, -0.400534478833714 ], [ 116.144069443802721, -0.400450829641244 ], [ 116.144069452477979, -0.400367180448775 ], [ 116.143986430553582, -0.399697978189944 ], [ 116.143986447871328, -0.399530679808308 ], [ 116.143986456527472, -0.399447030617438 ], [ 116.143986508426309, -0.398945135472044 ], [ 116.143986525711426, -0.398777837090114 ], [ 116.143986534351271, -0.398694187899106 ], [ 116.143986603404699, -0.398024994370505 ], [ 116.143986646504189, -0.397606748414584 ], [ 116.143986663731297, -0.397439450032086 ], [ 116.143986715369124, -0.396937554884193 ], [ 116.144402240270225, -0.396268404562328 ], [ 116.144402257430997, -0.396101106161036 ], [ 116.144651573996782, -0.39568288603493 ], [ 116.144817807829099, -0.39518100802285 ], [ 116.144900958894453, -0.394595472151453 ], [ 116.14515029231535, -0.39400995342067 ], [ 116.145399617117448, -0.393508083828044 ], [ 116.145565842111154, -0.393089854831952 ], [ 116.145648950339151, -0.392922564933144 ], [ 116.145815158279532, -0.392671634343333 ], [ 116.145815166768898, -0.392587985110974 ], [ 116.145898274970676, -0.392420695187615 ], [ 116.146396864752361, -0.392002500192672 ], [ 116.14664617232458, -0.391667928766798 ], [ 116.146729272022355, -0.391584288030916 ], [ 116.147227853286878, -0.391249742048808 ], [ 116.147310952978359, -0.391166101285254 ], [ 116.147809534234881, -0.390831555162599 ], [ 116.148225024226136, -0.390497000447147 ], [ 116.148557439749084, -0.389995138587435 ], [ 116.148889821617331, -0.389827873827578 ], [ 116.14897291288716, -0.389827882281997 ], [ 116.149637626324818, -0.389995248520588 ], [ 116.150468522505946, -0.390162631658714 ], [ 116.150551613813249, -0.390162640104698 ], [ 116.150634705122371, -0.390162648549856 ], [ 116.150800887745973, -0.390162665437695 ], [ 116.150883979060467, -0.390162673880375 ], [ 116.151050186839683, -0.389911742721537 ], [ 116.151050203593897, -0.389744444026977 ], [ 116.150717888587963, -0.389242514253481 ], [ 116.149803892742042, -0.389158772219363 ], [ 116.14955461890365, -0.389158746921888 ], [ 116.149637718557059, -0.389075106038562 ], [ 116.15071791368328, -0.388991566232958 ], [ 116.150801004984501, -0.38899157465112 ], [ 116.150967179231486, -0.389075240830596 ], [ 116.15105027053896, -0.389075249248097 ], [ 116.151631918095674, -0.388991658787453 ], [ 116.151964283390484, -0.388991692418931 ], [ 116.152047383067085, -0.388908051455573 ], [ 116.152379748394509, -0.388908085063354 ], [ 116.152462848073398, -0.388824444085054 ], [ 116.152629030749821, -0.388824460878745 ], [ 116.153044487472314, -0.388824502848571 ], [ 116.153792309685755, -0.388824578342404 ], [ 116.153958484091774, -0.388908244520437 ], [ 116.154041575462188, -0.388908252904683 ], [ 116.154124666834377, -0.388908261288105 ], [ 116.154457032341099, -0.388908294813563 ], [ 116.154789397876485, -0.388908328325848 ], [ 116.155287937916711, -0.388992028009109 ], [ 116.155371029316584, -0.388992036381984 ], [ 116.155454120718247, -0.388992044754035 ], [ 116.155620295211889, -0.389075710942363 ], [ 116.156035752268963, -0.389075752791031 ], [ 116.156285026524671, -0.389075777890349 ], [ 116.156368109637327, -0.38915943571803 ], [ 116.156451201062083, -0.389159444083796 ], [ 116.156617383916924, -0.389159460812858 ], [ 116.157032824474086, -0.389326801575571 ], [ 116.157115907607306, -0.389410459417324 ], [ 116.157863705749989, -0.389661483146756 ], [ 116.158362229635145, -0.389912481822181 ], [ 116.158445321110108, -0.389912490184323 ], [ 116.159026936575913, -0.390163497256674 ], [ 116.159525485552521, -0.390163547409789 ], [ 116.159608593650916, -0.389996256700392 ], [ 116.15969170174067, -0.389828965982919 ], [ 116.159857909610366, -0.389578034061964 ], [ 116.159941001114078, -0.389578042402086 ], [ 116.16002410090195, -0.38949440119964 ], [ 116.161021207367455, -0.389410851622165 ], [ 116.161270481953636, -0.389410876594694 ], [ 116.161353573485954, -0.389410884917222 ], [ 116.162101397356452, -0.389410959782877 ], [ 116.162932304684745, -0.389494692492969 ], [ 116.163181571144605, -0.389578367023631 ], [ 116.163264662719342, -0.389578375330767 ], [ 116.163680095869935, -0.389829365715084 ], [ 116.163846270795574, -0.389913031953169 ], [ 116.163929354135007, -0.389996689886492 ], [ 116.16409552907345, -0.390080356132068 ], [ 116.164095520818847, -0.390164005761236 ], [ 116.164261704020518, -0.390164022381485 ], [ 116.164594053940348, -0.390331354891717 ], [ 116.164760237166547, -0.390331371509178 ], [ 116.16534185376571, -0.39058237861164 ], [ 116.166089645511846, -0.39091705203225 ], [ 116.166172737161617, -0.390917060338964 ], [ 116.166255820562199, -0.391000718320135 ], [ 116.167003620771567, -0.391251742125481 ], [ 116.167419062656819, -0.391419083040865 ], [ 116.167585246024444, -0.391419099648281 ], [ 116.167668337710907, -0.391419107950746 ], [ 116.1682499630801, -0.391586465480292 ], [ 116.168416138242605, -0.391670131799527 ], [ 116.168582321657482, -0.391670148397692 ], [ 116.168997780225411, -0.391670189878596 ], [ 116.16908087194426, -0.39167019817229 ], [ 116.169413222364483, -0.391837530823772 ], [ 116.169496314093792, -0.391837539116861 ], [ 116.169745581056517, -0.391921213740707 ], [ 116.169828664556988, -0.392004871783572 ], [ 116.169994848038243, -0.392004888367704 ], [ 116.170410298539451, -0.392088579577187 ], [ 116.17082574085903, -0.392255920556085 ], [ 116.170908832622331, -0.392255928843911 ], [ 116.171656642118151, -0.392423302977219 ], [ 116.172072084596522, -0.392590643982026 ], [ 116.172155176389438, -0.392590652264456 ], [ 116.172902977938705, -0.392841676218496 ], [ 116.17298606152697, -0.392925334316146 ], [ 116.173484587776699, -0.393176333472069 ], [ 116.173650771435405, -0.393176350032506 ], [ 116.174066214169258, -0.393343691101185 ], [ 116.174315465030674, -0.393594665472612 ], [ 116.174481640507139, -0.393678331883794 ], [ 116.174564732361574, -0.393678340164999 ], [ 116.174730907850915, -0.393762006579963 ], [ 116.174897075122203, -0.393929322857167 ], [ 116.174980158760334, -0.394012980999778 ], [ 116.176226479412634, -0.394598654366829 ], [ 116.176309563084629, -0.394682312538091 ], [ 116.176392646758273, -0.394765970712064 ], [ 116.176475730433594, -0.394849628888644 ], [ 116.17664189778921, -0.39501694524983 ], [ 116.176724989702308, -0.395016953537449 ], [ 116.176808065151477, -0.395184261621626 ], [ 116.176974224283114, -0.395435227906244 ], [ 116.177140366929081, -0.395853494019519 ], [ 116.177306509555152, -0.396271760164147 ], [ 116.177472685184483, -0.396355426690242 ], [ 116.177555760621871, -0.396522734825988 ], [ 116.177638852569103, -0.396522743135965 ], [ 116.177971212123779, -0.396606426290444 ], [ 116.178386655424845, -0.39677376768309 ], [ 116.178885199006103, -0.396857467453677 ], [ 116.178968290984542, -0.396857475757225 ], [ 116.179466809906671, -0.397192125378355 ], [ 116.179632993896263, -0.397192141986842 ], [ 116.180131504669944, -0.397610441633557 ], [ 116.18038073118484, -0.398112366391638 ], [ 116.180463814947444, -0.398196024681382 ], [ 116.180463806686063, -0.398279674656493 ], [ 116.180546890449463, -0.3983633329506 ], [ 116.180546865652275, -0.398614282880985 ], [ 116.180629949414623, -0.398697941182914 ], [ 116.180796092123515, -0.399116207740479 ], [ 116.181294627849411, -0.39928355770078 ], [ 116.181377711627761, -0.399367216024652 ], [ 116.181460803683365, -0.399367224355346 ], [ 116.181626987799788, -0.3993672410142 ], [ 116.182457908485844, -0.399367324257744 ], [ 116.183455005282212, -0.399451074076017 ], [ 116.183704273331941, -0.399534749050249 ], [ 116.183787365437709, -0.399534757360752 ], [ 116.18403664176536, -0.399534782287189 ], [ 116.184285918108557, -0.399534807206014 ], [ 116.184369010226391, -0.399534815510597 ], [ 116.184452094097182, -0.399618473872788 ], [ 116.185033730743839, -0.399702182058088 ], [ 116.185532242356274, -0.400120482253006 ], [ 116.186030770540029, -0.40037148233863 ], [ 116.186030754038171, -0.400538782521223 ], [ 116.186363106203245, -0.400706115943111 ], [ 116.186529290550453, -0.400706132557704 ], [ 116.186529274044929, -0.400873432760958 ], [ 116.18669545840244, -0.400873449379093 ], [ 116.187277070706557, -0.401208107984567 ], [ 116.187277062451898, -0.401291758101681 ], [ 116.187526322540464, -0.401459083275302 ], [ 116.188107943248468, -0.401710091840645 ], [ 116.188191027211829, -0.401793750287377 ], [ 116.188357211656722, -0.401793766909637 ], [ 116.188440303881734, -0.401793775219491 ], [ 116.188938832513443, -0.402044775515606 ], [ 116.189021924753007, -0.402044783824693 ], [ 116.18985282250118, -0.402295817380437 ], [ 116.190434460119349, -0.402379525679539 ], [ 116.190600644668791, -0.402379542280027 ], [ 116.190933013788182, -0.402379575470783 ], [ 116.19101610607234, -0.402379583766342 ], [ 116.191348458749729, -0.402546917343196 ], [ 116.191514635101228, -0.402630584136803 ], [ 116.191514626860496, -0.402714234341782 ], [ 116.192096215301532, -0.403299843918013 ], [ 116.192096207053055, -0.403383494134912 ], [ 116.192179291121988, -0.4034671526578 ], [ 116.192262375192598, -0.403550811183277 ], [ 116.192594727997644, -0.403718144856598 ], [ 116.192677812078486, -0.403801803391505 ], [ 116.192843988498041, -0.403885470236792 ], [ 116.193093240763503, -0.404136445867249 ], [ 116.193176333109932, -0.404136454176782 ], [ 116.193425601907492, -0.404220129344507 ], [ 116.193674862470914, -0.404387454764175 ], [ 116.194090324292645, -0.404387496299119 ], [ 116.194422734989757, -0.403969278187328 ], [ 116.194422751461389, -0.403801977657467 ], [ 116.195087498698371, -0.403718393666663 ], [ 116.195502944184938, -0.403885735634743 ], [ 116.19566912897335, -0.403885752193046 ], [ 116.195752213147003, -0.403969410763281 ], [ 116.195835305546339, -0.40396941904201 ], [ 116.19641693595149, -0.404136777581281 ], [ 116.196500020145578, -0.404220436164348 ], [ 116.196666204981653, -0.404220452715832 ], [ 116.197330927964742, -0.404387819537204 ], [ 116.197414012184325, -0.404471478134771 ], [ 116.198078727100736, -0.404722495306419 ], [ 116.198909618881657, -0.405057179398311 ], [ 116.199408149123414, -0.405308180098158 ], [ 116.200155965158203, -0.405475555248296 ], [ 116.200239057662841, -0.405475563512391 ], [ 116.200322141960655, -0.40555922216167 ], [ 116.201402311901376, -0.405893931160473 ], [ 116.20181775818476, -0.406061273283755 ], [ 116.201900850729231, -0.406061281542592 ], [ 116.202482490389514, -0.406144989760617 ], [ 116.2025655747493, -0.406228648446143 ], [ 116.2027317598737, -0.406228664954284 ], [ 116.203313391474595, -0.406396023600002 ], [ 116.203396484052888, -0.40639603185016 ], [ 116.203479576632816, -0.406396040099457 ], [ 116.203645761797787, -0.406396056595471 ], [ 116.203728846190671, -0.406479715297814 ], [ 116.20381193877823, -0.406479723545368 ], [ 116.20447666316538, -0.406647090436543 ], [ 116.20464284837594, -0.406647106922083 ], [ 116.204725940983749, -0.406647115163562 ], [ 116.204809033593222, -0.406647123404181 ], [ 116.204975218817253, -0.406647139882834 ], [ 116.205473766350465, -0.406730839789284 ], [ 116.205639951603132, -0.406730856257552 ], [ 116.206304717188047, -0.406479970571851 ], [ 116.206470918795361, -0.406312685989655 ], [ 116.20688640648298, -0.406061775499782 ], [ 116.207218777081934, -0.406061808320234 ], [ 116.20730187788287, -0.405978165994691 ], [ 116.207468071337686, -0.40589453186274 ], [ 116.20755116399495, -0.405894540059746 ], [ 116.20846519146734, -0.405810979617892 ], [ 116.20888067923903, -0.405560068852304 ], [ 116.208880687359738, -0.405476418291618 ], [ 116.209046872724457, -0.405476434638694 ], [ 116.209296175123342, -0.40522550744535 ], [ 116.209379275919588, -0.405141865039063 ], [ 116.209877856374902, -0.404890962255523 ], [ 116.209877872567432, -0.404723661093386 ], [ 116.210210283788243, -0.404305440742879 ], [ 116.210708864217182, -0.404054537755884 ], [ 116.210791973061419, -0.403887244682812 ], [ 116.210875065765237, -0.403887252805074 ], [ 116.211622932401582, -0.403552723400398 ], [ 116.211872250791103, -0.403134494609979 ], [ 116.21228776259656, -0.402632631300053 ], [ 116.212453948040533, -0.402632647462572 ], [ 116.213035621201243, -0.402381752068242 ], [ 116.213617286387603, -0.402214507218782 ], [ 116.213949657371941, -0.402214539452342 ], [ 116.214032750122186, -0.402214547508603 ], [ 116.214697492184087, -0.40221461192804 ], [ 116.21527914157555, -0.402214668250347 ], [ 116.215694605476457, -0.402214708455022 ], [ 116.216193162212363, -0.402214756672535 ], [ 116.21677481181311, -0.402214812887558 ], [ 116.217439546345204, -0.402298527816344 ], [ 116.217522639166049, -0.402298535838512 ], [ 116.217938079395637, -0.402549528168989 ], [ 116.217938071425834, -0.402633178913058 ], [ 116.218021156289382, -0.402716837682536 ], [ 116.218187302094961, -0.403135107475865 ], [ 116.218270386961137, -0.403218766257681 ], [ 116.218353463848587, -0.403386075794221 ], [ 116.21860271846009, -0.403637052166734 ], [ 116.218602702489335, -0.403804353681097 ], [ 116.218685787361622, -0.403888012480162 ], [ 116.21876886424613, -0.404055322042137 ], [ 116.219018126867724, -0.404222647700969 ], [ 116.219184304622814, -0.40430631455739 ], [ 116.219267397498783, -0.40430632260162 ], [ 116.219599729064726, -0.404724608654972 ], [ 116.219765898853382, -0.404891926311148 ], [ 116.219848959750607, -0.405226537488552 ], [ 116.219932020629827, -0.405561148678072 ], [ 116.220098150353252, -0.40614672030705 ], [ 116.220098118268083, -0.406481323453441 ], [ 116.22009811024266, -0.406564974239974 ], [ 116.220181171045041, -0.406899585472382 ], [ 116.220430401610415, -0.407401514484701 ], [ 116.220679648252059, -0.407736141952612 ], [ 116.22084579390625, -0.408154412151698 ], [ 116.220928878804671, -0.408238071058024 ], [ 116.221011955652514, -0.408405380771229 ], [ 116.221178109343597, -0.408740000214795 ], [ 116.221178077098372, -0.409074603445412 ], [ 116.221344214621681, -0.40957652454648 ], [ 116.221344206548096, -0.409660175357313 ], [ 116.22142729144737, -0.409743834297974 ], [ 116.221593420846531, -0.410329406265076 ], [ 116.221842659375142, -0.410747684782017 ], [ 116.221925744279261, -0.41083134374878 ], [ 116.222091857401097, -0.411584217467364 ], [ 116.222258010994949, -0.41191883709803 ], [ 116.222341087789658, -0.412086146921905 ], [ 116.222507249490505, -0.412337115753231 ], [ 116.222590326283211, -0.412504425592544 ], [ 116.223088852012225, -0.412839077988635 ], [ 116.223255005614433, -0.413173697726531 ], [ 116.22350424413699, -0.413591976522917 ], [ 116.223836583858954, -0.413926612690107 ], [ 116.223836575725713, -0.414010263549698 ], [ 116.224085814257123, -0.414428542434365 ], [ 116.224418137729842, -0.414930480430778 ], [ 116.224501214525418, -0.415097790376296 ], [ 116.224833546160212, -0.415516077577652 ], [ 116.224833529850613, -0.41568337933587 ], [ 116.224999683430838, -0.416017999285912 ], [ 116.225165869656536, -0.416018015716228 ], [ 116.225415132690301, -0.416185342136225 ], [ 116.22541511636669, -0.416352643917281 ], [ 116.226661586681089, -0.415599908853697 ], [ 116.226661602948965, -0.415432607022821 ], [ 116.226661627338487, -0.41518165427638 ], [ 116.226661635465049, -0.41509800336087 ], [ 116.226578599177699, -0.414512438782538 ], [ 116.22599697168782, -0.414261428866208 ], [ 116.22583079358327, -0.414177761623582 ], [ 116.225498461741921, -0.413759474469533 ], [ 116.22508303683486, -0.413341179205171 ], [ 116.224916907395297, -0.41275560670972 ], [ 116.225415522488447, -0.41217009936947 ], [ 116.225747894818952, -0.412170131905208 ], [ 116.226080251023419, -0.412337466236167 ], [ 116.226163336040699, -0.412421125273952 ], [ 116.226745003899438, -0.412253880346475 ], [ 116.226911198182222, -0.41217024567035 ], [ 116.226911206247237, -0.412086594749268 ], [ 116.226994315479388, -0.411919301021595 ], [ 116.22707747300916, -0.411250101739189 ], [ 116.226994436195994, -0.410664537177649 ], [ 116.226578994853966, -0.410413543975038 ], [ 116.226412816724817, -0.410329876884022 ], [ 116.226412824758981, -0.410246225972424 ], [ 116.22641283279151, -0.410162575060809 ], [ 116.226828346338237, -0.409660709958553 ], [ 116.226911487491137, -0.409158812499419 ], [ 116.226496062158333, -0.408740517617684 ], [ 116.226329924029926, -0.408238596040485 ], [ 116.226246902869292, -0.407485729812131 ], [ 116.226330003896933, -0.407402086935719 ], [ 116.226413104922841, -0.407318444055163 ], [ 116.226496205947029, -0.407234801170378 ], [ 116.226579306969512, -0.407151158281466 ], [ 116.226745548819068, -0.406565617896342 ], [ 116.226080860201037, -0.405979997437637 ], [ 116.226080868153431, -0.40589634653172 ], [ 116.226080907890832, -0.40547809200184 ], [ 116.226330186969278, -0.405478115988125 ], [ 116.226413287937845, -0.405394473069217 ], [ 116.226579481935715, -0.405310838134816 ], [ 116.22707803222535, -0.405394536974821 ], [ 116.22774276076494, -0.405561902703431 ], [ 116.227908946882778, -0.405561918664103 ], [ 116.228490574578487, -0.405812927360661 ], [ 116.228324348777733, -0.406231166154051 ], [ 116.228075021903194, -0.406733047857259 ], [ 116.227991873150117, -0.407318596461205 ], [ 116.227991865189566, -0.407402247404705 ], [ 116.227991849263532, -0.407569549291702 ], [ 116.228407282842994, -0.407904193178169 ], [ 116.228407274875295, -0.407987844129822 ], [ 116.228573461068862, -0.407987860172148 ], [ 116.228573453101234, -0.408071511127022 ], [ 116.229155057032273, -0.408573473057515 ], [ 116.22948742153919, -0.408657156126482 ], [ 116.229570506692895, -0.408740815124459 ], [ 116.230069073441996, -0.408657212272858 ], [ 116.230318360814366, -0.408573585333334 ], [ 116.230733818571565, -0.408657276388239 ], [ 116.23089998099546, -0.408908245410575 ], [ 116.230899973033956, -0.408991896411265 ], [ 116.230733722963819, -0.409661088356518 ], [ 116.230401302432156, -0.410162962170828 ], [ 116.230318201284291, -0.410246605115368 ], [ 116.230318193290657, -0.410330256104277 ], [ 116.230318153298114, -0.41074851104859 ], [ 116.230401238457517, -0.410832170094923 ], [ 116.230816672286736, -0.411166814363856 ], [ 116.231481401739956, -0.41133418083364 ], [ 116.232312317731157, -0.411501563402091 ], [ 116.232727775798296, -0.411585254678219 ], [ 116.233392521585827, -0.411585319029909 ], [ 116.233475614816584, -0.411585327069949 ], [ 116.234057291409783, -0.411334430138872 ], [ 116.23447278950168, -0.410999865988814 ], [ 116.23505447407608, -0.410665317763459 ], [ 116.235802313417423, -0.410665389774263 ], [ 116.235885398741743, -0.410749048869471 ], [ 116.236051585284841, -0.410749064863828 ], [ 116.236467011957259, -0.41116736038303 ], [ 116.237131726521184, -0.411502028846509 ], [ 116.23779642532314, -0.412003999629093 ], [ 116.238211860151821, -0.41233864420466 ], [ 116.238378038867978, -0.412422311358828 ], [ 116.238876567114858, -0.412756963995664 ], [ 116.239375111339456, -0.412924314346362 ], [ 116.239458204700483, -0.41292432234961 ], [ 116.239624391427412, -0.412924338353484 ], [ 116.239707484793314, -0.41292434635411 ], [ 116.24037223177821, -0.412924410327645 ], [ 116.240455325158578, -0.412924418320404 ], [ 116.240870792084493, -0.412924458271083 ], [ 116.24103698679825, -0.412840823046676 ], [ 116.241120080190612, -0.412840831030823 ], [ 116.24178484323113, -0.412673592446275 ], [ 116.241951037960661, -0.412589957175133 ], [ 116.242532715571755, -0.412339059261382 ], [ 116.243114408997826, -0.411920858758651 ], [ 116.243696094522988, -0.411586309350312 ], [ 116.243779187953663, -0.41158631728231 ], [ 116.243862297138364, -0.411419022705933 ], [ 116.244277772184674, -0.411335411070554 ], [ 116.244776348568237, -0.411168156040837 ], [ 116.244859442015397, -0.411168163953458 ], [ 116.245274917129521, -0.411084552222309 ], [ 116.245939672667205, -0.411000964150145 ], [ 116.246272062227874, -0.410833693132747 ], [ 116.246936833539408, -0.410582802292284 ], [ 116.247269215301941, -0.410499182482196 ], [ 116.247684682758631, -0.410499221841866 ], [ 116.247850869752469, -0.410499237579651 ], [ 116.24810011117043, -0.410917517859286 ], [ 116.248183189035515, -0.411084828407156 ], [ 116.248183149899404, -0.411503085093991 ], [ 116.24826623558431, -0.411586744316285 ], [ 116.248764757565596, -0.412005048350041 ], [ 116.248847851098006, -0.412005056236895 ], [ 116.249512599414302, -0.412005119300328 ], [ 116.24967882561522, -0.411586878227065 ], [ 116.249678833431631, -0.411503226860898 ], [ 116.249512685414018, -0.411084954308021 ], [ 116.249180334712676, -0.410833968783702 ], [ 116.249180381532682, -0.410332060643229 ], [ 116.249097303606902, -0.410164750081462 ], [ 116.249014217885104, -0.410081090878792 ], [ 116.249097350355768, -0.409662841949759 ], [ 116.249180451655363, -0.409579198431348 ], [ 116.249679043874522, -0.409244639968444 ], [ 116.250177612793379, -0.409161035526102 ], [ 116.250842337793756, -0.40941205221029 ], [ 116.251423969363699, -0.409663061101258 ], [ 116.251507055160204, -0.409746720317191 ], [ 116.251590148721647, -0.409746728132184 ], [ 116.252005577742167, -0.410165024250102 ], [ 116.252088663551476, -0.41024868348059 ], [ 116.25225482740619, -0.410499653364353 ], [ 116.252337913219918, -0.410583312603323 ], [ 116.252337905448599, -0.410666964020762 ], [ 116.252836435912684, -0.411001616658566 ], [ 116.253251865062765, -0.41141991294903 ], [ 116.25375038788026, -0.411838217129048 ], [ 116.254331996624515, -0.412340180662025 ], [ 116.254331981055444, -0.412507483572524 ], [ 116.25441507469921, -0.412507491410477 ], [ 116.254913589886286, -0.413009447217644 ], [ 116.254913582095995, -0.413093098683891 ], [ 116.255495206602689, -0.413427759475446 ], [ 116.256159956050126, -0.413427822196414 ], [ 116.256907807074711, -0.413344241186304 ], [ 116.257074010022208, -0.413176953824011 ], [ 116.257240205196794, -0.413093317956145 ], [ 116.257988056356609, -0.413009736766011 ], [ 116.258071150074883, -0.41300974457503 ], [ 116.258320431239142, -0.413009767996841 ], [ 116.258403524963725, -0.413009775802363 ], [ 116.258486618689858, -0.41300978360701 ], [ 116.258652798395616, -0.413093450751225 ], [ 116.258735861110225, -0.413428064711093 ], [ 116.25881893933078, -0.413595375601337 ], [ 116.259234369250535, -0.414013672391393 ], [ 116.259899103796997, -0.414181038007666 ], [ 116.259982197563545, -0.414181045818662 ], [ 116.260148385101346, -0.414181061438023 ], [ 116.260646963252242, -0.414013805124685 ], [ 116.260730064777874, -0.413930161347871 ], [ 116.261394815058523, -0.413930223703337 ], [ 116.261477901111732, -0.41401388308477 ], [ 116.26156099490629, -0.414013890875957 ], [ 116.261644088702425, -0.414013898666269 ], [ 116.261810276299343, -0.414013914244262 ], [ 116.262558081901574, -0.414432242358688 ], [ 116.262641167984711, -0.414515901759201 ], [ 116.263222817037587, -0.414599607883082 ], [ 116.263305910871026, -0.414599615666858 ], [ 116.263638293947608, -0.414515995161459 ], [ 116.264053732264543, -0.414850640599917 ], [ 116.264386076768957, -0.415185278296422 ], [ 116.264718405830706, -0.415687219332511 ], [ 116.264884593578003, -0.415687234908336 ], [ 116.265300047508816, -0.415854577158132 ], [ 116.266214072609884, -0.415938314428282 ], [ 116.266546440510027, -0.416021997218054 ], [ 116.267128043854569, -0.416607613506067 ], [ 116.267128028394325, -0.416774916900132 ], [ 116.267128020661858, -0.416858568597129 ], [ 116.267294200791554, -0.416942235865739 ], [ 116.267792748961199, -0.417109585978407 ], [ 116.26787584290642, -0.417109593760732 ], [ 116.268540579075008, -0.417276959434482 ], [ 116.269371503316336, -0.417444340647677 ], [ 116.269537683554802, -0.417528007932469 ], [ 116.270036239755186, -0.417611706300005 ], [ 116.270368615733631, -0.417611737365981 ], [ 116.2704517097321, -0.417611745130264 ], [ 116.271116484883734, -0.417360851897786 ], [ 116.271615056659712, -0.41727724661353 ], [ 116.272113651532635, -0.416942685907682 ], [ 116.272196745556514, -0.416942693640987 ], [ 116.272362941287625, -0.416859057309912 ], [ 116.272944599513266, -0.41685911139512 ], [ 116.273609351863527, -0.416859173153836 ], [ 116.273692445914236, -0.416859180869704 ], [ 116.274274119624835, -0.416691931194635 ], [ 116.274440307748861, -0.416691946605181 ], [ 116.274938879804836, -0.416608340972541 ], [ 116.275188169670244, -0.416524712213467 ], [ 116.27527126374666, -0.416524719906388 ], [ 116.275489285311906, -0.417622670670119 ] ] ] ] } },
{ "type": "Feature", "properties": { "Id": 0, "area": 8680.7663939600006, "danau": "D. Melintang" }, "geometry": { "type": "MultiPolygon", "coordinates": [ [ [ [ 116.262535740407046, -0.310460689131376 ], [ 116.262535773497504, -0.309982694335985 ], [ 116.263426068501118, -0.309385263096945 ], [ 116.263485422874425, -0.309325517882324 ], [ 116.263544785481301, -0.309146273939406 ], [ 116.263604139851026, -0.309086528719284 ], [ 116.263663502446605, -0.308907284767607 ], [ 116.263663506558672, -0.308847535402832 ], [ 116.263722877359598, -0.308548792713871 ], [ 116.263841590183304, -0.30836955288143 ], [ 116.263900944540694, -0.308309807645156 ], [ 116.26390094864351, -0.308250058277077 ], [ 116.263960302999109, -0.308190313038021 ], [ 116.26401966555278, -0.308011069057634 ], [ 116.264079019904813, -0.307951323813083 ], [ 116.264079036288209, -0.307712326330992 ], [ 116.264138394727823, -0.307592831709934 ], [ 116.264197761342984, -0.307353838340957 ], [ 116.26425712385786, -0.307174594338131 ], [ 116.264257127943566, -0.307114844965155 ], [ 116.264375840699628, -0.306935605066214 ], [ 116.264435195034181, -0.306875859800361 ], [ 116.264613262111354, -0.306636874613277 ], [ 116.264791321027786, -0.306517388164482 ], [ 116.264910025614498, -0.306457646985552 ], [ 116.264910033758866, -0.306338148221802 ], [ 116.265088092671064, -0.306218661747971 ], [ 116.265147442929688, -0.306218665843969 ], [ 116.265206801323771, -0.306099171167823 ], [ 116.265325505909132, -0.306039429967463 ], [ 116.265384860234334, -0.305979684671396 ], [ 116.265503572944027, -0.305800444683575 ], [ 116.26562227752845, -0.305740703467861 ], [ 116.26562228158754, -0.305680954076336 ], [ 116.265622293760089, -0.30550170590162 ], [ 116.265622305925504, -0.305322457726877 ], [ 116.265622309979037, -0.305262708335255 ], [ 116.265562959719347, -0.305262704254682 ], [ 116.265562963772439, -0.305202954863868 ], [ 116.265384929207386, -0.304963945068864 ], [ 116.265266236799093, -0.304844438139061 ], [ 116.265147536294592, -0.304844429984816 ], [ 116.265028847942261, -0.304665173678243 ], [ 116.264969501742172, -0.304605420219476 ], [ 116.264969505789793, -0.304545670836579 ], [ 116.264910163636273, -0.304426167997774 ], [ 116.264850821481659, -0.304306665161794 ], [ 116.264850825525983, -0.304246915780463 ], [ 116.264850837654123, -0.304067667636462 ], [ 116.264850841695264, -0.304007918255087 ], [ 116.26485084573558, -0.303948168873756 ], [ 116.264969558336631, -0.303768928858379 ], [ 116.265028912616401, -0.303709183538492 ], [ 116.265147617140087, -0.303649442278287 ], [ 116.265444376438509, -0.303529963802728 ], [ 116.265503726687129, -0.303529967860794 ], [ 116.265741135747064, -0.303410485303002 ], [ 116.265978540785895, -0.303350752123746 ], [ 116.26603789909008, -0.303231257381646 ], [ 116.266097257390598, -0.303111762635982 ], [ 116.266097269452985, -0.302932514441257 ], [ 116.266097273472212, -0.302872765043013 ], [ 116.266097285525092, -0.302693516848208 ], [ 116.266097289541136, -0.302633767449921 ], [ 116.265978589038539, -0.302633759363963 ], [ 116.265859896571399, -0.302514252486489 ], [ 116.26574120410686, -0.302394745614086 ], [ 116.265681857875535, -0.302334992179772 ], [ 116.265563165414903, -0.302215485314969 ], [ 116.265444480979426, -0.30197647967606 ], [ 116.265385134750417, -0.301916726249653 ], [ 116.265325796539571, -0.301737474048523 ], [ 116.265325800547146, -0.301677724660527 ], [ 116.265325812565067, -0.301498476496467 ], [ 116.265325828577858, -0.301259478944289 ], [ 116.265385198809142, -0.300960736028296 ], [ 116.265444553039657, -0.300900990662641 ], [ 116.265503919251188, -0.300661997123529 ], [ 116.265563281458697, -0.300482752968942 ], [ 116.265622635681652, -0.30042300759349 ], [ 116.265622639670141, -0.300363258201321 ], [ 116.265800706316284, -0.300124272666388 ], [ 116.265860060534465, -0.300064527281596 ], [ 116.265919422713893, -0.299885283102505 ], [ 116.265978776928563, -0.299825537712249 ], [ 116.266097485355957, -0.299706046925989 ], [ 116.266156839568708, -0.299646301529953 ], [ 116.266334906175018, -0.299407315928464 ], [ 116.266512972768084, -0.299168330304827 ], [ 116.266572323007395, -0.299168334298763 ], [ 116.266928448236698, -0.298809861796448 ], [ 116.266987810356369, -0.29863061755127 ], [ 116.267106522710378, -0.298451377282423 ], [ 116.267165884813352, -0.298272133024219 ], [ 116.267225242958389, -0.298152638174779 ], [ 116.267225246908083, -0.298092888760852 ], [ 116.267343971072776, -0.297734400218631 ], [ 116.267343975016317, -0.297674650803048 ], [ 116.26734398684215, -0.297495402556276 ], [ 116.267343998660863, -0.297316154309446 ], [ 116.267344014408039, -0.297077156646925 ], [ 116.267344022276916, -0.296957657815608 ], [ 116.267344038005106, -0.29671866015293 ], [ 116.267462746338595, -0.296599169231533 ], [ 116.267759505389492, -0.296479690158306 ], [ 116.267818855631063, -0.296479694109621 ], [ 116.268115610773521, -0.296419964435323 ], [ 116.268234315187655, -0.296360222904545 ], [ 116.268353015682948, -0.296360230798549 ], [ 116.268471716181452, -0.296360238691273 ], [ 116.268649770853372, -0.296300501094712 ], [ 116.268709121105857, -0.296300505038838 ], [ 116.268827821613158, -0.296300512926131 ], [ 116.268887175784286, -0.296240767432879 ], [ 116.268946533869126, -0.29612127250045 ], [ 116.26900588412461, -0.296121276440592 ], [ 116.269183946630321, -0.295942039937789 ], [ 116.269243300797598, -0.295882294433056 ], [ 116.269362001314676, -0.295882302303463 ], [ 116.269480713555254, -0.295703061839286 ], [ 116.26959942188509, -0.295583570810306 ], [ 116.269896184901285, -0.295404342104403 ], [ 116.269896192698582, -0.295284843204349 ], [ 116.270014901019536, -0.295165352148574 ], [ 116.270133605444116, -0.295105610538378 ], [ 116.270133609337961, -0.295045861085129 ], [ 116.270252313762228, -0.294986119468883 ], [ 116.270311667920325, -0.294926373931267 ], [ 116.270371025967179, -0.294806878935323 ], [ 116.270667788970968, -0.294627650125913 ], [ 116.2707864972799, -0.294508159023607 ], [ 116.270905201705261, -0.294448417377292 ], [ 116.271023906131703, -0.294388675726543 ], [ 116.271201960834389, -0.294328937975857 ], [ 116.271261314987882, -0.294269192411664 ], [ 116.271320669140763, -0.294209446845563 ], [ 116.271380019417649, -0.294209450747553 ], [ 116.271498727722445, -0.294089959607435 ], [ 116.271676786304241, -0.293970472356882 ], [ 116.271676790174894, -0.293910722882911 ], [ 116.271795490735713, -0.29391073067484 ], [ 116.27191419903609, -0.293791239511168 ], [ 116.272210962050593, -0.293612010530957 ], [ 116.272329666484893, -0.293552268826521 ], [ 116.272507725068266, -0.293432781518997 ], [ 116.272567075356775, -0.293432785404347 ], [ 116.272626433362333, -0.293313290315951 ], [ 116.272745145508622, -0.29313404961698 ], [ 116.272804507357307, -0.292954805029738 ], [ 116.272863861498209, -0.292895059417283 ], [ 116.27292322333588, -0.29271581482144 ], [ 116.273160643725049, -0.292417082844538 ], [ 116.273160647567394, -0.292357333350617 ], [ 116.273279363510184, -0.292118343103449 ], [ 116.273279367347968, -0.292058593607898 ], [ 116.273516783856948, -0.29181961106332 ], [ 116.273516791521388, -0.291700112065843 ], [ 116.273576145644881, -0.291640366423363 ], [ 116.273754211838224, -0.29140137998254 ], [ 116.27381356213256, -0.291401383834381 ], [ 116.273813565958108, -0.291341634331642 ], [ 116.273991624491785, -0.291222146872691 ], [ 116.274050982431433, -0.291102651709082 ], [ 116.274050986251822, -0.291042902203136 ], [ 116.27405100915766, -0.290684405167477 ], [ 116.274051012972549, -0.290624655661519 ], [ 116.274051028224306, -0.290385657637576 ], [ 116.273932339073198, -0.290206401449659 ], [ 116.273932346690884, -0.290086902440761 ], [ 116.273932358111566, -0.289907653927399 ], [ 116.273932369525184, -0.289728405413963 ], [ 116.273991723615808, -0.289668659737464 ], [ 116.274110431795137, -0.289549168378772 ], [ 116.274229139972007, -0.289429677012504 ], [ 116.2744071984377, -0.289310189459703 ], [ 116.274525902816961, -0.289250447588494 ], [ 116.274585256903563, -0.289190701894628 ], [ 116.274763311578809, -0.289130963832825 ], [ 116.274822665665113, -0.28907121813293 ], [ 116.274941370047557, -0.289011476245508 ], [ 116.27506007443111, -0.288951734353643 ], [ 116.275356837286651, -0.28877250484295 ], [ 116.275534891976449, -0.288712766742125 ], [ 116.275594246061246, -0.288653021022398 ], [ 116.275772300755762, -0.288593282909924 ], [ 116.275950351677153, -0.288593294321357 ], [ 116.276009701985856, -0.288593298124545 ], [ 116.276069052295313, -0.288593301927421 ], [ 116.276187752916613, -0.288593309532239 ], [ 116.276425154168592, -0.288593324738133 ], [ 116.276484504483534, -0.288593328538827 ], [ 116.276662555433035, -0.28859333993904 ], [ 116.276721905751117, -0.288593343738487 ], [ 116.277018661125197, -0.288533613185491 ], [ 116.277137365541421, -0.288473871231591 ], [ 116.277196715865131, -0.288473875026973 ], [ 116.277374766840907, -0.288473886411248 ], [ 116.277434117167772, -0.288473890205384 ], [ 116.277493467495361, -0.288473893999208 ], [ 116.277671518482876, -0.28847390537881 ], [ 116.277730868813592, -0.288473909171388 ], [ 116.277849573243472, -0.288414167199002 ], [ 116.277968277674432, -0.288354425222222 ], [ 116.278146339965389, -0.288175187908015 ], [ 116.278205694061114, -0.288115442132809 ], [ 116.278324402250732, -0.287995950576802 ], [ 116.27838376010088, -0.287876455232204 ], [ 116.27856181486878, -0.287816717008189 ], [ 116.278917920666572, -0.287756990108367 ], [ 116.278977271009964, -0.287756993884991 ], [ 116.279274026487883, -0.287697263187939 ], [ 116.279392727184188, -0.28769727073558 ], [ 116.27945207753352, -0.287697274508935 ], [ 116.279511427883605, -0.287697278281979 ], [ 116.279689478938522, -0.287697289599246 ], [ 116.280223628401004, -0.287757073122314 ], [ 116.280223632145379, -0.287697323534268 ], [ 116.28040168697099, -0.287637585249948 ], [ 116.280282997474046, -0.287458328947927 ], [ 116.280283004953588, -0.287338829770182 ], [ 116.280283008692223, -0.287279080181343 ], [ 116.280223662072288, -0.287219326829721 ], [ 116.280223669546231, -0.287099827653526 ], [ 116.280104972570768, -0.287040070543692 ], [ 116.280164322926055, -0.287040074304706 ], [ 116.280223673282066, -0.28704007806541 ], [ 116.280342381464536, -0.286920586406506 ], [ 116.28040173182228, -0.286920590164715 ], [ 116.280639140722926, -0.286801106007236 ], [ 116.280639148181692, -0.286681606819995 ], [ 116.280817199265257, -0.286681618079656 ], [ 116.280876553354986, -0.286621872235474 ], [ 116.281054608172226, -0.286562133889988 ], [ 116.281292017083587, -0.286442649682814 ], [ 116.281351367451336, -0.286442653429812 ], [ 116.281529422279633, -0.286382915063557 ], [ 116.281588776369588, -0.286323169202374 ], [ 116.28182618157561, -0.286263434566761 ], [ 116.282063590505459, -0.286143950307501 ], [ 116.28212294088172, -0.286143954046573 ], [ 116.282479050578274, -0.286024477238708 ], [ 116.282657101723842, -0.286024488443825 ], [ 116.282894503262185, -0.286024503379656 ], [ 116.283013204035967, -0.286024510845718 ], [ 116.283072554424038, -0.286024514578286 ], [ 116.283369310081525, -0.285964783606863 ], [ 116.283844116944721, -0.28590506380181 ], [ 116.284081518542493, -0.285905078706698 ], [ 116.284200219346047, -0.285905086157288 ], [ 116.284259569748954, -0.285905089882121 ], [ 116.284496963969744, -0.286024604067232 ], [ 116.284615664785335, -0.286024611516613 ], [ 116.284793719712667, -0.285964873040053 ], [ 116.28514984435192, -0.285606397452578 ], [ 116.285149848042863, -0.285546647799572 ], [ 116.285387268138294, -0.28524791437789 ], [ 116.285505976337262, -0.285128422482359 ], [ 116.28556533043583, -0.285068676531782 ], [ 116.285743392727852, -0.284889438668845 ], [ 116.285802743145638, -0.284889442372443 ], [ 116.286040155853556, -0.2847102081895 ], [ 116.286218214465038, -0.284590719953596 ], [ 116.286396269406097, -0.284530981374999 ], [ 116.286455623500899, -0.284471235400332 ], [ 116.286811733396647, -0.284351758212809 ], [ 116.287049138781981, -0.284292023297302 ], [ 116.28734589827279, -0.284172542375823 ], [ 116.28764265045524, -0.284172560802707 ], [ 116.287702000894058, -0.284172564487163 ], [ 116.2877613513336, -0.284172568171312 ], [ 116.287820701773938, -0.284172571855154 ], [ 116.287939402656932, -0.284172579221918 ], [ 116.288236158534403, -0.284112847939976 ], [ 116.28847356032378, -0.284112862660586 ], [ 116.288592253912867, -0.284232369415323 ], [ 116.288651600708306, -0.284292122794577 ], [ 116.28877028698497, -0.284531128957606 ], [ 116.28894833103567, -0.284650639411982 ], [ 116.289007674174073, -0.284770142502879 ], [ 116.289245076016797, -0.284770157241549 ], [ 116.289363791571944, -0.28453116577643 ], [ 116.289304452074489, -0.284351912973731 ], [ 116.289185762113974, -0.284172656498814 ], [ 116.289007714394828, -0.284112895764006 ], [ 116.289007718046648, -0.284053146060429 ], [ 116.288889020788872, -0.283993389005771 ], [ 116.288889028089898, -0.283873889601694 ], [ 116.288948393134916, -0.283634894464501 ], [ 116.288948396780896, -0.283575144761664 ], [ 116.289067101331625, -0.283515402396892 ], [ 116.289126451785521, -0.283515406065477 ], [ 116.289482565447898, -0.283336178941085 ], [ 116.289541919545343, -0.283276432894593 ], [ 116.289779325022394, -0.283216697831225 ], [ 116.289957376409461, -0.283216708813454 ], [ 116.290016723237457, -0.283276462190386 ], [ 116.290194767362351, -0.283395972609475 ], [ 116.290372811494748, -0.283515483035031 ], [ 116.290610213382465, -0.283515497680588 ], [ 116.290728917966263, -0.283455755275476 ], [ 116.290788275709062, -0.283336259481114 ], [ 116.29078828297375, -0.283216760027453 ], [ 116.290788290235341, -0.283097260573785 ], [ 116.29078830837598, -0.282798511939497 ], [ 116.290788312001808, -0.282738762212613 ], [ 116.290966374290832, -0.282559523973139 ], [ 116.291263130286765, -0.282499792469239 ], [ 116.291322484383144, -0.282440046379537 ], [ 116.291381838478898, -0.282380300288017 ], [ 116.291975350521767, -0.282260837209598 ], [ 116.292212759689235, -0.282141352266577 ], [ 116.292509519351057, -0.282021870938199 ], [ 116.292746924924529, -0.281962135710348 ], [ 116.292806275418016, -0.28196213933995 ], [ 116.292865625912299, -0.281962142969248 ], [ 116.293043673795339, -0.28202190361154 ], [ 116.293162374791351, -0.282021910868932 ], [ 116.293459123691747, -0.282081678768683 ], [ 116.293518474195011, -0.282081682396167 ], [ 116.293577824699071, -0.282081686023347 ], [ 116.293696525709436, -0.282081693276792 ], [ 116.294052635958053, -0.281962215491246 ], [ 116.294171344174387, -0.281842723195113 ], [ 116.294349410087477, -0.281603734963874 ], [ 116.294468111112835, -0.28160374219712 ], [ 116.29458682291245, -0.28142450010043 ], [ 116.294646173426884, -0.281424503713688 ], [ 116.294705527530354, -0.281364757548849 ], [ 116.294942936769445, -0.281245272432816 ], [ 116.295002290872063, -0.281185526260322 ], [ 116.29529905063616, -0.28106604472664 ], [ 116.29547711294083, -0.280886806177377 ], [ 116.29583321609114, -0.280886827783639 ], [ 116.295892566618846, -0.280886831383621 ], [ 116.296308023907471, -0.280827106776465 ], [ 116.296604776582555, -0.28082712475738 ], [ 116.296664127119826, -0.280827128352653 ], [ 116.296842182306108, -0.280767389331226 ], [ 116.296901532846135, -0.280767392924522 ], [ 116.297376337193754, -0.280767421659966 ], [ 116.29773244405088, -0.280707693381934 ], [ 116.297791794602006, -0.280707696969916 ], [ 116.297851145153899, -0.280707700557596 ], [ 116.297969846259932, -0.280707707732045 ], [ 116.298266602599341, -0.28064797583909 ], [ 116.298682060076985, -0.280588251095058 ], [ 116.299038170574761, -0.280468772912741 ], [ 116.299156871708703, -0.280468780068965 ], [ 116.299394281089548, -0.280349294701216 ], [ 116.299631694022764, -0.280170059475047 ], [ 116.299987808104362, -0.27999083136126 ], [ 116.300106512800355, -0.279931088648153 ], [ 116.300165866919471, -0.279871342365872 ], [ 116.300284571616402, -0.279811599645576 ], [ 116.300581328057831, -0.279751867606665 ], [ 116.300996782152254, -0.279751892529138 ], [ 116.301056132740186, -0.279751896088283 ], [ 116.301174833918338, -0.279751903205666 ], [ 116.301530930403729, -0.279871424282027 ], [ 116.301768332789592, -0.279871438511991 ], [ 116.301946384586898, -0.279871449181291 ], [ 116.302124436390997, -0.27987145984787 ], [ 116.302183786993879, -0.279871463402792 ], [ 116.30259924476367, -0.279811738399364 ], [ 116.30265859537225, -0.279811741951109 ], [ 116.302896004866042, -0.2796922563887 ], [ 116.303252119114603, -0.279513028013202 ], [ 116.303370820346132, -0.279513035102165 ], [ 116.303548879236757, -0.279393545950227 ], [ 116.303726931094673, -0.279393556574145 ], [ 116.303786285231993, -0.279333810220226 ], [ 116.303845639368717, -0.279274063864501 ], [ 116.304379805524974, -0.279094845994362 ], [ 116.304854617580645, -0.278975374438228 ], [ 116.30497331884736, -0.278975381497281 ], [ 116.305270082536396, -0.278796149398949 ], [ 116.30538878381185, -0.278796156449251 ], [ 116.305448134450685, -0.27879615997395 ], [ 116.305507488590607, -0.278736413581767 ], [ 116.30586359593994, -0.278676684796183 ], [ 116.30592294658419, -0.278676688316963 ], [ 116.306160349168692, -0.278676702397074 ], [ 116.306338401114928, -0.278676712953998 ], [ 116.306457102416175, -0.278676719990442 ], [ 116.306516453067914, -0.278676723508212 ], [ 116.306635154373666, -0.27867673054285 ], [ 116.306872556994151, -0.278676744608514 ], [ 116.306931907651119, -0.278676748124177 ], [ 116.307109959626587, -0.278676758669362 ], [ 116.307169310286568, -0.278676762183822 ], [ 116.307228660947303, -0.27867676569798 ], [ 116.307584764927398, -0.278676786776611 ], [ 116.307644119081431, -0.278617040344903 ], [ 116.307703473234881, -0.278557293911366 ], [ 116.307822174569353, -0.278557300930952 ], [ 116.307940882876224, -0.278437808054292 ], [ 116.308059594662197, -0.278258565221301 ], [ 116.308356358454446, -0.278079332881659 ], [ 116.308356365407704, -0.277959832975983 ], [ 116.308475066752663, -0.277959839973908 ], [ 116.308593771574905, -0.27790009701476 ], [ 116.308653125722955, -0.277840350555273 ], [ 116.308890535370338, -0.277720864618644 ], [ 116.309009240195607, -0.277661121643994 ], [ 116.309187302634896, -0.277481882229011 ], [ 116.309246653315057, -0.277481885717911 ], [ 116.309424708824224, -0.277422146216369 ], [ 116.309662111560172, -0.277422160162369 ], [ 116.309780816394252, -0.277362417162601 ], [ 116.309840170541875, -0.277302670675326 ], [ 116.310018222606573, -0.277302681124481 ], [ 116.310077573296297, -0.277302684606933 ], [ 116.310374326756119, -0.277302702014703 ], [ 116.310493028145245, -0.277302708975714 ], [ 116.31049302122986, -0.277422208935616 ], [ 116.310611719164925, -0.277481965879879 ], [ 116.310730417103471, -0.277541722825919 ], [ 116.310789764344491, -0.277601476291446 ], [ 116.310789760884944, -0.277661226275126 ], [ 116.311027146391197, -0.277959990138835 ], [ 116.311145844341056, -0.278019747097864 ], [ 116.311323889540688, -0.278139257534974 ], [ 116.311383236787705, -0.278199011012424 ], [ 116.31144258749903, -0.278199014499221 ], [ 116.311679986889217, -0.27825877843826 ], [ 116.3120954557495, -0.278019802833854 ], [ 116.312095459206958, -0.277960052833752 ], [ 116.312154823747235, -0.277721056310439 ], [ 116.31227352863803, -0.277661313261559 ], [ 116.31227353209016, -0.277601563259159 ], [ 116.312451601495809, -0.277302823659435 ], [ 116.31257031327327, -0.277123580580937 ], [ 116.312689014715644, -0.277123587515299 ], [ 116.312748372323313, -0.27700409096517 ], [ 116.31292642793359, -0.276944351348413 ], [ 116.312985782097599, -0.276884604800246 ], [ 116.313104483548003, -0.276884611724441 ], [ 116.313163834274306, -0.27688461518609 ], [ 116.313282532291026, -0.276944372123686 ], [ 116.31346057072335, -0.277183382576865 ], [ 116.313519921455608, -0.277183386040453 ], [ 116.313697959893261, -0.277422396510865 ], [ 116.313816657924704, -0.277482153463159 ], [ 116.313816654481812, -0.277541903484979 ], [ 116.313935355959543, -0.277541910417217 ], [ 116.313935352516509, -0.277601660440523 ], [ 116.314172748596135, -0.277721174356982 ], [ 116.314291450084497, -0.277721181290098 ], [ 116.314350800829814, -0.277721184756205 ], [ 116.314410155017995, -0.277661438192735 ], [ 116.314350807713936, -0.277601684699135 ], [ 116.314350811154895, -0.277541934670607 ], [ 116.314469526399918, -0.277302941477279 ], [ 116.314647585509277, -0.277183451791737 ], [ 116.314884991935102, -0.277123715585046 ], [ 116.315003693435301, -0.277123722496062 ], [ 116.315063044186516, -0.27712372595112 ], [ 116.315181745691163, -0.27712373286034 ], [ 116.315537836499189, -0.277362753754698 ], [ 116.315597187258277, -0.277362757210041 ], [ 116.315715888778627, -0.277362764119827 ], [ 116.315893941064687, -0.27736277448226 ], [ 116.316012642592426, -0.27736278138905 ], [ 116.316368743764755, -0.277422552156128 ], [ 116.316487445304929, -0.277422559059612 ], [ 116.31666549762069, -0.277422569412591 ], [ 116.316784199168211, -0.277422576313079 ], [ 116.316902904144655, -0.277362833151784 ], [ 116.317021605697505, -0.277362840048389 ], [ 116.317140310677303, -0.277303096880284 ], [ 116.317199661456002, -0.277303100326796 ], [ 116.317259015658095, -0.277243353707971 ], [ 116.317259029341372, -0.277004353447782 ], [ 116.317259036178598, -0.276884853317642 ], [ 116.317377751398737, -0.276645859932497 ], [ 116.317496466605292, -0.276406866534199 ], [ 116.317555820794084, -0.27634711989894 ], [ 116.317615174982294, -0.276287373261909 ], [ 116.317674529169906, -0.276227626623089 ], [ 116.317971293292572, -0.276048393550244 ], [ 116.318030647478679, -0.275988646902175 ], [ 116.318208706633271, -0.275869157024297 ], [ 116.318327415002258, -0.275749663713585 ], [ 116.318624179126118, -0.275570430570071 ], [ 116.318624182520608, -0.275510680487814 ], [ 116.318861592462341, -0.275391193982692 ], [ 116.318980297434734, -0.275331450723934 ], [ 116.319158359976655, -0.275152210694488 ], [ 116.319277064949603, -0.275092467423089 ], [ 116.319277068334969, -0.275032717332619 ], [ 116.319395776690911, -0.274913223963598 ], [ 116.319514478281363, -0.274913230774347 ], [ 116.319573829077669, -0.274913234179277 ], [ 116.319633183256073, -0.27485348748898 ], [ 116.319870586450435, -0.274853501101581 ], [ 116.320938931311431, -0.274315811298589 ], [ 116.321473108815113, -0.273957341094232 ], [ 116.321591810447487, -0.273957347860584 ], [ 116.321651157904441, -0.274017101363456 ], [ 116.321829210361599, -0.27401711151209 ], [ 116.321947915362244, -0.273957368152538 ], [ 116.3220072695418, -0.273897621408923 ], [ 116.32212598125416, -0.273718377790317 ], [ 116.322304040430694, -0.273598887664255 ], [ 116.322422755481256, -0.273359893894388 ], [ 116.322541467172655, -0.27318065024272 ], [ 116.322719526339341, -0.273061160080136 ], [ 116.322719529682686, -0.273001409946631 ], [ 116.322838244700165, -0.272762416137029 ], [ 116.322956946354509, -0.272762422860313 ], [ 116.323135008852248, -0.27258318252696 ], [ 116.323372425507699, -0.272344195391016 ], [ 116.323550484664096, -0.272224705164306 ], [ 116.32366919298687, -0.272105211576573 ], [ 116.323847255466617, -0.271925971181642 ], [ 116.323906606301776, -0.271925974528129 ], [ 116.324025311297277, -0.271866231070446 ], [ 116.324084665456297, -0.271806484264767 ], [ 116.32438141965099, -0.27180650098104 ], [ 116.324440770492131, -0.271806504323414 ], [ 116.324559472176574, -0.271806511007281 ], [ 116.324678173863916, -0.271806517689973 ], [ 116.324856226400442, -0.271806527711811 ], [ 116.324915577247424, -0.271806531051836 ], [ 116.325093629792676, -0.27180654107015 ], [ 116.325152980642571, -0.271806544409001 ], [ 116.325271682344521, -0.271806551085822 ], [ 116.325390384049385, -0.271806557761469 ], [ 116.325627787467866, -0.27180657110924 ], [ 116.325746489181483, -0.271806577781364 ], [ 116.325746492494588, -0.271746827610234 ], [ 116.325687148262332, -0.271627323934307 ], [ 116.325687151573547, -0.271567573763909 ], [ 116.325627807339103, -0.271448070091287 ], [ 116.325568466411809, -0.271268816252337 ], [ 116.325627830489069, -0.271029818903434 ], [ 116.325746542103857, -0.270850575042917 ], [ 116.325865247111949, -0.270790831517727 ], [ 116.326102657131173, -0.270671344455041 ], [ 116.326162007987904, -0.270671347774977 ], [ 116.326280716296168, -0.270551854058334 ], [ 116.326340070449405, -0.270492107197341 ], [ 116.326399434479399, -0.27025310979668 ], [ 116.326399441060644, -0.270133609438029 ], [ 116.326399447638977, -0.270014109079338 ], [ 116.326518155928341, -0.269894615338266 ], [ 116.326696221641001, -0.269655624530361 ], [ 116.327111690786438, -0.269416646903467 ], [ 116.32717104492653, -0.26935690001415 ], [ 116.327230399066011, -0.269297153123039 ], [ 116.327527153392765, -0.269297169607894 ], [ 116.327586504260296, -0.269297172903993 ], [ 116.327645855128551, -0.2692971761998 ], [ 116.328001960353319, -0.269297195968538 ], [ 116.328061311226676, -0.269297199262309 ], [ 116.328298714727282, -0.269297212434487 ], [ 116.328536131310912, -0.269058224778981 ], [ 116.328595485455367, -0.268998477860719 ], [ 116.328595488720396, -0.268938727654202 ], [ 116.328832905288436, -0.268699739960613 ], [ 116.329070315332658, -0.268580252663695 ], [ 116.329070321847226, -0.26846075223891 ], [ 116.329189026868292, -0.268401008581393 ], [ 116.329604489573171, -0.268281531076419 ], [ 116.329723197850896, -0.268162037182305 ], [ 116.329723217336451, -0.267803535859463 ], [ 116.329841928842797, -0.267624291727551 ], [ 116.330019994469666, -0.267385300623074 ], [ 116.330138696247957, -0.267385307143917 ], [ 116.330316755394293, -0.267265816467378 ], [ 116.330494808071904, -0.267265826239509 ], [ 116.330613506625639, -0.267325582984258 ], [ 116.330732208417814, -0.26732558949787 ], [ 116.330850910212831, -0.267325596010327 ], [ 116.330910261111484, -0.267325599266122 ], [ 116.331385078017902, -0.267146374579316 ], [ 116.331503783055652, -0.267086630838656 ], [ 116.331622497771633, -0.266847636362324 ], [ 116.331681861569137, -0.266608638630084 ], [ 116.331681868010691, -0.266489138140841 ], [ 116.331681871230387, -0.26642938789621 ], [ 116.331681874449359, -0.26636963765154 ], [ 116.331681880885142, -0.26625013716225 ], [ 116.331681896961939, -0.265951385938854 ], [ 116.331681900175141, -0.265891635694154 ], [ 116.331681913020716, -0.265652634715313 ], [ 116.331503876367876, -0.265353873806618 ], [ 116.331385180989869, -0.265234366866266 ], [ 116.331444551108177, -0.264875868642769 ], [ 116.331503908403704, -0.264756371380647 ], [ 116.331681967485494, -0.264636880554224 ], [ 116.331978737944382, -0.264338145404248 ], [ 116.332038092034452, -0.264278398369049 ], [ 116.332097446123953, -0.264218651332072 ], [ 116.332097458880725, -0.263979650332233 ], [ 116.332097465254762, -0.26386014983227 ], [ 116.332097468440708, -0.263800399582297 ], [ 116.332097484359608, -0.263501648332293 ], [ 116.331978801652951, -0.263143140433447 ], [ 116.331919463469461, -0.262904136242186 ], [ 116.33191946981924, -0.26278463574639 ], [ 116.331860118929967, -0.262784632550727 ], [ 116.331860125277416, -0.262665132056344 ], [ 116.331860137963645, -0.262426131067527 ], [ 116.332038200133127, -0.262246889892398 ], [ 116.332216259133091, -0.262127398953184 ], [ 116.332275616351225, -0.262007901634494 ], [ 116.332334967241906, -0.262007904818731 ], [ 116.332453672187299, -0.261948160931812 ], [ 116.332453678508926, -0.261828660422776 ], [ 116.332631743818268, -0.261589668938653 ], [ 116.332631746974272, -0.261529918681908 ], [ 116.332631750129565, -0.261470168425158 ], [ 116.332572411852837, -0.26123116422473 ], [ 116.332631775345831, -0.260992166370999 ], [ 116.332750486569552, -0.260812921936374 ], [ 116.332869200929622, -0.260573927232107 ], [ 116.332869207214145, -0.260454426712612 ], [ 116.333047275582629, -0.26015568488971 ], [ 116.333047281855386, -0.260036184365799 ], [ 116.333047294392273, -0.259797183317891 ], [ 116.333047297524686, -0.259737433055895 ], [ 116.332987952899245, -0.259617929380078 ], [ 116.332869263645193, -0.259378922036241 ], [ 116.332869266773386, -0.259319171776382 ], [ 116.332809928395562, -0.259080167590769 ], [ 116.332809947134081, -0.258721666035728 ], [ 116.332809950254628, -0.258661915776565 ], [ 116.332809953374479, -0.258602165517363 ], [ 116.332809956493605, -0.258542415258156 ], [ 116.332809962729684, -0.25842291473974 ], [ 116.332809965846621, -0.258363164480516 ], [ 116.332809968962863, -0.258303414221285 ], [ 116.332750627428965, -0.258124160308788 ], [ 116.332691276551358, -0.258124157173704 ], [ 116.332335180645572, -0.257944887597005 ], [ 116.332275836000505, -0.257825383956668 ], [ 116.33233521174715, -0.25734738506217 ], [ 116.332335214853344, -0.257287634808651 ], [ 116.332335221063573, -0.257168134301611 ], [ 116.332335227270903, -0.257048633794532 ], [ 116.332394587443943, -0.256869386155414 ], [ 116.332394590544084, -0.256809635901106 ], [ 116.332513304671778, -0.256570641118845 ], [ 116.332513307767783, -0.25651089086309 ], [ 116.332928760764602, -0.256570662932355 ], [ 116.33328486601512, -0.256570681618842 ], [ 116.333403570862913, -0.256510937578818 ], [ 116.333462934100808, -0.256271939621415 ], [ 116.33358164203247, -0.256152445301432 ], [ 116.333581657455255, -0.255853693957057 ], [ 116.333700377692082, -0.255495198541402 ], [ 116.333937787359375, -0.255375710387034 ], [ 116.334115846149217, -0.255256219123024 ], [ 116.334115849221973, -0.255196468847569 ], [ 116.334234554056891, -0.255136724756168 ], [ 116.334234560197643, -0.255017224202334 ], [ 116.334234569403421, -0.254837973371489 ], [ 116.334353274233081, -0.254778229268851 ], [ 116.334353277298973, -0.254718478990438 ], [ 116.334412637373546, -0.254539231239025 ], [ 116.334590705323947, -0.254240489082231 ], [ 116.334650056206698, -0.254240492161357 ], [ 116.334650062322083, -0.254120991597187 ], [ 116.334768776308607, -0.253881996617541 ], [ 116.334768779361781, -0.253822246333978 ], [ 116.334828136348463, -0.25370274883866 ], [ 116.334887490282128, -0.253643001625133 ], [ 116.334946844215239, -0.253583254409931 ], [ 116.335243604736888, -0.253463769176044 ], [ 116.335540365268173, -0.25334428392083 ], [ 116.335599719201241, -0.253284536691004 ], [ 116.335955836713609, -0.253045553871978 ], [ 116.336074541539134, -0.252985809688896 ], [ 116.336311957260506, -0.252746820705889 ], [ 116.336371317251775, -0.252567572849486 ], [ 116.336490022075367, -0.252507828645933 ], [ 116.336490037212243, -0.25220907712267 ], [ 116.336371344496555, -0.252029820120573 ], [ 116.336312011735544, -0.251671315260906 ], [ 116.336312023809569, -0.251432314050661 ], [ 116.336312026826292, -0.251372563748098 ], [ 116.336312029842261, -0.25131281344553 ], [ 116.336312041899092, -0.251073812235152 ], [ 116.336312059962779, -0.25071531041941 ], [ 116.336252721105126, -0.250476306182868 ], [ 116.335955975705303, -0.250297040154 ], [ 116.335896624824613, -0.250297037128583 ], [ 116.335837276949874, -0.250237283805988 ], [ 116.335718578197699, -0.250177527459778 ], [ 116.335718581202045, -0.250117777164321 ], [ 116.335481195715701, -0.249759263309793 ], [ 116.335421856841464, -0.249520259121122 ], [ 116.335421868828277, -0.249281257953421 ], [ 116.335421874817399, -0.249161757369546 ], [ 116.335421877810873, -0.249102007077592 ], [ 116.33530320000007, -0.248623998726321 ], [ 116.335303202987618, -0.248564248435763 ], [ 116.335303211945941, -0.248384997564074 ], [ 116.335303214930633, -0.248325247273511 ], [ 116.335303217914571, -0.24826549698291 ], [ 116.335303223880359, -0.248145996401757 ], [ 116.335362574744238, -0.248145999403854 ], [ 116.335362580706587, -0.248026498821183 ], [ 116.33559998714621, -0.247966760526918 ], [ 116.335718688880291, -0.247966766523829 ], [ 116.335896726591074, -0.248265527006271 ], [ 116.335896723609778, -0.248325277304099 ], [ 116.335956053594359, -0.248743532395194 ], [ 116.336015401482285, -0.248803285700792 ], [ 116.336134100247193, -0.248863042014822 ], [ 116.336134097259787, -0.24892279231545 ], [ 116.336252796027722, -0.248982548632708 ], [ 116.336312143918789, -0.249042301943439 ], [ 116.336371491810382, -0.249102055255305 ], [ 116.336430839702516, -0.249161808568357 ], [ 116.336786936039289, -0.24934107754559 ], [ 116.337083690482189, -0.249341092592006 ], [ 116.337143041372926, -0.249341095600481 ], [ 116.337261743156546, -0.249341101616623 ], [ 116.337558509567813, -0.249102115380587 ], [ 116.337617863446098, -0.249042368065385 ], [ 116.337677217323801, -0.248982620748434 ], [ 116.337677235200104, -0.248624118832066 ], [ 116.337677238176994, -0.248564368512643 ], [ 116.337677241153159, -0.248504618193215 ], [ 116.337617893235432, -0.248444864878553 ], [ 116.337617902158286, -0.248265613922382 ], [ 116.337558563154786, -0.248026609656956 ], [ 116.337558575031522, -0.247787608384812 ], [ 116.337558580965592, -0.247668107748708 ], [ 116.337380546092731, -0.247309596893165 ], [ 116.337380549055197, -0.247249846577226 ], [ 116.337380557938289, -0.247070595629407 ], [ 116.337380560897884, -0.247010845313429 ], [ 116.337380578640463, -0.246652343417597 ], [ 116.337439935430737, -0.246532845758852 ], [ 116.337558643100508, -0.246413351068257 ], [ 116.337617999884571, -0.246293853401448 ], [ 116.337618005782332, -0.246174352763648 ], [ 116.337736713443036, -0.246054858058391 ], [ 116.337736716388889, -0.245995107738031 ], [ 116.337736719334032, -0.24593535741765 ], [ 116.337855421101679, -0.245935363346304 ], [ 116.338152201990681, -0.245397625234299 ], [ 116.338092856977383, -0.245278121628394 ], [ 116.338092862846594, -0.245158620978888 ], [ 116.338033517829871, -0.245039117376978 ], [ 116.337974178673733, -0.244800113130987 ], [ 116.33797418453257, -0.244680612484258 ], [ 116.337974190388536, -0.244561111837491 ], [ 116.337974196241646, -0.244441611190736 ], [ 116.337974202091885, -0.244322110543925 ], [ 116.337974219625465, -0.243963608603416 ], [ 116.337914880424307, -0.243724604372598 ], [ 116.337914886257934, -0.243605103727099 ], [ 116.337796193255954, -0.243425846891212 ], [ 116.337677494426401, -0.243366090702619 ], [ 116.337558792685627, -0.243366084834325 ], [ 116.33738074882335, -0.243186825081043 ], [ 116.337084000326612, -0.243067309787172 ], [ 116.337024649464354, -0.243067306854133 ], [ 116.336787246022382, -0.24306729511935 ], [ 116.336668544305695, -0.243067289250384 ], [ 116.336609193448425, -0.243067286315507 ], [ 116.336549839675854, -0.243127033686555 ], [ 116.336549857161145, -0.242768531849196 ], [ 116.336609213838557, -0.242649034166772 ], [ 116.336965321890446, -0.242589301430488 ], [ 116.337262076195003, -0.242589316065534 ], [ 116.337380777921837, -0.242589321917719 ], [ 116.337499479651541, -0.242589327768855 ], [ 116.337618184288985, -0.24252958329973 ], [ 116.337677538059978, -0.242469835903687 ], [ 116.337855599369817, -0.242290593705331 ], [ 116.338033660674995, -0.242111351491593 ], [ 116.338389768803196, -0.242051618661384 ], [ 116.338686520287453, -0.242111383564845 ], [ 116.338864564238648, -0.242290643309783 ], [ 116.33892391222345, -0.242350396560421 ], [ 116.339220663745081, -0.242410161476548 ], [ 116.339280011734814, -0.242469914731372 ], [ 116.339576763280604, -0.242529679651131 ], [ 116.339695456373235, -0.242708936514672 ], [ 116.339814149465425, -0.242888193385718 ], [ 116.339932839656058, -0.243127200611527 ], [ 116.339992187652001, -0.243186953880394 ], [ 116.340170231643057, -0.243366213693917 ], [ 116.340348281446666, -0.243425972813526 ], [ 116.340823097397674, -0.243246745113359 ], [ 116.340882454102513, -0.2431272473143 ], [ 116.341001161713322, -0.243007752427135 ], [ 116.341475971905098, -0.242948025371748 ], [ 116.341535322820405, -0.242948028283665 ], [ 116.341594673736395, -0.242948031195319 ], [ 116.341772726488685, -0.242948039928708 ], [ 116.341950773464987, -0.243067549402982 ], [ 116.341950770572694, -0.243127299774563 ], [ 116.341950767679705, -0.243187050146191 ], [ 116.34195076189161, -0.243306550889361 ], [ 116.341950756100687, -0.243426051632561 ], [ 116.341653995699573, -0.243545537786891 ], [ 116.341535290961858, -0.243605282316068 ], [ 116.341416589126226, -0.243605276476216 ], [ 116.341119825840494, -0.24378451295659 ], [ 116.34100112401326, -0.243784507108754 ], [ 116.34064500691818, -0.244023490982026 ], [ 116.340466942547323, -0.244262483609374 ], [ 116.340466939634268, -0.244322233962953 ], [ 116.340466936720532, -0.244381984316544 ], [ 116.340823015946327, -0.244919755134885 ], [ 116.341238469456542, -0.244979526061406 ], [ 116.341297820377875, -0.244979528998731 ], [ 116.341357171299961, -0.244979531935791 ], [ 116.341475873146166, -0.244979537809117 ], [ 116.341772630689363, -0.2449198021185 ], [ 116.341891332545075, -0.24491980798669 ], [ 116.341950686387577, -0.244860060548934 ], [ 116.342010040229539, -0.244800313109476 ], [ 116.342128756639696, -0.244501567104607 ], [ 116.342188107569626, -0.244501570032239 ], [ 116.34230681815059, -0.244322324759355 ], [ 116.342425522918234, -0.244262580231264 ], [ 116.342662926652139, -0.244262591923485 ], [ 116.342959655191706, -0.244800359985556 ], [ 116.343078348348925, -0.244979616995429 ], [ 116.343018988673279, -0.245158865218956 ], [ 116.34266287719872, -0.245278348384199 ], [ 116.342662871367182, -0.245397849144195 ], [ 116.342603517510526, -0.245457596587226 ], [ 116.342544166571429, -0.245457593650003 ], [ 116.34260349999299, -0.245816098862711 ], [ 116.342662848012594, -0.245875852183927 ], [ 116.342662842166845, -0.245995352943798 ], [ 116.34278152357453, -0.246413611499196 ], [ 116.342781520646156, -0.246473361880507 ], [ 116.342781511856757, -0.24665261302444 ], [ 116.34278150892554, -0.246712363405746 ], [ 116.342900199091332, -0.246951370838694 ], [ 116.343018900991979, -0.246951376745423 ], [ 116.343018898058247, -0.247011127129527 ], [ 116.343137597028331, -0.247070883422195 ], [ 116.343553059579904, -0.246951403312501 ], [ 116.343849829015156, -0.246652666091918 ], [ 116.343909182900646, -0.246592918642717 ], [ 116.343968539709365, -0.246473420796196 ], [ 116.344146607197729, -0.246174677635593 ], [ 116.344146627614165, -0.245756424851056 ], [ 116.344146645086326, -0.245397922464134 ], [ 116.344146650904705, -0.245278421668434 ], [ 116.344324724115708, -0.244860177651368 ], [ 116.344324727018076, -0.244800427251332 ], [ 116.344384083777683, -0.244680929371262 ], [ 116.34456215114173, -0.244382186115138 ], [ 116.344621504995615, -0.244322438626873 ], [ 116.344858917514372, -0.244143199063402 ], [ 116.344918268475325, -0.244143201974611 ], [ 116.345036973290121, -0.244083457387585 ], [ 116.345333736775373, -0.243904220696838 ], [ 116.345511804096233, -0.243605477342914 ], [ 116.345511806978507, -0.243545726928533 ], [ 116.345511818500555, -0.24330672527089 ], [ 116.34551182137929, -0.2432469748565 ], [ 116.345511827134672, -0.243127474027619 ], [ 116.345511832887198, -0.243007973198767 ], [ 116.345511844383807, -0.242768971540949 ], [ 116.346105365517872, -0.242529998762179 ], [ 116.346164716486641, -0.24253000164865 ], [ 116.346224073188267, -0.242410503688792 ], [ 116.346461491383934, -0.242111763095861 ], [ 116.346580201904686, -0.241932517573467 ], [ 116.346580213331691, -0.241693515864057 ], [ 116.346342818021625, -0.241514253090177 ], [ 116.346224124650519, -0.241334996073356 ], [ 116.346105439828989, -0.240976487798786 ], [ 116.346046091716516, -0.240916734509492 ], [ 116.345868058765134, -0.240498472972932 ], [ 116.345808716339263, -0.240319218854646 ], [ 116.345808722022767, -0.240199718018144 ], [ 116.345868078658029, -0.240080220040267 ], [ 116.345927429613369, -0.240080222898619 ], [ 116.345986783407895, -0.240020475336308 ], [ 116.3460461343644, -0.24002047819343 ], [ 116.34634289766403, -0.239841241201127 ], [ 116.346520953379326, -0.239781499333828 ], [ 116.346520950545965, -0.239841249760652 ], [ 116.346877050663196, -0.239960767734847 ], [ 116.347055114891333, -0.239721774558797 ], [ 116.347114474345261, -0.239542526105907 ], [ 116.347173825313078, -0.239542528952423 ], [ 116.347173830966383, -0.239423028083074 ], [ 116.347233184759759, -0.239363280492561 ], [ 116.347292549843047, -0.239064531155898 ], [ 116.3475299593578, -0.238945041636659 ], [ 116.347767371692896, -0.238765801660127 ], [ 116.34788607645288, -0.238706056885519 ], [ 116.348123483163732, -0.238646317770796 ], [ 116.348242182303864, -0.238706073880995 ], [ 116.348360875819594, -0.238885330890832 ], [ 116.34877632425183, -0.239064602079963 ], [ 116.348895023408872, -0.23912435820218 ], [ 116.349191781165118, -0.239064621909781 ], [ 116.349251137779618, -0.238945123822542 ], [ 116.349725959761841, -0.238646394130379 ], [ 116.349904015553463, -0.238586652135844 ], [ 116.34996336655027, -0.238586654958888 ], [ 116.350200770544532, -0.238586666248486 ], [ 116.350319472545877, -0.238586671891739 ], [ 116.350378820744993, -0.238646425185967 ], [ 116.350438168944649, -0.238706178481328 ], [ 116.350556870952616, -0.238706184125345 ], [ 116.350853623182871, -0.238765948709502 ], [ 116.350912971389292, -0.238825702009869 ], [ 116.351031670606915, -0.238885458133319 ], [ 116.351269063443539, -0.23912447135262 ], [ 116.35150645067398, -0.239482985562942 ], [ 116.351506447865745, -0.239542736049263 ], [ 116.351625147097707, -0.239602492191454 ], [ 116.35162514428859, -0.239662242679158 ], [ 116.351743843523494, -0.239721998824551 ], [ 116.351803188926695, -0.239841502632648 ], [ 116.35215927258848, -0.240319523558523 ], [ 116.352218623619379, -0.240319526392205 ], [ 116.352337322868834, -0.240379282554908 ], [ 116.352396668271638, -0.240498786382123 ], [ 116.352456019306075, -0.240498789216881 ], [ 116.352634066782514, -0.240618298718831 ], [ 116.352693415003884, -0.240678052054238 ], [ 116.352752766042627, -0.240678054889808 ], [ 116.35287146530591, -0.240737811062607 ], [ 116.353108861024438, -0.240917073918665 ], [ 116.353346253934944, -0.241156087295425 ], [ 116.353464944751167, -0.241395095009425 ], [ 116.353583629913643, -0.241753603755112 ], [ 116.353702332022124, -0.241753609443501 ], [ 116.353702326370879, -0.241873110467806 ], [ 116.353761666116881, -0.242112115364423 ], [ 116.353761663287656, -0.242171865877266 ], [ 116.353761640628932, -0.242649869979767 ], [ 116.353761637793454, -0.242709620492578 ], [ 116.353761632120381, -0.242829121518119 ], [ 116.353761612242707, -0.243247375107442 ], [ 116.353761595177431, -0.243605878183761 ], [ 116.353820929152675, -0.243964384129466 ], [ 116.353820923450826, -0.244083885156187 ], [ 116.353939614175204, -0.244322892956348 ], [ 116.354117653110876, -0.244621654158686 ], [ 116.354295703474875, -0.244681413303907 ], [ 116.354414402769322, -0.244741169575184 ], [ 116.354770503528414, -0.244860687874934 ], [ 116.354889205691947, -0.244860693625852 ], [ 116.355126601459432, -0.2450399567107 ], [ 116.355304643290211, -0.245278967461512 ], [ 116.355363988660841, -0.24539847140265 ], [ 116.355423336891334, -0.245458224814108 ], [ 116.355542027629696, -0.245697232707573 ], [ 116.355542024766521, -0.245756983241117 ], [ 116.355601372997313, -0.245816736658056 ], [ 116.355601370133002, -0.24587648719234 ], [ 116.355720066595325, -0.245995994030984 ], [ 116.355898108425649, -0.246235004835173 ], [ 116.35607615025738, -0.246474015653677 ], [ 116.356194835239435, -0.246832524677935 ], [ 116.356194832365944, -0.246892275219115 ], [ 116.356313508692821, -0.247430035887878 ], [ 116.356313502932295, -0.247549536972908 ], [ 116.356372839631518, -0.247848292589114 ], [ 116.356550875661114, -0.248206804570252 ], [ 116.356550869884643, -0.248326305660774 ], [ 116.356669572120623, -0.248326311476993 ], [ 116.356847605249527, -0.248744574040326 ], [ 116.35696630749618, -0.248744579863655 ], [ 116.357203697534828, -0.249043344271534 ], [ 116.357263045768903, -0.249103097738771 ], [ 116.357381745133907, -0.24916285412169 ], [ 116.35738174223863, -0.249222604676632 ], [ 116.357441093369985, -0.249222607591603 ], [ 116.357737834558492, -0.249521374958079 ], [ 116.357915873479101, -0.249820136513795 ], [ 116.358034575760371, -0.249820142352589 ], [ 116.358093921101968, -0.24993964639812 ], [ 116.358450013465514, -0.250238416751978 ], [ 116.358509358807908, -0.250357920810214 ], [ 116.358746748888791, -0.250656685355467 ], [ 116.358746743075216, -0.250776186497236 ], [ 116.358806091321938, -0.250835939995697 ], [ 116.358865439569229, -0.250895693495276 ], [ 116.35910282965331, -0.251194458079822 ], [ 116.359340216828514, -0.25155297326556 ], [ 116.359696312173, -0.251791993188788 ], [ 116.359933699361378, -0.252150508432944 ], [ 116.36034914300707, -0.252449281937424 ], [ 116.360408491267961, -0.252509035466716 ], [ 116.360645887238235, -0.252688299002003 ], [ 116.360705232580528, -0.252807803129833 ], [ 116.360823926186086, -0.2529870607979 ], [ 116.360823920337481, -0.253106561987927 ], [ 116.360942622716252, -0.253106567876737 ], [ 116.361298706464453, -0.253584590341082 ], [ 116.361358054732776, -0.253644343890191 ], [ 116.361476757128884, -0.253644349786581 ], [ 116.361654796082576, -0.253943111652545 ], [ 116.361714147285042, -0.253943114602978 ], [ 116.361892192104349, -0.254122375274921 ], [ 116.362010891585584, -0.2541821317863 ], [ 116.36212958813752, -0.254301638909545 ], [ 116.362188939347178, -0.254301641861946 ], [ 116.362366969504578, -0.254779655620996 ], [ 116.362366966566981, -0.254839406233897 ], [ 116.362188895281705, -0.255197901024504 ], [ 116.362129538180298, -0.255317399281867 ], [ 116.362010835753736, -0.255317393352651 ], [ 116.361951481595824, -0.255377140995641 ], [ 116.361654716698325, -0.255556377976483 ], [ 116.361595365489094, -0.255556375007029 ], [ 116.36147665717084, -0.255675870272177 ], [ 116.361417294149859, -0.255914869707359 ], [ 116.361357937030419, -0.256034367934655 ], [ 116.361357931116345, -0.256153869136636 ], [ 116.361357928158256, -0.256213619737626 ], [ 116.361357922240032, -0.256333120939556 ], [ 116.361357907432364, -0.256631873944351 ], [ 116.361417255680408, -0.25669162752905 ], [ 116.361476595033665, -0.25693063292179 ], [ 116.361535946247812, -0.256930635907767 ], [ 116.361535943281581, -0.256990386510751 ], [ 116.36171398802864, -0.257169647284299 ], [ 116.361832687497738, -0.257229403865757 ], [ 116.361892038717386, -0.257229406853539 ], [ 116.362010735223151, -0.257348914045297 ], [ 116.362070086445442, -0.257348917033633 ], [ 116.362188782955329, -0.257468424230656 ], [ 116.362366830694299, -0.257587934421797 ], [ 116.362604229670126, -0.257707447608727 ], [ 116.3627229291628, -0.257767204204665 ], [ 116.362900968007821, -0.258065966267687 ], [ 116.362960316271042, -0.258125719879707 ], [ 116.362960310323601, -0.258245221118736 ], [ 116.36325705759559, -0.25842448795629 ], [ 116.36331640586215, -0.258484241574915 ], [ 116.363672504403965, -0.25866351142638 ], [ 116.363791203924251, -0.258723268046798 ], [ 116.36402860595031, -0.258783030660702 ], [ 116.364087957202628, -0.258783033656187 ], [ 116.364147305480245, -0.258842787284724 ], [ 116.36426600798886, -0.258842793275678 ], [ 116.364562755348004, -0.259022060162566 ], [ 116.364800154439735, -0.259141573425605 ], [ 116.364859502726446, -0.259201327063176 ], [ 116.364918845058511, -0.259380581986328 ], [ 116.364918842079888, -0.259440332628554 ], [ 116.364859490814894, -0.259440329629385 ], [ 116.364740782325953, -0.259559824910529 ], [ 116.364681428080672, -0.259619572548583 ], [ 116.364622076817597, -0.25961956954622 ], [ 116.36450337131015, -0.259679314178036 ], [ 116.364384665803669, -0.259739058805943 ], [ 116.36432531155792, -0.259798806436093 ], [ 116.364265960298113, -0.259798803429973 ], [ 116.364147254793522, -0.25985854805011 ], [ 116.363969195043651, -0.259978040288544 ], [ 116.363850489540823, -0.260037784898265 ], [ 116.363791138285393, -0.260037781887132 ], [ 116.363731784038904, -0.260097529504072 ], [ 116.36373176906973, -0.260396282645718 ], [ 116.363731766073855, -0.26045603327402 ], [ 116.363731763077269, -0.260515783902333 ], [ 116.363791111337235, -0.260575537548282 ], [ 116.363791108339584, -0.260635288177275 ], [ 116.363791102342176, -0.260754789435212 ], [ 116.363969138116843, -0.261113302278881 ], [ 116.364147179893578, -0.261352313878557 ], [ 116.364325212649689, -0.261770577397544 ], [ 116.364443897129519, -0.262129087273363 ], [ 116.364621941913043, -0.262308348284758 ], [ 116.364621935885026, -0.262427849561734 ], [ 116.364681275098107, -0.262666855153271 ], [ 116.364621911745473, -0.262905854669507 ], [ 116.364621899659241, -0.263144857223239 ], [ 116.364621893611996, -0.263264358500104 ], [ 116.364621884535993, -0.263443610415298 ], [ 116.364681232790602, -0.263503364100974 ], [ 116.364681226735684, -0.263622865379135 ], [ 116.364681223707208, -0.263682616018172 ], [ 116.364681220678023, -0.263742366657255 ], [ 116.364740565901315, -0.263861870986474 ], [ 116.364859250278215, -0.264220380934519 ], [ 116.36491859853146, -0.264280134630724 ], [ 116.365037295039656, -0.26439964202637 ], [ 116.365096646330045, -0.264399645082014 ], [ 116.365155997621088, -0.264399648137372 ], [ 116.365274700205276, -0.264399654247231 ], [ 116.365274703239166, -0.264339903601323 ], [ 116.365334054531999, -0.264339906655134 ], [ 116.365393405825515, -0.26433990970866 ], [ 116.365512111446634, -0.264280165166213 ], [ 116.365690165334584, -0.264280174321293 ], [ 116.365749516631922, -0.264280177372416 ], [ 116.365868219228673, -0.264280183473805 ], [ 116.365927570528086, -0.264280186524071 ], [ 116.366283672281426, -0.264399706134914 ], [ 116.366402362770813, -0.264638714869897 ], [ 116.366461711046441, -0.264698468581401 ], [ 116.36652105628994, -0.264817972954342 ], [ 116.36669909808613, -0.265056984763038 ], [ 116.366817788569193, -0.265295993528206 ], [ 116.366817785531737, -0.265355744191931 ], [ 116.366817779454763, -0.265475245519397 ], [ 116.366877127731584, -0.265534999243281 ], [ 116.366877124691669, -0.265594749907654 ], [ 116.366877118609807, -0.265714251236467 ], [ 116.366936466886003, -0.265774004963466 ], [ 116.366995815162767, -0.26583375869155 ], [ 116.367114496493386, -0.266252019486526 ], [ 116.367292538276374, -0.266491031363171 ], [ 116.367351886554175, -0.266550785101865 ], [ 116.367529925289446, -0.266849547668106 ], [ 116.367707967076058, -0.267088559578388 ], [ 116.36782666058339, -0.267267817751345 ], [ 116.367826657528227, -0.267327568426557 ], [ 116.367826651415854, -0.267447069777049 ], [ 116.3679453357407, -0.26780557999081 ], [ 116.367945329618564, -0.26792508134394 ], [ 116.367945311235772, -0.268283585403139 ], [ 116.367945305102722, -0.268403086756175 ], [ 116.367885938414304, -0.268701837047214 ], [ 116.367826580927414, -0.268821335305662 ], [ 116.367826577854515, -0.268881085980771 ], [ 116.367767211134947, -0.269179836258601 ], [ 116.367767204979685, -0.269299337607301 ], [ 116.367707835151066, -0.269657838550039 ], [ 116.36770782898428, -0.26977733989727 ], [ 116.367707813555356, -0.270076093265326 ], [ 116.367648459119508, -0.270135840829805 ], [ 116.367648456030707, -0.270195591502704 ], [ 116.367589086134174, -0.270554092425741 ], [ 116.367589083040286, -0.270613843097911 ], [ 116.367589076850493, -0.2707333444422 ], [ 116.367470361761917, -0.270972340891844 ], [ 116.367470358662658, -0.271032091562597 ], [ 116.367470355562745, -0.271091842233344 ], [ 116.367470333844139, -0.271510096928356 ], [ 116.36747033073874, -0.271569847599055 ], [ 116.36747032763266, -0.271629598269749 ], [ 116.367410954516416, -0.272047849832106 ], [ 116.367410951404594, -0.272107600502063 ], [ 116.36735158136328, -0.272466101384244 ], [ 116.367351578246357, -0.272525852053488 ], [ 116.3671734992148, -0.27300384797453 ], [ 116.367114125974979, -0.27342209949454 ], [ 116.367114122845976, -0.273481850160919 ], [ 116.367114116585881, -0.273601351493659 ], [ 116.367054762096416, -0.273661099007358 ], [ 116.367054758964358, -0.273720849673025 ], [ 116.366817322166568, -0.274318343685565 ], [ 116.366817319025841, -0.274378094348378 ], [ 116.3667579613832, -0.274497592510322 ], [ 116.3667579582401, -0.274557343172445 ], [ 116.366757955096318, -0.274617093834579 ], [ 116.366757948806708, -0.274736595158811 ], [ 116.366698578560104, -0.275095095960448 ], [ 116.366698572258969, -0.275214597283206 ], [ 116.366639217745814, -0.27527434477129 ], [ 116.366639201976099, -0.275573098074614 ], [ 116.36663919566341, -0.275692599395914 ], [ 116.366639192506057, -0.275752350056539 ], [ 116.366639189347993, -0.275812100717174 ], [ 116.366639183029832, -0.275931602038409 ], [ 116.366520461327795, -0.276290099631082 ], [ 116.366520454997527, -0.276409600949465 ], [ 116.366520451831349, -0.276469351608655 ], [ 116.36640172691466, -0.276887599836891 ], [ 116.366342372375982, -0.276947347300595 ], [ 116.366342366028846, -0.27706684861471 ], [ 116.366282986063851, -0.277604601325975 ], [ 116.366223615597164, -0.277963102057349 ], [ 116.366223609225571, -0.278082603368482 ], [ 116.36622360603873, -0.278142354024074 ], [ 116.366223590094336, -0.27844110730182 ], [ 116.366223583711772, -0.278560608612856 ], [ 116.366223564547681, -0.2789191125459 ], [ 116.366223558154175, -0.279038613856871 ], [ 116.366223542158409, -0.279337367134142 ], [ 116.366223538957215, -0.279397117789604 ], [ 116.36622353575531, -0.279456868445027 ], [ 116.366223526145532, -0.279636120411292 ], [ 116.366342209668801, -0.279994630803008 ], [ 116.366460889965694, -0.28041289186793 ], [ 116.366757624408137, -0.280831162662674 ], [ 116.366935659283726, -0.281189676353229 ], [ 116.366995007459735, -0.28124943025739 ], [ 116.367113700593649, -0.281428688734513 ], [ 116.367173045550075, -0.281548193308801 ], [ 116.367291735460412, -0.281787202464647 ], [ 116.36752912495119, -0.282085968794554 ], [ 116.367529121725127, -0.282145719464864 ], [ 116.367588466677816, -0.282265224054745 ], [ 116.367707156580664, -0.28250423324182 ], [ 116.367766501530809, -0.282623737838997 ], [ 116.367766488602797, -0.282862740530966 ], [ 116.367766485369089, -0.282922491203947 ], [ 116.36770711129968, -0.283340742653815 ], [ 116.367647756646249, -0.283400490064291 ], [ 116.367647753405791, -0.283460240735807 ], [ 116.367588395508633, -0.283579738814767 ], [ 116.367469666715763, -0.284057737641088 ], [ 116.367469663466892, -0.284117488310506 ], [ 116.36735094112646, -0.284475985775771 ], [ 116.36735093787216, -0.284535736443769 ], [ 116.36723221549785, -0.284894233889653 ], [ 116.367172860821753, -0.28495398127412 ], [ 116.367172857561073, -0.28501373194002 ], [ 116.367113470229157, -0.285670985973561 ], [ 116.367054115540967, -0.285730733347024 ], [ 116.367232140352158, -0.286268499219237 ], [ 116.367291485225081, -0.2863880038504 ], [ 116.367410181523624, -0.286507511783072 ], [ 116.367469529673812, -0.286567265750999 ], [ 116.367528877824626, -0.286627019719952 ], [ 116.367528874546679, -0.286686770389805 ], [ 116.367647554445512, -0.287105031688186 ], [ 116.36770688288648, -0.28752328969535 ], [ 116.367825562737607, -0.287941551024948 ], [ 116.368062948747252, -0.288300068330666 ], [ 116.368062945452934, -0.288359819006496 ], [ 116.368300331460929, -0.288718336342703 ], [ 116.368300324864535, -0.288837837699782 ], [ 116.368597065623078, -0.289136607711033 ], [ 116.368656417077418, -0.289136611033823 ], [ 116.368656413776677, -0.289196361716451 ], [ 116.368715761930858, -0.289256115722907 ], [ 116.369012506014144, -0.289495135084359 ], [ 116.369131205634403, -0.289554892421554 ], [ 116.369131202331332, -0.289614643109628 ], [ 116.369427943135236, -0.289913413191252 ], [ 116.369605977702875, -0.290271927333322 ], [ 116.369784022194921, -0.290451189410492 ], [ 116.370021404923719, -0.290869457622762 ], [ 116.370258797594119, -0.291108473765312 ], [ 116.37025879427928, -0.291168224466246 ], [ 116.370377487301212, -0.291347483247431 ], [ 116.370436835470855, -0.29140723728915 ], [ 116.37055552517532, -0.291646246784333 ], [ 116.370555518535824, -0.291765748192892 ], [ 116.370555515215045, -0.291825498897179 ], [ 116.370614840117796, -0.292303507879955 ], [ 116.370614836791219, -0.292363258584885 ], [ 116.370674168313712, -0.292721766167438 ], [ 116.370674164982674, -0.292781516872957 ], [ 116.370792847981207, -0.293140027821237 ], [ 116.370792831298644, -0.293438781355539 ], [ 116.370792824620878, -0.293558282769204 ], [ 116.370911510923719, -0.293857043033534 ], [ 116.371089545381992, -0.294215557387731 ], [ 116.371267589876041, -0.294394819626889 ], [ 116.371326938042003, -0.294454573708678 ], [ 116.371623685577276, -0.294633842700775 ], [ 116.371683033747772, -0.294693596787448 ], [ 116.371979788002349, -0.294753364355143 ], [ 116.372217194096706, -0.294753377829995 ], [ 116.37233589714792, -0.294753384565511 ], [ 116.372573303258577, -0.294753398032722 ], [ 116.372632654787907, -0.294753401398729 ], [ 116.372870057569628, -0.294813165590204 ], [ 116.372929405759891, -0.294872919686574 ], [ 116.373226150065278, -0.295111939449404 ], [ 116.373285498259719, -0.295171693551346 ], [ 116.373522894389424, -0.295350959231429 ], [ 116.373582239241301, -0.295470464076573 ], [ 116.373641590785951, -0.295470467445342 ], [ 116.37387899028036, -0.295589982401466 ], [ 116.374413140864078, -0.295829015699677 ], [ 116.374769246865924, -0.295888786657475 ], [ 116.375125346206758, -0.29606805912461 ], [ 116.375600145373966, -0.296307089100833 ], [ 116.375659490255146, -0.296426593993096 ], [ 116.375896869772419, -0.29690461358586 ], [ 116.375956201239376, -0.297263121552915 ], [ 116.375956194530076, -0.297382623084316 ], [ 116.376134232497478, -0.29768138705515 ], [ 116.376252935669115, -0.297681393815128 ], [ 116.376490325232993, -0.297980161190046 ], [ 116.376609021697448, -0.298099669499131 ], [ 116.376787063037682, -0.298338682745577 ], [ 116.376965094287797, -0.298756948336546 ], [ 116.376965090922084, -0.298816699113632 ], [ 116.377083777289329, -0.299115459782407 ], [ 116.377083770550442, -0.299234961339219 ], [ 116.37714310529762, -0.299533718627066 ], [ 116.377202450157455, -0.299653223582145 ], [ 116.377321133121129, -0.300011735061424 ], [ 116.377558522681113, -0.300310502578481 ], [ 116.377617867536856, -0.300430007549438 ], [ 116.377914605342411, -0.300788529288704 ], [ 116.378211343159975, -0.301147051060204 ], [ 116.378330043030772, -0.301206808668485 ], [ 116.378330039644879, -0.301266559460868 ], [ 116.378448739518973, -0.301326317071891 ], [ 116.378804832387075, -0.301625091508872 ], [ 116.378864180636342, -0.301684845717559 ], [ 116.378923532274328, -0.301684849128178 ], [ 116.378982877136892, -0.301804354137957 ], [ 116.379338973434272, -0.302043377816121 ], [ 116.379398325079535, -0.302043381228183 ], [ 116.379754418020994, -0.302342155736093 ], [ 116.380169866037761, -0.302581182873975 ], [ 116.380229217695359, -0.302581186287535 ], [ 116.380288565962971, -0.302640940515277 ], [ 116.380347910839632, -0.302760445559167 ], [ 116.380644662367047, -0.302879964265977 ], [ 116.38076336230543, -0.302939721914125 ], [ 116.381060107077545, -0.303178742275358 ], [ 116.381178810419925, -0.303178749105809 ], [ 116.381297506980772, -0.303298257586689 ], [ 116.38141621032976, -0.303298264417212 ], [ 116.381475562005278, -0.303298267831982 ], [ 116.381534906897173, -0.303417772903569 ], [ 116.38159425857468, -0.303417776319029 ], [ 116.381950358479116, -0.303597049304653 ], [ 116.382187755039041, -0.303776315471149 ], [ 116.382247103332602, -0.303836069723616 ], [ 116.382365806708847, -0.303836076555748 ], [ 116.382425155005023, -0.303895830809911 ], [ 116.382484503301896, -0.303955585065083 ], [ 116.382899951583056, -0.304194612347728 ], [ 116.383493458408751, -0.30437389905126 ], [ 116.383671510132856, -0.304433660149012 ], [ 116.384146317027003, -0.304553189176181 ], [ 116.38444306881847, -0.304672707964329 ], [ 116.384858524073138, -0.304792233583554 ], [ 116.38509592757751, -0.304851998100213 ], [ 116.385511369335035, -0.305210527215942 ], [ 116.385570721066969, -0.305210530629492 ], [ 116.385630069408947, -0.305270284917325 ], [ 116.38610487312819, -0.305449564856374 ], [ 116.386164224868054, -0.305449568269298 ], [ 116.386639038810785, -0.305449595560814 ], [ 116.387113856180335, -0.305389871939956 ], [ 116.387173211314533, -0.305330124454673 ], [ 116.387291914817439, -0.305330131265648 ], [ 116.387826080613365, -0.305330161898712 ], [ 116.387885435750562, -0.30527041440077 ], [ 116.38800413926873, -0.305270421202499 ], [ 116.388063491028802, -0.305270424602869 ], [ 116.388300901451515, -0.305210687296436 ], [ 116.388360256589408, -0.305150939789239 ], [ 116.388597667019781, -0.305091202467552 ], [ 116.388716373923415, -0.305031458348088 ], [ 116.388775729060697, -0.30497171083188 ], [ 116.388835080827732, -0.30497171422464 ], [ 116.389309911815928, -0.304672986775098 ], [ 116.389369270313324, -0.304553488328273 ], [ 116.3896660392558, -0.304374252489127 ], [ 116.389725397744996, -0.304254754028975 ], [ 116.389784749518654, -0.304254757408499 ], [ 116.389784752875102, -0.304195006487176 ], [ 116.389844104649086, -0.304195009865708 ], [ 116.389903459778878, -0.304135262321255 ], [ 116.389962814908017, -0.304075514775122 ], [ 116.390200232067812, -0.303896275500014 ], [ 116.390259583844767, -0.303896278872931 ], [ 116.390378287400708, -0.303896285617779 ], [ 116.390378294098511, -0.303776783761745 ], [ 116.390734414814062, -0.303597551184459 ], [ 116.390793769938995, -0.303537803618404 ], [ 116.390853121720596, -0.303537806984063 ], [ 116.391209245782974, -0.303298823421788 ], [ 116.391268600905676, -0.303239075844518 ], [ 116.391624734959265, -0.302820839403863 ], [ 116.391921507212132, -0.302581852384829 ], [ 116.391921510538438, -0.302522101439452 ], [ 116.392218276135253, -0.30240261627975 ], [ 116.392455689946146, -0.302283127756016 ], [ 116.392515048378257, -0.302163629194605 ], [ 116.392752465504458, -0.301984389692437 ], [ 116.393049234423984, -0.301805153503507 ], [ 116.393108586221118, -0.301805156837564 ], [ 116.393227293128007, -0.301745412544721 ], [ 116.393286648236455, -0.301685664916493 ], [ 116.393464703635786, -0.301685674909817 ], [ 116.39370211084406, -0.301685688229686 ], [ 116.393761459340666, -0.301745442524762 ], [ 116.394058215064533, -0.301805210138146 ], [ 116.394176915375638, -0.301864967765391 ], [ 116.394236267185548, -0.301864971093914 ], [ 116.394889133834852, -0.301924758664575 ], [ 116.395126541111125, -0.301924771963689 ], [ 116.395363945096904, -0.301984536241277 ], [ 116.395601329279486, -0.302402806436605 ], [ 116.39560132597461, -0.302462557422874 ], [ 116.395601302822186, -0.30288081432654 ], [ 116.39560129620132, -0.303000316298932 ], [ 116.395601269691767, -0.303478324188318 ], [ 116.395601263057841, -0.303597826160627 ], [ 116.39566060161853, -0.303836833447486 ], [ 116.39613540969674, -0.303956362158815 ], [ 116.396194761539576, -0.303956365499563 ], [ 116.396372817072049, -0.303956375519836 ], [ 116.396788299882274, -0.303597892893496 ], [ 116.396788303193048, -0.303538141894202 ], [ 116.396907006889151, -0.303538148558962 ], [ 116.397263121300739, -0.303478417540845 ], [ 116.397381825006633, -0.303478424199049 ], [ 116.397441176860539, -0.303478427527659 ], [ 116.397500528715128, -0.303478430855941 ], [ 116.397619232426251, -0.303478437511522 ], [ 116.397678584282772, -0.303478440838821 ], [ 116.397856639856286, -0.303478450818751 ], [ 116.397915991715436, -0.303478454144739 ], [ 116.397975343575212, -0.303478457470399 ], [ 116.398094047296738, -0.303478464120735 ], [ 116.398687565943362, -0.303478497352749 ], [ 116.398746917811579, -0.303478500674147 ], [ 116.39928108465493, -0.303478530551982 ], [ 116.39934043982511, -0.303418782842695 ], [ 116.399399791700162, -0.303418786159835 ], [ 116.399755909548546, -0.303299303991728 ], [ 116.399815261427491, -0.303299307305267 ], [ 116.40029008963171, -0.303060329650165 ], [ 116.400349444800582, -0.303000581919564 ], [ 116.40046815185292, -0.302940837493364 ], [ 116.400468155136366, -0.30288108645348 ], [ 116.400586862188064, -0.302821342022013 ], [ 116.400586865469577, -0.302761590980794 ], [ 116.400705585634981, -0.30246284237398 ], [ 116.400764940796378, -0.30240309462994 ], [ 116.401061716593688, -0.302104355885224 ], [ 116.401061723135328, -0.301984853792211 ], [ 116.401417857323054, -0.301566616186185 ], [ 116.40153656762385, -0.301447120653302 ], [ 116.401595922773296, -0.301387372884393 ], [ 116.401714636328705, -0.301208126287924 ], [ 116.402070780202507, -0.300610635385777 ], [ 116.40207078345199, -0.300550884328036 ], [ 116.402426914269086, -0.300192397578328 ], [ 116.402723686693449, -0.299953409640331 ], [ 116.402842390480416, -0.299953416161574 ], [ 116.403079814240158, -0.299654673855841 ], [ 116.403198518031658, -0.299654680366705 ], [ 116.403257873161095, -0.299594932550795 ], [ 116.403317228289879, -0.299535184733307 ], [ 116.403376583418051, -0.299475436914157 ], [ 116.403732707722796, -0.299236452117273 ], [ 116.403792059623058, -0.299236455364767 ], [ 116.404385588325468, -0.29905723457231 ], [ 116.404444940231855, -0.299057237814306 ], [ 116.404504295358421, -0.298997489971457 ], [ 116.4046823510824, -0.298997499692593 ], [ 116.404979120282277, -0.298818262618905 ], [ 116.40503847219378, -0.298818265855082 ], [ 116.405097824105979, -0.298818269090935 ], [ 116.405453942015512, -0.298698786309488 ], [ 116.405750704811041, -0.298639051369604 ], [ 116.405869408649508, -0.298639057829365 ], [ 116.405928763777069, -0.298579309958687 ], [ 116.406166171463013, -0.298579322870463 ], [ 116.40646291826323, -0.298818343426488 ], [ 116.406522266984098, -0.298878097761102 ], [ 116.406581615705619, -0.298937852096695 ], [ 116.406819004179582, -0.299296371668057 ], [ 116.406937682353615, -0.299774387018063 ], [ 116.406937675923558, -0.29989388923991 ], [ 116.406937672707556, -0.299953640350832 ], [ 116.406937669490915, -0.300013391461747 ], [ 116.407056360499482, -0.30025240238701 ], [ 116.407115706002813, -0.30037190785296 ], [ 116.407115699561857, -0.300491410078561 ], [ 116.407175048284387, -0.300551164434591 ], [ 116.40717503861724, -0.300730417774858 ], [ 116.407293739285961, -0.300790175378962 ], [ 116.407768561321461, -0.300670699089032 ], [ 116.40782791327311, -0.300670702330005 ], [ 116.407946617178297, -0.300670708810976 ], [ 116.408362100152715, -0.300312224726236 ], [ 116.408777576694362, -0.300073242833082 ], [ 116.408777579901667, -0.300013491702226 ], [ 116.408836931860634, -0.300013494930604 ], [ 116.409133701277284, -0.299834257663408 ], [ 116.409252405201599, -0.299834264112098 ], [ 116.409311760366535, -0.29977451619929 ], [ 116.409371115530845, -0.299714768284866 ], [ 116.409905299207821, -0.299416041554911 ], [ 116.410558190023693, -0.299057570009679 ], [ 116.410617541996629, -0.299057573218079 ], [ 116.410676897156392, -0.298997825274628 ], [ 116.411329778448462, -0.298818607059364 ], [ 116.411389130428418, -0.298818610261004 ], [ 116.411448482408986, -0.298818613462322 ], [ 116.411567186372082, -0.298818619863988 ], [ 116.412101357413249, -0.29875889748859 ], [ 116.412279416553119, -0.29869915590921 ], [ 116.412338768542583, -0.298699159104407 ], [ 116.412576179678922, -0.298639420709908 ], [ 116.412635531671242, -0.298639423902853 ], [ 116.412754238828271, -0.298579679113825 ], [ 116.412813590822196, -0.298579682305164 ], [ 116.413347761962527, -0.29851995983236 ], [ 116.413466469128409, -0.298460215025348 ], [ 116.413941288315343, -0.2984004893191 ], [ 116.41400064032095, -0.298400492502076 ], [ 116.414119344334111, -0.298400498867062 ], [ 116.414772232230646, -0.298101777873064 ], [ 116.414831587397103, -0.298042029852005 ], [ 116.415009646590576, -0.297982288175769 ], [ 116.4155438367724, -0.297564058290662 ], [ 116.415603188790627, -0.297564061456037 ], [ 116.415603195077495, -0.297444559046694 ], [ 116.415721899114544, -0.297444565373938 ], [ 116.415721905397618, -0.297325062962043 ], [ 116.415899964595653, -0.297265321238833 ], [ 116.416256089272125, -0.297026335348863 ], [ 116.416315441295041, -0.297026338504667 ], [ 116.416374799585824, -0.296906839234176 ], [ 116.416434151609337, -0.296906842388069 ], [ 116.416790276281802, -0.296667856434917 ], [ 116.416908983463046, -0.296608111514119 ], [ 116.417383815315873, -0.296309380568734 ], [ 116.417383821557166, -0.296189878121041 ], [ 116.417265117498175, -0.296189871838405 ], [ 116.417265123738218, -0.296070369393254 ], [ 116.417739952446482, -0.295831389595277 ], [ 116.417799310705576, -0.29571189027373 ], [ 116.418214793596761, -0.295353404805065 ], [ 116.41827414873768, -0.29529365669912 ], [ 116.41833350387796, -0.295233908591568 ], [ 116.418748986743722, -0.294875423032902 ], [ 116.419164472683647, -0.294457186162257 ], [ 116.419223827815401, -0.294397438031538 ], [ 116.419283182946529, -0.294337689899214 ], [ 116.419639319888162, -0.293859698575727 ], [ 116.419698675012995, -0.293799950431019 ], [ 116.419698678095216, -0.29374019918224 ], [ 116.419817385260714, -0.293680454136862 ], [ 116.419995459858271, -0.293321955927825 ], [ 116.420232889541055, -0.292903709530214 ], [ 116.420351593628055, -0.292903715711502 ], [ 116.42035159976615, -0.29278421319985 ], [ 116.420470303854401, -0.292784219377352 ], [ 116.420767082472082, -0.292425727254093 ], [ 116.420885789626865, -0.292365982158087 ], [ 116.420945144734716, -0.292306233977551 ], [ 116.421004499841942, -0.29224648579545 ], [ 116.421479331518768, -0.291947754085442 ], [ 116.421538686623137, -0.291888005891021 ], [ 116.421598041726909, -0.29182825769502 ], [ 116.421716748882318, -0.291768512568698 ], [ 116.421776100935162, -0.291768515639641 ], [ 116.421835459087333, -0.291649016166943 ], [ 116.422132228499635, -0.291469777684569 ], [ 116.42225093261159, -0.291469783815444 ], [ 116.422310287712534, -0.291410035603673 ], [ 116.422666403106831, -0.291350302702572 ], [ 116.422725755167491, -0.291350305764077 ], [ 116.422785110269018, -0.291290557543494 ], [ 116.422963166455702, -0.291290566723296 ], [ 116.42314122264797, -0.291290575900265 ], [ 116.42320057471332, -0.291290578958626 ], [ 116.423259926779281, -0.291290582016672 ], [ 116.423675394293397, -0.29123085212301 ], [ 116.423734746364019, -0.291230855177912 ], [ 116.423794098435295, -0.2912308582325 ], [ 116.42391280257965, -0.291230864340731 ], [ 116.423972154652787, -0.291230867394375 ], [ 116.424090861833051, -0.291171122205153 ], [ 116.424209565983006, -0.291171128308985 ], [ 116.424506329398156, -0.291111392263092 ], [ 116.424684388663962, -0.291051650108014 ], [ 116.424862447932853, -0.290991907946397 ], [ 116.424921803039979, -0.290932159688135 ], [ 116.425159214395649, -0.290872420560046 ], [ 116.425277921587025, -0.29081267533817 ], [ 116.42533727367227, -0.290812678380203 ], [ 116.425693389216079, -0.290752945313307 ], [ 116.425752744323773, -0.29069319703937 ], [ 116.425812096413367, -0.290693200077641 ], [ 116.425930803611237, -0.290633454838232 ], [ 116.42599015570238, -0.290633457874937 ], [ 116.426049507794119, -0.290633460911328 ], [ 116.426168211979459, -0.290633466983167 ], [ 116.426286916167285, -0.290633473053752 ], [ 116.426286922195445, -0.290513970416173 ], [ 116.426405626384508, -0.290513976483006 ], [ 116.426464978479956, -0.290513979515952 ], [ 116.427117863602305, -0.290275007547577 ], [ 116.427948808085219, -0.28997629321132 ], [ 116.428008160193954, -0.289976296230507 ], [ 116.428067512303315, -0.289976299249381 ], [ 116.428126864413287, -0.289976302267942 ], [ 116.428245568635134, -0.289976308304125 ], [ 116.428364272859383, -0.289976314339055 ], [ 116.428482977086162, -0.289976320372731 ], [ 116.428601681315399, -0.289976326405155 ], [ 116.42872038854189, -0.289916581091967 ], [ 116.428779740658356, -0.289916584106461 ], [ 116.429135838400725, -0.290215358930372 ], [ 116.429135835405006, -0.290275110279064 ], [ 116.429254533658863, -0.290394619010636 ], [ 116.42931388278673, -0.290454373377813 ], [ 116.429848048943384, -0.290514151875134 ], [ 116.429966753206571, -0.29051415790431 ], [ 116.43002610533911, -0.290514160918427 ], [ 116.430085457472217, -0.290514163932231 ], [ 116.430560268576244, -0.290633690758457 ], [ 116.430678972855461, -0.290633696782579 ], [ 116.430738324995971, -0.290633699794169 ], [ 116.430797677137122, -0.290633702805445 ], [ 116.430916378430581, -0.290693460194283 ], [ 116.431509899891253, -0.290693490289684 ], [ 116.431747305505809, -0.290753253694949 ], [ 116.431925358977693, -0.29081301409326 ], [ 116.431984711132074, -0.290813017100111 ], [ 116.432103415442626, -0.29081302311287 ], [ 116.432162764612883, -0.290872777498987 ], [ 116.432459516447764, -0.291052046676719 ], [ 116.432518868608895, -0.291052049683212 ], [ 116.432756253359969, -0.291530072796655 ], [ 116.43281560552667, -0.291530075806511 ], [ 116.432815599546259, -0.291649578580364 ], [ 116.432874948723409, -0.291709332978648 ], [ 116.432934294909458, -0.291828838765973 ], [ 116.432993641094896, -0.291948344555441 ], [ 116.43305298727978, -0.292067850347018 ], [ 116.433052981290857, -0.292187353125673 ], [ 116.433052978295464, -0.292247104514958 ], [ 116.433112315484465, -0.292545864480198 ], [ 116.433171661662698, -0.292665370279664 ], [ 116.433171658663056, -0.292725121670164 ], [ 116.433231007840334, -0.292784876081221 ], [ 116.433231001838607, -0.292904378863438 ], [ 116.433230998836791, -0.292964130254495 ], [ 116.433290348013841, -0.293023884668325 ], [ 116.433349694188522, -0.29314339047537 ], [ 116.433468392545166, -0.293262899308781 ], [ 116.433527741724419, -0.293322653726859 ], [ 116.433409019318134, -0.293681156034658 ], [ 116.433171601553269, -0.293860398088321 ], [ 116.432934183785108, -0.294039640122053 ], [ 116.432815473391571, -0.294159136824754 ], [ 116.432696766013649, -0.294218882135825 ], [ 116.431806456156124, -0.294756598913617 ], [ 116.431628393578947, -0.294876092515359 ], [ 116.431569041406888, -0.294876089464586 ], [ 116.431450331001031, -0.294995586106774 ], [ 116.431331626659968, -0.294995580000525 ], [ 116.431272271456706, -0.295055328317411 ], [ 116.43115356711867, -0.295055322208013 ], [ 116.431094211915351, -0.295115070521461 ], [ 116.431034856711406, -0.295174818833347 ], [ 116.430916152377037, -0.295174812718924 ], [ 116.430797441968409, -0.295294309334238 ], [ 116.430025857775377, -0.295413772249867 ], [ 116.429610392680203, -0.2954137507885 ], [ 116.429491688372849, -0.295413744653809 ], [ 116.429432336220131, -0.295413741585985 ], [ 116.429016865067453, -0.295533222796074 ], [ 116.428957512918998, -0.295533219724455 ], [ 116.428542044843326, -0.295592949556075 ], [ 116.428304636271662, -0.295592937254982 ], [ 116.427829816099845, -0.295652663971909 ], [ 116.427770460903972, -0.295712412226454 ], [ 116.427711108767554, -0.295712409146264 ], [ 116.427651750510307, -0.295831908730864 ], [ 116.427295631576897, -0.295951392891207 ], [ 116.427236276379034, -0.29601114113416 ], [ 116.427176924246552, -0.296011138047981 ], [ 116.427117569048391, -0.296070886288402 ], [ 116.427058216916834, -0.29607088320096 ], [ 116.426939512655608, -0.296070877025117 ], [ 116.426820805328333, -0.296130622171775 ], [ 116.426702101071427, -0.296130615992126 ], [ 116.426583396817009, -0.296130609811198 ], [ 116.425811803844596, -0.2964293261698 ], [ 116.425633747487055, -0.296429316874164 ], [ 116.425455691135042, -0.296429307575647 ], [ 116.425396332858526, -0.296548807093053 ], [ 116.425277625545164, -0.296608552196816 ], [ 116.424862148409687, -0.296847535681671 ], [ 116.42432797015131, -0.297026761592971 ], [ 116.424268618043854, -0.29702675848048 ], [ 116.424209265937009, -0.297026755367668 ], [ 116.424090561725166, -0.297026749141081 ], [ 116.424031209620196, -0.297026746027307 ], [ 116.423497049988597, -0.296847464122826 ], [ 116.423200301883767, -0.296608443401812 ], [ 116.423200304976689, -0.296548692116213 ], [ 116.422784843432652, -0.296488919033295 ], [ 116.422725494438467, -0.296429164637521 ], [ 116.422547447459721, -0.296249901455806 ], [ 116.422844223341457, -0.295951160611333 ], [ 116.422903581602938, -0.295831661155187 ], [ 116.423200357460956, -0.295532920260132 ], [ 116.423200360542651, -0.295473168974399 ], [ 116.423319064719252, -0.295473175177993 ], [ 116.423437781213877, -0.295234176227362 ], [ 116.423497139456472, -0.295114676747793 ], [ 116.423259746484774, -0.294815907926233 ], [ 116.423081696382198, -0.294696396071007 ], [ 116.423022350447411, -0.294576890408428 ], [ 116.422963001439669, -0.294517136031298 ], [ 116.422725596197793, -0.294457372374542 ], [ 116.422606895118037, -0.294397614906374 ], [ 116.422310140895632, -0.294278096879527 ], [ 116.422250788823945, -0.29427809378503 ], [ 116.42213208468246, -0.294278087595083 ], [ 116.42171661712969, -0.294337817190398 ], [ 116.421657265063942, -0.294337814092094 ], [ 116.421241791378364, -0.294517046190332 ], [ 116.421063732112003, -0.294576788144363 ], [ 116.420588906387678, -0.294756017075283 ], [ 116.420470199187335, -0.294815762114337 ], [ 116.420410844042479, -0.294875510260529 ], [ 116.419995364202663, -0.295174244736007 ], [ 116.419817289459147, -0.295532742885168 ], [ 116.419520501264643, -0.296070488496418 ], [ 116.419223713006403, -0.296608234042328 ], [ 116.419164360954909, -0.296608230906666 ], [ 116.419164357839719, -0.296667982149417 ], [ 116.419105002672367, -0.296727730254968 ], [ 116.419104999555614, -0.296787481497091 ], [ 116.419045644386685, -0.296847229600395 ], [ 116.418808204962559, -0.297444729431187 ], [ 116.418808201836654, -0.297504480670089 ], [ 116.418808195582997, -0.297623983147874 ], [ 116.418867522598987, -0.298101996212089 ], [ 116.4189268683904, -0.298221501845319 ], [ 116.418926862122944, -0.298341004325476 ], [ 116.418986214181217, -0.298341007480745 ], [ 116.418986207911914, -0.298460509962122 ], [ 116.418986204776317, -0.29852026120281 ], [ 116.418986201640095, -0.298580012443474 ], [ 116.418808126627042, -0.298938510401651 ], [ 116.418748771425541, -0.2989982584772 ], [ 116.41874876828301, -0.2990580097153 ], [ 116.41868941622343, -0.299058006551155 ], [ 116.418630057876229, -0.299177505860322 ], [ 116.418273920338336, -0.299655496723074 ], [ 116.418155216223411, -0.299655490376638 ], [ 116.418155209917472, -0.29977499284002 ], [ 116.418155206763558, -0.299834744071693 ], [ 116.417917779592983, -0.300193238742133 ], [ 116.417917776433384, -0.300252989971245 ], [ 116.417858424376163, -0.300252986789916 ], [ 116.417858418054436, -0.30037248924682 ], [ 116.417799062835044, -0.300432237291742 ], [ 116.417502277224102, -0.300910231166092 ], [ 116.417442921997988, -0.300969979199489 ], [ 116.417442918827618, -0.301029730423415 ], [ 116.417324208371582, -0.301149226484149 ], [ 116.417146133153565, -0.301507724225428 ], [ 116.416908702668238, -0.301925969955215 ], [ 116.416849347429007, -0.301985717968129 ], [ 116.416671278520241, -0.30222471321283 ], [ 116.416671275332448, -0.302284464428374 ], [ 116.416611920088712, -0.302344212433599 ], [ 116.416552564844338, -0.302403960437222 ], [ 116.416493206407978, -0.302523459652875 ], [ 116.416315137471358, -0.30276245485908 ], [ 116.416196420576327, -0.30300145326696 ], [ 116.416018351614667, -0.303240448440144 ], [ 116.415958996358995, -0.303300196424492 ], [ 116.415840279435159, -0.30353919480153 ], [ 116.415721565707329, -0.303718441961749 ], [ 116.415721562498561, -0.303778193166985 ], [ 116.41548413501657, -0.304136687457828 ], [ 116.415424776533854, -0.304256186625893 ], [ 116.415721536805734, -0.304256202808717 ], [ 116.415840240918897, -0.304256209279546 ], [ 116.41589959297643, -0.304256212514468 ], [ 116.415958945034575, -0.304256215749061 ], [ 116.416077649152811, -0.304256222217261 ], [ 116.416255708545762, -0.304196480706196 ], [ 116.416908600488725, -0.303838008932491 ], [ 116.416967955757883, -0.303778260938481 ], [ 116.41708665989232, -0.303778267385363 ], [ 116.417146018361748, -0.30365876816735 ], [ 116.417264722498629, -0.303658774609728 ], [ 116.417324080964804, -0.303539275385617 ], [ 116.417680218936809, -0.303061284885453 ], [ 116.417739574197469, -0.30300153687062 ], [ 116.418214413077052, -0.302583303926418 ], [ 116.418333120406729, -0.302523559100927 ], [ 116.41862990620497, -0.302045565219769 ], [ 116.41862992207156, -0.301746809037207 ], [ 116.419104748181553, -0.301567580846635 ], [ 116.419223452337206, -0.301567587223143 ], [ 116.419342156495375, -0.301567593598349 ], [ 116.419401511740773, -0.301507845540724 ], [ 116.419460863821101, -0.301507848726881 ], [ 116.420054413086817, -0.300970119304853 ], [ 116.420054419397246, -0.300850616801267 ], [ 116.42017312356522, -0.300850623152215 ], [ 116.420232478803442, -0.300790875073549 ], [ 116.420588607071622, -0.300492137825437 ], [ 116.420647962306305, -0.300432389736246 ], [ 116.420707314393965, -0.300432392904223 ], [ 116.421241492639652, -0.300253167608076 ], [ 116.421300847873852, -0.300193419505827 ], [ 116.42136020310744, -0.300133671401988 ], [ 116.421419558340347, -0.30007392329656 ], [ 116.421478910434217, -0.300073926456542 ], [ 116.422013098110853, -0.299715447245789 ], [ 116.422072450209029, -0.299715450398759 ], [ 116.422428578452582, -0.299416712924237 ], [ 116.42248793055353, -0.2994167160718 ], [ 116.422547285780851, -0.299356967940652 ], [ 116.422665989985234, -0.299356974232904 ], [ 116.423022093241983, -0.299536246952109 ], [ 116.423022086991281, -0.299655749518865 ], [ 116.423022083864964, -0.299715500802242 ], [ 116.423022074482375, -0.299894754652299 ], [ 116.422487871039806, -0.300551990347858 ], [ 116.422487867901253, -0.300611741625485 ], [ 116.422309802158694, -0.300790985971324 ], [ 116.422191094803679, -0.300850730919457 ], [ 116.422072387449248, -0.300910475863819 ], [ 116.422013032199757, -0.300970223970839 ], [ 116.42201302905427, -0.30102997524336 ], [ 116.421953673803174, -0.301089723348155 ], [ 116.421894315403406, -0.301209222722639 ], [ 116.421834960150079, -0.301268970823621 ], [ 116.421775604896084, -0.301328718922996 ], [ 116.421716249641463, -0.301388467020798 ], [ 116.421656894386189, -0.30144821511701 ], [ 116.421538183873679, -0.301567711304629 ], [ 116.421538180719352, -0.301627462572104 ], [ 116.421419473358611, -0.301687207485937 ], [ 116.420944618613333, -0.302404197191704 ], [ 116.420825908077717, -0.30252369333605 ], [ 116.420825904909506, -0.302583444595847 ], [ 116.420707197539471, -0.30264318947404 ], [ 116.420647835926616, -0.302822440056378 ], [ 116.420588480653961, -0.302882188120132 ], [ 116.420529125380682, -0.302941936182258 ], [ 116.420410418007634, -0.303001681046411 ], [ 116.420410414832148, -0.303061432301744 ], [ 116.42029170110294, -0.303240679668919 ], [ 116.420291697924299, -0.303300430922931 ], [ 116.420232339465628, -0.303419930229244 ], [ 116.420113632086995, -0.303479675076812 ], [ 116.420113628904872, -0.303539426328939 ], [ 116.420113622538722, -0.303658928833173 ], [ 116.419698129160196, -0.304196667618247 ], [ 116.419579415386238, -0.304375914930472 ], [ 116.418985865640309, -0.304913643917595 ], [ 116.418926507138366, -0.305033143171469 ], [ 116.418867155044495, -0.305033139945092 ], [ 116.418867148633254, -0.305152642422475 ], [ 116.418511013606363, -0.305570881693732 ], [ 116.418095529671831, -0.305929366428498 ], [ 116.417680045717844, -0.3062878510937 ], [ 116.417264571434089, -0.306467082024919 ], [ 116.416849103626689, -0.306526810479294 ], [ 116.416789751546602, -0.306526807225528 ], [ 116.416314934928749, -0.306526781183486 ], [ 116.416077526634922, -0.306526768154518 ], [ 116.416018174563035, -0.306526764896449 ], [ 116.415662062145046, -0.306526745341078 ], [ 116.415602710077579, -0.30652674208069 ], [ 116.415246610644019, -0.306287717711954 ], [ 116.415187284470477, -0.305809704857656 ], [ 116.415127951803555, -0.305451194410164 ], [ 116.415009267065187, -0.305092680721337 ], [ 116.415009270291748, -0.305032929523862 ], [ 116.414890566187779, -0.305032923027287 ], [ 116.41441573040855, -0.305391404174334 ], [ 116.414415727174884, -0.305451155365387 ], [ 116.414415720705719, -0.305570657747506 ], [ 116.414356365420915, -0.305630405680769 ], [ 116.414118918334609, -0.306347406900104 ], [ 116.413881477642505, -0.306944905681691 ], [ 116.413881471135753, -0.307064408052005 ], [ 116.413822115829646, -0.307124155960457 ], [ 116.413822112574337, -0.307183907144926 ], [ 116.413584668507738, -0.307841157033255 ], [ 116.413465921910486, -0.308617915808053 ], [ 116.413465918637385, -0.308677666988544 ], [ 116.413465912089265, -0.308797169349539 ], [ 116.41346590881426, -0.308856920530026 ], [ 116.413347168626814, -0.309514176905465 ], [ 116.413287809999659, -0.309633675957204 ], [ 116.413287803429256, -0.30975317831417 ], [ 116.413169096023083, -0.309812922874825 ], [ 116.413109737387828, -0.309932421918489 ], [ 116.412694233449074, -0.310649412798592 ], [ 116.412456795492531, -0.311187160037011 ], [ 116.412338088068211, -0.311246904548533 ], [ 116.412338081452901, -0.311366406884645 ], [ 116.412160018658412, -0.31148589922383 ], [ 116.412160015347553, -0.311545650389927 ], [ 116.412041301293826, -0.311724897216848 ], [ 116.411922593864318, -0.311784641707616 ], [ 116.41192259054894, -0.311844392871138 ], [ 116.411803879801369, -0.311963888518954 ], [ 116.411269664764333, -0.312800374635666 ], [ 116.411269661434446, -0.312860125792049 ], [ 116.411210302716327, -0.31297962475075 ], [ 116.411091591939083, -0.313099120350504 ], [ 116.410735452910771, -0.313577109411814 ], [ 116.410735446227761, -0.313696611712864 ], [ 116.410676087486792, -0.313816110647791 ], [ 116.410557383377821, -0.313816103914654 ], [ 116.41055737668772, -0.31393560621182 ], [ 116.41049802128714, -0.313995353991349 ], [ 116.410141888869703, -0.314353840634511 ], [ 116.410082530110628, -0.31447333954605 ], [ 116.410082526756199, -0.314533090689387 ], [ 116.410023174703724, -0.314533087311899 ], [ 116.409607683474135, -0.315011072765575 ], [ 116.409488972646869, -0.31513056826832 ], [ 116.408954780635995, -0.315548795687745 ], [ 116.408895428589886, -0.315548792292873 ], [ 116.408836069797744, -0.31566829115717 ], [ 116.408776717752218, -0.315668287760331 ], [ 116.408717362332382, -0.315728035491609 ], [ 116.408658010287823, -0.315728032093444 ], [ 116.408598651490664, -0.315847530949246 ], [ 116.408539299446716, -0.315847527549113 ], [ 116.40842058860288, -0.315967022998226 ], [ 116.408361236560154, -0.315967019595782 ], [ 116.408301884518067, -0.315967016192997 ], [ 116.40824252909573, -0.316026763913148 ], [ 116.408183177054582, -0.316026760509037 ], [ 116.408064469591693, -0.31608650482113 ], [ 116.407589639745638, -0.316325482029999 ], [ 116.406996102450776, -0.316624203452173 ], [ 116.40693674702429, -0.31668395114347 ], [ 116.406818042963309, -0.316683944305694 ], [ 116.40616514685729, -0.317102164377694 ], [ 116.405690306809376, -0.317520394614308 ], [ 116.405571602765846, -0.317520387744065 ], [ 116.40557159593952, -0.317639889932198 ], [ 116.405452891897198, -0.317639883057997 ], [ 116.405393539876982, -0.317639879620382 ], [ 116.405274832422691, -0.317699623834911 ], [ 116.405274829006203, -0.317759374925744 ], [ 116.404799988920146, -0.318177604995855 ], [ 116.404325148805498, -0.318595834971144 ], [ 116.404028361260387, -0.319073826311861 ], [ 116.403969009247405, -0.319073822850454 ], [ 116.403969005808619, -0.319133573926847 ], [ 116.40385029490308, -0.319253069151907 ], [ 116.403731563324897, -0.319731070812917 ], [ 116.403731556429747, -0.31985057296037 ], [ 116.40367220096671, -0.319910320561868 ], [ 116.403494134573378, -0.320089563356514 ], [ 116.402900611016491, -0.320149279650155 ], [ 116.402841255552701, -0.320209027234482 ], [ 116.402663199534885, -0.320209016791524 ], [ 116.402069665665437, -0.320447986181102 ], [ 116.401891609668652, -0.320447975716851 ], [ 116.401535487287546, -0.32062720792781 ], [ 116.40147613182279, -0.320686955483948 ], [ 116.401357424363155, -0.320746699543629 ], [ 116.400882587574998, -0.321105177827095 ], [ 116.400823235584582, -0.321105174325267 ], [ 116.400704528126042, -0.321164918360989 ], [ 116.400110994328145, -0.321403887445658 ], [ 116.400051638857747, -0.321463634969286 ], [ 116.399517464048813, -0.321583105416006 ], [ 116.398686522421912, -0.321822060246582 ], [ 116.398567811481115, -0.321941555234847 ], [ 116.397736859405413, -0.322359762913366 ], [ 116.397618151968288, -0.322419506851374 ], [ 116.397321392163164, -0.322419489171297 ], [ 116.397262040204126, -0.322419485634238 ], [ 116.397143336287925, -0.322419478559073 ], [ 116.39708398433082, -0.322419475020968 ], [ 116.39702463237434, -0.322419471482515 ], [ 116.396371771449736, -0.322240179558988 ], [ 116.395956321902062, -0.322001150815263 ], [ 116.395600220815169, -0.321821876615133 ], [ 116.395184771343494, -0.321582847905907 ], [ 116.395006715553194, -0.321582837283701 ], [ 116.394947363624425, -0.321582833742271 ], [ 116.394888011696281, -0.321582830200494 ], [ 116.394769311360648, -0.321523072141047 ], [ 116.394294495972332, -0.321523043794034 ], [ 116.394235144051734, -0.321523040249094 ], [ 116.393938373886144, -0.321702275416088 ], [ 116.393700987366543, -0.321343755439976 ], [ 116.393463600850353, -0.320985235489692 ], [ 116.393404255981466, -0.32086573002624 ], [ 116.393166872984438, -0.320447459152404 ], [ 116.393166876499961, -0.320387708195199 ], [ 116.393166883529048, -0.320268206280801 ], [ 116.39316690109024, -0.319969451494614 ], [ 116.393285604890607, -0.319969458562332 ], [ 116.393344956791765, -0.319969462095673 ], [ 116.393997841765795, -0.319730497073619 ], [ 116.394116549083918, -0.31967075315853 ], [ 116.394472664044912, -0.319611023332794 ], [ 116.395006824284934, -0.31973055697812 ], [ 116.39536293231177, -0.319790329078697 ], [ 116.395422287730071, -0.319730581615669 ], [ 116.395481643147704, -0.31967083415094 ], [ 116.395600346995664, -0.319670841185126 ], [ 116.395837772150728, -0.31937210031468 ], [ 116.395897131051854, -0.319252601851335 ], [ 116.395897134538501, -0.319192850863698 ], [ 116.396015873213884, -0.31859534799271 ], [ 116.396015876692672, -0.318535597003699 ], [ 116.396075232093509, -0.318475849515668 ], [ 116.39607523904715, -0.318356347536297 ], [ 116.396075242522983, -0.318296596546584 ], [ 116.396134597920124, -0.318236849054913 ], [ 116.396193960262323, -0.318057599579494 ], [ 116.396312691858896, -0.317579598630792 ], [ 116.396312716107133, -0.317161341683666 ], [ 116.39631271956857, -0.317101590691204 ], [ 116.396312723029354, -0.317041839698718 ], [ 116.396372112968848, -0.316384582257299 ], [ 116.396372137123393, -0.315966325304587 ], [ 116.39637214057143, -0.315906574311346 ], [ 116.396372144018812, -0.315846823318064 ], [ 116.396372175015998, -0.315309064378267 ], [ 116.396372202524688, -0.314831056431315 ], [ 116.396372209395352, -0.314711554444495 ], [ 116.396372240280996, -0.314173795503515 ], [ 116.396372260842085, -0.313815289542534 ], [ 116.396372267690566, -0.313695787555513 ], [ 116.396372271113833, -0.313636036561976 ], [ 116.39637229847645, -0.313158028613478 ], [ 116.396372325797316, -0.312680020664541 ], [ 116.396372332621027, -0.312560518677225 ], [ 116.396372359889725, -0.312082510727721 ], [ 116.39637236670039, -0.311963008740302 ], [ 116.396372370104729, -0.311903257746565 ], [ 116.396372373508427, -0.311843506752822 ], [ 116.39637240071454, -0.31136549880266 ], [ 116.396313069207991, -0.311006989422544 ], [ 116.395838247365802, -0.311126464048412 ], [ 116.395660154297616, -0.311783714627635 ], [ 116.395660150890549, -0.311843465613486 ], [ 116.395600792193193, -0.311962964153419 ], [ 116.395600788783838, -0.312022715138609 ], [ 116.39560078537383, -0.312082466123758 ], [ 116.395541406186339, -0.312560470566249 ], [ 116.395541399353263, -0.31267997253517 ], [ 116.395541382259097, -0.312978727457318 ], [ 116.395541378838303, -0.313038478441718 ], [ 116.395600710188489, -0.313396987795947 ], [ 116.395660041519875, -0.313755497157462 ], [ 116.395481951522328, -0.314352996638253 ], [ 116.395481948086186, -0.314412747621853 ], [ 116.395481944649376, -0.314472498605446 ], [ 116.395185161101153, -0.314890738161899 ], [ 116.394888377513567, -0.315308977663481 ], [ 116.394888374063612, -0.315368728640393 ], [ 116.394769653017306, -0.315667476570535 ], [ 116.394769646107491, -0.315786978521618 ], [ 116.394769642651596, -0.315846729497158 ], [ 116.394769621902554, -0.316205235350216 ], [ 116.395066367550228, -0.316444256677998 ], [ 116.395066364088848, -0.316504007656752 ], [ 116.395363102828583, -0.316862530969497 ], [ 116.395422430473729, -0.317280791334927 ], [ 116.395244350449346, -0.317699037723132 ], [ 116.39518499506579, -0.317758785205786 ], [ 116.395125643157002, -0.3177587817075 ], [ 116.395066287773091, -0.31781852918747 ], [ 116.395006932388526, -0.317878276665757 ], [ 116.394650810512886, -0.318057508578711 ], [ 116.394472751318546, -0.31811724903566 ], [ 116.394235329768733, -0.318356238885475 ], [ 116.394175974379579, -0.318415986343729 ], [ 116.394057270577335, -0.318415979320645 ], [ 116.393819852508472, -0.318595218164408 ], [ 116.393701145219282, -0.318654962096577 ], [ 116.39364179332172, -0.318654958579818 ], [ 116.393226340541673, -0.318475681078634 ], [ 116.393167020071729, -0.317937918943967 ], [ 116.393523162760744, -0.317400181355064 ], [ 116.39370122190897, -0.317340440901325 ], [ 116.393997998745817, -0.31704170357339 ], [ 116.394057357583549, -0.316922205135305 ], [ 116.39387931579779, -0.316683190785374 ], [ 116.393404518067641, -0.316384408022561 ], [ 116.393345169656214, -0.316324653569491 ], [ 116.392870358103778, -0.316264874660808 ], [ 116.392751654354925, -0.316264867670138 ], [ 116.392632971434921, -0.315906354967534 ], [ 116.39251426769539, -0.315906347982058 ], [ 116.392514274633569, -0.315786846081106 ], [ 116.392514278101672, -0.315727095130636 ], [ 116.39251428156912, -0.315667344180143 ], [ 116.392336260617355, -0.315069824221858 ], [ 116.392276912216857, -0.315010069788912 ], [ 116.392217567277655, -0.314890564409678 ], [ 116.392158229255116, -0.314651557139452 ], [ 116.392276957157705, -0.314233307465324 ], [ 116.392217608753739, -0.314173553041855 ], [ 116.392217612205812, -0.314113802094503 ], [ 116.392217619107996, -0.313994300199727 ], [ 116.392039566996985, -0.313934538831931 ], [ 116.391920866744002, -0.313874780939185 ], [ 116.39174281119378, -0.313874770515643 ], [ 116.391683462796834, -0.313815016098983 ], [ 116.39150538652865, -0.314173511310037 ], [ 116.391386651692955, -0.314711262792597 ], [ 116.391327261706493, -0.315368519616824 ], [ 116.391327258235563, -0.315428270554109 ], [ 116.391327254763979, -0.315488021491386 ], [ 116.391327247818808, -0.315607523365954 ], [ 116.391505282539441, -0.315966039489601 ], [ 116.391564634398051, -0.315966042988972 ], [ 116.391623979305038, -0.316085548369077 ], [ 116.391683327688853, -0.316145302810277 ], [ 116.39180201054225, -0.316503815465474 ], [ 116.391802007061528, -0.316563566407955 ], [ 116.391861320599318, -0.317220830286062 ], [ 116.391861317111065, -0.31728058122912 ], [ 116.391861306642326, -0.317459834058168 ], [ 116.39180192332725, -0.317997589024833 ], [ 116.391801919830115, -0.318057339967122 ], [ 116.391801895331724, -0.3184755965629 ], [ 116.391445759543359, -0.318893831970651 ], [ 116.391445756034315, -0.318953582908865 ], [ 116.391386400649921, -0.319013330313279 ], [ 116.391386397139215, -0.3190730812508 ], [ 116.391267689879115, -0.319132825117013 ], [ 116.391030257777146, -0.31955106750497 ], [ 116.390970902384964, -0.319610814895593 ], [ 116.390970874209074, -0.320088822358045 ], [ 116.391030222560701, -0.320148576839594 ], [ 116.391030183746636, -0.320805837106928 ], [ 116.391030159005325, -0.321224093640213 ], [ 116.391089507351992, -0.321283848134562 ], [ 116.391089503814584, -0.321343599068523 ], [ 116.391089496737777, -0.321463100936406 ], [ 116.391089493198379, -0.321522851870329 ], [ 116.391148841544506, -0.321582606368252 ], [ 116.391148830921438, -0.321761859171994 ], [ 116.391148827379112, -0.32182161010656 ], [ 116.391208172181365, -0.321941115543288 ], [ 116.391208168637391, -0.322000866478496 ], [ 116.391208165092777, -0.322060617413662 ], [ 116.391267509892486, -0.322180122853993 ], [ 116.391267477952567, -0.322717881276257 ], [ 116.391326804970717, -0.323136141406678 ], [ 116.39132680141428, -0.323195892343067 ], [ 116.391326797857189, -0.32325564327945 ], [ 116.391326790741076, -0.32337514515216 ], [ 116.391148710113029, -0.323793390943092 ], [ 116.390851950624707, -0.323793372997043 ], [ 116.390733246834003, -0.323793365816176 ], [ 116.390614543045913, -0.32379335863391 ], [ 116.390080376032188, -0.323793326296398 ], [ 116.389961672258593, -0.323793319106437 ], [ 116.389842968487628, -0.323793311915077 ], [ 116.389308808699923, -0.323673777709091 ], [ 116.38889335271999, -0.323554250697302 ], [ 116.38859660051591, -0.32343473088647 ], [ 116.388537255797416, -0.323315225476534 ], [ 116.38841855563841, -0.323255467375201 ], [ 116.388359203772879, -0.323255463776589 ], [ 116.388299855482799, -0.323195709275091 ], [ 116.388181155330557, -0.323135951176239 ], [ 116.388062448031363, -0.323195694878418 ], [ 116.388003092593635, -0.323255442177587 ], [ 116.388003067539614, -0.323673698471807 ], [ 116.388596543225802, -0.324390745378866 ], [ 116.389130692200311, -0.324689532413298 ], [ 116.389190044082753, -0.324689536023315 ], [ 116.389308740678231, -0.324809045069592 ], [ 116.389368092563387, -0.324809048679885 ], [ 116.389486796335589, -0.324809055899419 ], [ 116.389546144637421, -0.324868810424961 ], [ 116.389664844829042, -0.32492856856134 ], [ 116.390139642043536, -0.325227352042149 ], [ 116.390198993940345, -0.325227355652173 ], [ 116.390317694150525, -0.325287113796028 ], [ 116.390377046049679, -0.325287117405661 ], [ 116.390436394364102, -0.325346871941156 ], [ 116.390495746264904, -0.325346875550749 ], [ 116.390555098166359, -0.325346879159991 ], [ 116.391089250976449, -0.32558591536119 ], [ 116.39144534452285, -0.325884691693193 ], [ 116.391564034008724, -0.326123702666753 ], [ 116.391564026832242, -0.326243204544107 ], [ 116.391564023243021, -0.326302955482757 ], [ 116.391385942340023, -0.326721201196663 ], [ 116.391326586825429, -0.326780948513061 ], [ 116.391267231310181, -0.326840695827791 ], [ 116.39073304245693, -0.32719916879669 ], [ 116.39061433502367, -0.327258912466815 ], [ 116.390554979504017, -0.327318659764 ], [ 116.390495627591008, -0.327318656132884 ], [ 116.390436272070943, -0.327378403427366 ], [ 116.3903769201589, -0.32737839979488 ], [ 116.390258212727375, -0.327438143452802 ], [ 116.38966467919451, -0.327677110763961 ], [ 116.389605323672683, -0.327736858040163 ], [ 116.38954597176776, -0.327736854398743 ], [ 116.389071145688916, -0.327916077986524 ], [ 116.388952441889515, -0.32791607069297 ], [ 116.38847762671827, -0.327916041504585 ], [ 116.387943477836714, -0.327617254150585 ], [ 116.387884129576449, -0.327557499603227 ], [ 116.387824777691733, -0.327557495953538 ], [ 116.38776543305805, -0.327437990511439 ], [ 116.387231284267827, -0.327139203206808 ], [ 116.387171939640979, -0.327019697779042 ], [ 116.387112591390803, -0.326959943242371 ], [ 116.38705324314131, -0.326900188706639 ], [ 116.386993894892527, -0.32684043417188 ], [ 116.386934546644426, -0.326780679638094 ], [ 116.386875198397021, -0.326720925105298 ], [ 116.38681585015037, -0.326661170573459 ], [ 116.386697150037861, -0.326601412396871 ], [ 116.386162983269017, -0.326601379569337 ], [ 116.386044279549878, -0.326601372270449 ], [ 116.385628816553876, -0.326601346713229 ], [ 116.385450764622689, -0.326541584884696 ], [ 116.384857253398991, -0.326422046613626 ], [ 116.384738549711187, -0.326422039303231 ], [ 116.384382431395949, -0.326541519079747 ], [ 116.384026309455194, -0.326720749681557 ], [ 116.383966953979183, -0.326780496871611 ], [ 116.383729524779227, -0.327138987316175 ], [ 116.383670169297659, -0.327198734496388 ], [ 116.383670162004137, -0.327318236196305 ], [ 116.38367014375865, -0.327616990445995 ], [ 116.383670140107583, -0.327676741295899 ], [ 116.38414494023813, -0.327915774113393 ], [ 116.38473845872501, -0.327915810853895 ], [ 116.384797810577368, -0.327915814525998 ], [ 116.384857162430379, -0.327915818197745 ], [ 116.384975869784427, -0.327856074675556 ], [ 116.385035221639043, -0.327856078345573 ], [ 116.385094577139029, -0.327796331149285 ], [ 116.385510040142378, -0.327796356822326 ], [ 116.385688092084067, -0.327856118692382 ], [ 116.38574744394667, -0.327856122358149 ], [ 116.385984844123058, -0.32797563876962 ], [ 116.386044188707032, -0.32809514418822 ], [ 116.385984814973583, -0.328453645777127 ], [ 116.38586610758928, -0.328513389309291 ], [ 116.38586610394124, -0.328573140183861 ], [ 116.38586609664317, -0.328692641932961 ], [ 116.385747392906069, -0.328692634583786 ], [ 116.385747385603949, -0.328812136330202 ], [ 116.385509948888554, -0.329290128586189 ], [ 116.385450593360986, -0.329349875772763 ], [ 116.385450564063973, -0.329827882730839 ], [ 116.385035071621999, -0.330305863816361 ], [ 116.384441549284176, -0.33036557768421 ], [ 116.384322845559197, -0.330365570280499 ], [ 116.384204141836832, -0.330365562875361 ], [ 116.384144789976673, -0.330365559172256 ], [ 116.38408543811714, -0.330365555468794 ], [ 116.383966734400119, -0.330365548060801 ], [ 116.383907382542603, -0.330365544356269 ], [ 116.383848030685755, -0.33036554065138 ], [ 116.383729326974077, -0.330365533240532 ], [ 116.383669975119233, -0.330365529534573 ], [ 116.383610623265042, -0.330365525828257 ], [ 116.383491919558665, -0.330365518414554 ], [ 116.383432567706492, -0.330365514707167 ], [ 116.38307645660737, -0.330365492455353 ], [ 116.382957752912986, -0.330365485035227 ], [ 116.382542278936285, -0.330544711564026 ], [ 116.382423571560608, -0.330604454968923 ], [ 116.382304864185528, -0.330664198369662 ], [ 116.382245512344895, -0.33066419465178 ], [ 116.382186160504943, -0.33066419093354 ], [ 116.382067456827059, -0.330664183495989 ], [ 116.382008104989083, -0.330664179776677 ], [ 116.38159264214211, -0.330664153731497 ], [ 116.381533290309491, -0.330664150009329 ], [ 116.381473938477555, -0.330664146286803 ], [ 116.381355234815672, -0.33066413884068 ], [ 116.381355256994979, -0.330305633900419 ], [ 116.381414616210492, -0.330186135971449 ], [ 116.381948804816474, -0.32982766443516 ], [ 116.382126875048499, -0.329588672236017 ], [ 116.382186230562638, -0.329528925109608 ], [ 116.382304937909637, -0.329469181685921 ], [ 116.382779778322572, -0.329050955431103 ], [ 116.382839130159667, -0.329050959127647 ], [ 116.383017193014794, -0.328931468530371 ], [ 116.383076548522439, -0.328871721381123 ], [ 116.382898507680366, -0.328632706936477 ], [ 116.382779804010497, -0.328632699553141 ], [ 116.382661107678132, -0.328513190491578 ], [ 116.382483055851893, -0.32845342857941 ], [ 116.38230500036525, -0.328453417502464 ], [ 116.382245648537705, -0.32845341380944 ], [ 116.382186296710842, -0.32845341011606 ], [ 116.382067593059091, -0.328453402728236 ], [ 116.382008241234217, -0.328453399033792 ], [ 116.381830185763633, -0.328453387948332 ], [ 116.381414737710784, -0.328214358772583 ], [ 116.38105863416861, -0.328094834952763 ], [ 116.380999282357223, -0.328094831256327 ], [ 116.380465105056416, -0.32827405041313 ], [ 116.380405753250642, -0.328274046711129 ], [ 116.38034640144555, -0.328274043008773 ], [ 116.380227697837412, -0.328274035602997 ], [ 116.379752883431422, -0.328274005965711 ], [ 116.378981313798818, -0.328214206960013 ], [ 116.378862613907785, -0.328154448743963 ], [ 116.378743917705137, -0.328034939735146 ], [ 116.378565862352403, -0.328034928605339 ], [ 116.377853652068595, -0.327855631702589 ], [ 116.377734952209934, -0.327795873493975 ], [ 116.377378841587486, -0.327795851211278 ], [ 116.377260138052051, -0.32779584378088 ], [ 116.377200786285343, -0.327795840065149 ], [ 116.377141434519288, -0.327795836349065 ], [ 116.377082082753944, -0.327795832632627 ], [ 116.376963379225231, -0.327795825198688 ], [ 116.37690402746189, -0.327795821481187 ], [ 116.376844675699203, -0.327795817763333 ], [ 116.376725972175862, -0.327795810326562 ], [ 116.376429198591282, -0.328034794798917 ], [ 116.376429194892594, -0.328094545566528 ], [ 116.376369839433835, -0.328154292609375 ], [ 116.375835640273252, -0.328692015917589 ], [ 116.375301459639772, -0.328930985313569 ], [ 116.375123400671768, -0.328990724844098 ], [ 116.374648582974658, -0.329050445644731 ], [ 116.374589231230189, -0.329050441899138 ], [ 116.374529879486431, -0.329050438153191 ], [ 116.374411176000905, -0.329050430660229 ], [ 116.374292472518107, -0.329050423165845 ], [ 116.373877014074239, -0.328990646186017 ], [ 116.37381766606326, -0.328930891698886 ], [ 116.373698962595384, -0.328930884200119 ], [ 116.373461559393519, -0.328871118464834 ], [ 116.373402211389106, -0.328811363981333 ], [ 116.372986775377996, -0.328393082624883 ], [ 116.372927431101374, -0.328273577421953 ], [ 116.372868079381149, -0.328273573674919 ], [ 116.372630694836346, -0.327915054338852 ], [ 116.372452647133969, -0.327795541659566 ], [ 116.372393295421958, -0.327795537915157 ], [ 116.372155862517204, -0.328213777964256 ], [ 116.372096507079732, -0.328273524931223 ], [ 116.372037144184574, -0.328452773330827 ], [ 116.371977762615685, -0.328930775308288 ], [ 116.372037084431255, -0.329408784805049 ], [ 116.37203708069093, -0.329468535522097 ], [ 116.372037073208205, -0.329588036956255 ], [ 116.371799643867959, -0.329946526170398 ], [ 116.37168094043416, -0.329946518624239 ], [ 116.37162158871827, -0.329946514850625 ], [ 116.371502885288535, -0.329946507302327 ], [ 116.370790657258738, -0.330065963387937 ], [ 116.370671953846582, -0.330065955826923 ], [ 116.370612602141563, -0.330065952045882 ], [ 116.370315843626514, -0.330065933135326 ], [ 116.370197140225287, -0.330065925568608 ], [ 116.369959722148309, -0.330245162510031 ], [ 116.369959714623135, -0.330364663896081 ], [ 116.369959710859519, -0.330424414589086 ], [ 116.370375146424692, -0.330842695989596 ], [ 116.37067188990288, -0.331081717747538 ], [ 116.370671863516009, -0.331499972655423 ], [ 116.370553156316561, -0.331559715759843 ], [ 116.370553152542897, -0.331619466459552 ], [ 116.37013767167582, -0.331918193329667 ], [ 116.370078319965899, -0.331918189524179 ], [ 116.369603498743388, -0.332037660444826 ], [ 116.369544147038866, -0.332037656634741 ], [ 116.368950645179268, -0.331798615789466 ], [ 116.368653916985778, -0.33132059130719 ], [ 116.368297814426825, -0.331201067108911 ], [ 116.368238462742298, -0.331201063300555 ], [ 116.368179111058438, -0.331201059491841 ], [ 116.36776363792967, -0.331380284823339 ], [ 116.367704286250216, -0.3313802810097 ], [ 116.367466845403584, -0.331918021727812 ], [ 116.367348119253663, -0.332276518059811 ], [ 116.367348115452572, -0.332336268722388 ], [ 116.367051334226048, -0.332694753537656 ], [ 116.366991982546949, -0.332694749704576 ], [ 116.366932627060194, -0.332754496528828 ], [ 116.366813919894938, -0.332814239515819 ], [ 116.366754568217871, -0.332814235679925 ], [ 116.366576509378902, -0.332873974823629 ], [ 116.366517157704195, -0.332873970985608 ], [ 116.366457806030212, -0.332873967147228 ], [ 116.36633910268425, -0.332873959469388 ], [ 116.366220399341003, -0.33287395179011 ], [ 116.366101696000541, -0.332873944109393 ], [ 116.366042344331319, -0.332873940268496 ], [ 116.365982992662779, -0.332873936427239 ], [ 116.365567534820215, -0.332814158886549 ], [ 116.36533015870387, -0.33233613839777 ], [ 116.365330162517083, -0.332276387758624 ], [ 116.365211463017502, -0.332216629443173 ], [ 116.365211466830047, -0.332156878805377 ], [ 116.365033442352328, -0.331678862204408 ], [ 116.364974094510373, -0.331619107735768 ], [ 116.364914750475904, -0.331499602633771 ], [ 116.364558663441443, -0.331141075853488 ], [ 116.364499315604832, -0.331081321393681 ], [ 116.364143220994535, -0.330842295907153 ], [ 116.364024521530183, -0.330782537624189 ], [ 116.363727774786113, -0.33060326661223 ], [ 116.363490387291961, -0.330304498204467 ], [ 116.363253014997056, -0.329766727357572 ], [ 116.362956268306547, -0.329587456407918 ], [ 116.362896916693302, -0.329587452586073 ], [ 116.362481455419612, -0.329587425823188 ], [ 116.362184697387647, -0.329587406696162 ], [ 116.362184682179162, -0.329826409107277 ], [ 116.361531810746172, -0.329886117561089 ], [ 116.361531806937748, -0.329945868156183 ], [ 116.36165050252005, -0.330065377017253 ], [ 116.361650494899777, -0.330184878210201 ], [ 116.361709838879804, -0.330304383240806 ], [ 116.361709835067586, -0.330364133837965 ], [ 116.361769182859177, -0.330423888273785 ], [ 116.361769175232055, -0.330543389469456 ], [ 116.361769171417478, -0.330603140067281 ], [ 116.361709800726828, -0.330901889212009 ], [ 116.361413015940158, -0.331320124140601 ], [ 116.361413008288068, -0.331439625327688 ], [ 116.361353652854319, -0.331499372067928 ], [ 116.361294289760792, -0.331678619990647 ], [ 116.360938157126299, -0.33203710037616 ], [ 116.360582032150319, -0.33227607953101 ], [ 116.36046332894766, -0.33227607179589 ], [ 116.360166559418388, -0.332455304188316 ], [ 116.360047856223233, -0.332455296443995 ], [ 116.359751090549267, -0.332574778224777 ], [ 116.359691735104974, -0.332634524922133 ], [ 116.359573028066819, -0.332694267739748 ], [ 116.359394969437943, -0.332754006673326 ], [ 116.359335613992471, -0.332813753362235 ], [ 116.35927625854633, -0.332873500049366 ], [ 116.359098203778331, -0.332873488401552 ], [ 116.358979500603127, -0.332873480634545 ], [ 116.358623391094099, -0.332873457324895 ], [ 116.358564039511691, -0.332873453438695 ], [ 116.357911176014923, -0.332813660114487 ], [ 116.357495715013357, -0.332813632878225 ], [ 116.35696155091847, -0.33281359783429 ], [ 116.356486734564328, -0.332873317195178 ], [ 116.356427383006903, -0.332873313296035 ], [ 116.356308679894141, -0.332873305496669 ], [ 116.356249328338833, -0.332873301596446 ], [ 116.356189976784208, -0.332873297695864 ], [ 116.355715168249318, -0.332813515951872 ], [ 116.355299722939719, -0.332574486536415 ], [ 116.355240371397997, -0.332574482633587 ], [ 116.354824910625453, -0.332574455303729 ], [ 116.35476555908933, -0.332574451398027 ], [ 116.354587496721919, -0.332693940705003 ], [ 116.354528145187842, -0.33269393679646 ], [ 116.354468793654462, -0.332693932887558 ], [ 116.354231371984753, -0.332932919283825 ], [ 116.354172016565528, -0.332992665878472 ], [ 116.354172008787643, -0.333112166894728 ], [ 116.354053297942826, -0.333231660075884 ], [ 116.354053294050715, -0.333291410582581 ], [ 116.354053282370216, -0.333470662102662 ], [ 116.353993926942508, -0.333530408687734 ], [ 116.353934563719378, -0.333709656281538 ], [ 116.35387520828813, -0.333769402861644 ], [ 116.353756477908647, -0.334187648532012 ], [ 116.353756442737918, -0.334725403059446 ], [ 116.35375643491453, -0.334844904065456 ], [ 116.353756431001784, -0.334904654568459 ], [ 116.353756427088328, -0.334964405071454 ], [ 116.353756419259355, -0.335083906077388 ], [ 116.353578333293058, -0.335561898257891 ], [ 116.353459618444049, -0.335741141858904 ], [ 116.353459614519039, -0.335800892358264 ], [ 116.353400262979576, -0.335800888406327 ], [ 116.352925470323385, -0.335502104312521 ], [ 116.352866118792008, -0.335502100360838 ], [ 116.352747423582372, -0.335382591474437 ], [ 116.352510041017183, -0.335024072737739 ], [ 116.352450693415662, -0.334964318301644 ], [ 116.35221331085593, -0.334605799598213 ], [ 116.352094615659382, -0.334486290740284 ], [ 116.35203527197973, -0.334366785830195 ], [ 116.352035275896597, -0.334307035347569 ], [ 116.352035279812782, -0.334247284864903 ], [ 116.351916600273427, -0.333888774092228 ], [ 116.351382436710622, -0.333888738629942 ], [ 116.351382432794693, -0.333948489104914 ], [ 116.35126372587041, -0.334008231692547 ], [ 116.351263721952392, -0.334067982166059 ], [ 116.351145018946809, -0.334067974275908 ], [ 116.351145011107221, -0.334187475220121 ], [ 116.351026308103002, -0.334187467325704 ], [ 116.350966948757389, -0.334306964317903 ], [ 116.35096694483407, -0.334366714787833 ], [ 116.350314039045571, -0.334964175936964 ], [ 116.349423731170944, -0.335501870543214 ], [ 116.349245672755259, -0.335561609072223 ], [ 116.349126957929712, -0.335740852465809 ], [ 116.349008254954526, -0.335740844510034 ], [ 116.348889548029419, -0.335800586997832 ], [ 116.347999248094226, -0.33621878030243 ], [ 116.347939892652633, -0.33627852674577 ], [ 116.34710894820725, -0.33663697337601 ], [ 116.346634132494771, -0.336696691778301 ], [ 116.346456074125726, -0.336756430180123 ], [ 116.346396722663357, -0.336756426174014 ], [ 116.346218664299585, -0.336816164566472 ], [ 116.34615931283966, -0.336816160558197 ], [ 116.346040609921999, -0.336816152540555 ], [ 116.344972251856177, -0.337294083500283 ], [ 116.344794197514503, -0.337294071434347 ], [ 116.344438076853507, -0.337473298467288 ], [ 116.344260014524153, -0.337592787163865 ], [ 116.344200663082916, -0.337592783134313 ], [ 116.344022608763368, -0.337592771043469 ], [ 116.343844546438831, -0.337712259718093 ], [ 116.343666492129927, -0.337712247616402 ], [ 116.343607140695013, -0.337712243581776 ], [ 116.343547785252255, -0.337771989927572 ], [ 116.343429082385285, -0.337771981855067 ], [ 116.342716857213702, -0.337891434130977 ], [ 116.342657505789063, -0.33789143008837 ], [ 116.342123347018116, -0.337831643324864 ], [ 116.342004644184527, -0.337831635233416 ], [ 116.341945296787884, -0.337771880825632 ], [ 116.341885945373221, -0.337771876779712 ], [ 116.341351798756989, -0.337532838932612 ], [ 116.341233095945483, -0.337532830838842 ], [ 116.341173748561047, -0.33747307643922 ], [ 116.341114397157426, -0.337473072392139 ], [ 116.340995698372964, -0.337413313946804 ], [ 116.340817644171793, -0.33741330180334 ], [ 116.340758292772847, -0.33741329775479 ], [ 116.340698941374569, -0.337413293705875 ], [ 116.340639589977044, -0.337413289656596 ], [ 116.340224134238781, -0.337353510960672 ], [ 116.339749323126895, -0.337353478538653 ], [ 116.339571268971696, -0.337353466374383 ], [ 116.339452566205154, -0.337353458263048 ], [ 116.339333867470771, -0.337293699820253 ], [ 116.339274516090327, -0.337293695764029 ], [ 116.338443612971275, -0.337054637661711 ], [ 116.338384261603025, -0.3370546336029 ], [ 116.338324910235499, -0.337054629543725 ], [ 116.338206207502537, -0.337054621424284 ], [ 116.338146856137143, -0.337054617364017 ], [ 116.33808750477246, -0.337054613303386 ], [ 116.337612693880743, -0.337054580805231 ], [ 116.337493991164962, -0.337054572677052 ], [ 116.337493983088891, -0.337174073292498 ], [ 116.336603728971951, -0.33693501107548 ], [ 116.33624762091064, -0.336934986658101 ], [ 116.336188269569604, -0.336934982587264 ], [ 116.336069566889662, -0.336934974444499 ], [ 116.335713462913432, -0.336875199721364 ], [ 116.335594760245698, -0.33687519157422 ], [ 116.335476061627915, -0.3368154331424 ], [ 116.335060606374938, -0.336755654337753 ], [ 116.33440774183282, -0.336755609482344 ], [ 116.334289035144522, -0.336815351590831 ], [ 116.334170332512002, -0.33681534342767 ], [ 116.334110981196801, -0.336815339345545 ], [ 116.333992278568573, -0.336815331180201 ], [ 116.333932927255574, -0.336815327096984 ], [ 116.333873575943244, -0.336815323013403 ], [ 116.333695517952719, -0.336875061021987 ], [ 116.333636166642947, -0.336875056936226 ], [ 116.333458108657794, -0.336934794935364 ], [ 116.333398757350494, -0.336934790847423 ], [ 116.333339406043976, -0.336934786759118 ], [ 116.332983298219773, -0.336934762221644 ], [ 116.332271107042445, -0.336576211642743 ], [ 116.331796308932695, -0.336396928190701 ], [ 116.331736961712949, -0.33633717386149 ], [ 116.331618263212249, -0.336277415442482 ], [ 116.331558920058058, -0.336157910880372 ], [ 116.331499568778582, -0.336157906790236 ], [ 116.331380870285102, -0.336098148375587 ], [ 116.330906064155101, -0.336038365413965 ], [ 116.330787357547905, -0.336098107454274 ], [ 116.330728002210805, -0.336157853585432 ], [ 116.330609295603992, -0.336217595618453 ], [ 116.330549940265826, -0.336277341744833 ], [ 116.330490584926949, -0.336337087869437 ], [ 116.330193824522865, -0.336396817590228 ], [ 116.329837733246023, -0.336157792119025 ], [ 116.329837782071152, -0.335440789546287 ], [ 116.329837786135215, -0.335381039331838 ], [ 116.329719132349041, -0.334664028592718 ], [ 116.329719140459048, -0.334544528166521 ], [ 116.32971914451295, -0.334484777953454 ], [ 116.329719148566156, -0.334425027740345 ], [ 116.32971915667035, -0.334305527314123 ], [ 116.329719160721368, -0.334245777100993 ], [ 116.329778516017598, -0.334186030964828 ], [ 116.329837879408643, -0.334006784397625 ], [ 116.329837883455298, -0.333947034183017 ], [ 116.329837895590998, -0.333767783539114 ], [ 116.32989726704578, -0.33346903653329 ], [ 116.329778584755672, -0.333170277328069 ], [ 116.329659906491514, -0.332811767923227 ], [ 116.329659914557325, -0.332692267498066 ], [ 116.329659918589144, -0.33263251728545 ], [ 116.329600599585305, -0.332154511531536 ], [ 116.329541284561742, -0.331616755577195 ], [ 116.329481941373047, -0.331497251109074 ], [ 116.329125838046963, -0.331437476621744 ], [ 116.329066486825411, -0.331437472574365 ], [ 116.328769742792247, -0.331258201726683 ], [ 116.328651040360711, -0.331258193631652 ], [ 116.328591689146009, -0.3312581895836 ], [ 116.328413643549439, -0.331138677042389 ], [ 116.328413647569889, -0.331078926844941 ], [ 116.328057556399585, -0.330839901783443 ], [ 116.328057560418529, -0.330780151590342 ], [ 116.327998213232547, -0.330720397352164 ], [ 116.327998221267535, -0.330600896967371 ], [ 116.327820191755251, -0.330242383693041 ], [ 116.327820195768354, -0.330182633502757 ], [ 116.327760848582997, -0.330122879273312 ], [ 116.327642178271034, -0.329644869689045 ], [ 116.327582839097872, -0.329465615092407 ], [ 116.327523523929685, -0.328927859379299 ], [ 116.327464172742609, -0.328927855352973 ], [ 116.327286139180032, -0.328629092352623 ], [ 116.32710808563499, -0.328629080279293 ], [ 116.326751962557921, -0.328868056832133 ], [ 116.326217781948117, -0.329166771400638 ], [ 116.326039720409398, -0.329286259625205 ], [ 116.325980365225206, -0.329346005753282 ], [ 116.325802287614849, -0.329704494622825 ], [ 116.325742932424589, -0.32976424074138 ], [ 116.325683577233619, -0.329823986858071 ], [ 116.325505487497111, -0.330361726167423 ], [ 116.325386748861561, -0.330899469496675 ], [ 116.325386724632324, -0.331257970457463 ], [ 116.325386720591567, -0.331317720617572 ], [ 116.325208646848608, -0.331616459200482 ], [ 116.325208642802409, -0.331676209358345 ], [ 116.325149287580146, -0.331735955441526 ], [ 116.324674449832315, -0.33215417388971 ], [ 116.324199628303901, -0.332333391651247 ], [ 116.324080925971614, -0.332333383474655 ], [ 116.324021574806594, -0.33233337938582 ], [ 116.323962223642283, -0.332333375296627 ], [ 116.323902872478698, -0.332333371207074 ], [ 116.323784166090206, -0.332393113167019 ], [ 116.323724814928468, -0.332393109075655 ], [ 116.323546757381948, -0.3324528469366 ], [ 116.323487406222768, -0.332452842843064 ], [ 116.323368703906596, -0.332452834654913 ], [ 116.323309352749618, -0.332452830560299 ], [ 116.32295324582303, -0.332452805985075 ], [ 116.322834539449332, -0.332512547918816 ], [ 116.322300379118843, -0.332512511018648 ], [ 116.322062970470469, -0.332572244728003 ], [ 116.321588161358122, -0.332572211886039 ], [ 116.32141010387241, -0.332631949674987 ], [ 116.321350752738496, -0.332631945566309 ], [ 116.321172695258326, -0.332691683345823 ], [ 116.321113344126999, -0.332691679234971 ], [ 116.321053992996397, -0.332691675123758 ], [ 116.320935290737452, -0.332691666900255 ], [ 116.320757225093999, -0.332870904869777 ], [ 116.320697865788716, -0.332990400957682 ], [ 116.320697861698591, -0.333050151059416 ], [ 116.320935225289119, -0.333647668574873 ], [ 116.320994572327535, -0.333707422803966 ], [ 116.32099456823039, -0.333767172909305 ], [ 116.321113237706001, -0.334245182012882 ], [ 116.321113233602972, -0.334304932119631 ], [ 116.321053853718539, -0.334723178730304 ], [ 116.320935147325272, -0.334782920561061 ], [ 116.320875787961498, -0.334902416630355 ], [ 116.320757085680413, -0.334902408350035 ], [ 116.320638375173615, -0.33502190026978 ], [ 116.320519664663934, -0.335141392182121 ], [ 116.32051966054631, -0.335201142281374 ], [ 116.320222896621118, -0.335320621739588 ], [ 116.320044839094578, -0.335380359384418 ], [ 116.31998547971277, -0.33549985541859 ], [ 116.319926128579269, -0.335499851265789 ], [ 116.319629352278383, -0.335798580936805 ], [ 116.319629348147302, -0.335858331024901 ], [ 116.319510641752998, -0.335918072792283 ], [ 116.319510633485692, -0.336037572965427 ], [ 116.319391927089242, -0.336097314725432 ], [ 116.31897644020988, -0.336515536130105 ], [ 116.318857733811782, -0.336575277865001 ], [ 116.318382920676086, -0.336634994543085 ], [ 116.317967458696657, -0.336694715365989 ], [ 116.317908103428394, -0.336754461252514 ], [ 116.317611339548193, -0.336873940469068 ], [ 116.317492637324222, -0.336873932099973 ], [ 116.317433286213344, -0.336873927914879 ], [ 116.31737393510322, -0.336873923729422 ], [ 116.317255232885145, -0.336873915357415 ], [ 116.317195881777224, -0.336873911170866 ], [ 116.317017824297665, -0.336933648664362 ], [ 116.316899122087719, -0.336933640286503 ], [ 116.316780415718355, -0.336993381959502 ], [ 116.316721064615621, -0.336993377768556 ], [ 116.316661713513597, -0.336993373577246 ], [ 116.316543011311822, -0.336993365193534 ], [ 116.316305602751029, -0.337053098468135 ], [ 116.316246251653837, -0.337053094273534 ], [ 116.316186900557369, -0.337053090078568 ], [ 116.316068198366651, -0.337053081687545 ], [ 116.316008847272442, -0.337053077491488 ], [ 116.315355985284569, -0.337053031310827 ], [ 116.315296634199186, -0.337053027110401 ], [ 116.314643784835226, -0.336873730805055 ], [ 116.31458443793413, -0.336813976577673 ], [ 116.314465739960568, -0.336754218149631 ], [ 116.313872237622888, -0.33663467607989 ], [ 116.313812886558551, -0.336634671875587 ], [ 116.313634833369989, -0.336634659260494 ], [ 116.31357548230865, -0.336634655054736 ], [ 116.313397429129026, -0.336634642435281 ], [ 116.313278731192241, -0.336574884012054 ], [ 116.313160029079881, -0.336574875597306 ], [ 116.313100678024824, -0.336574871389386 ], [ 116.312625869611011, -0.336574837712942 ], [ 116.312566522745499, -0.336515083502271 ], [ 116.312210429023651, -0.336335808246989 ], [ 116.31137953125095, -0.336096749325318 ], [ 116.31132018022106, -0.336096745112484 ], [ 116.311142127135852, -0.336096732471805 ], [ 116.311082776108918, -0.336096728257519 ], [ 116.31102342508278, -0.33609672404287 ], [ 116.310845372008743, -0.336096711396746 ], [ 116.310607967920419, -0.336096694530164 ], [ 116.310133168162295, -0.335977160841923 ], [ 116.309480311248677, -0.335917364452855 ], [ 116.309420960243699, -0.335917360230658 ], [ 116.309242907233241, -0.33591734756189 ], [ 116.309183556231304, -0.335917343338242 ], [ 116.308946148033371, -0.335977076393847 ], [ 116.308827446036872, -0.335977067941056 ], [ 116.30870873984378, -0.336036809437609 ], [ 116.308590037852554, -0.336036800980411 ], [ 116.308233931896794, -0.336036775600107 ], [ 116.307877834376583, -0.335917250326184 ], [ 116.307640434646487, -0.335857483458767 ], [ 116.307581087869252, -0.335797729289521 ], [ 116.306928243951987, -0.3355586830012 ], [ 116.30680954621657, -0.33549892460754 ], [ 116.306690848484848, -0.335439166215405 ], [ 116.306631497517884, -0.335439161982188 ], [ 116.305978649554774, -0.33525986564418 ], [ 116.305919298597885, -0.33525986140888 ], [ 116.30532580169934, -0.335080569312092 ], [ 116.305266450751802, -0.335080565075075 ], [ 116.30491036192052, -0.334841540034637 ], [ 116.304613636674318, -0.334423269555772 ], [ 116.304376262364272, -0.334005003349629 ], [ 116.304079537125929, -0.333586732954385 ], [ 116.303782807700415, -0.333228212491307 ], [ 116.303664122642502, -0.332989204496934 ], [ 116.30366413102557, -0.332869704722828 ], [ 116.302595902677396, -0.33161488138023 ], [ 116.302477209256395, -0.33149537321644 ], [ 116.301824403842659, -0.330718578670257 ], [ 116.301765061314143, -0.33059907474121 ], [ 116.301468336152283, -0.33018080471369 ], [ 116.301230953527153, -0.329882038637117 ], [ 116.301112268466255, -0.329643030825762 ], [ 116.301112272631229, -0.329583280970962 ], [ 116.300934240868486, -0.329284519128694 ], [ 116.300874894173091, -0.329224765086811 ], [ 116.300696870726227, -0.328806503569781 ], [ 116.300637519874783, -0.328806499384395 ], [ 116.300637528188503, -0.328686999686684 ], [ 116.300459496417261, -0.328388237900001 ], [ 116.300400170480117, -0.328029734643288 ], [ 116.300340823786215, -0.327969980620876 ], [ 116.300103449455833, -0.327551715016463 ], [ 116.300044123477335, -0.327193211795071 ], [ 116.300044131757261, -0.327073712112206 ], [ 116.299866116492566, -0.326535951056766 ], [ 116.299806773931181, -0.326416447218428 ], [ 116.2998067780631, -0.326356697379943 ], [ 116.299569403676955, -0.325938431891631 ], [ 116.299510061111249, -0.325818928066605 ], [ 116.299510065237342, -0.325759178231839 ], [ 116.299035299958717, -0.325161646706091 ], [ 116.298975953270769, -0.325101892729299 ], [ 116.298857276369844, -0.324743385473344 ], [ 116.298501196255458, -0.324384861669268 ], [ 116.298323160320294, -0.324145849963325 ], [ 116.298323164432134, -0.324086100143608 ], [ 116.298204466957728, -0.324026342046475 ], [ 116.298204471068757, -0.323966592228321 ], [ 116.298026463880134, -0.323309331836538 ], [ 116.297967121300886, -0.323189828075 ], [ 116.297670400196978, -0.322711808930295 ], [ 116.297433046229173, -0.321994794724476 ], [ 116.297433050318944, -0.321935044915974 ], [ 116.297136329182891, -0.321457025889634 ], [ 116.29683959988202, -0.321098506517213 ], [ 116.296720902450872, -0.321038748497821 ], [ 116.296720906532613, -0.320978998698397 ], [ 116.296602205023376, -0.320978990480095 ], [ 116.296542858351899, -0.320919236573254 ], [ 116.296483507599532, -0.320919232464001 ], [ 116.296364810179384, -0.32085947444959 ], [ 116.296127427591884, -0.320560709050331 ], [ 116.295890061313429, -0.320022944520661 ], [ 116.29571204981157, -0.319425434349119 ], [ 116.295534017947247, -0.319126673141576 ], [ 116.295474671282719, -0.319066919265844 ], [ 116.295177925780521, -0.31894739924417 ], [ 116.295118575056989, -0.318947395152242 ], [ 116.294584447035618, -0.318529109904535 ], [ 116.294465745609301, -0.318529101724186 ], [ 116.294406398960447, -0.318469347863622 ], [ 116.294169016432591, -0.318170582666481 ], [ 116.294109673846236, -0.318051079046562 ], [ 116.294050327200665, -0.317991325194642 ], [ 116.293753618308884, -0.317334057383718 ], [ 116.293753626411444, -0.317214557860606 ], [ 116.293516247932104, -0.316856042995856 ], [ 116.293456905335574, -0.316736539405635 ], [ 116.293041462671908, -0.316557261626863 ], [ 116.292982111989446, -0.316557257553289 ], [ 116.292863414673661, -0.316497499654985 ], [ 116.292447976120116, -0.316258472152041 ], [ 116.292388625447018, -0.316258468078896 ], [ 116.29226992814948, -0.316198710189143 ], [ 116.292210577478997, -0.316198706115743 ], [ 116.291735776191345, -0.316138923780717 ], [ 116.291498373542879, -0.316138907475855 ], [ 116.291023572334723, -0.316079125123451 ], [ 116.29096422168098, -0.316079121044421 ], [ 116.290370723294927, -0.315959580799717 ], [ 116.289836583742186, -0.315720545212758 ], [ 116.289361798945649, -0.315421764029749 ], [ 116.289302452369739, -0.315362010245692 ], [ 116.289243105794483, -0.315302256462817 ], [ 116.288649611727934, -0.315122966568788 ], [ 116.287700014109561, -0.314943652193656 ], [ 116.287640667561178, -0.314883898427854 ], [ 116.287521966355555, -0.314883890261528 ], [ 116.286928468491254, -0.314764350063323 ], [ 116.286809767305456, -0.314764341891937 ], [ 116.286750420772393, -0.314704588134984 ], [ 116.286691078297508, -0.314585084709229 ], [ 116.286216293894952, -0.314286303704198 ], [ 116.28615695142463, -0.314166800294691 ], [ 116.285800872283559, -0.313808277845939 ], [ 116.28574152981372, -0.313688774451048 ], [ 116.285444797215874, -0.313390005786874 ], [ 116.284969996758477, -0.313330223520573 ], [ 116.284495200407363, -0.313210691603683 ], [ 116.284376503354451, -0.31315093380502 ], [ 116.28372366355137, -0.312911890390778 ], [ 116.283248863298397, -0.312852108118347 ], [ 116.283189512763798, -0.312852104036691 ], [ 116.283130166284437, -0.312792350331148 ], [ 116.283011469274143, -0.312732592545743 ], [ 116.282952118743268, -0.312732588464295 ], [ 116.282833417683904, -0.312732580300387 ], [ 116.282774071210326, -0.312672826599042 ], [ 116.282358625646964, -0.312553298790954 ], [ 116.282180582196531, -0.312433787319283 ], [ 116.282121231678204, -0.312433783237011 ], [ 116.281824483154651, -0.312374013214156 ], [ 116.2817057861851, -0.312314255441911 ], [ 116.280993592275394, -0.312134957632235 ], [ 116.28093424583183, -0.312075203952365 ], [ 116.280934249888674, -0.31201545435765 ], [ 116.280637505512701, -0.311895934753161 ], [ 116.280162709690345, -0.311776402902506 ], [ 116.279865957256902, -0.31177638247347 ], [ 116.279747256288957, -0.311776374299499 ], [ 116.27915375149604, -0.311776333409437 ], [ 116.278916345535592, -0.311836066612117 ], [ 116.278678943651315, -0.311836050238138 ], [ 116.278560267104808, -0.311477544668415 ], [ 116.278560271167251, -0.31141779510493 ], [ 116.278560295525409, -0.311059297723895 ], [ 116.27850096128671, -0.310820295388069 ], [ 116.278500969394301, -0.310700796262545 ], [ 116.278441618933897, -0.310700792182107 ], [ 116.278085524296813, -0.310581268577839 ], [ 116.277966823388965, -0.310581260415071 ], [ 116.277848130592943, -0.310461753142653 ], [ 116.277551374292543, -0.310521482284594 ], [ 116.277492019788852, -0.310581227750581 ], [ 116.277135900878818, -0.310820201416976 ], [ 116.276779790101571, -0.310939675953554 ], [ 116.276720423391595, -0.311178670016906 ], [ 116.276720419321933, -0.311238419556064 ], [ 116.276542331333147, -0.311776153093126 ], [ 116.276126857852887, -0.312074872002315 ], [ 116.275948802458856, -0.31213460919424 ], [ 116.275177238684051, -0.312254054726104 ], [ 116.275058537834084, -0.312254046486315 ], [ 116.274999187410288, -0.312254042365915 ], [ 116.274761785722902, -0.31225402588094 ], [ 116.2741682856567, -0.312194235139757 ], [ 116.27399023442392, -0.312194222764737 ], [ 116.273930884014547, -0.312194218639055 ], [ 116.273812179098812, -0.312253959887085 ], [ 116.273752828691485, -0.312253955759602 ], [ 116.27363412377801, -0.312313697001652 ], [ 116.273574773372715, -0.312313692872368 ], [ 116.273040611548794, -0.31243315467389 ], [ 116.272565808385693, -0.312433121590532 ], [ 116.272447107602744, -0.312433113316318 ], [ 116.272328406822979, -0.312433105040754 ], [ 116.271616189863309, -0.31261230377237 ], [ 116.271200737217882, -0.312612274752282 ], [ 116.271141386843126, -0.312612270605205 ], [ 116.271022690215773, -0.312552512846849 ], [ 116.270725942484006, -0.312492742647773 ], [ 116.270666592116214, -0.312492738499581 ], [ 116.27072595484141, -0.312313494270041 ], [ 116.271082073516155, -0.312074521281747 ], [ 116.271438183973771, -0.311955047180805 ], [ 116.271675606008088, -0.311656316365538 ], [ 116.271438216822261, -0.311477051430167 ], [ 116.271082126915942, -0.311297778248754 ], [ 116.270488631503298, -0.311178238018098 ], [ 116.270429281146036, -0.311178233886012 ], [ 116.269717076920102, -0.311178184274754 ], [ 116.269301624507435, -0.311178155312504 ], [ 116.269242274165919, -0.311178151173696 ], [ 116.269004872807784, -0.3111781346151 ], [ 116.268945518356844, -0.31123787991017 ], [ 116.268826817683419, -0.311237871626593 ], [ 116.267699132578599, -0.311656038797264 ], [ 116.267639782255742, -0.31165603464301 ], [ 116.267521077484716, -0.311715775749878 ], [ 116.267461727163891, -0.311715771593817 ], [ 116.266927545372539, -0.312133980032932 ], [ 116.266868195057313, -0.312133975867923 ], [ 116.26674949442922, -0.312133967536894 ], [ 116.266749486151568, -0.312253466348845 ], [ 116.266630785525336, -0.312253458013278 ], [ 116.265859223241108, -0.312372902587195 ], [ 116.265562471737539, -0.312372881712469 ], [ 116.265443771141634, -0.312372873360217 ], [ 116.265384424993385, -0.312313119795977 ], [ 116.265621863472589, -0.311775391979814 ], [ 116.265918627373708, -0.311596164628313 ], [ 116.265978006600506, -0.311177923021653 ], [ 116.26597801072981, -0.311118173625922 ], [ 116.265978031364384, -0.310819426647178 ], [ 116.265740646687064, -0.310580412463484 ], [ 116.265147139689006, -0.310640120323122 ], [ 116.264791021479155, -0.310879092906396 ], [ 116.264434899131203, -0.311177814814064 ], [ 116.264434894992434, -0.311237564189011 ], [ 116.26419749388964, -0.311237547518325 ], [ 116.264019463768449, -0.310938788165016 ], [ 116.263960117636259, -0.310879034630901 ], [ 116.263782087513405, -0.310580275303775 ], [ 116.263544702995603, -0.310341261201446 ], [ 116.263129255326731, -0.31028148271564 ], [ 116.263069909206379, -0.31022172919726 ], [ 116.262535740407046, -0.310460689131376 ] ] ] ] } },
{ "type": "Feature", "properties": { "Id": 0, "area": 10396.916017400001, "danau": "D. Semayang" }, "geometry": { "type": "MultiPolygon", "coordinates": [ [ [ [ 116.402565563109988, -0.269626142702765 ], [ 116.401319098010788, -0.270462621212725 ], [ 116.400820483186308, -0.271382790522447 ], [ 116.399158584642862, -0.271382707532201 ], [ 116.398909324657481, -0.270880771198177 ], [ 116.397995289008222, -0.270713417594145 ], [ 116.398493891317742, -0.270044210731583 ], [ 116.398909419116777, -0.268956729709243 ], [ 116.399574202814492, -0.268454838720428 ], [ 116.399491152724906, -0.267534640755411 ], [ 116.39974046583508, -0.266949075098417 ], [ 116.400571418882109, -0.266865461900525 ], [ 116.400820744016414, -0.266028934050585 ], [ 116.400405297746318, -0.2654433357237 ], [ 116.399989847461512, -0.264941391466806 ], [ 116.400488452920868, -0.264188529737359 ], [ 116.401070137167082, -0.263770287917442 ], [ 116.401901114077916, -0.263184749975319 ], [ 116.402399723257119, -0.262348233709112 ], [ 116.403064506286384, -0.261846341397226 ], [ 116.403230763169375, -0.260424230591126 ], [ 116.403230771034785, -0.260256922500177 ], [ 116.403230774965621, -0.260173268454669 ], [ 116.40323077889515, -0.260089614409167 ], [ 116.403230790676233, -0.259838652272559 ], [ 116.403313889500311, -0.259755002177004 ], [ 116.403396984401169, -0.259755006126447 ], [ 116.403646273031811, -0.259671363919559 ], [ 116.403729367937174, -0.25967136786553 ], [ 116.40389555775171, -0.259671375755825 ], [ 116.404061747571248, -0.25967138364392 ], [ 116.404227945225443, -0.259504083408141 ], [ 116.404394135052925, -0.259504091286758 ], [ 116.404560340520717, -0.259169482899379 ], [ 116.404726534258501, -0.259085836694957 ], [ 116.404809633079168, -0.259002186555078 ], [ 116.405058925637448, -0.258834890190587 ], [ 116.405308222088706, -0.258583939728448 ], [ 116.405640609568522, -0.258416647234052 ], [ 116.405640613455759, -0.258332993151462 ], [ 116.405723723916935, -0.257998380728547 ], [ 116.405889921527589, -0.257831080368932 ], [ 116.405889925404409, -0.257747426282514 ], [ 116.405889937027297, -0.257496464023111 ], [ 116.40588994476964, -0.257329155850126 ], [ 116.405889960239136, -0.25699453950404 ], [ 116.406056161670108, -0.256743585017432 ], [ 116.406388549082465, -0.256576292368654 ], [ 116.406471647863469, -0.256492642154203 ], [ 116.406554750494521, -0.256325337839883 ], [ 116.40672095189386, -0.256074383293695 ], [ 116.406970248209987, -0.255823432596416 ], [ 116.407053343140788, -0.255823436462246 ], [ 116.407136453419497, -0.255488823904708 ], [ 116.40746885612117, -0.254986914675393 ], [ 116.40763504981112, -0.254903268261384 ], [ 116.407801247321885, -0.254735967724223 ], [ 116.407884349891816, -0.254568663333822 ], [ 116.408050555014, -0.254234054536142 ], [ 116.408216756308562, -0.253983099838277 ], [ 116.408382946185455, -0.253983107497645 ], [ 116.408382953790053, -0.253815799247903 ], [ 116.408549143669831, -0.253815806900076 ], [ 116.408798439888358, -0.253564855980707 ], [ 116.40913083104337, -0.253313908848219 ], [ 116.409130834831487, -0.253230254711914 ], [ 116.409463237315734, -0.252728345111291 ], [ 116.409546332264355, -0.252728348914295 ], [ 116.409546336041046, -0.252644694771635 ], [ 116.409629438538943, -0.252477390284975 ], [ 116.409878742232806, -0.252059130939057 ], [ 116.409961844710239, -0.251891826431217 ], [ 116.409961848471795, -0.251808172282174 ], [ 116.410128053402971, -0.25147356324713 ], [ 116.410211163360955, -0.251138950415345 ], [ 116.410294265805874, -0.250971645881243 ], [ 116.410377364501002, -0.250887995497015 ], [ 116.410460463195093, -0.250804345109765 ], [ 116.410709766743352, -0.250386085608496 ], [ 116.410792872893481, -0.250135126882779 ], [ 116.410792876623532, -0.250051472720922 ], [ 116.410875986480775, -0.249716859822581 ], [ 116.410875997646855, -0.249465897333033 ], [ 116.410876012517534, -0.249131280680157 ], [ 116.410876016232066, -0.249047626516898 ], [ 116.410959122313287, -0.248796667761977 ], [ 116.41095912602232, -0.248713013597437 ], [ 116.41095913343662, -0.248545705268307 ], [ 116.410959148250299, -0.248211088609937 ], [ 116.410959155649664, -0.248043780280679 ], [ 116.410959163044026, -0.247876471951379 ], [ 116.410876075495139, -0.247709159903494 ], [ 116.410876082880563, -0.24754185157662 ], [ 116.410876086571406, -0.247458197413158 ], [ 116.410793002702547, -0.247207231211213 ], [ 116.410793006388914, -0.247123577048949 ], [ 116.410793010074059, -0.247039922886724 ], [ 116.410793024802061, -0.246705306237616 ], [ 116.410959236713254, -0.246203388656084 ], [ 116.410959240383605, -0.246119734491197 ], [ 116.410959244052719, -0.246036080326333 ], [ 116.411042346315313, -0.245868775686932 ], [ 116.41120854350163, -0.245701474728806 ], [ 116.411208550823048, -0.245534166391378 ], [ 116.411291656724032, -0.245283207565212 ], [ 116.411457861190897, -0.244948598233628 ], [ 116.411624065634612, -0.244613988879744 ], [ 116.411624080197328, -0.244279372179203 ], [ 116.411624087471196, -0.244112063828852 ], [ 116.41162409474012, -0.24394475547851 ], [ 116.411624102004026, -0.243777447128092 ], [ 116.411541021595028, -0.243442826776759 ], [ 116.411457930300486, -0.243359168953088 ], [ 116.411374849875713, -0.243024548616808 ], [ 116.411374853496099, -0.242940894445278 ], [ 116.411374860733176, -0.242773586102136 ], [ 116.411374875192394, -0.242438969415727 ], [ 116.411291794721691, -0.242104349097313 ], [ 116.41120870342067, -0.242020691295775 ], [ 116.41120871783906, -0.241686074619032 ], [ 116.41120872504078, -0.241518766280597 ], [ 116.411125633736347, -0.241435108488551 ], [ 116.411125637334592, -0.241351454320554 ], [ 116.411125644527331, -0.241184145984547 ], [ 116.411125648121839, -0.241100491816554 ], [ 116.411125662487407, -0.240765875144374 ], [ 116.411042578351868, -0.240514909030582 ], [ 116.411042581936911, -0.24043125486376 ], [ 116.411042596264593, -0.240096638196271 ], [ 116.411042599843384, -0.240012984029365 ], [ 116.411042603420952, -0.239929329862482 ], [ 116.411042610572309, -0.239762021528634 ], [ 116.410959529971279, -0.239427401267105 ], [ 116.41095953710871, -0.239260092935644 ], [ 116.410876456484004, -0.238925472685919 ], [ 116.41079336872518, -0.238758160772154 ], [ 116.410793382959099, -0.23842354411891 ], [ 116.410793400723449, -0.23800527330215 ], [ 116.410793414912462, -0.237670656648538 ], [ 116.410793418456592, -0.237587002485117 ], [ 116.41071033774864, -0.237252382268713 ], [ 116.410710341287043, -0.237168728106498 ], [ 116.410627260559863, -0.236834107900711 ], [ 116.410627264092525, -0.236750453739684 ], [ 116.410461088482805, -0.236415829992956 ], [ 116.410461095536363, -0.236248521675833 ], [ 116.41046109906128, -0.236164867517282 ], [ 116.4104611096285, -0.235913905041484 ], [ 116.410294933987743, -0.235579281327539 ], [ 116.410045656461278, -0.235411962399938 ], [ 116.409713287616285, -0.235160985797116 ], [ 116.409464013630028, -0.234910012751776 ], [ 116.409464017140877, -0.23482635860814 ], [ 116.409464024158865, -0.234659050320838 ], [ 116.409464034676446, -0.234408087889758 ], [ 116.409464045182759, -0.234157125458638 ], [ 116.409713343676387, -0.233822519437699 ], [ 116.409796438513098, -0.233822522954723 ], [ 116.409879540334117, -0.233655218171107 ], [ 116.410128838797775, -0.233320612094691 ], [ 116.410128845762884, -0.233153303786879 ], [ 116.410128849243577, -0.233069649632966 ], [ 116.410128852723005, -0.232985995479026 ], [ 116.410128856201183, -0.232902341325093 ], [ 116.410045764842266, -0.232818683671196 ], [ 116.41004576831844, -0.232735029518467 ], [ 116.409879589075487, -0.232484060068997 ], [ 116.409796501189376, -0.232316748274664 ], [ 116.409297956525975, -0.231731148310767 ], [ 116.409131766893239, -0.231731141333254 ], [ 116.409048672078768, -0.231731137843762 ], [ 116.408882485920302, -0.231647476728087 ], [ 116.408799398040784, -0.231480164970472 ], [ 116.408799401504268, -0.231396510836502 ], [ 116.408716320540108, -0.231061890819116 ], [ 116.408716330909513, -0.230810928420773 ], [ 116.408716344717803, -0.230476311889539 ], [ 116.408716348166763, -0.230392657756727 ], [ 116.40879945674979, -0.230058044691524 ], [ 116.40879947051107, -0.229723428154891 ], [ 116.408799480818899, -0.229472465752292 ], [ 116.408716392889133, -0.229305154028945 ], [ 116.408716396320543, -0.229221499895994 ], [ 116.40846712566217, -0.228886873015281 ], [ 116.408217848156767, -0.228719554411281 ], [ 116.408134756799541, -0.228635896837586 ], [ 116.408134760224286, -0.228552242713384 ], [ 116.408051675711448, -0.228301276896991 ], [ 116.408051679131688, -0.228217622773995 ], [ 116.408051699626753, -0.227715698035778 ], [ 116.408051703038211, -0.227632043912713 ], [ 116.408051706448404, -0.227548389789639 ], [ 116.408051720076699, -0.227213773297209 ], [ 116.408051726883315, -0.227046465050935 ], [ 116.408051730284754, -0.226962810927792 ], [ 116.408051747273092, -0.226544540311897 ], [ 116.408051764230109, -0.226126269695775 ], [ 116.408051771004125, -0.225958961449248 ], [ 116.408051787917273, -0.225540690832751 ], [ 116.407968706664505, -0.225206070941969 ], [ 116.40796871003883, -0.225122416819874 ], [ 116.407968723523581, -0.22478780033138 ], [ 116.407968740351336, -0.224369529720515 ], [ 116.40796876050328, -0.223867604987186 ], [ 116.407968763857554, -0.223783950864953 ], [ 116.407968780610091, -0.22336568025351 ], [ 116.407968797331279, -0.22294740964186 ], [ 116.407968810685674, -0.222612793152364 ], [ 116.407968817355339, -0.22244548490755 ], [ 116.40796883400759, -0.222027214295339 ], [ 116.407968837334266, -0.221943560172895 ], [ 116.40780266115118, -0.221608936995181 ], [ 116.407802664472555, -0.221525282875197 ], [ 116.407553393545882, -0.221190656378957 ], [ 116.407470312075446, -0.220856036579278 ], [ 116.407387230589919, -0.220521416789101 ], [ 116.40738724381184, -0.220186800333838 ], [ 116.40738725701371, -0.21985218387844 ], [ 116.407387273487785, -0.219433913308951 ], [ 116.407387293215294, -0.218931988625279 ], [ 116.407387312897612, -0.218430063941268 ], [ 116.407387329265021, -0.218011793371011 ], [ 116.407387348864518, -0.217509868686381 ], [ 116.407304267199706, -0.217175248949819 ], [ 116.407221185519731, -0.216840629222739 ], [ 116.407221188772809, -0.216756975111042 ], [ 116.407221198524468, -0.216506012775946 ], [ 116.407221201772501, -0.216422358664228 ], [ 116.407221214752113, -0.216087742217232 ], [ 116.407138123296718, -0.216004084842282 ], [ 116.40713812977738, -0.215836776621237 ], [ 116.407138136253039, -0.215669468400155 ], [ 116.407138142723667, -0.215502160179053 ], [ 116.40713814595712, -0.215418506068471 ], [ 116.407138158878297, -0.215083889626101 ], [ 116.40713816210544, -0.215000235515473 ], [ 116.407138175001492, -0.214665619072918 ], [ 116.407138184660354, -0.2144146567409 ], [ 116.407138187877464, -0.214331002630198 ], [ 116.407138200733371, -0.213996386187348 ], [ 116.407138207153764, -0.213829077965859 ], [ 116.407470601922952, -0.213410820305326 ], [ 116.407553699810919, -0.213327169410381 ], [ 116.407719905165806, -0.212908905252573 ], [ 116.407719911547332, -0.21274159701316 ], [ 116.407719917923799, -0.212574288773711 ], [ 116.407803025347391, -0.212239675497889 ], [ 116.407886123214766, -0.212156024578302 ], [ 116.407969233783717, -0.211737757161389 ], [ 116.407969240127443, -0.211570448914146 ], [ 116.408135451657714, -0.210984876413872 ], [ 116.40821855581882, -0.2107339172134 ], [ 116.408218562129775, -0.210566608958368 ], [ 116.408218574736679, -0.210231992448195 ], [ 116.4082185810326, -0.210064684193071 ], [ 116.408218593609419, -0.209730067682681 ], [ 116.408135502072355, -0.209646410393256 ], [ 116.408135511489363, -0.209395448014136 ], [ 116.408135514625869, -0.209311793887749 ], [ 116.408135524027855, -0.209060831508504 ], [ 116.408135533418545, -0.208809869129194 ], [ 116.40813553967277, -0.208642560876287 ], [ 116.408135542797979, -0.208558906749803 ], [ 116.407969365948688, -0.20822428396176 ], [ 116.40805247620132, -0.207806016476649 ], [ 116.408052488646291, -0.2074713999754 ], [ 116.408135589525898, -0.207304094851639 ], [ 116.408301794367915, -0.206885830458366 ], [ 116.408301797465924, -0.206802176329205 ], [ 116.408384901417008, -0.206551217055841 ], [ 116.408551112365473, -0.205965644351846 ], [ 116.408551115448418, -0.20588199021877 ], [ 116.408551136994006, -0.205296411287093 ], [ 116.408551140066933, -0.205212757153929 ], [ 116.408551146209035, -0.205045448887627 ], [ 116.408468060754885, -0.204794483401229 ], [ 116.408384969164516, -0.204710826183233 ], [ 116.408301880639172, -0.204543514837866 ], [ 116.408218798232298, -0.204208895240737 ], [ 116.408135715810104, -0.203874275653111 ], [ 116.408218828759587, -0.203372353958281 ], [ 116.408301926451855, -0.203288702895491 ], [ 116.408301929495991, -0.203205048765933 ], [ 116.408468124874616, -0.203037746628911 ], [ 116.408551228637108, -0.202786787289173 ], [ 116.408883622395877, -0.202368528819159 ], [ 116.408883625423272, -0.202284874680664 ], [ 116.40888363449794, -0.202033912265175 ], [ 116.409049832860163, -0.201782955927893 ], [ 116.409049844923786, -0.201448339363569 ], [ 116.409049859975156, -0.201030068658012 ], [ 116.409049868990962, -0.200779106234523 ], [ 116.409049871993716, -0.200695452093377 ], [ 116.409049880994502, -0.200444489669801 ], [ 116.409049892978047, -0.200109873104941 ], [ 116.409049898962294, -0.199942564822451 ], [ 116.409049904941554, -0.199775256539926 ], [ 116.409049910915812, -0.199607948257401 ], [ 116.409049922849277, -0.199273331692163 ], [ 116.409049931786257, -0.199022369268182 ], [ 116.409049934762749, -0.198938715126838 ], [ 116.409049937737961, -0.198855060985469 ], [ 116.408966846077078, -0.198771403850518 ], [ 116.408966854992784, -0.198520441430146 ], [ 116.40896685796217, -0.198436787290011 ], [ 116.409049952595382, -0.198436790278561 ], [ 116.40913304722983, -0.198436793266691 ], [ 116.409382331140691, -0.198436802228559 ], [ 116.409465425780155, -0.198436805215009 ], [ 116.409631615062821, -0.198436811186647 ], [ 116.409714709706023, -0.198436814171836 ], [ 116.409880896031382, -0.198520474294937 ], [ 116.409880893065321, -0.198604128448913 ], [ 116.410047082362141, -0.198604134421381 ], [ 116.410213265731457, -0.198771448710172 ], [ 116.410296360385104, -0.198771451697448 ], [ 116.410379455039958, -0.198771454684304 ], [ 116.410545647318656, -0.198687806492736 ], [ 116.410545656206807, -0.198436844000617 ], [ 116.410545665083703, -0.198185881508403 ], [ 116.410545668040172, -0.198102227344326 ], [ 116.410545673949386, -0.19793491901613 ], [ 116.410545685752808, -0.197600302359652 ], [ 116.410711892722333, -0.19709838329518 ], [ 116.410794990314088, -0.197014732086835 ], [ 116.410794993251855, -0.19693107791887 ], [ 116.410878090841138, -0.196847426706323 ], [ 116.411044288948801, -0.196596470100686 ], [ 116.4112104841183, -0.196429167652526 ], [ 116.411293581701813, -0.196345516424036 ], [ 116.411293584627103, -0.19626186224847 ], [ 116.411459779788274, -0.196094559780194 ], [ 116.41162597494619, -0.19592725730017 ], [ 116.411709081267446, -0.195592643510058 ], [ 116.411625992431993, -0.195425332216249 ], [ 116.411459808939512, -0.195258017998738 ], [ 116.411459811847777, -0.195174363820536 ], [ 116.411459814754807, -0.195090709642342 ], [ 116.411459823468377, -0.194839747107678 ], [ 116.411542921022914, -0.194756095850212 ], [ 116.411626015676632, -0.194756098770545 ], [ 116.411958402995225, -0.194505147890412 ], [ 116.412041497653945, -0.194505150804923 ], [ 116.412207689868509, -0.194421502443179 ], [ 116.412207692760617, -0.194337848253592 ], [ 116.412373893637934, -0.194003237306397 ], [ 116.412540088731447, -0.193835934726603 ], [ 116.412623189157131, -0.193668629236437 ], [ 116.412706292453421, -0.193417669543675 ], [ 116.412789395737363, -0.193166709842883 ], [ 116.41278940147734, -0.192999401446 ], [ 116.412789407212344, -0.19283209304905 ], [ 116.412789410077963, -0.192748438850571 ], [ 116.412789412942374, -0.192664784652067 ], [ 116.412872510467338, -0.192581133335173 ], [ 116.412955605130364, -0.192581136216368 ], [ 116.413038702655328, -0.192497484894896 ], [ 116.413038708372994, -0.192330176490337 ], [ 116.412623249352592, -0.191911891120861 ], [ 116.412457065750061, -0.191744576987692 ], [ 116.412457068601142, -0.191660922794114 ], [ 116.412041606757867, -0.191326291691393 ], [ 116.411875423166634, -0.191158977587514 ], [ 116.411709242422134, -0.190908009309625 ], [ 116.411543058835605, -0.190740695224999 ], [ 116.411459967043555, -0.190657038185857 ], [ 116.411543070190419, -0.190406078505381 ], [ 116.411792356926526, -0.190322432885801 ], [ 116.412124738309501, -0.190238790105225 ], [ 116.412457116879253, -0.190238801501913 ], [ 116.412540211524828, -0.190238804350078 ], [ 116.412872590119477, -0.19023881573871 ], [ 116.412955687597545, -0.190155164383641 ], [ 116.413204977205567, -0.189987864505899 ], [ 116.413537361473502, -0.189820567446574 ], [ 116.413703556425872, -0.189653264694451 ], [ 116.413952851657569, -0.189318656328089 ], [ 116.414035946321107, -0.189318659155263 ], [ 116.414285238734152, -0.189067704970334 ], [ 116.414368333401441, -0.189067707792158 ], [ 116.414700717682891, -0.18890041062024 ], [ 116.414783815153228, -0.188816759208727 ], [ 116.414866912622799, -0.188733107794293 ], [ 116.41503310476682, -0.188649459189327 ], [ 116.415282394381833, -0.188482159151352 ], [ 116.415448583741835, -0.188482164767545 ], [ 116.415448589317194, -0.188314856289774 ], [ 116.41578097083314, -0.188231213263531 ], [ 116.416113357923635, -0.18798026172316 ], [ 116.41627955285621, -0.187812958813679 ], [ 116.416445745013249, -0.187729310146474 ], [ 116.416528839706373, -0.187729312937988 ], [ 116.416611939942811, -0.187562007216363 ], [ 116.416695034637613, -0.187562010004594 ], [ 116.416861232331186, -0.187311052799461 ], [ 116.416861235095453, -0.187227398539299 ], [ 116.416944335316472, -0.187060092798566 ], [ 116.417027435532191, -0.186892787052416 ], [ 116.417110532986982, -0.186809135564789 ], [ 116.417526014750209, -0.186558186623724 ], [ 116.41777530161383, -0.186474540655547 ], [ 116.418273880847877, -0.186139940123434 ], [ 116.418273886327313, -0.185972631560678 ], [ 116.418356991981852, -0.185638017186855 ], [ 116.418356994714401, -0.185554362904201 ], [ 116.418440094886321, -0.185387057086509 ], [ 116.418606289765222, -0.185219754007841 ], [ 116.41868938992711, -0.185052448176512 ], [ 116.418938679513687, -0.184885147815929 ], [ 116.419021779665968, -0.184717841968118 ], [ 116.419187977243396, -0.18446688455149 ], [ 116.419437264113029, -0.184383238441783 ], [ 116.419603458973242, -0.184215935294084 ], [ 116.4197696511266, -0.184132286438711 ], [ 116.419852745852225, -0.184132289161141 ], [ 116.420018938009747, -0.184048640297288 ], [ 116.420185132868852, -0.183881337116841 ], [ 116.420268230297225, -0.183797685522304 ], [ 116.420517517190632, -0.183714039351572 ], [ 116.420600617311706, -0.183546733431809 ], [ 116.420683712046866, -0.183546736141695 ], [ 116.420766806783305, -0.183546738851192 ], [ 116.420932996259808, -0.18354674426902 ], [ 116.421016090999899, -0.183546746977352 ], [ 116.421265377915773, -0.183463100773839 ], [ 116.421348472660398, -0.183463103479382 ], [ 116.421431570092466, -0.183379451855937 ], [ 116.421680857020036, -0.18329580563303 ], [ 116.421930141273577, -0.183295813735273 ], [ 116.422013238708345, -0.183212162097982 ], [ 116.422179433575479, -0.18304485881482 ], [ 116.422262531007902, -0.182961207168917 ], [ 116.422345628439558, -0.182877555520206 ], [ 116.422428723197385, -0.18287755821208 ], [ 116.422511820629154, -0.182793906558875 ], [ 116.422761102240926, -0.182877568975704 ], [ 116.422927286424851, -0.183044883056876 ], [ 116.422927278397921, -0.183295846109315 ], [ 116.423093459900144, -0.183546814559338 ], [ 116.423176551991475, -0.183630471612012 ], [ 116.423425836315673, -0.18363047970805 ], [ 116.42350893109284, -0.183630482405952 ], [ 116.423841310213774, -0.183630493193673 ], [ 116.423924404997052, -0.183630495889631 ], [ 116.424422973722358, -0.183630512057215 ], [ 116.424506068514177, -0.183630514750451 ], [ 116.424589163307218, -0.183630517443299 ], [ 116.424921539817859, -0.183714182591058 ], [ 116.425087729418081, -0.183714187974929 ], [ 116.425420105960598, -0.183797853125586 ], [ 116.425586290228878, -0.183965167287282 ], [ 116.425835569313918, -0.184132484151563 ], [ 116.425918661452371, -0.184216141240458 ], [ 116.426001756268832, -0.184216143935262 ], [ 116.426500327866606, -0.184132505692411 ], [ 116.426666528196307, -0.183797893450035 ], [ 116.426666536193082, -0.183546930232198 ], [ 116.426666538856253, -0.183463275826202 ], [ 116.426583449357025, -0.183295964336017 ], [ 116.42650035719663, -0.183212307253849 ], [ 116.426500362513579, -0.183044998446745 ], [ 116.426749652285594, -0.182877697655973 ], [ 116.426998936756448, -0.182877705668869 ], [ 116.427082031582501, -0.18287770833906 ], [ 116.42724822123823, -0.18287771367828 ], [ 116.427580592609303, -0.183128687610403 ], [ 116.427829869157634, -0.183379658891935 ], [ 116.427829866501085, -0.183463313314982 ], [ 116.428162245871803, -0.183463324012078 ], [ 116.428245340717496, -0.183463326685381 ], [ 116.428411530412561, -0.183463332030821 ], [ 116.428660820268391, -0.183296031175556 ], [ 116.428660822918658, -0.183212376740288 ], [ 116.428827017918891, -0.183045073199106 ], [ 116.428993210272139, -0.182961424086738 ], [ 116.429159399984357, -0.182961429410581 ], [ 116.429242489553161, -0.183128740959558 ], [ 116.429325579119862, -0.183296052512982 ], [ 116.42932557382187, -0.183463361402971 ], [ 116.429325571171049, -0.183547015847987 ], [ 116.429491752940933, -0.18379798452796 ], [ 116.429741034890682, -0.183881646993698 ], [ 116.429824129761286, -0.183881649665699 ], [ 116.430156511907626, -0.183798005892683 ], [ 116.430488891419898, -0.183798016565705 ], [ 116.430655081183275, -0.183798021899881 ], [ 116.430821273598994, -0.183714372765672 ], [ 116.431070563548204, -0.183547071817084 ], [ 116.431319850858486, -0.183463425324515 ], [ 116.431402948390044, -0.183379773507725 ], [ 116.431569140814048, -0.183296124343422 ], [ 116.43156914345083, -0.183212469865633 ], [ 116.431984617933139, -0.183212483130462 ], [ 116.432483189982904, -0.183128844544324 ], [ 116.432566284889816, -0.183128847192589 ], [ 116.432815574873672, -0.182961546143109 ], [ 116.432815577499881, -0.182877891647148 ], [ 116.432981769946423, -0.182794242434532 ], [ 116.433064872723307, -0.182543281576718 ], [ 116.433064875342353, -0.182459627077058 ], [ 116.433064877960206, -0.182375972577423 ], [ 116.43306488580653, -0.182125009078405 ], [ 116.43306489364204, -0.181874045579316 ], [ 116.433147988551596, -0.181874048206739 ], [ 116.433314183589673, -0.181706744453743 ], [ 116.433563470935141, -0.181623097817175 ], [ 116.433646565850722, -0.181623100438665 ], [ 116.434311325218673, -0.181623121396745 ], [ 116.43489299492218, -0.181455830662299 ], [ 116.435391569728438, -0.181288537267048 ], [ 116.435723962429506, -0.180870275005771 ], [ 116.435890160060012, -0.180619316584311 ], [ 116.435890162638515, -0.180535662043481 ], [ 116.435973260159614, -0.180452010096565 ], [ 116.435973262735388, -0.180368355554517 ], [ 116.436139468050641, -0.179866433471915 ], [ 116.436222575814668, -0.179448163327689 ], [ 116.436388775934859, -0.179113550290588 ], [ 116.436388781043192, -0.178946241194233 ], [ 116.436388786146736, -0.178778932097865 ], [ 116.436554991312207, -0.178277009928866 ], [ 116.436555001473309, -0.177942391726226 ], [ 116.436555004010629, -0.177858737175534 ], [ 116.436555011615354, -0.177607773523463 ], [ 116.436471919208927, -0.177524116423554 ], [ 116.436471924271146, -0.177356807324539 ], [ 116.436388839445726, -0.177022186583997 ], [ 116.436305754605399, -0.176687565852621 ], [ 116.436305759645236, -0.176520256758226 ], [ 116.436305764680313, -0.176352947663784 ], [ 116.436305772223946, -0.176101984022115 ], [ 116.436305787279011, -0.175600056738539 ], [ 116.436388887215116, -0.175432750163829 ], [ 116.436222709864694, -0.175014472393118 ], [ 116.436056527509407, -0.174763503732271 ], [ 116.436056530003569, -0.174679849188518 ], [ 116.436056537478919, -0.17442888555718 ], [ 116.436056539968305, -0.174345231013414 ], [ 116.4360565499139, -0.174010612838173 ], [ 116.436056567272757, -0.173425031031222 ], [ 116.436139667135862, -0.173257724433193 ], [ 116.436139672079278, -0.173090415343005 ], [ 116.436139674549196, -0.173006760797901 ], [ 116.435890392283326, -0.172923098796878 ], [ 116.435724202466218, -0.172923093824451 ], [ 116.435558012653928, -0.17292308885056 ], [ 116.435225633043643, -0.172923078898384 ], [ 116.434976340923441, -0.173174035015218 ], [ 116.434893241069631, -0.173341341575635 ], [ 116.434810128784193, -0.173926920759783 ], [ 116.434810126295289, -0.174010575285568 ], [ 116.434810116327682, -0.174345193388595 ], [ 116.43481011383281, -0.174428847914308 ], [ 116.434810111336716, -0.174512502440064 ], [ 116.434727008939618, -0.174763463499886 ], [ 116.434643911537577, -0.174847115505516 ], [ 116.434145342157848, -0.174847100384496 ], [ 116.434062247265416, -0.17484709786303 ], [ 116.433812967604723, -0.174679781273946 ], [ 116.43372988272364, -0.174345160713236 ], [ 116.433646790338244, -0.174261503688295 ], [ 116.433646800321554, -0.17392688565278 ], [ 116.433896097419009, -0.173508620619142 ], [ 116.433896102389298, -0.17334131159404 ], [ 116.43414539448635, -0.17309035554579 ], [ 116.434145396964993, -0.173006701029586 ], [ 116.43431159416393, -0.172755742462408 ], [ 116.434311601579736, -0.172504778906446 ], [ 116.43431160404927, -0.172421124387761 ], [ 116.434228511633762, -0.17233746738454 ], [ 116.433979239320323, -0.171919187359318 ], [ 116.433896146905994, -0.171835530366659 ], [ 116.433813052030288, -0.171835527887531 ], [ 116.433480677465383, -0.171668208954057 ], [ 116.433397582596399, -0.171668206475526 ], [ 116.433065208057201, -0.171500887556477 ], [ 116.432899018333828, -0.171500882600252 ], [ 116.432899023255246, -0.171333573603766 ], [ 116.432732838456189, -0.171166259659246 ], [ 116.43256664874535, -0.171166254709793 ], [ 116.432400461497963, -0.171082595267869 ], [ 116.431984989714948, -0.17099892840538 ], [ 116.431901897328871, -0.170915271446206 ], [ 116.431735707644236, -0.170915266496771 ], [ 116.43140333320693, -0.170747947640585 ], [ 116.431320240829251, -0.17066429069099 ], [ 116.431320248193941, -0.170413327265044 ], [ 116.431486450109048, -0.1699950598147 ], [ 116.431569547388634, -0.169911407798356 ], [ 116.431652644667466, -0.169827755779221 ], [ 116.431818834340376, -0.169827760697882 ], [ 116.431985024018118, -0.169827765615104 ], [ 116.432151213700649, -0.169827770530888 ], [ 116.432234308543713, -0.169827772988241 ], [ 116.432566687928059, -0.169827782814056 ], [ 116.432649782777133, -0.169827785269611 ], [ 116.432815970040039, -0.169911444676803 ], [ 116.433065254602781, -0.169911452042779 ], [ 116.433148349459444, -0.169911454497385 ], [ 116.433314539176337, -0.169911459405518 ], [ 116.433480728898004, -0.169911464312211 ], [ 116.433480731333972, -0.169827809805382 ], [ 116.433730028080987, -0.169409544606703 ], [ 116.433730037784628, -0.169074926564663 ], [ 116.43373004020755, -0.168991272054122 ], [ 116.433646947768494, -0.16890761510599 ], [ 116.433646950189356, -0.168823960596642 ], [ 116.433397677707021, -0.16840568075665 ], [ 116.433314585268278, -0.16832202382029 ], [ 116.433314587682162, -0.168238369315755 ], [ 116.433314597325733, -0.167903751297461 ], [ 116.43348080385546, -0.167318174596935 ], [ 116.433563901105543, -0.167234522504061 ], [ 116.433563903502787, -0.167150867995759 ], [ 116.433730095603607, -0.167067218309935 ], [ 116.434062482202179, -0.16681626440393 ], [ 116.434062486979244, -0.166648955372813 ], [ 116.434145581836489, -0.166648957776053 ], [ 116.434311773940252, -0.166565308062312 ], [ 116.434394871184878, -0.166481655942878 ], [ 116.434727250637351, -0.166481665538432 ], [ 116.434810345503479, -0.166481667936439 ], [ 116.434976535239301, -0.166481672731396 ], [ 116.435475104475472, -0.166481687107807 ], [ 116.435890578871835, -0.166481699078456 ], [ 116.436056768638736, -0.166481703864249 ], [ 116.436472243076892, -0.166481715822561 ], [ 116.436804620274927, -0.166565379938168 ], [ 116.437220087644675, -0.166816355570434 ], [ 116.437552457755686, -0.167150983401433 ], [ 116.437801740108497, -0.167234645156871 ], [ 116.437884832641799, -0.167318302123418 ], [ 116.438300304849022, -0.167401968679681 ], [ 116.438715774708157, -0.167569289821783 ], [ 116.438798867255045, -0.16765294680238 ], [ 116.438881962184524, -0.167652949199864 ], [ 116.439048147283529, -0.167820263168832 ], [ 116.439214334769389, -0.167903922556044 ], [ 116.439380515103153, -0.168238545723441 ], [ 116.439463607655711, -0.168322202720251 ], [ 116.439546700208979, -0.168405859719139 ], [ 116.439962167770119, -0.168656835542602 ], [ 116.440045260329299, -0.168740492551246 ], [ 116.440128355281189, -0.168740494958923 ], [ 116.440460720739381, -0.169242432232459 ], [ 116.440543815699314, -0.169242434645505 ], [ 116.440626905865315, -0.169409746278379 ], [ 116.440709996029213, -0.169577057915636 ], [ 116.44087618115779, -0.169744371976021 ], [ 116.441042368692678, -0.169828031428495 ], [ 116.441125463663397, -0.169828033847374 ], [ 116.441208553828616, -0.169995345502646 ], [ 116.441291648802419, -0.169995347923188 ], [ 116.441374743777388, -0.169995350343369 ], [ 116.441457833944312, -0.170162662007078 ], [ 116.441540928922365, -0.170162664428921 ], [ 116.441540926516311, -0.170246319052052 ], [ 116.441707116476692, -0.170246323897039 ], [ 116.441790204236639, -0.17049729019902 ], [ 116.44195638938713, -0.170664604307047 ], [ 116.44212257212746, -0.170915573054501 ], [ 116.442205664704375, -0.170999230116766 ], [ 116.442288757282029, -0.171082887180988 ], [ 116.442371849860393, -0.171166544247253 ], [ 116.44262112033897, -0.171668479373469 ], [ 116.442704212917775, -0.171752136451271 ], [ 116.442787303072976, -0.171919448171916 ], [ 116.442870395652406, -0.172003105254941 ], [ 116.442953488232547, -0.172086762339936 ], [ 116.442953483377167, -0.172254071626263 ], [ 116.443202756252063, -0.172672352193806 ], [ 116.44328584883182, -0.172756009291529 ], [ 116.443618216719855, -0.173174292355102 ], [ 116.44370130930244, -0.173257949464 ], [ 116.443867487140423, -0.173676227656127 ], [ 116.44386747735139, -0.174010846280377 ], [ 116.443950569930493, -0.174094503403529 ], [ 116.443950565027293, -0.174261812717974 ], [ 116.443950562573917, -0.174345467375193 ], [ 116.444033647781723, -0.174680088478987 ], [ 116.44411674035743, -0.174763745613194 ], [ 116.444116730511581, -0.175098364251294 ], [ 116.444116725581566, -0.175265673570283 ], [ 116.444199818153137, -0.175349330713564 ], [ 116.444282905787546, -0.175600297182503 ], [ 116.444282903316804, -0.175683951844342 ], [ 116.444615268652356, -0.176185889792452 ], [ 116.444781451317965, -0.176436858785482 ], [ 116.445030731519708, -0.176604175617748 ], [ 116.445280009249046, -0.176855147136736 ], [ 116.445280004280036, -0.17702245648857 ], [ 116.445695474632885, -0.177189778359612 ], [ 116.445944757357239, -0.177273440552007 ], [ 116.446277130195739, -0.177524414630999 ], [ 116.446526412947151, -0.177608076837928 ], [ 116.446609505541062, -0.177691734037523 ], [ 116.446858785818222, -0.177859050949969 ], [ 116.446858780835228, -0.178026360346476 ], [ 116.447024971014358, -0.178026365364621 ], [ 116.44719115371943, -0.178277334490142 ], [ 116.447606619224516, -0.178611965878096 ], [ 116.447606614227226, -0.178779275295694 ], [ 116.4478558945397, -0.178946592268571 ], [ 116.44785588953529, -0.17911390169317 ], [ 116.447938982139632, -0.179197558926649 ], [ 116.447938979634884, -0.179281213640132 ], [ 116.448188252432274, -0.179699494789829 ], [ 116.448271342525828, -0.179866806752795 ], [ 116.448354432617407, -0.18003411872007 ], [ 116.448354430102867, -0.180117773439341 ], [ 116.448437515153969, -0.180452394852892 ], [ 116.4485206052357, -0.180619706832214 ], [ 116.448520602713742, -0.180703361553766 ], [ 116.448520592614216, -0.181037980439928 ], [ 116.44860367509142, -0.181456256597367 ], [ 116.448686760081969, -0.181790878042172 ], [ 116.448769847598683, -0.182041844770924 ], [ 116.44876984505801, -0.182125499495886 ], [ 116.448936022611065, -0.182543778248212 ], [ 116.449102205247726, -0.182794747563168 ], [ 116.449351483028821, -0.18304571945935 ], [ 116.449600755706996, -0.183464000846218 ], [ 116.449683845745568, -0.183631312894766 ], [ 116.449850023254356, -0.184049591744719 ], [ 116.449850020690704, -0.18413324648472 ], [ 116.450016208445504, -0.184216906389322 ], [ 116.450099295909126, -0.184467873201551 ], [ 116.450182383365757, -0.184718840020385 ], [ 116.450265468240886, -0.185053461591565 ], [ 116.450680931216894, -0.185471748307004 ], [ 116.450847118992669, -0.185555408252848 ], [ 116.451013301611709, -0.185806377714325 ], [ 116.451179484229613, -0.1860573471882 ], [ 116.451262574244964, -0.186224659309658 ], [ 116.451678034669015, -0.186726600918631 ], [ 116.451761127273642, -0.18681025829428 ], [ 116.452093495103853, -0.187228542587567 ], [ 116.452592053363091, -0.187646832157114 ], [ 116.452758241191532, -0.187730492172204 ], [ 116.452841336407843, -0.187730494790021 ], [ 116.452924429025046, -0.187814152190414 ], [ 116.453506087783012, -0.188065134882645 ], [ 116.454253931874945, -0.18848343244608 ], [ 116.455084879131988, -0.188650768265697 ], [ 116.455251067037295, -0.18873442831968 ], [ 116.455417254947662, -0.188818088376685 ], [ 116.455832731251462, -0.188818101473631 ], [ 116.456082017047535, -0.188818109327002 ], [ 116.456165109715357, -0.188901766772159 ], [ 116.456746774025831, -0.188985439924331 ], [ 116.457079155143447, -0.188985450386364 ], [ 116.457162250425711, -0.188985453000871 ], [ 116.457660824737331, -0.188901813830466 ], [ 116.457743920027255, -0.188901816441017 ], [ 116.45782701531833, -0.188901819051168 ], [ 116.457993211084997, -0.188734514562984 ], [ 116.458159414602278, -0.188316245495882 ], [ 116.458408708227694, -0.188065288716406 ], [ 116.45849180610125, -0.187981636451137 ], [ 116.458574911694342, -0.187647019597646 ], [ 116.458574916835488, -0.187479709873917 ], [ 116.458658017267069, -0.187312402734395 ], [ 116.458658022398268, -0.187145093008293 ], [ 116.458741127940698, -0.186810476132894 ], [ 116.458741138169387, -0.186475856675866 ], [ 116.4588242436716, -0.186141239785969 ], [ 116.458824246220928, -0.18605758492051 ], [ 116.458824256406814, -0.185722965458579 ], [ 116.458824266574339, -0.185388345996502 ], [ 116.458824276723561, -0.185053726534315 ], [ 116.458658101345321, -0.184551792249688 ], [ 116.458491918366107, -0.184300822573986 ], [ 116.458408825613503, -0.184217165170686 ], [ 116.458159547360367, -0.183966192972153 ], [ 116.45782717384624, -0.18371521825279 ], [ 116.4577440811006, -0.183631560863612 ], [ 116.457577895611621, -0.183464246091021 ], [ 116.457494800349437, -0.183464243554839 ], [ 116.457411707607648, -0.18338058617221 ], [ 116.457079331614665, -0.183213266343739 ], [ 116.45691314362567, -0.183129606434099 ], [ 116.456497674933146, -0.182878629256792 ], [ 116.456414579688612, -0.182878626723671 ], [ 116.456248394235004, -0.182711311996407 ], [ 116.456165301509344, -0.182627654635668 ], [ 116.455999118572294, -0.182376685093467 ], [ 116.455666745171484, -0.182125710511629 ], [ 116.455500562239024, -0.181874740999459 ], [ 116.455417469519517, -0.181791083657194 ], [ 116.455251289089347, -0.181456459346234 ], [ 116.455168201371009, -0.181205492382107 ], [ 116.455168206366821, -0.181038182752101 ], [ 116.455085121128462, -0.180703560982881 ], [ 116.455002030896935, -0.180536248847931 ], [ 116.454918945638539, -0.180201627094041 ], [ 116.454835855399253, -0.180034314969853 ], [ 116.454835860365804, -0.179867005348925 ], [ 116.454835867806963, -0.179616040917499 ], [ 116.454835870285038, -0.179532386106992 ], [ 116.454835880185797, -0.179197766864918 ], [ 116.454835882658116, -0.179114112054406 ], [ 116.454918980334398, -0.179030459730873 ], [ 116.455002082944915, -0.178779497778886 ], [ 116.455334473627218, -0.178444888437494 ], [ 116.455417573754048, -0.17827758127663 ], [ 116.455500671420467, -0.178193928930627 ], [ 116.455666866751045, -0.178026624230519 ], [ 116.455749964415233, -0.177942971876432 ], [ 116.456082352618495, -0.177692017261019 ], [ 116.45641474326186, -0.177357407778982 ], [ 116.456580938579066, -0.177190103021723 ], [ 116.456747138759582, -0.176855488578834 ], [ 116.4568302364125, -0.176771836188459 ], [ 116.456996436568744, -0.176437221717711 ], [ 116.456996438993329, -0.176353566876739 ], [ 116.457079543901699, -0.176018949948404 ], [ 116.457079553568576, -0.175684330579805 ], [ 116.457162651203362, -0.17560067816696 ], [ 116.457162658436886, -0.175349713636933 ], [ 116.456747204004316, -0.174596807965492 ], [ 116.45674720880389, -0.174429498290206 ], [ 116.456830313598971, -0.174094881349538 ], [ 116.456996511195499, -0.173843921644918 ], [ 116.4569965135844, -0.173760266803712 ], [ 116.457079611183516, -0.173676614365634 ], [ 116.45724580876275, -0.173425654636668 ], [ 116.457328906358143, -0.173342002189358 ], [ 116.457412008709738, -0.173091040045281 ], [ 116.457661308593487, -0.172589118120505 ], [ 116.457744406177696, -0.172505465653941 ], [ 116.457827506126904, -0.172338158331793 ], [ 116.457993703650203, -0.172087198527651 ], [ 116.458159905874822, -0.171668928993068 ], [ 116.458243008150902, -0.171417966787118 ], [ 116.458159919981426, -0.171166999847582 ], [ 116.457993738936111, -0.170832375698711 ], [ 116.457993741279324, -0.170748720843394 ], [ 116.457993752978169, -0.170330446566665 ], [ 116.457993766978888, -0.169828517434355 ], [ 116.457993769308331, -0.169744862578933 ], [ 116.457993771636623, -0.169661207723521 ], [ 116.457993773963764, -0.169577552868101 ], [ 116.458076871496857, -0.169493900353561 ], [ 116.458243066560854, -0.169326595316468 ], [ 116.458575447406943, -0.169326604664386 ], [ 116.458824730733426, -0.169410266538564 ], [ 116.458907823630682, -0.169493923742859 ], [ 116.458907821308586, -0.169577578611002 ], [ 116.459240197550926, -0.169744897706741 ], [ 116.459406388002762, -0.169744902384339 ], [ 116.459489483230371, -0.169744904722599 ], [ 116.459738768920147, -0.169744911735222 ], [ 116.459821864152346, -0.169744914072045 ], [ 116.45990495938571, -0.169744916408508 ], [ 116.460071149855807, -0.169744921080355 ], [ 116.46015424509261, -0.16974492341574 ], [ 116.460237340330551, -0.169744925750765 ], [ 116.460403530809813, -0.169744930419737 ], [ 116.460486628368756, -0.169661277863688 ], [ 116.460652818854172, -0.169661282528204 ], [ 116.460735914098606, -0.169661284859923 ], [ 116.460819011659169, -0.16957763229668 ], [ 116.461068299714469, -0.169493984387082 ], [ 116.461151394963878, -0.169493986714708 ], [ 116.461317585466148, -0.169493991368882 ], [ 116.461400680718981, -0.169493993695431 ], [ 116.461483775972951, -0.169493996021621 ], [ 116.46164996648433, -0.169494000672924 ], [ 116.461733061741725, -0.169494002998037 ], [ 116.461816154690695, -0.169577660231199 ], [ 116.461982345211922, -0.169577664881926 ], [ 116.462065440474206, -0.16957766720675 ], [ 116.462148533428362, -0.169661324444187 ], [ 116.462314723959409, -0.169661329094334 ], [ 116.462813293272262, -0.169744997958285 ], [ 116.462979481514225, -0.169828657529405 ], [ 116.463145672069444, -0.169828662176946 ], [ 116.463311862629226, -0.169828666823049 ], [ 116.463394957910808, -0.169828669145561 ], [ 116.463478053193526, -0.169828671467714 ], [ 116.463976622608897, -0.169912340331209 ], [ 116.464392096771192, -0.169996006875338 ], [ 116.464890663963061, -0.170163330692027 ], [ 116.464973759267636, -0.17016333301227 ], [ 116.465389231199779, -0.170330654523095 ], [ 116.465472326511872, -0.170330656843455 ], [ 116.465555417214233, -0.170497969082999 ], [ 116.465721605539102, -0.170581628688504 ], [ 116.465970889189123, -0.170665290619864 ], [ 116.466137077526255, -0.170748950232007 ], [ 116.466469451906207, -0.17099992443781 ], [ 116.46655253799068, -0.171334546656026 ], [ 116.466718717077995, -0.171752826191585 ], [ 116.466801810095632, -0.171836483502229 ], [ 116.466801807775809, -0.171920138478935 ], [ 116.467134177526404, -0.172338422726226 ], [ 116.467134175201252, -0.172422077707432 ], [ 116.46738344727116, -0.172924014637448 ], [ 116.46763272399555, -0.173258641628893 ], [ 116.467715814679678, -0.173425953957389 ], [ 116.467798907699873, -0.173509611299842 ], [ 116.46788199838204, -0.1736769236355 ], [ 116.467881996042152, -0.173760578626787 ], [ 116.467965089062247, -0.173844235975299 ], [ 116.467965084377553, -0.174011545960138 ], [ 116.4680481656616, -0.174513478280413 ], [ 116.4681312563267, -0.174680790635185 ], [ 116.46821433756628, -0.175182722977022 ], [ 116.468214332847737, -0.175350032968442 ], [ 116.468214330486745, -0.175433687964132 ], [ 116.468214318665034, -0.175851962942502 ], [ 116.468214304441815, -0.176353892916274 ], [ 116.468214302067352, -0.176437547911907 ], [ 116.468214299691724, -0.176521202907498 ], [ 116.468214294937155, -0.176688512898676 ], [ 116.468214292558145, -0.176772167894245 ], [ 116.46821428303096, -0.177106787876478 ], [ 116.468214273485756, -0.177441407858572 ], [ 116.468214271096627, -0.177525062854056 ], [ 116.468214266315016, -0.177692372845051 ], [ 116.468214263922519, -0.177776027840545 ], [ 116.468214256738293, -0.178026992826931 ], [ 116.468297349725844, -0.178110650235934 ], [ 116.468380430710369, -0.178612582635235 ], [ 116.468380428306233, -0.178696237632878 ], [ 116.46838042349458, -0.178863547628193 ], [ 116.468463516477641, -0.178947205049947 ], [ 116.468712797840695, -0.179114522324306 ], [ 116.468795893236518, -0.179114524749156 ], [ 116.468878974164809, -0.179616457200009 ], [ 116.468962067150159, -0.17970011463639 ], [ 116.468962064734029, -0.179783769641896 ], [ 116.468962059898416, -0.179951079652868 ], [ 116.468962057478933, -0.180034734658317 ], [ 116.468962055058299, -0.180118389663791 ], [ 116.468962040510974, -0.180620319696411 ], [ 116.468962038082481, -0.180703974701814 ], [ 116.468962035652879, -0.180787629707227 ], [ 116.468962018614079, -0.181373214744815 ], [ 116.468962016175468, -0.181456869750165 ], [ 116.468878915885426, -0.18162417730277 ], [ 116.468712715290621, -0.181958792393126 ], [ 116.468629617434999, -0.182042444930134 ], [ 116.468463411906114, -0.18254436999 ], [ 116.46838031404215, -0.182628022514482 ], [ 116.468214108460444, -0.183129947535418 ], [ 116.468131000712546, -0.183548220022661 ], [ 116.468047902833447, -0.183631872527328 ], [ 116.468047897885853, -0.183799182512653 ], [ 116.468047895410379, -0.183882837505312 ], [ 116.468214076318574, -0.184217462469555 ], [ 116.468463362559078, -0.184217469957207 ], [ 116.468546455496025, -0.184301127451698 ], [ 116.468712646331667, -0.184301132443002 ], [ 116.46879574175118, -0.184301134938069 ], [ 116.468878837171829, -0.184301137432745 ], [ 116.46904502553889, -0.184384797427134 ], [ 116.469128120963276, -0.184384799921771 ], [ 116.4692112163888, -0.184384802416018 ], [ 116.469377407243215, -0.184384807403341 ], [ 116.469460502672121, -0.184384809896417 ], [ 116.469875979833432, -0.18438482235594 ], [ 116.469959075269045, -0.184384824846673 ], [ 116.470125266143697, -0.184384829826969 ], [ 116.470208366525867, -0.184217522272483 ], [ 116.470291464434709, -0.184133869736198 ], [ 116.470374564809703, -0.183966562172963 ], [ 116.47037456974013, -0.183799252124319 ], [ 116.470540760620551, -0.183799257084906 ], [ 116.470623856062446, -0.183799259564616 ], [ 116.470706956428316, -0.183631951986214 ], [ 116.470790051871674, -0.183631954462889 ], [ 116.470873149775116, -0.183548301908071 ], [ 116.47095624522035, -0.183548304382841 ], [ 116.471122441026409, -0.183380999262165 ], [ 116.471205536474216, -0.183381001733513 ], [ 116.471537915822992, -0.183464666655164 ], [ 116.471704096909036, -0.183799291765429 ], [ 116.471704094450573, -0.183882946807814 ], [ 116.471787187449323, -0.183966604326671 ], [ 116.471953368524524, -0.184301229461438 ], [ 116.471953366060518, -0.184384884507154 ], [ 116.472202637654178, -0.184886822243221 ], [ 116.472202632711728, -0.185054132341269 ], [ 116.472285725709312, -0.185137789880183 ], [ 116.472451901799744, -0.185639725173017 ], [ 116.472534982384161, -0.186141657989113 ], [ 116.472618057948694, -0.18681090092698 ], [ 116.472618055454276, -0.186894555981457 ], [ 116.472618045465452, -0.187229176199231 ], [ 116.472701135950999, -0.187396488826399 ], [ 116.472701133449149, -0.187480143881927 ], [ 116.472701130946206, -0.187563798937463 ], [ 116.472701125936936, -0.18773110904846 ], [ 116.472784206374058, -0.188233041910542 ], [ 116.472784201347736, -0.188400352023658 ], [ 116.472867294326917, -0.188484009612384 ], [ 116.472867291811355, -0.188567664670037 ], [ 116.472867274171193, -0.189153250073551 ], [ 116.472867271646692, -0.189236905131157 ], [ 116.472950351977403, -0.189738838025244 ], [ 116.473033444948115, -0.189822495633249 ], [ 116.473033442415499, -0.189906150693036 ], [ 116.473033437346913, -0.190073460812585 ], [ 116.473116522702881, -0.190408083608398 ], [ 116.473116520162833, -0.190491738669268 ], [ 116.473116507445937, -0.190910013973428 ], [ 116.473116502351374, -0.191077324095045 ], [ 116.47311649980243, -0.191160979155849 ], [ 116.473116497252335, -0.191244634216612 ], [ 116.473116476811569, -0.191913874702618 ], [ 116.473033376175636, -0.192081182244777 ], [ 116.473033373612907, -0.19216483730436 ], [ 116.472950270402862, -0.192415799898879 ], [ 116.472867169751723, -0.192583107428907 ], [ 116.472867164610108, -0.192750417543453 ], [ 116.472784066522721, -0.192834070010127 ], [ 116.472784063948708, -0.192917725066247 ], [ 116.472784058797359, -0.193085035178479 ], [ 116.472784056219993, -0.193168690234557 ], [ 116.472784048481216, -0.193419655402826 ], [ 116.472534751595887, -0.193754267815774 ], [ 116.47220235399142, -0.194256187683836 ], [ 116.471786863437671, -0.194674449827178 ], [ 116.471537566487498, -0.195009062120155 ], [ 116.471288274746115, -0.195176364310999 ], [ 116.471205174013789, -0.195343671750108 ], [ 116.470955871786799, -0.195845594037679 ], [ 116.470706569514732, -0.196347516280612 ], [ 116.470457267197546, -0.196849438478878 ], [ 116.47037416905583, -0.196933090845334 ], [ 116.470374166415098, -0.197016745868375 ], [ 116.470124858736881, -0.197685978046234 ], [ 116.470041752618442, -0.198020595450429 ], [ 116.469958649140594, -0.198271557827756 ], [ 116.469792447483741, -0.198606172530646 ], [ 116.469792444817642, -0.198689827545626 ], [ 116.469543144960682, -0.199108094547651 ], [ 116.469376943253394, -0.199442709200799 ], [ 116.469376940573994, -0.199526364210022 ], [ 116.46937692447392, -0.200028294265216 ], [ 116.469293818213018, -0.200362911592308 ], [ 116.469293807437509, -0.200697531624263 ], [ 116.469293796643996, -0.201032151656097 ], [ 116.469293783126844, -0.201450426695652 ], [ 116.469293769581597, -0.201868701735042 ], [ 116.469293764155623, -0.202036011750734 ], [ 116.469293761440952, -0.202119666758541 ], [ 116.469293758725172, -0.202203321766374 ], [ 116.469543034402335, -0.202537950013165 ], [ 116.469875402883403, -0.202956236039637 ], [ 116.470041588489138, -0.203123551558232 ], [ 116.470290869630531, -0.203290869828513 ], [ 116.470789437398835, -0.203458196341941 ], [ 116.470872532939794, -0.203458199085587 ], [ 116.471288010661382, -0.203458212797355 ], [ 116.471703493850328, -0.203290916417504 ], [ 116.471786592120324, -0.203207264112595 ], [ 116.472285165455716, -0.203207280516733 ], [ 116.472451356576499, -0.203207285981337 ], [ 116.472783741542699, -0.203123641850292 ], [ 116.472949932676002, -0.203123647307485 ], [ 116.47303302824433, -0.203123650035437 ], [ 116.473448508809469, -0.203040008604676 ], [ 116.474030177854971, -0.203040027665388 ], [ 116.474445655778055, -0.203040041267286 ], [ 116.474611846955071, -0.203040046705036 ], [ 116.476024458660419, -0.203458368350311 ], [ 116.476024455961294, -0.203542023449065 ], [ 116.476107551572952, -0.203542026166688 ], [ 116.476273742799521, -0.203542031600642 ], [ 116.47635683571599, -0.203625689420167 ], [ 116.476439931332465, -0.203625692137183 ], [ 116.476606119870468, -0.203709352676472 ], [ 116.476689212791726, -0.203793010500951 ], [ 116.476772308413487, -0.203793013218473 ], [ 116.476938499660392, -0.203793018652223 ], [ 116.477021592587093, -0.203876676480561 ], [ 116.477104688213743, -0.203876679197472 ], [ 116.477270879470368, -0.203876684629999 ], [ 116.477686354935187, -0.203960353324761 ], [ 116.477769450571103, -0.203960356039332 ], [ 116.4782680244099, -0.203960372317689 ], [ 116.478600406991205, -0.20396038316129 ], [ 116.479098980896239, -0.203960399413736 ], [ 116.479265172206752, -0.203960404827763 ], [ 116.479680647815442, -0.204044073502936 ], [ 116.479763743478301, -0.204044076208252 ], [ 116.47984683914224, -0.204044078913136 ], [ 116.480345413149081, -0.204044095133365 ], [ 116.480511604493486, -0.204044100536652 ], [ 116.482173520853465, -0.203960499293615 ], [ 116.482256616548867, -0.203960501984866 ], [ 116.482339712245363, -0.203960504675686 ], [ 116.482755190744228, -0.203960518123303 ], [ 116.482838286447304, -0.203960520811531 ], [ 116.483170669270535, -0.203960531560125 ], [ 116.483419956399445, -0.203960539617036 ], [ 116.483669240871862, -0.204044202870761 ], [ 116.483752336587429, -0.20404420555534 ], [ 116.484084719460469, -0.204044216289333 ], [ 116.484417102351003, -0.204044227016413 ], [ 116.485164955936312, -0.204295216788492 ], [ 116.485164950609374, -0.204462527229403 ], [ 116.485331142085116, -0.204462532593548 ], [ 116.485331136755519, -0.204629843038812 ], [ 116.485663514393053, -0.20479716422467 ], [ 116.48574660747218, -0.20488082213684 ], [ 116.48599588938319, -0.205048140652445 ], [ 116.48607898246641, -0.205131798570542 ], [ 116.486245173973032, -0.20513180394269 ], [ 116.486577554332783, -0.205215469920752 ], [ 116.486660650092475, -0.205215472605532 ], [ 116.486743745853303, -0.205215475289877 ], [ 116.486909937378158, -0.205215480657263 ], [ 116.486993033142213, -0.205215483340304 ], [ 116.487076128907361, -0.205215486022911 ], [ 116.48724231777679, -0.205299146634593 ], [ 116.487907078633285, -0.20546647859452 ], [ 116.487990174411664, -0.205466481275622 ], [ 116.488156363309031, -0.205550141896263 ], [ 116.488322554874244, -0.205550147257604 ], [ 116.488987313197029, -0.205801134497405 ], [ 116.489153504786486, -0.205801139856577 ], [ 116.489568973134169, -0.206135774359699 ], [ 116.489652068937659, -0.206135777040805 ], [ 116.489735162079157, -0.206219435001812 ], [ 116.489818252556773, -0.206386748246007 ], [ 116.490233720946463, -0.206721382804318 ], [ 116.490316814094044, -0.206805040777458 ], [ 116.490399909910749, -0.206805043463327 ], [ 116.490483000391848, -0.206972356728899 ], [ 116.49056609621158, -0.206972359416065 ], [ 116.490649189363282, -0.207056017394997 ], [ 116.490732285185587, -0.207056020082372 ], [ 116.490898474164595, -0.207139680751293 ], [ 116.490981569990581, -0.207139683438438 ], [ 116.491313945298799, -0.207390660085258 ], [ 116.491895608143111, -0.207641644818814 ], [ 116.492061797156964, -0.207725305505719 ], [ 116.492809654456721, -0.207892640327778 ], [ 116.492975843498414, -0.207976301023389 ], [ 116.49305893668631, -0.208059959033889 ], [ 116.493142032545052, -0.208059961721518 ], [ 116.493308221596706, -0.20814362242225 ], [ 116.4933913174591, -0.208143625109637 ], [ 116.493474410653278, -0.20822728312548 ], [ 116.494056068383514, -0.208645578611573 ], [ 116.494139161585977, -0.20872923663894 ], [ 116.494222254789364, -0.208812894668046 ], [ 116.494803912590868, -0.209231190227337 ], [ 116.495385578477837, -0.209398519779393 ], [ 116.495468674373569, -0.209398522471898 ], [ 116.496050334980509, -0.20973316275565 ], [ 116.49613342821101, -0.209816820812127 ], [ 116.496964379314946, -0.210067813852762 ], [ 116.497462949501724, -0.210235140762704 ], [ 116.49754604542855, -0.210235143454837 ], [ 116.497629138682456, -0.210318801528999 ], [ 116.497795330542317, -0.210318806913181 ], [ 116.497878423800117, -0.210402464990265 ], [ 116.497961519733153, -0.210402467682313 ], [ 116.498127711602422, -0.210402473065072 ], [ 116.498210807538641, -0.210402475755784 ], [ 116.498376996742124, -0.210486136527925 ], [ 116.499124852228206, -0.210737126930941 ], [ 116.499457236037514, -0.210737137686809 ], [ 116.499706521236334, -0.210820801158147 ], [ 116.499789617194935, -0.210820803845727 ], [ 116.500121998371768, -0.210904470006024 ], [ 116.500205094336124, -0.210904472692437 ], [ 116.500786763450478, -0.210988146907796 ], [ 116.500869859423688, -0.2109881495917 ], [ 116.501036051373362, -0.210988154958169 ], [ 116.50145152593862, -0.211155479229406 ], [ 116.502033189849215, -0.211406464313832 ], [ 116.502282475162289, -0.21149012780205 ], [ 116.502365571157213, -0.211490130484279 ], [ 116.502531763150159, -0.211490135847394 ], [ 116.502614859148238, -0.21149013852828 ], [ 116.502697955147369, -0.211490141208718 ], [ 116.502781051147551, -0.211490143888708 ], [ 116.503030339154378, -0.211490151925991 ], [ 116.503279624510995, -0.211573815414001 ], [ 116.503362720518979, -0.211573818091915 ], [ 116.503445816528014, -0.211573820769381 ], [ 116.504027488620721, -0.211573839499103 ], [ 116.504110584638156, -0.211573842172985 ], [ 116.504359872696796, -0.211573850191945 ], [ 116.5047753528155, -0.211573863547918 ], [ 116.504941542218489, -0.211657524363028 ], [ 116.505107731626396, -0.211741185180609 ], [ 116.505273921039219, -0.211824846000556 ], [ 116.505689393266152, -0.212075825803723 ], [ 116.505772486653569, -0.212159483961332 ], [ 116.505855582696142, -0.212159486633181 ], [ 116.506437241757254, -0.212577782797383 ], [ 116.506686527264876, -0.212661446314471 ], [ 116.507185095657775, -0.212912428859587 ], [ 116.507268191722147, -0.212912431533255 ], [ 116.507351285131904, -0.212996089712714 ], [ 116.507517474610978, -0.213079750568262 ], [ 116.507600570680424, -0.213079753242226 ], [ 116.508016043077689, -0.213330733149163 ], [ 116.508099136497904, -0.213414391339259 ], [ 116.508265325999062, -0.213498052206537 ], [ 116.50868079844436, -0.213749032146675 ], [ 116.509013177485841, -0.213916353902347 ], [ 116.509428644664652, -0.21433464494104 ], [ 116.509511740764779, -0.214334647620313 ], [ 116.509761015759466, -0.214752933337782 ], [ 116.509761013093993, -0.214836588874239 ], [ 116.509844087843334, -0.215505835857565 ], [ 116.50984408249353, -0.215673146932359 ], [ 116.509844079817057, -0.21575680246976 ], [ 116.509844074461057, -0.215924113544482 ], [ 116.509760975668144, -0.216007766383512 ], [ 116.509594775395598, -0.216258727588044 ], [ 116.509594770024407, -0.216426038656417 ], [ 116.509096187984284, -0.216593333475543 ], [ 116.509013086491208, -0.216760641819395 ], [ 116.508763795477392, -0.216844289204638 ], [ 116.508680699373031, -0.21684428648986 ], [ 116.508597600571875, -0.2169279392962 ], [ 116.508099021269459, -0.217011578504109 ], [ 116.507683535384217, -0.217178875916793 ], [ 116.507434247109416, -0.217178867740579 ], [ 116.507018761249853, -0.217346165107519 ], [ 116.506852563652075, -0.217513470644544 ], [ 116.506353981725411, -0.217680765221418 ], [ 116.506270882925676, -0.217764417974847 ], [ 116.506104690770542, -0.217764412494124 ], [ 116.506021594694545, -0.217764409753071 ], [ 116.505938493170646, -0.217931717987249 ], [ 116.505439908547842, -0.218182667960345 ], [ 116.505356812477942, -0.218182665210331 ], [ 116.50477513454554, -0.218349956893371 ], [ 116.504359651503748, -0.218433598577357 ], [ 116.504110360591469, -0.21851724576297 ], [ 116.503861072429657, -0.218517237476678 ], [ 116.503777976377805, -0.218517234713656 ], [ 116.503113208000968, -0.218517212592819 ], [ 116.502863911622796, -0.218768170635841 ], [ 116.50269770851861, -0.219102786877918 ], [ 116.50261460971916, -0.219186439546433 ], [ 116.502448401058444, -0.219688366648705 ], [ 116.50219910185892, -0.220022980050269 ], [ 116.501866698262717, -0.220608556932149 ], [ 116.501617399010669, -0.220943170258743 ], [ 116.501451190189556, -0.221445097227605 ], [ 116.501368091356497, -0.221528749843193 ], [ 116.501368071757781, -0.222114337847584 ], [ 116.50128496168459, -0.222532612165324 ], [ 116.501284958874791, -0.2226162675934 ], [ 116.501284941993902, -0.223118200161488 ], [ 116.501284930718867, -0.223452821873349 ], [ 116.501534204754478, -0.223871107546357 ], [ 116.50161729515699, -0.224038421254164 ], [ 116.501783484442427, -0.224122082378293 ], [ 116.501783473128029, -0.224456704115196 ], [ 116.50178346179672, -0.224791325851962 ], [ 116.501783447608886, -0.225209603022677 ], [ 116.501783441926349, -0.225376913890905 ], [ 116.50194961129236, -0.226046163102355 ], [ 116.501949597030134, -0.226464440282979 ], [ 116.501949585601366, -0.226799062027293 ], [ 116.501949574155717, -0.227133683771468 ], [ 116.501949571291661, -0.227217339207479 ], [ 116.501949568426568, -0.227300994643463 ], [ 116.502115757718244, -0.227384655850486 ], [ 116.502281949880285, -0.227384661619558 ], [ 116.502448142046518, -0.227384667386705 ], [ 116.502697438886202, -0.227133709697147 ], [ 116.502863642484741, -0.226799093662269 ], [ 116.503029834659046, -0.22679909940784 ], [ 116.503112930747776, -0.226799102279905 ], [ 116.503362207607111, -0.227133732709492 ], [ 116.503528385512496, -0.227552015738468 ], [ 116.503528382652263, -0.227635671194572 ], [ 116.503528376928671, -0.227802982106766 ], [ 116.503445280828942, -0.2278029792244 ], [ 116.503112887840047, -0.228053934042441 ], [ 116.502946684163419, -0.228388550060531 ], [ 116.502946678414176, -0.228555860957723 ], [ 116.502946672660698, -0.228723171854859 ], [ 116.502946666903028, -0.228890482751973 ], [ 116.502780468943044, -0.229057787845285 ], [ 116.503112804213799, -0.23047994211037 ], [ 116.50294660619322, -0.230647247169225 ], [ 116.503362078049321, -0.230898228131637 ], [ 116.503528267381157, -0.23098188943088 ], [ 116.503528264477808, -0.231065544886596 ], [ 116.503694456718065, -0.231065550732423 ], [ 116.50394373056605, -0.231483836802326 ], [ 116.504109922821669, -0.231483842653834 ], [ 116.504193018951057, -0.231483845578852 ], [ 116.504525397670463, -0.231651168210672 ], [ 116.505356350367506, -0.231902163871994 ], [ 116.505522536856219, -0.23206948067927 ], [ 116.505854915657309, -0.232236803342843 ], [ 116.505854912751886, -0.232320458827976 ], [ 116.505854889470839, -0.232989702708581 ], [ 116.505854886556008, -0.233073358193624 ], [ 116.505771775804007, -0.233491632678139 ], [ 116.505771772882397, -0.233575288162034 ], [ 116.505771752401841, -0.234160876549192 ], [ 116.505771734806245, -0.234662809452086 ], [ 116.506187198043136, -0.235164757157477 ], [ 116.50618719216196, -0.235332068135421 ], [ 116.50651956216953, -0.235750357442928 ], [ 116.506602658354367, -0.235750360407382 ], [ 116.506768847783206, -0.23583402183108 ], [ 116.507350512296682, -0.236085009079485 ], [ 116.507516704692222, -0.23608501500631 ], [ 116.507599800891555, -0.236085017968973 ], [ 116.507682897091939, -0.236085020931136 ], [ 116.508015281903852, -0.236085032774789 ], [ 116.508264570523735, -0.23608504165228 ], [ 116.508347666732433, -0.236085044610444 ], [ 116.508430762942169, -0.236085047568108 ], [ 116.508596955364808, -0.236085053481937 ], [ 116.508680051577684, -0.236085056438101 ], [ 116.509261725096906, -0.236085077117256 ], [ 116.509344821318095, -0.236085080069421 ], [ 116.510009591125026, -0.236085103668749 ], [ 116.510092687355581, -0.236085106616415 ], [ 116.51017578358713, -0.236085109563582 ], [ 116.510674360998379, -0.236085127236084 ], [ 116.510757454312923, -0.236168785726267 ], [ 116.510840550553297, -0.236168788670477 ], [ 116.51117292967848, -0.236336111545727 ], [ 116.511339119248703, -0.236419772986563 ], [ 116.511422212573365, -0.236503431485211 ], [ 116.511920784246712, -0.236670760266026 ], [ 116.512003874655448, -0.23683807433359 ], [ 116.51208697091532, -0.236838077278622 ], [ 116.512668633068571, -0.237172720161154 ], [ 116.51275172641293, -0.237256378677676 ], [ 116.513001015230984, -0.237256387513303 ], [ 116.513084105655111, -0.237423701608496 ], [ 116.513333391563179, -0.237507366022922 ], [ 116.513416487843529, -0.237507368968229 ], [ 116.51391505384963, -0.237842008972794 ], [ 116.513998150139216, -0.237842011918725 ], [ 116.51466291757032, -0.237925691063159 ], [ 116.514829110170027, -0.237925696947523 ], [ 116.515660070312535, -0.238009381946637 ], [ 116.515743166624702, -0.238009384884058 ], [ 116.516324840838436, -0.238009405431894 ], [ 116.516989611429892, -0.238009428884898 ], [ 116.51707270775843, -0.238009431814256 ], [ 116.517654382086789, -0.238009452305649 ], [ 116.517820574761259, -0.238009458155797 ], [ 116.518069863780568, -0.238009466927239 ], [ 116.518152960122393, -0.238009469850045 ], [ 116.518402249153965, -0.23800947861544 ], [ 116.518651538194703, -0.2380094873763 ], [ 116.518734628742592, -0.238176801586719 ], [ 116.518817725093584, -0.238176804507546 ], [ 116.519150110507681, -0.238176816185808 ], [ 116.519648682865252, -0.23834414500174 ], [ 116.519814875592616, -0.238344150835889 ], [ 116.520479646542768, -0.238344174152298 ], [ 116.520562742916113, -0.238344177064578 ], [ 116.520728935665844, -0.238344182887624 ], [ 116.52172608358822, -0.238595184830563 ], [ 116.521809179978277, -0.238595187738332 ], [ 116.522640135280781, -0.238846183868793 ], [ 116.5228063252016, -0.238929845374383 ], [ 116.523387988520909, -0.239264488511167 ], [ 116.523803461945619, -0.239515470158067 ], [ 116.524634414663041, -0.239850122069408 ], [ 116.524717511095986, -0.239850124974695 ], [ 116.52480060752994, -0.239850127879473 ], [ 116.525049893953721, -0.23993379231361 ], [ 116.525714659726532, -0.240101126991249 ], [ 116.525880849740517, -0.240184788527075 ], [ 116.52662871206897, -0.240352126108133 ], [ 116.527293475145186, -0.240603116537182 ], [ 116.527459665206905, -0.240686778084874 ], [ 116.527542761679058, -0.240686780982966 ], [ 116.528124428382583, -0.240937768535505 ], [ 116.528290621346869, -0.240937774329061 ], [ 116.528872291004546, -0.241105106128581 ], [ 116.528955381744495, -0.241272420563124 ], [ 116.529038478238135, -0.241272423459072 ], [ 116.529204668352634, -0.241356085022479 ], [ 116.529204659719184, -0.241607052341579 ], [ 116.529287753338551, -0.241690711013997 ], [ 116.529370846958926, -0.24177436968795 ], [ 116.52962012782622, -0.242025345718613 ], [ 116.529786317958369, -0.242109007299859 ], [ 116.530367979136898, -0.242527306529911 ], [ 116.530367976253274, -0.242610962316849 ], [ 116.530534169291698, -0.242610968122897 ], [ 116.530534163523484, -0.242778279700729 ], [ 116.530617257160131, -0.242861938394877 ], [ 116.53128201206701, -0.243363896405578 ], [ 116.531365105713803, -0.243447555111036 ], [ 116.531448199361648, -0.243531213817949 ], [ 116.532029857816497, -0.244033169000829 ], [ 116.53211295147301, -0.244116827718497 ], [ 116.532528419771026, -0.244535121328972 ], [ 116.532777694970093, -0.244953409144013 ], [ 116.53294387940231, -0.245204382428746 ], [ 116.533110072534015, -0.245204388264666 ], [ 116.533193163304546, -0.245371702822903 ], [ 116.533359356444251, -0.245371708659688 ], [ 116.533857927196834, -0.24562269364292 ], [ 116.534107216936249, -0.245622702393792 ], [ 116.534190313518025, -0.245622705309709 ], [ 116.534522699854975, -0.245622716968176 ], [ 116.534771989618022, -0.245622725706565 ], [ 116.535187472576183, -0.245622740260146 ], [ 116.535353665766323, -0.245622746077937 ], [ 116.535436762362878, -0.245622748986053 ], [ 116.535769148758931, -0.245622760613315 ], [ 116.535852245360388, -0.24562276351883 ], [ 116.535935336190235, -0.245790078130263 ], [ 116.536018432794705, -0.245790081036717 ], [ 116.536184620233172, -0.245957398560375 ], [ 116.536184611565659, -0.246208366128799 ], [ 116.536184602889307, -0.246459333697093 ], [ 116.53618459710016, -0.246626645409254 ], [ 116.536101488896421, -0.246961265914173 ], [ 116.536101485995914, -0.247044921769232 ], [ 116.536101471478716, -0.247463201044212 ], [ 116.53610146566497, -0.247630512754123 ], [ 116.536267644355291, -0.248048797892465 ], [ 116.536267638529864, -0.248216109606199 ], [ 116.536350732239669, -0.24829976839707 ], [ 116.536433820119299, -0.248550738906983 ], [ 116.536433817202223, -0.24863439476576 ], [ 116.536516902154275, -0.248969021141676 ], [ 116.53659999294257, -0.249136335803435 ], [ 116.536599990019667, -0.249219991664114 ], [ 116.536101410238302, -0.249219973996287 ], [ 116.535935214057631, -0.249303623955549 ], [ 116.535852105708088, -0.249638244414023 ], [ 116.536184486359986, -0.249805567932133 ], [ 116.536350676693544, -0.249889229693949 ], [ 116.536433770395661, -0.249972888504836 ], [ 116.536849247724405, -0.250140214990315 ], [ 116.537098534722972, -0.250223879711386 ], [ 116.537597108753161, -0.250391209157017 ], [ 116.537846392854064, -0.250558529756839 ], [ 116.538095668167117, -0.250976817998317 ], [ 116.53834494348034, -0.251395106264284 ], [ 116.538428037210494, -0.251478765103693 ], [ 116.53851113387995, -0.25147876806144 ], [ 116.538594224674014, -0.251646082786716 ], [ 116.539009696292226, -0.251980721130325 ], [ 116.539175886712258, -0.252064382940459 ], [ 116.539258980453909, -0.25214804179213 ], [ 116.539342077137348, -0.25214804475241 ], [ 116.539508267567456, -0.252231706566126 ], [ 116.5400899355825, -0.252482694977376 ], [ 116.540173032277764, -0.252482697936238 ], [ 116.540256123095531, -0.252650012701642 ], [ 116.540339219793822, -0.252650015661395 ], [ 116.540671600719719, -0.252817339311904 ], [ 116.540754694484448, -0.252900998180319 ], [ 116.541003972843356, -0.253235630706317 ], [ 116.541003969900629, -0.253319286618594 ], [ 116.541253248263232, -0.253653919165986 ], [ 116.541253245317222, -0.253737575081109 ], [ 116.54133633024253, -0.254072201711552 ], [ 116.541253224668012, -0.254323166486853 ], [ 116.540422263430372, -0.254155824917743 ], [ 116.540339166721495, -0.254155821940887 ], [ 116.540089876600717, -0.254155813007093 ], [ 116.539674393085548, -0.254155798106671 ], [ 116.539508199686281, -0.254155792142736 ], [ 116.539092710272826, -0.25432308900266 ], [ 116.539009610610265, -0.254406741903811 ], [ 116.538843417223418, -0.254406735925368 ], [ 116.538261731475288, -0.254657682622989 ], [ 116.537846233143568, -0.255075947007565 ], [ 116.537513840437114, -0.255243246728337 ], [ 116.537430737776134, -0.255410555459349 ], [ 116.537347641094371, -0.255410552448327 ], [ 116.536765955360323, -0.255661498941518 ], [ 116.536433562662083, -0.255828798580759 ], [ 116.536267369317684, -0.25582879253531 ], [ 116.536184269642902, -0.255912445366642 ], [ 116.535685683618411, -0.256079738905957 ], [ 116.53493779857935, -0.256497990813591 ], [ 116.534189925656321, -0.256581619263809 ], [ 116.533940629650431, -0.256748921780147 ], [ 116.533525137315408, -0.25699987399555 ], [ 116.533358944024883, -0.256999867884332 ], [ 116.533026551377915, -0.257167167289398 ], [ 116.532611059051092, -0.257418119417019 ], [ 116.532611052958032, -0.257585431040963 ], [ 116.532278660307938, -0.25775273038044 ], [ 116.531946264604755, -0.258003685499103 ], [ 116.531364575940998, -0.258338287131759 ], [ 116.530699787582279, -0.258756541377064 ], [ 116.529868812149942, -0.259007477740334 ], [ 116.529204033081342, -0.25917476443982 ], [ 116.528539254055076, -0.259342051072022 ], [ 116.527957571666761, -0.259509340758861 ], [ 116.527292795825275, -0.259592971515148 ], [ 116.526794213202223, -0.259676608484053 ], [ 116.526628020038132, -0.259676602220104 ], [ 116.526544923457593, -0.259676599087305 ], [ 116.526461826878034, -0.259676595953956 ], [ 116.526129434338159, -0.259843894881887 ], [ 116.525963241187938, -0.259843888605099 ], [ 116.525464658639606, -0.259927525486856 ], [ 116.525298462380476, -0.260011174922515 ], [ 116.525215365813821, -0.26001117177687 ], [ 116.525132269248147, -0.260011168630675 ], [ 116.525049169557022, -0.260094821204171 ], [ 116.524966072992811, -0.260094818055862 ], [ 116.524467484231778, -0.260345766293792 ], [ 116.523885802064001, -0.260513055607757 ], [ 116.523802702370418, -0.260596708151613 ], [ 116.522971730596581, -0.260763987889728 ], [ 116.522888630903395, -0.260847640413254 ], [ 116.522473148198955, -0.260847624548815 ], [ 116.521891472455167, -0.260847602315404 ], [ 116.521642182865875, -0.260847592778515 ], [ 116.520977413834743, -0.260763911652209 ], [ 116.520561934413635, -0.260680240064145 ], [ 116.520478841063849, -0.260596581214751 ], [ 116.520312648041113, -0.260596574844733 ], [ 116.519647885492049, -0.260345582380629 ], [ 116.519564788991971, -0.260345579193451 ], [ 116.519398595994844, -0.26034557281744 ], [ 116.518900020197933, -0.260261898031397 ], [ 116.518733827218185, -0.260261891648618 ], [ 116.518235251476838, -0.260178216850457 ], [ 116.518069058514527, -0.260178210460915 ], [ 116.517736678952403, -0.26001088641434 ], [ 116.517653582477948, -0.260010883218595 ], [ 116.517071907185382, -0.260010860832968 ], [ 116.516988810719113, -0.260010857632819 ], [ 116.516905714253866, -0.26001085443212 ], [ 116.516656428044968, -0.25992718920965 ], [ 116.515908559936307, -0.259927160372997 ], [ 116.515742367034548, -0.259927153958798 ], [ 116.515493071311823, -0.260094455538626 ], [ 116.514828286976396, -0.26042905220735 ], [ 116.514745190535066, -0.260429048987164 ], [ 116.51449589481399, -0.260596350503603 ], [ 116.514412798375687, -0.260596347279142 ], [ 116.513415631562211, -0.260847275272518 ], [ 116.513249438710062, -0.260847268802471 ], [ 116.513166342285572, -0.26084726556662 ], [ 116.512584660904068, -0.261014554032681 ], [ 116.512002979553657, -0.261181842442522 ], [ 116.511919883142411, -0.261181839194224 ], [ 116.511836783504265, -0.26126549150221 ], [ 116.511670590685867, -0.261265485000767 ], [ 116.511338205061506, -0.261265471991243 ], [ 116.51117201548783, -0.261181809934656 ], [ 116.510922732753087, -0.261014489080704 ], [ 116.510839639587829, -0.260930830282898 ], [ 116.510756549653522, -0.260763515943316 ], [ 116.510590363327537, -0.260596198357432 ], [ 116.510590366555405, -0.260512542816136 ], [ 116.510424177005859, -0.260428880777643 ], [ 116.510341083846683, -0.260345221990044 ], [ 116.510091801149755, -0.260177901171472 ], [ 116.510008704768921, -0.260177897922989 ], [ 116.509842512010337, -0.260177891424369 ], [ 116.509427036591774, -0.260010564114695 ], [ 116.508762272113643, -0.259843227056106 ], [ 116.508429889904548, -0.259759558526161 ], [ 116.508346796779506, -0.259675899758727 ], [ 116.508180607301398, -0.259592237739563 ], [ 116.507931331170596, -0.259257605944562 ], [ 116.507598945785688, -0.259257592936202 ], [ 116.507266560417463, -0.259257579919059 ], [ 116.507183464077997, -0.259257576663401 ], [ 116.507100367739582, -0.259257573407194 ], [ 116.506601780012431, -0.259508520331944 ], [ 116.506352484529756, -0.259675821516663 ], [ 116.506186288622956, -0.259759470468057 ], [ 116.505770806987712, -0.259759454117 ], [ 116.505687710663793, -0.259759450845139 ], [ 116.505106036425715, -0.259759427926709 ], [ 116.50502294011018, -0.259759424650447 ], [ 116.504524365496394, -0.259675749516557 ], [ 116.504108893742725, -0.259424766737236 ], [ 116.503776518317139, -0.259173787253436 ], [ 116.503610325728346, -0.259173780697576 ], [ 116.503610328984394, -0.259090125244373 ], [ 116.503111757761985, -0.25892279467619 ], [ 116.502613180068508, -0.25892277499476 ], [ 116.502446987512471, -0.258922768429897 ], [ 116.502363891236016, -0.258922765146643 ], [ 116.501948409869556, -0.258922748722151 ], [ 116.501782217330387, -0.258922742148517 ], [ 116.501283636468955, -0.259006377837981 ], [ 116.500868148621393, -0.259173672208967 ], [ 116.500785052363383, -0.259173668912104 ], [ 116.500120265926626, -0.259591919560419 ], [ 116.499289290292609, -0.259926508055872 ], [ 116.498790706253956, -0.260093798929106 ], [ 116.49870760671547, -0.260177450997111 ], [ 116.498624510478422, -0.260177447673155 ], [ 116.497959730696365, -0.260428387203776 ], [ 116.497461143394204, -0.260679333325478 ], [ 116.497378047169803, -0.260679329986831 ], [ 116.496962559423054, -0.260846624020882 ], [ 116.496879459881399, -0.260930276043448 ], [ 116.496713267445301, -0.260930269351437 ], [ 116.496380875931038, -0.261097566681281 ], [ 116.496297776388147, -0.261181218689247 ], [ 116.495965388210649, -0.261264860629488 ], [ 116.495716099586744, -0.261264850559513 ], [ 116.495383714769815, -0.261264837125135 ], [ 116.494552766164674, -0.260930182154186 ], [ 116.494469669975999, -0.260930178792987 ], [ 116.494220381416412, -0.260930168706076 ], [ 116.494137285232014, -0.260930165342667 ], [ 116.493472515795489, -0.260930138415507 ], [ 116.493306320099876, -0.261013786998616 ], [ 116.493140127754643, -0.261013780256931 ], [ 116.493057031583646, -0.261013776885259 ], [ 116.492724643558262, -0.26109741870586 ], [ 116.492558447872653, -0.26118106726493 ], [ 116.492142960343173, -0.261348360981303 ], [ 116.491810568982359, -0.261515658049174 ], [ 116.491727472825275, -0.261515654662159 ], [ 116.491644373303529, -0.261599306573247 ], [ 116.49147818099361, -0.26159929979428 ], [ 116.49106269349528, -0.261766593419318 ], [ 116.490397920955814, -0.261850221524148 ], [ 116.490314824814817, -0.261850218123374 ], [ 116.489899337361834, -0.262017511662852 ], [ 116.489317664435333, -0.262017487807269 ], [ 116.48923456830731, -0.26201748439711 ], [ 116.489151468791604, -0.262101136252392 ], [ 116.48898527653985, -0.262101129427121 ], [ 116.488902177024116, -0.262184781276421 ], [ 116.488237401269629, -0.262352064447965 ], [ 116.487905016811482, -0.262352050757688 ], [ 116.487738821186468, -0.262435699156646 ], [ 116.487655725076266, -0.262435695730484 ], [ 116.48724023431771, -0.26268664431393 ], [ 116.486907839662607, -0.262937596288823 ], [ 116.486907836247056, -0.26302125152526 ], [ 116.486575451840693, -0.263021237764417 ], [ 116.486492359160138, -0.262937579091849 ], [ 116.485910693343527, -0.262770244546088 ], [ 116.48582759725501, -0.262770241103318 ], [ 116.485495219754199, -0.262602916890995 ], [ 116.485245931511571, -0.262602906559253 ], [ 116.484581162912619, -0.262602878983475 ], [ 116.484414970773784, -0.262602872083971 ], [ 116.484331874706001, -0.262602868633385 ], [ 116.483916394383513, -0.262602851372113 ], [ 116.483251629358762, -0.262519168536988 ], [ 116.483085437256008, -0.262519161621894 ], [ 116.482337572847825, -0.262519130476458 ], [ 116.482254476807952, -0.262519127013075 ], [ 116.481506612498478, -0.262519095817613 ], [ 116.481257320967373, -0.262602740570808 ], [ 116.480675641900945, -0.262770026564974 ], [ 116.480093949018254, -0.26327193308532 ], [ 116.47967845507435, -0.263606536200041 ], [ 116.479429177457845, -0.263355560300022 ], [ 116.479429180927596, -0.263271905162776 ], [ 116.479346084921232, -0.26327190166995 ], [ 116.478847508906185, -0.263271880701285 ], [ 116.478515124918204, -0.263271866711026 ], [ 116.478432028923976, -0.263271863212068 ], [ 116.478348932930842, -0.263271859712552 ], [ 116.478182737469837, -0.263355507832428 ], [ 116.478016538528564, -0.263522811063877 ], [ 116.478016531562488, -0.263690121300456 ], [ 116.477517955636799, -0.263690100244878 ], [ 116.477102475729197, -0.263690082683208 ], [ 116.476853187797886, -0.263690072139507 ], [ 116.476770091823028, -0.263690068623823 ], [ 116.476686995849263, -0.263690065107581 ], [ 116.47635461545994, -0.263606395941029 ], [ 116.476188427020375, -0.263522733810874 ], [ 116.475939142624242, -0.26343906816501 ], [ 116.475856046663225, -0.263439064646536 ], [ 116.475523662830255, -0.263439050567065 ], [ 116.475274374967171, -0.263439040001605 ], [ 116.475191279015021, -0.263439036478669 ], [ 116.474858895217608, -0.263439022381349 ], [ 116.474692703325559, -0.263439015329342 ], [ 116.474609607381197, -0.263439011802501 ], [ 116.474277220108632, -0.263522652757623 ], [ 116.474027928784835, -0.263606297228368 ], [ 116.473944832848304, -0.263606293694823 ], [ 116.473612449113219, -0.26360627955506 ], [ 116.47319696946947, -0.263606261867799 ], [ 116.472781489853574, -0.263606244166585 ], [ 116.472532198577284, -0.26368988858362 ], [ 116.472199807867682, -0.26385718448128 ], [ 116.472116708427691, -0.26394083597085 ], [ 116.471701225343125, -0.26402447324402 ], [ 116.471202646376852, -0.264108106933163 ], [ 116.471119550474938, -0.264108103373877 ], [ 116.470787166878509, -0.264108089131139 ], [ 116.470704070982208, -0.264108085569056 ], [ 116.47037168386683, -0.264191726330232 ], [ 116.470039296763872, -0.264275367073397 ], [ 116.469873104990327, -0.264275359934088 ], [ 116.469873097895373, -0.264442669950638 ], [ 116.469540707253472, -0.264609965663737 ], [ 116.469540700145089, -0.264777275671169 ], [ 116.469208302376941, -0.265111881346343 ], [ 116.469125202932119, -0.265195532758061 ], [ 116.46870970569131, -0.265613789774044 ], [ 116.468543513935899, -0.265613782580579 ], [ 116.468211116127677, -0.265948388128688 ], [ 116.468044917216844, -0.266115690885701 ], [ 116.467878725472758, -0.266115683669627 ], [ 116.467629430690479, -0.266282982796198 ], [ 116.467297043633678, -0.266366623314331 ], [ 116.466964656589269, -0.266450263814362 ], [ 116.466798461273186, -0.266533911540593 ], [ 116.466632269557351, -0.266533904296246 ], [ 116.466216783082572, -0.266701196091658 ], [ 116.465718207989312, -0.266701174314482 ], [ 116.465385821006663, -0.266784814731735 ], [ 116.465053437649658, -0.266784800188729 ], [ 116.464887249591072, -0.266701137974014 ], [ 116.464721061538157, -0.266617475761576 ], [ 116.464471774049258, -0.26661746484846 ], [ 116.46430558601044, -0.266533802638372 ], [ 116.463973206335012, -0.266450133152404 ], [ 116.463474627816183, -0.266533766224764 ], [ 116.463308436190943, -0.266533758935271 ], [ 116.462809850464495, -0.266784701787039 ], [ 116.462560555789523, -0.266952000643702 ], [ 116.462228168947945, -0.26703564091788 ], [ 116.461729590529131, -0.267119273846878 ], [ 116.461231004853005, -0.267370216520481 ], [ 116.460898614408094, -0.26753751160184 ], [ 116.460732419187437, -0.267621159132251 ], [ 116.460233840850094, -0.267704791931064 ], [ 116.459901457750561, -0.267704777197325 ], [ 116.459652174098991, -0.26762111127361 ], [ 116.459402894120416, -0.267453790487621 ], [ 116.458987433613672, -0.267035497766375 ], [ 116.458904337858741, -0.267035494084515 ], [ 116.45865507618727, -0.26644989905917 ], [ 116.458571995038682, -0.266115275972397 ], [ 116.45848890294279, -0.26603161744886 ], [ 116.458073427896423, -0.265947944240436 ], [ 116.457824140694768, -0.26594793321957 ], [ 116.457491746813716, -0.266198883030282 ], [ 116.457325526067038, -0.26686811435128 ], [ 116.457325522400552, -0.266951769186535 ], [ 116.45732550037755, -0.267453698197857 ], [ 116.457325493027341, -0.267621007868211 ], [ 116.457491669792944, -0.267955634618851 ], [ 116.457574758173962, -0.268122948000199 ], [ 116.457657842870049, -0.268373916225227 ], [ 116.457657839185131, -0.268457571064917 ], [ 116.457657828123516, -0.268708535583869 ], [ 116.457740898025847, -0.269294123182643 ], [ 116.457823975286431, -0.269712401112822 ], [ 116.457823964176526, -0.269963365638223 ], [ 116.457823960470947, -0.270047020479972 ], [ 116.457491562598079, -0.270381624899454 ], [ 116.457408463126995, -0.270465275997113 ], [ 116.457076068952418, -0.270716225527377 ], [ 116.456909877446748, -0.270716218035216 ], [ 116.456826781695611, -0.270716214288275 ], [ 116.456577494449192, -0.270716203044014 ], [ 116.456245100286338, -0.270967152502646 ], [ 116.455912709852683, -0.271134447109184 ], [ 116.455580326898968, -0.271134432067264 ], [ 116.455164855709199, -0.270967103642845 ], [ 116.454832495216664, -0.270465159789866 ], [ 116.454832498948477, -0.270381504989849 ], [ 116.454666318701456, -0.27013053308299 ], [ 116.454583226714377, -0.270046874532152 ], [ 116.454500134728391, -0.269963215983091 ], [ 116.454416982961376, -0.27121803414226 ], [ 116.454416979215168, -0.27130168893633 ], [ 116.454416964218808, -0.271636308112461 ], [ 116.454416956713686, -0.271803617700439 ], [ 116.454500048685077, -0.271887276274273 ], [ 116.454500037416977, -0.272138240659623 ], [ 116.453752153313744, -0.272640135296417 ], [ 116.453669057593316, -0.272640131500909 ], [ 116.453253563906102, -0.272974731624857 ], [ 116.453253560127607, -0.273058386402398 ], [ 116.453004261634391, -0.273309339308239 ], [ 116.452671863627344, -0.273643943141753 ], [ 116.452671859835533, -0.273727597911019 ], [ 116.452588760329164, -0.273811248860908 ], [ 116.452588756534482, -0.273894903628984 ], [ 116.452256350883772, -0.274396816921247 ], [ 116.452007033265019, -0.275066043506384 ], [ 116.451923914634563, -0.275567968215971 ], [ 116.45184081126979, -0.275735273881473 ], [ 116.451840807443219, -0.275818928638733 ], [ 116.451508405425557, -0.276237186985332 ], [ 116.451508401589706, -0.276320841737862 ], [ 116.451425298198771, -0.276488147378018 ], [ 116.451175991838724, -0.276906409518844 ], [ 116.451009785010385, -0.277241020753712 ], [ 116.450511206887313, -0.277324652209676 ], [ 116.450428111179747, -0.277324648326051 ], [ 116.45017883178113, -0.277157327204311 ], [ 116.450012644236821, -0.27707366470513 ], [ 116.449846448981177, -0.277157311666272 ], [ 116.449763349423236, -0.2772409625081 ], [ 116.449763345561166, -0.27732461723591 ], [ 116.449763341697974, -0.277408271963691 ], [ 116.450095693571299, -0.278077525377544 ], [ 116.450344953587589, -0.278663120216295 ], [ 116.450428045426179, -0.278746778856239 ], [ 116.450428041547866, -0.278830433593196 ], [ 116.45051111397504, -0.279332365926456 ], [ 116.450594205812507, -0.279416024576838 ], [ 116.450843473554428, -0.27983431002373 ], [ 116.450843469663923, -0.279917964766385 ], [ 116.450843461879373, -0.280085274251661 ], [ 116.450760346663216, -0.280503544038923 ], [ 116.45034485238773, -0.280838143343268 ], [ 116.450344844570537, -0.281005452814224 ], [ 116.450012453826687, -0.281172746526754 ], [ 116.449929350266657, -0.28134005204482 ], [ 116.449430764150449, -0.281590992539216 ], [ 116.448932174112358, -0.281925587685195 ], [ 116.448849078394574, -0.281925583725796 ], [ 116.448682886962544, -0.281925575805205 ], [ 116.448350488355999, -0.282260178785433 ], [ 116.448184281153246, -0.282594789667238 ], [ 116.448184265354598, -0.282929408485994 ], [ 116.448184261402005, -0.283013063190666 ], [ 116.447768774924171, -0.283180352681847 ], [ 116.447602583504704, -0.283180344710413 ], [ 116.447519487796725, -0.283180340723797 ], [ 116.447020913573397, -0.283180316791509 ], [ 116.446771614575383, -0.283431268871032 ], [ 116.446771606634741, -0.283598578240151 ], [ 116.446688506962829, -0.283682228925012 ], [ 116.446522295679699, -0.284100494328637 ], [ 116.446522287716732, -0.284267803690483 ], [ 116.446439188032357, -0.284351454360431 ], [ 116.44643918404735, -0.284435109040169 ], [ 116.446439180061176, -0.284518763719844 ], [ 116.446272972698807, -0.284853374400674 ], [ 116.44618987300376, -0.284937025056977 ], [ 116.446106773307548, -0.285020675710253 ], [ 116.445940573911486, -0.285187977007922 ], [ 116.445857470209532, -0.285355282323602 ], [ 116.445608175104951, -0.285522579567498 ], [ 116.445608171097533, -0.285606234235254 ], [ 116.44527576824899, -0.286024491405278 ], [ 116.445109572841062, -0.28610813797803 ], [ 116.444943381454721, -0.286108129885406 ], [ 116.443946233235451, -0.286108081278774 ], [ 116.443863137558168, -0.286108077224284 ], [ 116.443281471881448, -0.28602439419137 ], [ 116.443198376214184, -0.286024390133221 ], [ 116.443115280548085, -0.286024386074466 ], [ 116.442949089219454, -0.286024377955138 ], [ 116.442865993556921, -0.286024373894567 ], [ 116.442616714645112, -0.285857052459207 ], [ 116.442616738822977, -0.285355124708848 ], [ 116.442201276676641, -0.285020485958646 ], [ 116.442035085388412, -0.28502047785454 ], [ 116.441287224649813, -0.285020441356189 ], [ 116.441204129018089, -0.285020437297799 ], [ 116.441121033387574, -0.285020433238806 ], [ 116.440954842130083, -0.285020425119009 ], [ 116.440456268386001, -0.285020400745135 ], [ 116.440290077147438, -0.285020392615683 ], [ 116.44020698152994, -0.285020388550052 ], [ 116.439874607151779, -0.284853063109787 ], [ 116.439708419971609, -0.284769400393207 ], [ 116.439542244908523, -0.284434773935583 ], [ 116.439542252976636, -0.284267464773263 ], [ 116.439459157375197, -0.284267460712955 ], [ 116.439459165439786, -0.284100151552975 ], [ 116.439209890739562, -0.283849175646315 ], [ 116.438877524489243, -0.283514541128999 ], [ 116.438794428902682, -0.283514537074642 ], [ 116.438295871523366, -0.283179894482437 ], [ 116.438212779973881, -0.283096235866479 ], [ 116.438129692450204, -0.282928922691273 ], [ 116.437880417810746, -0.282677946862999 ], [ 116.43779733430749, -0.282426979144555 ], [ 116.437963533471503, -0.28225967811848 ], [ 116.438462114905633, -0.282092393231987 ], [ 116.438545214485899, -0.282008742701259 ], [ 116.438877612794968, -0.281674140548306 ], [ 116.439293102668472, -0.281423196945595 ], [ 116.439459297819852, -0.281339550406375 ], [ 116.439542397391207, -0.281255899843233 ], [ 116.439708588554822, -0.281255907876031 ], [ 116.439791684138399, -0.281255911891537 ], [ 116.440040978867088, -0.281088614756923 ], [ 116.440040994794543, -0.280753996401627 ], [ 116.43929314653397, -0.280502996586897 ], [ 116.439126955392837, -0.280502988569663 ], [ 116.438545290422354, -0.280419305923252 ], [ 116.438296015702363, -0.28016833019267 ], [ 116.438129848481523, -0.279666394801984 ], [ 116.438046760886891, -0.279499081676696 ], [ 116.43796366931646, -0.279415423114716 ], [ 116.437963677264506, -0.279248113996391 ], [ 116.437963681236738, -0.279164459437227 ], [ 116.438212979776239, -0.278913507741254 ], [ 116.438296075321958, -0.278913511733948 ], [ 116.438628449587597, -0.279080836836381 ], [ 116.438711537207695, -0.279248149968424 ], [ 116.438877704499674, -0.279750085389484 ], [ 116.439293174373546, -0.279917414539675 ], [ 116.439625596299891, -0.279080884702993 ], [ 116.439542524468408, -0.278578953225635 ], [ 116.439542552104527, -0.277993371151383 ], [ 116.439542556047812, -0.277909716569306 ], [ 116.439708751105286, -0.277826069922056 ], [ 116.440041153025433, -0.277407812838191 ], [ 116.440124248586756, -0.277407816796407 ], [ 116.440456634772389, -0.277324178028106 ], [ 116.441038315530079, -0.277073241883378 ], [ 116.441786195291954, -0.276655004307689 ], [ 116.441786203107924, -0.276487695078752 ], [ 116.442201696624664, -0.276153096255018 ], [ 116.44253411010213, -0.275483874949668 ], [ 116.442617225104897, -0.275065605730195 ], [ 116.442617248369189, -0.274563677970508 ], [ 116.442367973262947, -0.274312702398865 ], [ 116.442284881563154, -0.274229043878581 ], [ 116.442201785993134, -0.274229039980819 ], [ 116.441869415342424, -0.273978060535911 ], [ 116.441786319780036, -0.273978056638816 ], [ 116.441287730921857, -0.274312651674759 ], [ 116.441287727041725, -0.274396306282416 ], [ 116.441204627602858, -0.274479956981741 ], [ 116.441121520391988, -0.274730916888555 ], [ 116.440622904205696, -0.2756510939795 ], [ 116.440539796933137, -0.27590205384002 ], [ 116.440207383398857, -0.276571274836301 ], [ 116.440124283921975, -0.276654925481234 ], [ 116.439791882074374, -0.277073182616955 ], [ 116.439708778658485, -0.277240487830326 ], [ 116.439542587551244, -0.277240479912211 ], [ 116.439293289089207, -0.277491431766379 ], [ 116.439210189599493, -0.277575082378467 ], [ 116.438545409448153, -0.277909668896508 ], [ 116.438462309955014, -0.27799331948648 ], [ 116.438379214413359, -0.277993315508136 ], [ 116.437548247183329, -0.278244239352343 ], [ 116.437465151653001, -0.278244235363928 ], [ 116.437298956632162, -0.278327881935034 ], [ 116.436800371576979, -0.278578821605357 ], [ 116.436634180534327, -0.278578813607727 ], [ 116.436551085014784, -0.278578809608027 ], [ 116.436467985522, -0.278662460145389 ], [ 116.436301790510896, -0.278746106675891 ], [ 116.436218694994949, -0.278746102671428 ], [ 116.4360524999869, -0.27882974919235 ], [ 116.435886308962239, -0.278829741176888 ], [ 116.435637018450279, -0.278913383674844 ], [ 116.435221536936453, -0.278997018130583 ], [ 116.435055345933336, -0.278997010098496 ], [ 116.434556768958771, -0.279080640497958 ], [ 116.434390577973616, -0.27908063245401 ], [ 116.433725810079977, -0.279164254752436 ], [ 116.433642714598207, -0.27916425072364 ], [ 116.433559615114277, -0.279247901189667 ], [ 116.433061030224664, -0.279498840458141 ], [ 116.432894839276813, -0.279498832380833 ], [ 116.432811739791248, -0.279582482825763 ], [ 116.432562453380328, -0.279582470699958 ], [ 116.432479349877212, -0.279749775616122 ], [ 116.432313158942662, -0.279749767523268 ], [ 116.432146963991158, -0.279833413902836 ], [ 116.431897673579073, -0.279917056223056 ], [ 116.431814574091902, -0.28000070664028 ], [ 116.431482168060526, -0.280502617208849 ], [ 116.431149766022443, -0.280920873249223 ], [ 116.431149761976755, -0.281004527709306 ], [ 116.431066662471807, -0.281088178094347 ], [ 116.430983562965665, -0.281171828476373 ], [ 116.430817363949856, -0.281339129231305 ], [ 116.430651173041042, -0.281339121068643 ], [ 116.430069488653302, -0.281673710257408 ], [ 116.429903293696015, -0.281757356516049 ], [ 116.429570911924458, -0.281757340137819 ], [ 116.429155459143431, -0.28125539306657 ], [ 116.429072375901768, -0.281004425685834 ], [ 116.429072379962221, -0.280920771256124 ], [ 116.429072384021481, -0.280837116826436 ], [ 116.429072424547385, -0.280000572528654 ], [ 116.429072428593329, -0.2799169180988 ], [ 116.429155528058317, -0.27983326773999 ], [ 116.429155536142972, -0.27966595887782 ], [ 116.429155540183501, -0.279582304446684 ], [ 116.42923864367944, -0.279414999648822 ], [ 116.429238647715735, -0.279331345216449 ], [ 116.429238655784729, -0.279164036351685 ], [ 116.429238659817415, -0.279080381919276 ], [ 116.429155592600267, -0.278494796841202 ], [ 116.429155596623843, -0.278411142409898 ], [ 116.429072509258333, -0.27824382949942 ], [ 116.428989417871563, -0.278160171022025 ], [ 116.428989421891501, -0.278076516593141 ], [ 116.428989429927725, -0.277909207735319 ], [ 116.428989466030913, -0.277156317874554 ], [ 116.428989470036342, -0.277072663445526 ], [ 116.428490905677648, -0.276905330400924 ], [ 116.428490929691193, -0.276403403870171 ], [ 116.428574029076444, -0.276319753472346 ], [ 116.428740223849587, -0.276236107093137 ], [ 116.428823319239868, -0.276236111114184 ], [ 116.428906422615526, -0.276068806278735 ], [ 116.428989521996769, -0.275985155866978 ], [ 116.429405014904745, -0.275650558198136 ], [ 116.429986694627758, -0.275399622909312 ], [ 116.430152889406088, -0.27531597646264 ], [ 116.430900759982251, -0.27506504904958 ], [ 116.43106695081056, -0.275065057026711 ], [ 116.43115004622652, -0.275065061014403 ], [ 116.431233145603244, -0.274981410539368 ], [ 116.431399340397263, -0.274897764044852 ], [ 116.431814821460492, -0.274814129483072 ], [ 116.431897916885546, -0.274814133461889 ], [ 116.432064111689428, -0.274730486943515 ], [ 116.432562684275993, -0.274730510789954 ], [ 116.433061260847879, -0.274646880126612 ], [ 116.433144356289802, -0.274646884094284 ], [ 116.433227451732932, -0.274646888061374 ], [ 116.433642936838979, -0.274479598893543 ], [ 116.433642940773382, -0.274395944396244 ], [ 116.434390815558757, -0.274061361982381 ], [ 116.434473911015829, -0.274061365932309 ], [ 116.434723197394234, -0.274061377778611 ], [ 116.434806292856095, -0.274061381726218 ], [ 116.434972483783412, -0.274061389619692 ], [ 116.435138674715517, -0.274061397510844 ], [ 116.435387965038956, -0.27397775482053 ], [ 116.435637255368505, -0.273894112117779 ], [ 116.435720350842331, -0.273894116056597 ], [ 116.435803446317422, -0.273894119994835 ], [ 116.435969637271128, -0.273894127869572 ], [ 116.436385126393731, -0.273643183934812 ], [ 116.43646822577945, -0.273559533326458 ], [ 116.436883722690879, -0.273141280239663 ], [ 116.437049917556919, -0.273057633530893 ], [ 116.437465410554125, -0.272723034898402 ], [ 116.437880895785128, -0.272555745321193 ], [ 116.438130193903348, -0.272304793343814 ], [ 116.438545671408917, -0.272304812831369 ], [ 116.439044248320755, -0.272221181621716 ], [ 116.439127347696243, -0.272137530935925 ], [ 116.439210443208097, -0.272137534825279 ], [ 116.439792119540002, -0.27197025286162 ], [ 116.439958310581574, -0.271970260625757 ], [ 116.440041409958525, -0.271886609916868 ], [ 116.440124505481705, -0.271886613796303 ], [ 116.440789277404775, -0.271719335609348 ], [ 116.441204770444344, -0.271384736535546 ], [ 116.441454076227018, -0.270966475074158 ], [ 116.44153717559395, -0.270882824319 ], [ 116.441786485154765, -0.270380908189768 ], [ 116.44186958069254, -0.270380912035695 ], [ 116.441869588330064, -0.270213602802614 ], [ 116.442035787037412, -0.27004630125009 ], [ 116.442201974303146, -0.270129963549768 ], [ 116.44228506221566, -0.270297276634281 ], [ 116.442534329766303, -0.270715561286615 ], [ 116.442949815163715, -0.270548271244615 ], [ 116.442949818978008, -0.270464616612668 ], [ 116.442949826603126, -0.270297307348687 ], [ 116.442949845645202, -0.269879034188524 ], [ 116.442949849450088, -0.269795379556483 ], [ 116.442949872254587, -0.269293451763861 ], [ 116.442949891225908, -0.268875178603002 ], [ 116.443032990560184, -0.268791527786174 ], [ 116.443116112599029, -0.268205949158567 ], [ 116.443282330112581, -0.267620374310284 ], [ 116.44328233765296, -0.267453065036019 ], [ 116.443365436960022, -0.267369414191778 ], [ 116.44378093723661, -0.26686750528196 ], [ 116.444030242631072, -0.266449243387805 ], [ 116.443697879216046, -0.266030955066886 ], [ 116.443614791172749, -0.265863642011034 ], [ 116.44295004567833, -0.26544533867327 ], [ 116.442700770350797, -0.265194363478975 ], [ 116.442368395783447, -0.265027039160677 ], [ 116.442285300274605, -0.265027035394272 ], [ 116.442119109260489, -0.265027027859778 ], [ 116.44153741449361, -0.265612583758663 ], [ 116.44095571590438, -0.266281794116776 ], [ 116.440872616637918, -0.266365444925751 ], [ 116.440789517370348, -0.266449095731784 ], [ 116.44054021200472, -0.266867357328035 ], [ 116.440290910389592, -0.267201964288792 ], [ 116.440207807320874, -0.267369269663599 ], [ 116.439958505672394, -0.267703876576701 ], [ 116.439626093293228, -0.268373097967109 ], [ 116.439459875625317, -0.268958672376476 ], [ 116.43937677631412, -0.269042323115208 ], [ 116.439044375232427, -0.269460580616556 ], [ 116.438462695322798, -0.269711517342059 ], [ 116.438379599838171, -0.269711513482238 ], [ 116.438047210236007, -0.269878807160622 ], [ 116.437714816794866, -0.270129755367539 ], [ 116.437631713624981, -0.270297060607881 ], [ 116.437548618148284, -0.270297056733956 ], [ 116.437133133077964, -0.270464346452606 ], [ 116.436717640301353, -0.270798945217638 ], [ 116.43613596819165, -0.270882572527563 ], [ 116.435720483166719, -0.271049862114468 ], [ 116.43555429225917, -0.271049854318065 ], [ 116.435221902705962, -0.271217147759711 ], [ 116.435138807257616, -0.271217143855945 ], [ 116.434889540303146, -0.270798859561833 ], [ 116.434806468086464, -0.270296928573384 ], [ 116.434806471952925, -0.270213274058597 ], [ 116.434723388111337, -0.269962306625654 ], [ 116.434640292678722, -0.26996230273652 ], [ 116.433975536994296, -0.269794962597322 ], [ 116.433476964487951, -0.269794939237563 ], [ 116.433227693724106, -0.269460309582209 ], [ 116.433227697589402, -0.269376655090232 ], [ 116.432812228298573, -0.269209326657819 ], [ 116.432729132898629, -0.269209322766421 ], [ 116.431482686537294, -0.269543882193309 ], [ 116.431316488009912, -0.269711183310214 ], [ 116.431316484126782, -0.269794837774309 ], [ 116.430568610164755, -0.270129420374984 ], [ 116.430568602375018, -0.270296729281192 ], [ 116.430485503102929, -0.27038037981047 ], [ 116.430319304555383, -0.270547680860039 ], [ 116.430153106003289, -0.270714981897555 ], [ 116.429488311749267, -0.271384185926978 ], [ 116.429322113174337, -0.271551486904162 ], [ 116.429239009960071, -0.271718791821679 ], [ 116.429155906739879, -0.271886096733707 ], [ 116.429072807444882, -0.271969747209262 ], [ 116.428408013043537, -0.272638950904926 ], [ 116.428241814431743, -0.272806251798596 ], [ 116.428241810482817, -0.272889906217264 ], [ 116.428158707221499, -0.273057211075763 ], [ 116.427660099435101, -0.273810076881182 ], [ 116.427577000110475, -0.27389372729612 ], [ 116.427410801457839, -0.274061028116883 ], [ 116.427410797484995, -0.27414468252316 ], [ 116.427327698155167, -0.274228332927785 ], [ 116.426829098165243, -0.274813889689261 ], [ 116.426745998825524, -0.274897540071384 ], [ 116.42657980413459, -0.274981186432535 ], [ 116.426496708785749, -0.274981182414034 ], [ 116.426413609444992, -0.275064832786472 ], [ 116.425582644025624, -0.275315755689114 ], [ 116.425499544684698, -0.275399406036757 ], [ 116.425167163348206, -0.275399389904484 ], [ 116.425000972687272, -0.275399381834849 ], [ 116.424502416771588, -0.275064740158705 ], [ 116.424336230142345, -0.274981077728661 ], [ 116.424170047525379, -0.274813760942738 ], [ 116.42400386090803, -0.274730098520311 ], [ 116.423920769604223, -0.274646440132624 ], [ 116.423505309100193, -0.274311802571002 ], [ 116.42342221780396, -0.274228144193334 ], [ 116.423339126508878, -0.274144485817482 ], [ 116.42333913450986, -0.273977177124932 ], [ 116.422591288911789, -0.273726177860249 ], [ 116.42250819363008, -0.273726173832268 ], [ 116.421760336149788, -0.273726137554357 ], [ 116.421261760540759, -0.27380976765853 ], [ 116.421178657252014, -0.273977072248611 ], [ 116.420929371467835, -0.273977060122263 ], [ 116.420846276208906, -0.273977056078987 ], [ 116.420763176933448, -0.274060706343234 ], [ 116.420596986420563, -0.274060698251312 ], [ 116.420596978379109, -0.274228006862526 ], [ 116.420513842836684, -0.2750645458562 ], [ 116.420846195632734, -0.275650142263282 ], [ 116.420846191591068, -0.275733796572384 ], [ 116.42084616731519, -0.276235722426676 ], [ 116.420763072041851, -0.276235718349481 ], [ 116.420098313953616, -0.276152031412963 ], [ 116.420015222745533, -0.276068373035071 ], [ 116.419932131538602, -0.275984714659039 ], [ 116.419433588369259, -0.275399110154264 ], [ 116.419018120246051, -0.275231781210755 ], [ 116.418935025006746, -0.275231777135557 ], [ 116.418851925719167, -0.275315427339221 ], [ 116.418270234735871, -0.275817324408259 ], [ 116.418104036144626, -0.275984624765874 ], [ 116.417937845683809, -0.275984616579744 ], [ 116.417605452565581, -0.276235562982724 ], [ 116.417605464776983, -0.275984600200473 ], [ 116.417605468844954, -0.275900945939727 ], [ 116.417605481041576, -0.275649983157334 ], [ 116.417605485104616, -0.275566328896523 ], [ 116.417605497286416, -0.275315366113988 ], [ 116.417605501344553, -0.275231711853147 ], [ 116.41760550540144, -0.275148057592244 ], [ 116.417605513511546, -0.274980749070469 ], [ 116.417605517564752, -0.274897094809564 ], [ 116.417522434502587, -0.274646127950332 ], [ 116.417439339289444, -0.274646123873339 ], [ 116.417439347387059, -0.274478815356389 ], [ 116.417605570144104, -0.27380958941664 ], [ 116.417688669389292, -0.273725939217745 ], [ 116.417771772665631, -0.273558634752198 ], [ 116.418270384168395, -0.27272211638379 ], [ 116.418270388183714, -0.27263846211264 ], [ 116.418353511464019, -0.272052886246949 ], [ 116.418353519472547, -0.27188557770197 ], [ 116.418187329060814, -0.27188556964088 ], [ 116.417688765867908, -0.271718236918603 ], [ 116.417522575478145, -0.27171822885327 ], [ 116.417439480285111, -0.27171822481974 ], [ 116.416525421198372, -0.271969143148513 ], [ 116.416442322000407, -0.272052793348265 ], [ 116.41627613164313, -0.272052785255719 ], [ 116.416193028423109, -0.272220089688933 ], [ 116.415694421094855, -0.272972953472794 ], [ 116.415528214583048, -0.273307562262779 ], [ 116.415278908822316, -0.273725821179384 ], [ 116.41519580959627, -0.273809471325393 ], [ 116.414198635084048, -0.274478655997203 ], [ 116.413783167427454, -0.274311327095231 ], [ 116.41370007227232, -0.274311322997069 ], [ 116.41336768759021, -0.274394960796068 ], [ 116.413284592440718, -0.274394956693752 ], [ 116.413035306999689, -0.274394944383317 ], [ 116.412952211855142, -0.274394940278676 ], [ 116.412786025647847, -0.274311277878957 ], [ 116.412619839446577, -0.274227615481943 ], [ 116.412287471138711, -0.273976636514662 ], [ 116.411872003653954, -0.273809307640898 ], [ 116.411373449243186, -0.273474666338297 ], [ 116.410957977766174, -0.273390991659022 ], [ 116.410874882659698, -0.273390987554927 ], [ 116.410708692450484, -0.273390979345002 ], [ 116.410459403065559, -0.273474621179443 ], [ 116.409877757804665, -0.273056321680965 ], [ 116.409877761882896, -0.272972667535986 ], [ 116.409711575787512, -0.272889005182327 ], [ 116.409545397850465, -0.27263803455144 ], [ 116.409213021614207, -0.272554364002622 ], [ 116.409046831466441, -0.272554355794735 ], [ 116.408963736394441, -0.272554351689927 ], [ 116.408631327528582, -0.273139914147484 ], [ 116.408465112828523, -0.27364183065478 ], [ 116.408132720248489, -0.27389277650551 ], [ 116.40804962107643, -0.27397642649126 ], [ 116.407384856467061, -0.274060047516515 ], [ 116.407301761409784, -0.274060043377424 ], [ 116.407135571298966, -0.274060035097499 ], [ 116.406886302590536, -0.273725406275557 ], [ 116.406553942951945, -0.273307119249944 ], [ 116.406304670153375, -0.273056144575682 ], [ 116.406221575119332, -0.273056140444236 ], [ 116.405889211411335, -0.272721507575143 ], [ 116.405307562671013, -0.272386862355909 ], [ 116.405224471756952, -0.272303204153323 ], [ 116.404809000808797, -0.272219529441846 ], [ 116.404642810798748, -0.272219521182943 ], [ 116.404310434897837, -0.272135850597845 ], [ 116.403811864931654, -0.272135825801094 ], [ 116.40339640642344, -0.271801188935551 ], [ 116.403396410527506, -0.271717534889096 ], [ 116.403230241074297, -0.271299256406095 ], [ 116.403230245171926, -0.271215602362097 ], [ 116.403147154294032, -0.271131944194546 ], [ 116.403064063417304, -0.271048286028921 ], [ 116.402814790793897, -0.270797311543839 ], [ 116.402731695828237, -0.270797307422487 ], [ 116.402565563109988, -0.269626142702765 ] ] ] ] } },
{ "type": "Feature", "properties": { "Id": 0, "area": 464.955186486, "danau": null }, "geometry": { "type": "MultiPolygon", "coordinates": [ [ [ [ 116.503264865800816, -0.336440532352383 ], [ 116.50418082407495, -0.337247466084667 ], [ 116.504238074024599, -0.337247469020253 ], [ 116.504524317951152, -0.337362753246068 ], [ 116.504638814943604, -0.337420393892307 ], [ 116.504753311938856, -0.337478034539188 ], [ 116.505039552982282, -0.337650953549666 ], [ 116.505268546995737, -0.337766234849559 ], [ 116.505325794043756, -0.337823872566641 ], [ 116.505554788071606, -0.337939153870682 ], [ 116.505612035123335, -0.33799679159005 ], [ 116.505669282175717, -0.338054429310088 ], [ 116.505669279261099, -0.338112064096487 ], [ 116.50578377045214, -0.338284974326855 ], [ 116.505841000002334, -0.338688420776908 ], [ 116.505840997083283, -0.338746055564748 ], [ 116.505840994163734, -0.338803690352565 ], [ 116.505840991243673, -0.338861325140374 ], [ 116.505898223688476, -0.339207136809842 ], [ 116.505955464894512, -0.339380044118521 ], [ 116.505955453194176, -0.339610583273457 ], [ 116.505955447341037, -0.339725852850858 ], [ 116.506069935591242, -0.339956397902434 ], [ 116.506127170926788, -0.340244574801125 ], [ 116.506298915020764, -0.340359853233505 ], [ 116.506298903294805, -0.340590392399947 ], [ 116.506356138615615, -0.34087856931236 ], [ 116.506356135680733, -0.340936204104418 ], [ 116.506356112183937, -0.341397282440647 ], [ 116.506413356298381, -0.341512554984283 ], [ 116.506413353358397, -0.341570189776781 ], [ 116.506413338651001, -0.34185836373908 ], [ 116.506470582761452, -0.341973636287289 ], [ 116.50647057981783, -0.342031271080214 ], [ 116.506470576873738, -0.342088905873132 ], [ 116.50647055625106, -0.342492349423359 ], [ 116.506527794457554, -0.34272289156425 ], [ 116.506585041510476, -0.342780529327207 ], [ 116.506585035610243, -0.342895798914834 ], [ 116.506699517909823, -0.343241613623801 ], [ 116.506699514956665, -0.343299248418569 ], [ 116.506756756102476, -0.343472155777428 ], [ 116.506699497227316, -0.343645057187063 ], [ 116.506527735368905, -0.3438755874296 ], [ 116.506470485360239, -0.343875584450143 ], [ 116.506298729414766, -0.343990845092065 ], [ 116.506069729388315, -0.343990833162636 ], [ 116.50601247938296, -0.343990830179415 ], [ 116.505668985291294, -0.343875542701457 ], [ 116.505554488254333, -0.343817901947127 ], [ 116.505382750115317, -0.343587353858702 ], [ 116.505325503082162, -0.3435297160921 ], [ 116.505211014943598, -0.343299170997306 ], [ 116.504982026822162, -0.34306861994655 ], [ 116.504867532765545, -0.342953344425063 ], [ 116.504867544607109, -0.342722805309794 ], [ 116.504695809442339, -0.342434622483643 ], [ 116.504638559458172, -0.342434619505657 ], [ 116.504581312432833, -0.342376981750964 ], [ 116.504524062449988, -0.342376978772792 ], [ 116.504466815426213, -0.342319341018907 ], [ 116.504066074445944, -0.34214641584754 ], [ 116.504008824468954, -0.342146412868278 ], [ 116.503894327476459, -0.342088772138361 ], [ 116.50366533350001, -0.341973490680372 ], [ 116.503550833555551, -0.341973484719704 ], [ 116.503207342620385, -0.3418005625363 ], [ 116.503092845647728, -0.341742921809763 ], [ 116.503092851569747, -0.34162765228297 ], [ 116.50303560160431, -0.341627649302388 ], [ 116.502577616710454, -0.341339451650904 ], [ 116.502520366751199, -0.341339448669749 ], [ 116.502176875894463, -0.341166526509407 ], [ 116.502119628901795, -0.341108888772455 ], [ 116.502062381909823, -0.341051251036178 ], [ 116.502005131956778, -0.341051248054455 ], [ 116.501661638176188, -0.340935960655117 ], [ 116.501203632666957, -0.34105120627434 ], [ 116.500974629919554, -0.341108829069633 ], [ 116.500917377006488, -0.341166460825207 ], [ 116.500802871178323, -0.34128172433229 ], [ 116.500745618263238, -0.341339356083783 ], [ 116.500402112662471, -0.341454607605293 ], [ 116.500287606828792, -0.341569871091981 ], [ 116.500230353910922, -0.341627502833275 ], [ 116.499829598377815, -0.341742751311104 ], [ 116.499371586952705, -0.341973266214464 ], [ 116.499142581241003, -0.34208852364569 ], [ 116.499028081374362, -0.342088517628691 ], [ 116.498799081647164, -0.342088505590567 ], [ 116.498684581786577, -0.342088499569443 ], [ 116.498512831999491, -0.342088490535177 ], [ 116.498341085209532, -0.3420308467764 ], [ 116.498226591342757, -0.341915571309964 ], [ 116.498054850547689, -0.341742658115281 ], [ 116.498054856529762, -0.341627388677433 ], [ 116.497883121718942, -0.341339206056892 ], [ 116.497768633838149, -0.341108661172203 ], [ 116.497654136995408, -0.341051020440559 ], [ 116.497539652103697, -0.340762840851728 ], [ 116.497425167208178, -0.340474661271556 ], [ 116.497253438366982, -0.340071209273464 ], [ 116.497138953462823, -0.33978302971438 ], [ 116.496795471938597, -0.339437203461325 ], [ 116.496451984482121, -0.339206646642338 ], [ 116.496451987460702, -0.339149011937356 ], [ 116.496337490654938, -0.339091371236033 ], [ 116.496165752896971, -0.338860823429187 ], [ 116.496108503008699, -0.338860820431534 ], [ 116.495994006211902, -0.338803179734261 ], [ 116.495707759764315, -0.33874553004163 ], [ 116.495593259997761, -0.338745524042576 ], [ 116.495536010115217, -0.338745521042537 ], [ 116.495478760233183, -0.338745518042159 ], [ 116.49519250784823, -0.338803137728966 ], [ 116.495192501881789, -0.338918407116557 ], [ 116.495135237075147, -0.339206577578906 ], [ 116.495135234088266, -0.339264212272146 ], [ 116.495135228113028, -0.339379481658604 ], [ 116.495192475007698, -0.339437119360392 ], [ 116.495478703511893, -0.33984057727182 ], [ 116.495593200299581, -0.339898217988883 ], [ 116.495650444209076, -0.340013490394286 ], [ 116.495764935019366, -0.340186400511385 ], [ 116.495764932027626, -0.340244035210124 ], [ 116.495764911071191, -0.340647478101096 ], [ 116.495707646190169, -0.340935648576032 ], [ 116.495650390295182, -0.341050914952547 ], [ 116.495593137398217, -0.34110854662952 ], [ 116.495535878496597, -0.341281447698306 ], [ 116.495478625596576, -0.34133907937152 ], [ 116.495364119794445, -0.341454342713817 ], [ 116.495306869897988, -0.341454339688415 ], [ 116.495192370106594, -0.341454333636583 ], [ 116.494734373969877, -0.341396674726144 ], [ 116.494619895239524, -0.340993225849646 ], [ 116.494448157601283, -0.340762678023641 ], [ 116.494390910721521, -0.340705040312491 ], [ 116.494219173089746, -0.340474492498114 ], [ 116.494104673329232, -0.340474486450644 ], [ 116.494104679335976, -0.340359217082876 ], [ 116.493932941712529, -0.340128669282668 ], [ 116.493875694838536, -0.34007103157855 ], [ 116.493761213093919, -0.339725217448851 ], [ 116.493703969220192, -0.339609945068431 ], [ 116.493589478474632, -0.339437034992002 ], [ 116.493417731868277, -0.339379391258785 ], [ 116.493303232134934, -0.339379385221216 ], [ 116.493188732403567, -0.339379379182282 ], [ 116.492787974351614, -0.339552262051939 ], [ 116.492673474627395, -0.339552256003786 ], [ 116.492673468617923, -0.339667525346133 ], [ 116.492558968894429, -0.339667519294561 ], [ 116.492558965888264, -0.339725153964681 ], [ 116.492329960429402, -0.339840411191546 ], [ 116.492272707560019, -0.339898042829889 ], [ 116.492100954971249, -0.339955668404682 ], [ 116.492043705112636, -0.339955665373084 ], [ 116.491642956116706, -0.339955644142325 ], [ 116.491413956701706, -0.339955632002947 ], [ 116.491356706849217, -0.339955628967248 ], [ 116.491070457594532, -0.339955613783629 ], [ 116.490726952466076, -0.340070864859269 ], [ 116.490669702619059, -0.340070861818439 ], [ 116.490383438273298, -0.340359019861797 ], [ 116.490326185402111, -0.340416651466304 ], [ 116.490211661483386, -0.340877722564708 ], [ 116.490211658452552, -0.340935357213597 ], [ 116.49021165238932, -0.341050626511371 ], [ 116.490211622042452, -0.341626972999738 ], [ 116.490211594686471, -0.342145684838673 ], [ 116.490211588601724, -0.342260954136154 ], [ 116.490211585558583, -0.342318588784876 ], [ 116.490268811053966, -0.342779669042222 ], [ 116.490268808006533, -0.34283730369138 ], [ 116.490383280283041, -0.343356021678551 ], [ 116.490440514884284, -0.343644198003687 ], [ 116.490440502664953, -0.343874736606112 ], [ 116.490440499608823, -0.343932371256684 ], [ 116.490440478201677, -0.344335813810642 ], [ 116.490440475141455, -0.344393448461175 ], [ 116.49038321914874, -0.344508714679975 ], [ 116.490383216086656, -0.344566349329971 ], [ 116.490383213024032, -0.344623983979942 ], [ 116.490325938631045, -0.345085058091869 ], [ 116.490325932495395, -0.345200327390698 ], [ 116.490325929426817, -0.345257962040094 ], [ 116.490096908428939, -0.345661392210558 ], [ 116.489867893551335, -0.345949553055911 ], [ 116.489810637519838, -0.346064819246612 ], [ 116.489638872490886, -0.346352983161004 ], [ 116.489638853985298, -0.346698791019284 ], [ 116.48963885089924, -0.346756425662286 ], [ 116.489638847812671, -0.346814060305298 ], [ 116.489696076072605, -0.347217505917234 ], [ 116.489696072982284, -0.347275140560706 ], [ 116.489638804546772, -0.347620945306756 ], [ 116.4896388014525, -0.347678579949679 ], [ 116.489638785973483, -0.347966753164101 ], [ 116.489638779778275, -0.34808202244982 ], [ 116.489409764737303, -0.348370183175115 ], [ 116.489409755428767, -0.348543087097352 ], [ 116.489237993350315, -0.348773616279025 ], [ 116.489180740357398, -0.348831247789875 ], [ 116.489180734141243, -0.348946517067131 ], [ 116.489180721702738, -0.349177055621507 ], [ 116.489123468703966, -0.349234687127838 ], [ 116.489066209478693, -0.349407587907868 ], [ 116.489066206365024, -0.349465222545386 ], [ 116.489066197020961, -0.349638126457898 ], [ 116.489066193905245, -0.349695761095387 ], [ 116.489066184555014, -0.349868665007796 ], [ 116.489066181437266, -0.349926299645257 ], [ 116.489066172080854, -0.350099203557614 ], [ 116.489066168961045, -0.350156838195046 ], [ 116.489066165840711, -0.350214472832472 ], [ 116.488951662934113, -0.350272101185021 ], [ 116.488493663811639, -0.350272076031465 ], [ 116.488379164036175, -0.350272069739555 ], [ 116.488321920399486, -0.350156797331682 ], [ 116.488321932893868, -0.349926258808797 ], [ 116.488321954739249, -0.349522816393503 ], [ 116.488321976559405, -0.34911937397786 ], [ 116.488321985903184, -0.348946470085335 ], [ 116.48832200146586, -0.348658296930984 ], [ 116.488322004576858, -0.348600662300092 ], [ 116.488379266891172, -0.348370126905835 ], [ 116.488436535405782, -0.348024322243 ], [ 116.488436538510427, -0.347966687610995 ], [ 116.488436541614547, -0.347909052978983 ], [ 116.488493810100124, -0.347563248308194 ], [ 116.488493813200307, -0.347505613675597 ], [ 116.488551066171411, -0.347447982163076 ], [ 116.488551072368509, -0.347332712896863 ], [ 116.488608343911011, -0.346929273579895 ], [ 116.488608347004856, -0.346871638946203 ], [ 116.488665599966822, -0.346814007426145 ], [ 116.48866560615123, -0.346698738157706 ], [ 116.488665609242673, -0.346641103523468 ], [ 116.488722862201371, -0.34658347200048 ], [ 116.488780130600233, -0.34623766729956 ], [ 116.488780133686845, -0.34618003266423 ], [ 116.488780158361379, -0.345718955581306 ], [ 116.488665683282804, -0.345257872299613 ], [ 116.488608445736091, -0.345027330664244 ], [ 116.488608448812954, -0.344969696030319 ], [ 116.488379464771185, -0.344681510479003 ], [ 116.488207724439789, -0.344508597298143 ], [ 116.488150477664036, -0.344450959572548 ], [ 116.487749731802566, -0.344393303270023 ], [ 116.487348979812495, -0.344450916202989 ], [ 116.48729172688968, -0.344508547724638 ], [ 116.48717722720518, -0.344508541521718 ], [ 116.486948221676386, -0.344623798349599 ], [ 116.486604701031922, -0.345027222028581 ], [ 116.486604697942482, -0.345084856644369 ], [ 116.48654744501242, -0.345142488148976 ], [ 116.486547438830286, -0.345257757379461 ], [ 116.486490185897793, -0.345315388881605 ], [ 116.486490182805071, -0.345373023496302 ], [ 116.486490176618105, -0.345488292725691 ], [ 116.486432920587248, -0.345603558839028 ], [ 116.486432914395465, -0.345718828067287 ], [ 116.486432895807724, -0.346064635751965 ], [ 116.486490136352487, -0.346237542715941 ], [ 116.486490114634876, -0.346640985017879 ], [ 116.486547361379223, -0.346698622757946 ], [ 116.486547339635109, -0.347102065063126 ], [ 116.486547336526741, -0.34715969967814 ], [ 116.486547320977166, -0.347447872753004 ], [ 116.486547314753736, -0.347563141982924 ], [ 116.486432796359153, -0.34790894339924 ], [ 116.486432783890919, -0.348139481854616 ], [ 116.486432771414428, -0.348370020309912 ], [ 116.486432768294023, -0.348427654923714 ], [ 116.486432755807186, -0.348658193378868 ], [ 116.486432752684195, -0.348715827992634 ], [ 116.486432740187055, -0.348946366447629 ], [ 116.486432727681645, -0.349176904902493 ], [ 116.486432718297181, -0.349349808743612 ], [ 116.486318212309655, -0.349465071668265 ], [ 116.486203709451502, -0.349522699975727 ], [ 116.486089209726345, -0.349522693669175 ], [ 116.486031959864519, -0.349522690515372 ], [ 116.485974710003248, -0.349522687361217 ], [ 116.485860210282212, -0.349522681051854 ], [ 116.485631217116037, -0.349407399216152 ], [ 116.485631245304106, -0.348888687758264 ], [ 116.485631273450281, -0.348369976299833 ], [ 116.485631295312785, -0.347966534053988 ], [ 116.485631298433916, -0.347908899447411 ], [ 116.485631301554548, -0.347851264840826 ], [ 116.485574067304114, -0.347563088668863 ], [ 116.48557407042199, -0.34750545406274 ], [ 116.48557408288832, -0.347274915638259 ], [ 116.485459592548082, -0.347102005549245 ], [ 116.485345102209379, -0.346929095465053 ], [ 116.485116105969652, -0.34687144832121 ], [ 116.484658113521832, -0.346756154029241 ], [ 116.484314614536459, -0.346756135198697 ], [ 116.484200114878803, -0.346756128919061 ], [ 116.484142865050771, -0.346756125778721 ], [ 116.484085615223236, -0.346756122638031 ], [ 116.483971112448899, -0.346813750947208 ], [ 116.483913862622572, -0.346813747804951 ], [ 116.483856612796771, -0.346813744662345 ], [ 116.483742113146747, -0.346813738376089 ], [ 116.48368486332248, -0.346813735232438 ], [ 116.483627613498768, -0.346813732088438 ], [ 116.483455864030716, -0.346813722654347 ], [ 116.483398611084226, -0.346871354095356 ], [ 116.483226858494973, -0.346928979240308 ], [ 116.483169605547445, -0.346986610676737 ], [ 116.482940593750484, -0.347217136408435 ], [ 116.482883343931093, -0.347217133256241 ], [ 116.482826087847826, -0.347332399265869 ], [ 116.48276883802879, -0.347332396111931 ], [ 116.482711585076586, -0.347390027537672 ], [ 116.482654335258218, -0.347390024382512 ], [ 116.482597079170105, -0.347505290384927 ], [ 116.48253982935212, -0.347505287228021 ], [ 116.482196333592796, -0.347447633703955 ], [ 116.482139083778776, -0.347447630545128 ], [ 116.48202459356574, -0.347274720505218 ], [ 116.481852856681257, -0.347044172740472 ], [ 116.481795613144413, -0.346928900439855 ], [ 116.481795631946881, -0.346583093009519 ], [ 116.481795638210187, -0.346467823866023 ], [ 116.481795641341066, -0.346410189294248 ], [ 116.481795644471418, -0.346352554722482 ], [ 116.481852900534207, -0.346237288728856 ], [ 116.481852903662656, -0.346179654156545 ], [ 116.481852906790593, -0.346122019584226 ], [ 116.481852916171249, -0.345949115867212 ], [ 116.481910187841194, -0.345545677003908 ], [ 116.48185294116341, -0.345488039288242 ], [ 116.481623945093034, -0.345430392143479 ], [ 116.481566695296323, -0.345430388999521 ], [ 116.481509442376392, -0.345488020424472 ], [ 116.481394942784874, -0.345488014133771 ], [ 116.481051422122746, -0.345891437208536 ], [ 116.480994169197487, -0.345949068621381 ], [ 116.480936916271489, -0.34600670003282 ], [ 116.480707904560703, -0.346237225664541 ], [ 116.480593417515934, -0.346006681107345 ], [ 116.480593420649896, -0.345949046546555 ], [ 116.48053618025925, -0.34577613971078 ], [ 116.480536208430436, -0.345257428667888 ], [ 116.480536211557947, -0.345199794107531 ], [ 116.480536217811419, -0.34508452498678 ], [ 116.480536220937367, -0.345026890426385 ], [ 116.480536224062817, -0.344969255866 ], [ 116.48059348009599, -0.344853989890177 ], [ 116.480593483219494, -0.344796355329246 ], [ 116.480593486342499, -0.344738720768307 ], [ 116.480593492586934, -0.344623451646392 ], [ 116.480650748611595, -0.344508185665933 ], [ 116.480650754851155, -0.344392916542928 ], [ 116.480650757970153, -0.344335281981414 ], [ 116.480650761088654, -0.34427764741986 ], [ 116.480650767324036, -0.344162378296815 ], [ 116.480650770440931, -0.344104743735274 ], [ 116.480650773557343, -0.344047109173725 ], [ 116.480650779788562, -0.343931840050591 ], [ 116.480650786017691, -0.343816570927461 ], [ 116.480650792244703, -0.343701301804287 ], [ 116.480650795357448, -0.34364366724269 ], [ 116.480650798469654, -0.343586032681068 ], [ 116.48065080469253, -0.343470763557838 ], [ 116.480593558027394, -0.343413125864748 ], [ 116.48047908024445, -0.343009677680245 ], [ 116.480192846931288, -0.342721489245249 ], [ 116.480078350504058, -0.342663848432619 ], [ 116.479792117215752, -0.342375660019536 ], [ 116.479792123426947, -0.342260390911791 ], [ 116.479620383461068, -0.342087477875487 ], [ 116.479563133702541, -0.342087474749922 ], [ 116.479563136807172, -0.342029840198124 ], [ 116.479334153301636, -0.341741654945955 ], [ 116.47904791384957, -0.341568735680591 ], [ 116.478990667202652, -0.341511098009724 ], [ 116.478876170807936, -0.341453457215687 ], [ 116.478360929306561, -0.341338160003632 ], [ 116.478303679563965, -0.341338156877365 ], [ 116.478074680598908, -0.341338144368868 ], [ 116.477731179057841, -0.341395760130829 ], [ 116.477273174949914, -0.341511004138174 ], [ 116.47704417601858, -0.341510991598628 ], [ 116.476872429940968, -0.341453347663313 ], [ 116.476757933597867, -0.341395706864497 ], [ 116.476643437257678, -0.341338066066403 ], [ 116.476528950264878, -0.341107521697302 ], [ 116.476528956491862, -0.340992252649465 ], [ 116.476528959604565, -0.340934618125511 ], [ 116.476528965828393, -0.340819349077599 ], [ 116.476528968939533, -0.34076171455364 ], [ 116.476643490144255, -0.340358279141207 ], [ 116.476700746077071, -0.340243013217207 ], [ 116.476815248624604, -0.340185384941813 ], [ 116.476987010199863, -0.339954856201442 ], [ 116.477158765566912, -0.339839596505007 ], [ 116.477216021485859, -0.339724330563499 ], [ 116.477273271208944, -0.339724333681472 ], [ 116.477330520932554, -0.339724336799104 ], [ 116.477559526021764, -0.339609080198996 ], [ 116.477845777747049, -0.339551461233649 ], [ 116.477903030566338, -0.339493829809474 ], [ 116.478074782841858, -0.339436204605341 ], [ 116.478418287399407, -0.339320954178321 ], [ 116.47864728632949, -0.339320966604711 ], [ 116.47887627601412, -0.339493882663043 ], [ 116.479105268795877, -0.339609164180617 ], [ 116.479563269810384, -0.33955155446418 ], [ 116.479620522635159, -0.339493923013944 ], [ 116.47984953392762, -0.339263397198974 ], [ 116.480021295464567, -0.339032868266666 ], [ 116.480078548283103, -0.338975236804709 ], [ 116.480193063131324, -0.338687070202595 ], [ 116.48019306927084, -0.338571801086611 ], [ 116.480250334352377, -0.338283631383541 ], [ 116.480250346613346, -0.338053093149214 ], [ 116.480307620848578, -0.337592019760632 ], [ 116.48030762390799, -0.337534385201452 ], [ 116.480307633083129, -0.33736148152387 ], [ 116.480307648364573, -0.337073308727764 ], [ 116.480250416951733, -0.336727498299662 ], [ 116.480250420003671, -0.336669863740905 ], [ 116.480193173322988, -0.336612226110307 ], [ 116.480135929693972, -0.336496953922724 ], [ 116.480021442435316, -0.336266409552723 ], [ 116.480021445484411, -0.336208774996015 ], [ 116.47996419575675, -0.336208771926529 ], [ 116.479964201854017, -0.336093502814162 ], [ 116.479849714592561, -0.335862958455606 ], [ 116.47967799283002, -0.335344238269956 ], [ 116.47962074919613, -0.335228966100068 ], [ 116.479620770479272, -0.334825524227864 ], [ 116.479620773517652, -0.334767889674686 ], [ 116.479620779592793, -0.334652620568277 ], [ 116.479620782629581, -0.334594986015062 ], [ 116.479620785665844, -0.33453735146184 ], [ 116.479620791736806, -0.334422082355359 ], [ 116.479620794771506, -0.334364447802134 ], [ 116.479563563257443, -0.334018637430679 ], [ 116.47944908504968, -0.333615189463877 ], [ 116.479449091105892, -0.333499920360354 ], [ 116.479449094133216, -0.333442285808566 ], [ 116.479391847453982, -0.333384648209735 ], [ 116.479334615902275, -0.33303883785784 ], [ 116.47933461892606, -0.332981203307084 ], [ 116.479334631016059, -0.332750665103911 ], [ 116.47933463403723, -0.332693030553105 ], [ 116.479334655170902, -0.332289588697273 ], [ 116.479334658187895, -0.332231954146412 ], [ 116.479334673265043, -0.331943781392009 ], [ 116.479334679292251, -0.3318285122902 ], [ 116.479334694351081, -0.331540339535543 ], [ 116.479334697361296, -0.331482704984595 ], [ 116.479334703380118, -0.331367435882661 ], [ 116.479334706388741, -0.331309801331693 ], [ 116.479334709396838, -0.331252166780734 ], [ 116.479391983133468, -0.330791093396352 ], [ 116.479620996904586, -0.330502932719335 ], [ 116.479678258588208, -0.330272397521743 ], [ 116.479735508278978, -0.330272400538691 ], [ 116.479792763961854, -0.330157134444698 ], [ 116.47996452800173, -0.3298689707048 ], [ 116.48019355067521, -0.329407906276719 ], [ 116.480250803351325, -0.32935027472317 ], [ 116.480308059010994, -0.329235008608054 ], [ 116.480365311684949, -0.329177377051194 ], [ 116.480594328332486, -0.32883158168418 ], [ 116.480594334288725, -0.328716312558506 ], [ 116.480651595883856, -0.328485777302373 ], [ 116.480708854495518, -0.328312876605567 ], [ 116.480880618419093, -0.328024712756187 ], [ 116.481052388255648, -0.327621279753563 ], [ 116.481109640908315, -0.32756364817068 ], [ 116.481281407745087, -0.327217849705741 ], [ 116.481453171599725, -0.326929685789663 ], [ 116.481510424243595, -0.326872054194424 ], [ 116.481510427198998, -0.326814419622936 ], [ 116.481567676886812, -0.326814422597784 ], [ 116.481567682795387, -0.326699153453772 ], [ 116.481624935436258, -0.326641521854702 ], [ 116.481796696305082, -0.326410992475031 ], [ 116.482025712742711, -0.326065196893639 ], [ 116.482197467696921, -0.32594993663219 ], [ 116.482254723271254, -0.325834670438427 ], [ 116.482311972960289, -0.325834673400099 ], [ 116.482483730850433, -0.325661778541625 ], [ 116.482655479922414, -0.325661787417018 ], [ 116.482655476983936, -0.325719421999087 ], [ 116.482884466940504, -0.325892337582988 ], [ 116.483227956305313, -0.326065259091474 ], [ 116.483285206004496, -0.32606526204967 ], [ 116.483285203065947, -0.326122896637465 ], [ 116.483399684828271, -0.326468710086823 ], [ 116.483456928648394, -0.326583982226339 ], [ 116.483628660107158, -0.326929798655267 ], [ 116.483800400400099, -0.32710271132266 ], [ 116.484143886894216, -0.327333267485679 ], [ 116.484201136608874, -0.327333270450116 ], [ 116.48448737341441, -0.327563823661805 ], [ 116.484888118515883, -0.327621479008978 ], [ 116.48494536823894, -0.327621481971745 ], [ 116.485002617962451, -0.327621484934182 ], [ 116.48523161686181, -0.327621496780638 ], [ 116.485517856676637, -0.327794415405149 ], [ 116.485632341427873, -0.328082594371098 ], [ 116.485746840893142, -0.328082600296068 ], [ 116.485861325645416, -0.328370779274809 ], [ 116.485861322700856, -0.328428413885824 ], [ 116.48586131975577, -0.328486048496798 ], [ 116.485918566547241, -0.328543686073275 ], [ 116.486033051292083, -0.328831865065894 ], [ 116.486376543849332, -0.328947152094792 ], [ 116.486433793593349, -0.328947155060951 ], [ 116.486777297955612, -0.328831903612446 ], [ 116.487063558457635, -0.328601379935693 ], [ 116.487120808205859, -0.328601382894771 ], [ 116.487349813078552, -0.328486125478785 ], [ 116.487464312579377, -0.328486131391232 ], [ 116.487865054979665, -0.328601421332726 ], [ 116.488036792507799, -0.328831968717837 ], [ 116.488151277341942, -0.329120147787068 ], [ 116.488151274403805, -0.329177782418743 ], [ 116.488380258760245, -0.329465967417332 ], [ 116.488666495834224, -0.32969652075539 ], [ 116.488723742663126, -0.329754158351835 ], [ 116.488780992432851, -0.329754161311682 ], [ 116.488895491973864, -0.329754167230382 ], [ 116.489124485185101, -0.329869448344592 ], [ 116.489181734959061, -0.329869451303153 ], [ 116.489410731122547, -0.329927097777033 ], [ 116.489582483391288, -0.329869472003797 ], [ 116.489754244464379, -0.329638942286176 ], [ 116.489754250329938, -0.329523672993968 ], [ 116.489697015209387, -0.329235496813764 ], [ 116.48958252152029, -0.329120221624436 ], [ 116.489468030762879, -0.328947311794281 ], [ 116.489410783920434, -0.328889674202561 ], [ 116.489181805338532, -0.32848621991948 ], [ 116.489067320435296, -0.328198040826582 ], [ 116.489010076520316, -0.32808276860326 ], [ 116.489010079443759, -0.328025133963695 ], [ 116.48901009989352, -0.327621691486554 ], [ 116.489010114485069, -0.327333518288379 ], [ 116.489010120318099, -0.327218249009069 ], [ 116.489067370075972, -0.327218251944509 ], [ 116.489181869593239, -0.327218257814402 ], [ 116.489239133919696, -0.326930087540124 ], [ 116.489181898717788, -0.326641911401925 ], [ 116.489124666414199, -0.326296100627618 ], [ 116.489124686751524, -0.325892658141838 ], [ 116.489124689654815, -0.325835023500969 ], [ 116.489124701262796, -0.325604484937493 ], [ 116.489124704163515, -0.325546850296608 ], [ 116.489010207566977, -0.325489209816186 ], [ 116.489010210467313, -0.325431575176304 ], [ 116.48901021626645, -0.325316305896555 ], [ 116.489010227858529, -0.325085767336993 ], [ 116.489010230755284, -0.325028132697048 ], [ 116.489010233651499, -0.324970498057147 ], [ 116.48901023654723, -0.324912863417223 ], [ 116.489067489186922, -0.324855231691533 ], [ 116.489353740809975, -0.324797611614802 ], [ 116.489410990557261, -0.324797614526567 ], [ 116.489582739802188, -0.324797623259905 ], [ 116.489639986660407, -0.324855260815987 ], [ 116.489754486161218, -0.32485526663696 ], [ 116.489811735912411, -0.324855269546956 ], [ 116.489926232526329, -0.324912910014167 ], [ 116.490040732032966, -0.324912915832908 ], [ 116.490155228652426, -0.324970556300596 ], [ 116.4902124726285, -0.325085828510877 ], [ 116.490269722385079, -0.325085831420325 ], [ 116.490384221899816, -0.325085837238241 ], [ 116.490441471657931, -0.325085840146709 ], [ 116.490727711792189, -0.3252587586503 ], [ 116.490784958665643, -0.325316396214223 ], [ 116.491128454364087, -0.325374048317741 ], [ 116.491185704130487, -0.325374051224536 ], [ 116.491357456318767, -0.32531642528193 ], [ 116.491414708972044, -0.325258793525369 ], [ 116.491471958740348, -0.3252587964295 ], [ 116.491586461162171, -0.32520116757368 ], [ 116.491643713814554, -0.325143535812694 ], [ 116.49175821623615, -0.325085906951299 ], [ 116.492216223047834, -0.324913026140798 ], [ 116.492330725471788, -0.324855397263591 ], [ 116.492387975246004, -0.324855400158896 ], [ 116.492559724571706, -0.324855408842851 ], [ 116.492788729425826, -0.324740151068988 ], [ 116.493189477880037, -0.3247401713038 ], [ 116.493532976574969, -0.324740188635195 ], [ 116.493933722209221, -0.324797843524522 ], [ 116.494219959691335, -0.325028396696463 ], [ 116.494563449853615, -0.325201318077358 ], [ 116.494620699649616, -0.325201320962998 ], [ 116.494735196377377, -0.325258961424608 ], [ 116.494964186975309, -0.325431877043335 ], [ 116.495250427388441, -0.32560479555469 ], [ 116.495364924131906, -0.325662436021832 ], [ 116.495708420109494, -0.325720088027743 ], [ 116.495822919728198, -0.325720093794808 ], [ 116.495880169538296, -0.325720096677849 ], [ 116.495937419348934, -0.325720099560563 ], [ 116.496166407144372, -0.325950649904192 ], [ 116.496280906773777, -0.325950655670098 ], [ 116.496338150862115, -0.326065927963567 ], [ 116.496338145132995, -0.326181197374582 ], [ 116.496338142267646, -0.326238832080072 ], [ 116.4963381394018, -0.326296466785554 ], [ 116.496338133668644, -0.326411736196483 ], [ 116.496509863050605, -0.326815187802947 ], [ 116.496853344777065, -0.32716101339068 ], [ 116.497139579567076, -0.327449201399236 ], [ 116.497254076359411, -0.32750684189395 ], [ 116.497254073487667, -0.327564476607467 ], [ 116.497483055590266, -0.327910296463 ], [ 116.497483052716291, -0.327967931178471 ], [ 116.497597535141296, -0.328313745263683 ], [ 116.497597529387093, -0.328429014696575 ], [ 116.497597506350104, -0.328890092427789 ], [ 116.49765474466453, -0.329120634196147 ], [ 116.497654738896856, -0.32923590362985 ], [ 116.497940979482706, -0.329408822302547 ], [ 116.498456225267034, -0.329466483145537 ], [ 116.498570724976759, -0.329466488947144 ], [ 116.498627974832374, -0.329466491847452 ], [ 116.498685224688501, -0.329466494747428 ], [ 116.498742468783874, -0.329581767099975 ], [ 116.498742465902495, -0.329639401826424 ], [ 116.498799709997016, -0.329754674181169 ], [ 116.498799707114472, -0.329812308908106 ], [ 116.498856954091323, -0.329869946537568 ], [ 116.499085930466663, -0.330331035979859 ], [ 116.499314903950264, -0.330849760180241 ], [ 116.499372150931535, -0.33090739782028 ], [ 116.499372148042184, -0.33096503255215 ], [ 116.499601118622437, -0.33154139152413 ], [ 116.499830094979828, -0.332002481059016 ], [ 116.50000182434772, -0.332405932964921 ], [ 116.500059071334348, -0.332463570620522 ], [ 116.500459800259279, -0.332867034228535 ], [ 116.500688788230988, -0.333097584876385 ], [ 116.500917776213342, -0.333328135534973 ], [ 116.50097502611176, -0.333328138455539 ], [ 116.501318511011917, -0.333616329715731 ], [ 116.501375760915494, -0.333616332636475 ], [ 116.501661995937582, -0.333904520993942 ], [ 116.502119977813109, -0.334250352889092 ], [ 116.502406212880203, -0.334538541284845 ], [ 116.502692447964023, -0.334826729697182 ], [ 116.502692445059864, -0.334884364457875 ], [ 116.502921427327138, -0.335230184727051 ], [ 116.5029786743481, -0.33528782241565 ], [ 116.503150409600508, -0.335576005014682 ], [ 116.5032076566238, -0.335633642706938 ], [ 116.50326489492133, -0.335864184696661 ], [ 116.50332213612505, -0.336037091923928 ], [ 116.503322133214084, -0.336094726690009 ], [ 116.503379377326766, -0.336209999153759 ], [ 116.503436627263369, -0.336210002085045 ], [ 116.503493871377103, -0.336325274551141 ], [ 116.503608356690279, -0.336613454256746 ], [ 116.503780094858641, -0.336844002136203 ], [ 116.503264865800816, -0.336440532352383 ] ] ] ] } },
{ "type": "Feature", "properties": { "Id": 0, "area": 21.893536972500002, "danau": null }, "geometry": { "type": "MultiPolygon", "coordinates": [ [ [ [ 116.514849154194508, -0.312844541477205 ], [ 116.514616342552344, -0.312532008530941 ], [ 116.514655150468698, -0.312453879808958 ], [ 116.514655152261184, -0.312414814545372 ], [ 116.514655154053443, -0.312375749281817 ], [ 116.514693961967382, -0.312297620558312 ], [ 116.514693963758816, -0.312258555294506 ], [ 116.514693965550023, -0.312219490030663 ], [ 116.514732773461517, -0.312141361305654 ], [ 116.514810387491366, -0.312024169116947 ], [ 116.514810392859005, -0.311906973323429 ], [ 116.514810398224625, -0.311789777529866 ], [ 116.514810400012706, -0.311750712265329 ], [ 116.514810401800588, -0.311711647000805 ], [ 116.5147716010473, -0.311633514672352 ], [ 116.514771602834642, -0.311594449408028 ], [ 116.514693999540413, -0.311477250017635 ], [ 116.514655197000167, -0.311438182955084 ], [ 116.514616394460191, -0.311399115892821 ], [ 116.514577593707003, -0.311320983567646 ], [ 116.514538792953715, -0.311242851243235 ], [ 116.514422381764689, -0.311203780586023 ], [ 116.514422383550837, -0.311164715323732 ], [ 116.51438358101251, -0.31112564826352 ], [ 116.514383582798388, -0.311086583001415 ], [ 116.514150764002949, -0.310930311169351 ], [ 116.514111961466696, -0.310891244111068 ], [ 116.513879135540435, -0.310891233322746 ], [ 116.51372391289857, -0.311008421902437 ], [ 116.51364630425924, -0.311008418302677 ], [ 116.513529885935583, -0.311125608673352 ], [ 116.513452266557238, -0.311359996610743 ], [ 116.513374648960536, -0.311555319285847 ], [ 116.513219420922454, -0.311789703599551 ], [ 116.513180616602725, -0.311789701793349 ], [ 116.513025399326082, -0.311789694567103 ], [ 116.512947792484056, -0.311750625699426 ], [ 116.512792577008653, -0.31171155321786 ], [ 116.512753774486896, -0.311672486157964 ], [ 116.512559756497339, -0.311594346617441 ], [ 116.512404542829387, -0.311516208885478 ], [ 116.512365738515371, -0.31151620707784 ], [ 116.512288129888077, -0.311516203462133 ], [ 116.512132912636105, -0.311516196228991 ], [ 116.511977695387756, -0.311516188993548 ], [ 116.511900086764939, -0.311516185374964 ], [ 116.511822478143003, -0.311516181755804 ], [ 116.511667257304993, -0.311594305008173 ], [ 116.511589646886179, -0.311633366632145 ], [ 116.511550842576469, -0.311633364820805 ], [ 116.511512036467423, -0.311672428254596 ], [ 116.51143442604878, -0.311711489875594 ], [ 116.511356813829437, -0.311789616739479 ], [ 116.511318007719339, -0.311828680170512 ], [ 116.511279199807177, -0.311906808844871 ], [ 116.511240391893779, -0.311984937518149 ], [ 116.511201583979101, -0.312063066190379 ], [ 116.511201580372472, -0.312141196677261 ], [ 116.511201573156526, -0.312297457651023 ], [ 116.511162761626537, -0.312453716807171 ], [ 116.511123946478492, -0.3126881064472 ], [ 116.511085134937346, -0.312844365598867 ], [ 116.511046328817841, -0.312883429021068 ], [ 116.511046327009339, -0.312922494263573 ], [ 116.510968709339664, -0.313117816831775 ], [ 116.510929905028121, -0.313117815009494 ], [ 116.510929903217828, -0.313156880251266 ], [ 116.510891098906413, -0.313156878428612 ], [ 116.510891097095737, -0.313195943670171 ], [ 116.510813488473218, -0.313195940023975 ], [ 116.510735879851637, -0.313195936377201 ], [ 116.510658273042438, -0.313156867489654 ], [ 116.510580664422946, -0.313156863842178 ], [ 116.510425448998788, -0.313117791306675 ], [ 116.510347840382295, -0.313117787657919 ], [ 116.510153822470627, -0.313039648059047 ], [ 116.509921000261485, -0.312961506635959 ], [ 116.509843393465218, -0.312922437749853 ], [ 116.509610571270485, -0.312844296327558 ], [ 116.509571766967881, -0.312844294501812 ], [ 116.509532962665489, -0.312844292675922 ], [ 116.509261332555141, -0.312844279890644 ], [ 116.508950898156911, -0.312844265270231 ], [ 116.508873289559631, -0.312844261613684 ], [ 116.50867927170377, -0.312766122012628 ], [ 116.50856286063059, -0.312727051298011 ], [ 116.508524058151224, -0.31268798424136 ], [ 116.508368851868738, -0.312453585564355 ], [ 116.508407663423696, -0.312297326484227 ], [ 116.508407665238323, -0.312258261257208 ], [ 116.508485281081008, -0.312102004000396 ], [ 116.508640509128966, -0.311867619930837 ], [ 116.508718124958975, -0.311711362662127 ], [ 116.508795740783981, -0.311555105389141 ], [ 116.508834546886078, -0.31151604198067 ], [ 116.509067376265222, -0.311437922440935 ], [ 116.509261399546531, -0.311398866304428 ], [ 116.509416616729894, -0.311398873577409 ], [ 116.50964944251173, -0.311398884482565 ], [ 116.509688246809503, -0.311398886299588 ], [ 116.509882268301737, -0.311398895382546 ], [ 116.510037485499609, -0.311398902646324 ], [ 116.510115094099888, -0.31139890627735 ], [ 116.510309115604571, -0.311398915352399 ], [ 116.510347919906181, -0.311398917166978 ], [ 116.510386724208033, -0.311398918981413 ], [ 116.51046433281239, -0.311398922609851 ], [ 116.510619550023819, -0.311398929865002 ], [ 116.510658354327234, -0.31139893167843 ], [ 116.51077477084003, -0.311320806635844 ], [ 116.510929989857232, -0.311281748642649 ], [ 116.511007600266225, -0.311242687023346 ], [ 116.511201627188058, -0.31112550034677 ], [ 116.511240440478659, -0.310930175937658 ], [ 116.511240444070978, -0.310852045450158 ], [ 116.511240447662431, -0.310773914962613 ], [ 116.511240454842579, -0.310617653987486 ], [ 116.511162849824174, -0.310539519887218 ], [ 116.511085243012545, -0.310500451031095 ], [ 116.511085244806907, -0.310461385788215 ], [ 116.510930034775825, -0.310305117593844 ], [ 116.51085242617404, -0.31030511398159 ], [ 116.510697208973141, -0.310305106755362 ], [ 116.510541991775881, -0.310305099526843 ], [ 116.510503187477113, -0.310305097719355 ], [ 116.510309167782808, -0.310266023441403 ], [ 116.51023155918854, -0.310266019825019 ], [ 116.509998735208143, -0.310226943735921 ], [ 116.509921126617755, -0.310226940117701 ], [ 116.509882322322923, -0.310226938308376 ], [ 116.509765909439736, -0.310226932879542 ], [ 116.509727105145771, -0.310226931069644 ], [ 116.509688300852062, -0.310226929259603 ], [ 116.509649496558566, -0.310226927449419 ], [ 116.509571889770598, -0.310187858594581 ], [ 116.509533085477926, -0.310187856784195 ], [ 116.509300265123315, -0.310070650221559 ], [ 116.509222656542221, -0.310070646600008 ], [ 116.509222658340931, -0.310031581368027 ], [ 116.509145051559827, -0.309992512514831 ], [ 116.509106247270353, -0.30999251070401 ], [ 116.509067446578527, -0.309914378430878 ], [ 116.508989843396591, -0.309797179117522 ], [ 116.509067457365376, -0.309679987044321 ], [ 116.509222678111769, -0.309601863815974 ], [ 116.509261484196358, -0.309562800391856 ], [ 116.509533117811813, -0.309484682575317 ], [ 116.509688338560593, -0.309406559330028 ], [ 116.509921169684603, -0.309289374451 ], [ 116.510037582560287, -0.309289379861713 ], [ 116.510115191145204, -0.309289383468141 ], [ 116.51019279973103, -0.309289387073998 ], [ 116.510270408317737, -0.309289390679284 ], [ 116.510309212611432, -0.309289392481712 ], [ 116.510542038378418, -0.309289403293284 ], [ 116.510736059857081, -0.309289412299001 ], [ 116.51077486415349, -0.309289414099716 ], [ 116.510852472747004, -0.309289417700717 ], [ 116.5109300813414, -0.309289421301147 ], [ 116.511046494234705, -0.309289426700721 ], [ 116.511162907130071, -0.309289432099009 ], [ 116.511356930413186, -0.30925037584874 ], [ 116.511512149399664, -0.309211317795206 ], [ 116.511667368388359, -0.309172259737601 ], [ 116.511939000286546, -0.309133207062839 ], [ 116.512055416761328, -0.309055081951248 ], [ 116.51217183323557, -0.308976956835606 ], [ 116.512249445405459, -0.308898829923069 ], [ 116.512521080875672, -0.308781646716004 ], [ 116.512715105959387, -0.308703525165497 ], [ 116.512792714571205, -0.308703528745422 ], [ 116.512831520655055, -0.30866446528193 ], [ 116.512986737881675, -0.308664472438593 ], [ 116.513025543965568, -0.308625408973044 ], [ 116.513180764747688, -0.308547285615398 ], [ 116.513219569055622, -0.308547287402817 ], [ 116.513297179447136, -0.308508225721273 ], [ 116.513335983755596, -0.308508227508038 ], [ 116.513374789838764, -0.308469164038236 ], [ 116.513530010622361, -0.308391040667745 ], [ 116.513568816704861, -0.308351977195447 ], [ 116.513724035716379, -0.30831291907559 ], [ 116.513879252958603, -0.308312926211004 ], [ 116.513995665892608, -0.30831293156107 ], [ 116.514267296079822, -0.308312944039574 ], [ 116.514306100393199, -0.308312945821648 ], [ 116.514344904706775, -0.30831294760358 ], [ 116.514344902936713, -0.308352012865648 ], [ 116.514306093311021, -0.308469206869002 ], [ 116.51426728722582, -0.308508270347647 ], [ 116.514150863650215, -0.308742656562706 ], [ 116.514150856555901, -0.308898917606352 ], [ 116.514228459863475, -0.309016116962039 ], [ 116.514344865713426, -0.309172383368536 ], [ 116.514383670030369, -0.309172385155293 ], [ 116.514422472572775, -0.309211452204346 ], [ 116.514500077658468, -0.30928958630342 ], [ 116.514655291383505, -0.30936772397763 ], [ 116.514810505113473, -0.309445861653153 ], [ 116.514849307659347, -0.309484928704693 ], [ 116.51492691275196, -0.309563062808706 ], [ 116.515004519620746, -0.309602131648097 ], [ 116.515082122940569, -0.309719331020377 ], [ 116.515159728036593, -0.309797465128017 ], [ 116.515237331357966, -0.309914664504068 ], [ 116.515276132130808, -0.309992796826563 ], [ 116.515353735452862, -0.310109996205976 ], [ 116.515431342329009, -0.31014906505097 ], [ 116.515508945653011, -0.310266264433709 ], [ 116.515625351528854, -0.310422530877093 ], [ 116.515664154080383, -0.310461597935938 ], [ 116.515780559958827, -0.310617864384491 ], [ 116.515896965839147, -0.310774130837142 ], [ 116.515935763056092, -0.310930393711908 ], [ 116.515935757717671, -0.31104758952528 ], [ 116.515896948044102, -0.311164783546086 ], [ 116.515858143711213, -0.311164781753419 ], [ 116.515819335816261, -0.311242910501468 ], [ 116.5157805297019, -0.311281973978239 ], [ 116.51574172002266, -0.311399167994383 ], [ 116.515741718239994, -0.311438233264339 ], [ 116.515741716457129, -0.311477298534274 ], [ 116.515741712890701, -0.311555429074187 ], [ 116.515702908557259, -0.311555427278694 ], [ 116.515664098871909, -0.311672621291546 ], [ 116.515664095302682, -0.311750751830529 ], [ 116.515586483064794, -0.311828878774643 ], [ 116.515547675159368, -0.311907007514606 ], [ 116.515470055769711, -0.312141395528003 ], [ 116.515392445313694, -0.312180457195991 ], [ 116.515392441736651, -0.312258587731745 ], [ 116.515392438158713, -0.312336718267453 ], [ 116.515392432790136, -0.312453914071054 ], [ 116.51539243100018, -0.312492979338903 ], [ 116.514849154194508, -0.312844541477205 ] ] ] ] } },
{ "type": "Feature", "properties": { "Id": 0, "area": 1492.59025023, "danau": "D. Siran" }, "geometry": { "type": "MultiPolygon", "coordinates": [ [ [ [ 116.559657810145126, -0.016532320709382 ], [ 116.559657809862671, -0.016660052343456 ], [ 116.559657809291238, -0.016915515611651 ], [ 116.559784684082004, -0.01768190571904 ], [ 116.55978468378008, -0.017809637355304 ], [ 116.559784682861263, -0.018192832264069 ], [ 116.55991155816578, -0.018703759129429 ], [ 116.560038433764092, -0.01908695437153 ], [ 116.560419062482126, -0.019470150292871 ], [ 116.560419061479976, -0.019853345234374 ], [ 116.560545937713485, -0.01998107722323 ], [ 116.560799689140765, -0.020619736174881 ], [ 116.561053441596755, -0.020875200195581 ], [ 116.561180317108281, -0.021258395532793 ], [ 116.561307192968968, -0.021513859220553 ], [ 116.561307191864898, -0.021897054207789 ], [ 116.561307191492546, -0.02202478587018 ], [ 116.561434066570641, -0.022535712904425 ], [ 116.561434065802317, -0.02279117623356 ], [ 116.56143406423972, -0.023302102891818 ], [ 116.561434063843649, -0.023429834556397 ], [ 116.561434062237751, -0.023940761214625 ], [ 116.561434061830866, -0.02406849287916 ], [ 116.561434061010587, -0.024323956208271 ], [ 116.56143405934408, -0.024834882866415 ], [ 116.561434057212196, -0.025473541189059 ], [ 116.561434056779333, -0.025601272853597 ], [ 116.561434055026211, -0.02611219951164 ], [ 116.561434053238443, -0.026623126169657 ], [ 116.56118029914721, -0.026878588581039 ], [ 116.560926545054912, -0.027134050974414 ], [ 116.560419037802149, -0.027389512413141 ], [ 116.560038406672305, -0.027772705928504 ], [ 116.56003840619897, -0.027900437568946 ], [ 116.559784652106487, -0.028155899885595 ], [ 116.55965777360592, -0.028666825938764 ], [ 116.559657773116967, -0.028794557572657 ], [ 116.560038400349441, -0.029433217254208 ], [ 116.560165275918763, -0.02968868104323 ], [ 116.560545903107268, -0.0303273408126 ], [ 116.560799655761627, -0.030455073502954 ], [ 116.56105340738111, -0.030838269517167 ], [ 116.561560911127458, -0.03147692995563 ], [ 116.561814662726093, -0.031860126042036 ], [ 116.561941539333645, -0.031860126585166 ], [ 116.561941537158688, -0.032371053277512 ], [ 116.561941536058214, -0.032626516623665 ], [ 116.561814659449723, -0.03262651606747 ], [ 116.56105339817401, -0.033009707700352 ], [ 116.560672768399101, -0.033009706008257 ], [ 116.559784631205943, -0.033265165326229 ], [ 116.559023370093314, -0.033648356772949 ], [ 116.558896492958709, -0.033776087816141 ], [ 116.558262106692013, -0.034542474573282 ], [ 116.557754599328021, -0.034797935398672 ], [ 116.557627720391167, -0.035308861194291 ], [ 116.557500843248107, -0.035436592182855 ], [ 116.557500839572484, -0.036202981761258 ], [ 116.557627715491734, -0.03633071398307 ], [ 116.55800834262331, -0.036841642279015 ], [ 116.55826209572335, -0.03684164354585 ], [ 116.558769599419065, -0.037352572550639 ], [ 116.559023352546731, -0.037352573832831 ], [ 116.559150228476284, -0.037480306098525 ], [ 116.559403981617393, -0.037480307383991 ], [ 116.559657733487072, -0.037735771936007 ], [ 116.559911486646271, -0.037735773228744 ], [ 116.560418991057631, -0.038118970752251 ], [ 116.560545867649765, -0.038118971404148 ], [ 116.560799620840484, -0.038118972707379 ], [ 116.56143400255867, -0.038374439290569 ], [ 116.561687755129284, -0.038502172268437 ], [ 116.56181463174363, -0.038502172924988 ], [ 116.562322137570234, -0.038629907228707 ], [ 116.562449013541212, -0.038757639568106 ], [ 116.562702766142621, -0.038885372573384 ], [ 116.563210272026808, -0.039013106913047 ], [ 116.56333714800833, -0.039140839272819 ], [ 116.563717775955212, -0.039524036376935 ], [ 116.564098405245943, -0.039651770098707 ], [ 116.564479033211526, -0.04003496726428 ], [ 116.564732785867307, -0.040162700341351 ], [ 116.565240290520293, -0.040545898248328 ], [ 116.565367167198076, -0.040545898934124 ], [ 116.565874672565712, -0.040801365155369 ], [ 116.566128425945635, -0.040801366533387 ], [ 116.566509055346955, -0.040929100349693 ], [ 116.566635932046751, -0.04092910103995 ], [ 116.567143438867333, -0.040929103798956 ], [ 116.567524069005216, -0.04092910586609 ], [ 116.567650945722107, -0.04092910655473 ], [ 116.568158451240549, -0.041184572864798 ], [ 116.56866595609587, -0.041567770993239 ], [ 116.569300339109631, -0.041695506276894 ], [ 116.569807844723371, -0.041950972683446 ], [ 116.570315350365902, -0.04220643912086 ], [ 116.570442226429833, -0.042334171643654 ], [ 116.570695977141455, -0.042845100344391 ], [ 116.570695976429505, -0.042972832165901 ], [ 116.570949727830993, -0.043356029078386 ], [ 116.571203481389603, -0.043356030525562 ], [ 116.571457231339664, -0.043994691143137 ], [ 116.571584107397925, -0.044122423713014 ], [ 116.571837858042727, -0.044633352546075 ], [ 116.572218484718533, -0.04527201401074 ], [ 116.572345360771806, -0.045399746613275 ], [ 116.572472236825561, -0.045527479219816 ], [ 116.572599112879772, -0.04565521183041 ], [ 116.572979740284154, -0.046166141545932 ], [ 116.573487245271707, -0.046549340216865 ], [ 116.57412162711455, -0.04693253971277 ], [ 116.575263516404064, -0.047315742396086 ], [ 116.575390393260818, -0.047315743177935 ], [ 116.575897900708867, -0.047315746302992 ], [ 116.576405408190382, -0.047315749424313 ], [ 116.576532285066023, -0.047315750204059 ], [ 116.576659161943709, -0.047315750983572 ], [ 116.576912915705407, -0.047315752541896 ], [ 116.577420423253812, -0.047315755655743 ], [ 116.577801053937023, -0.047315757988675 ], [ 116.578308561543821, -0.047315761095981 ], [ 116.579196697617903, -0.047698962413386 ], [ 116.579450450687943, -0.047826695941938 ], [ 116.579577326836329, -0.047954428693583 ], [ 116.57983108069611, -0.047954430262052 ], [ 116.579957957629119, -0.047954431045931 ], [ 116.580338587661743, -0.048082165377798 ], [ 116.580846093094166, -0.048465364486377 ], [ 116.581099846211586, -0.048593098060888 ], [ 116.581987984153173, -0.048720835607997 ], [ 116.582114860334841, -0.048848568411074 ], [ 116.582368614280696, -0.048848569999143 ], [ 116.583002997602748, -0.049104038015641 ], [ 116.583510503977294, -0.049359505267712 ], [ 116.58427176439092, -0.049614974154638 ], [ 116.58439864060125, -0.049742707005095 ], [ 116.584652394624541, -0.049742708613391 ], [ 116.584779271639263, -0.049742709417171 ], [ 116.585286778920292, -0.049870444692263 ], [ 116.585540532172871, -0.04999817836782 ], [ 116.585667409202415, -0.049998179174 ], [ 116.586048037894344, -0.050381377815415 ], [ 116.586301791166719, -0.050509111516766 ], [ 116.586428667401151, -0.050636844410645 ], [ 116.58693617397283, -0.050892311846339 ], [ 116.587697433883719, -0.051275513053899 ], [ 116.588458694679304, -0.051530982212383 ], [ 116.588839324281807, -0.051786448926425 ], [ 116.588966201367825, -0.051786449754793 ], [ 116.58960058435494, -0.052169650289015 ], [ 116.58972746145389, -0.052169651121966 ], [ 116.589981214830104, -0.052297384925276 ], [ 116.590108091935377, -0.052297385759493 ], [ 116.590869351285491, -0.052808319369016 ], [ 116.590996227570159, -0.052936052363975 ], [ 116.591376857268358, -0.053191519211195 ], [ 116.591503733556863, -0.053319252219314 ], [ 116.591884361577428, -0.053830183435094 ], [ 116.592011238716111, -0.053830184289775 ], [ 116.592391866736023, -0.054341115559032 ], [ 116.592518743026972, -0.054468848599488 ], [ 116.592899371039067, -0.054979779928221 ], [ 116.593026246462642, -0.055235245172552 ], [ 116.593279999043531, -0.055490711302967 ], [ 116.593533751626651, -0.055746177448453 ], [ 116.593787502449459, -0.056257108006706 ], [ 116.593914377853494, -0.056512573297498 ], [ 116.593914376965529, -0.056640305498361 ], [ 116.59391437607556, -0.056768037699201 ], [ 116.593914374289582, -0.057023502100916 ], [ 116.593914373393588, -0.05715123430174 ], [ 116.593914372495604, -0.057278966502591 ], [ 116.594295000427522, -0.057789898043958 ], [ 116.594548753893619, -0.05791763207884 ], [ 116.59454875298502, -0.058045364289723 ], [ 116.595183135305845, -0.058556297748535 ], [ 116.595310012506886, -0.058556298670738 ], [ 116.595944395789715, -0.058939499976348 ], [ 116.596071271159346, -0.059194965372781 ], [ 116.596198144664498, -0.059705895250834 ], [ 116.596198140921274, -0.060216824198559 ], [ 116.59619813714616, -0.060727753146222 ], [ 116.596198136197387, -0.060855485383118 ], [ 116.59632501056231, -0.061238683055799 ], [ 116.596451884913122, -0.061621880740144 ], [ 116.596451883950991, -0.061749612980994 ], [ 116.596705634543781, -0.06226054389904 ], [ 116.596959386094383, -0.062643742598978 ], [ 116.597213138618926, -0.062899209068817 ], [ 116.597213137638761, -0.06302694132166 ], [ 116.597340011930555, -0.063410139073739 ], [ 116.597466887199857, -0.063665604580647 ], [ 116.597466886208366, -0.063793336837454 ], [ 116.597466883221969, -0.064176533607788 ], [ 116.597213127727557, -0.064304263849573 ], [ 116.597213124715424, -0.064687460607805 ], [ 116.597213123707419, -0.064815192860525 ], [ 116.597086242408395, -0.06532612084744 ], [ 116.597086238323314, -0.065837049850209 ], [ 116.597086235238635, -0.066220246602216 ], [ 116.597086234206429, -0.066347978852855 ], [ 116.597086230057684, -0.066858907855429 ], [ 116.597086226925271, -0.067242104607277 ], [ 116.597086225877149, -0.067369836857879 ], [ 116.597213099974098, -0.067753034671655 ], [ 116.597339975116498, -0.068008500242497 ], [ 116.597339972995755, -0.068263964751605 ], [ 116.597339971932385, -0.068391697006173 ], [ 116.597339968730353, -0.068774893769788 ], [ 116.59733996658575, -0.069030358278813 ], [ 116.597339964433175, -0.069285822787844 ], [ 116.597339962272656, -0.069541287296831 ], [ 116.597466836279935, -0.069924485155631 ], [ 116.597593709178881, -0.070435415284453 ], [ 116.597593703676679, -0.071074076576557 ], [ 116.597720578732648, -0.071329542210011 ], [ 116.597720574280643, -0.071840471251526 ], [ 116.597720573162661, -0.071968203511882 ], [ 116.597847447072411, -0.072351401425227 ], [ 116.597847445946854, -0.072479133687537 ], [ 116.597974318704104, -0.072990063878741 ], [ 116.597974314151713, -0.073500992935834 ], [ 116.598101190291715, -0.073628726351659 ], [ 116.598101185701083, -0.074139655416631 ], [ 116.598101178755599, -0.074906049013839 ], [ 116.598101174085571, -0.075416978078495 ], [ 116.598101169383824, -0.075927907143014 ], [ 116.598228044313458, -0.076183372866415 ], [ 116.598228041943486, -0.076438837402584 ], [ 116.598228037179751, -0.076949766474864 ], [ 116.598228035983865, -0.077077498742898 ], [ 116.59822803118044, -0.077588427815041 ], [ 116.598228029974635, -0.077716160083053 ], [ 116.59822802876684, -0.07784389235104 ], [ 116.598228026345282, -0.078099356887043 ], [ 116.598228021478405, -0.078610285958902 ], [ 116.598228020256741, -0.078738018226869 ], [ 116.598481768728433, -0.079376682047471 ], [ 116.598735517166318, -0.080015345906269 ], [ 116.599243021460225, -0.080526280035508 ], [ 116.599369897535652, -0.080654013576789 ], [ 116.599369896285808, -0.080781745862557 ], [ 116.599750521997009, -0.081420411097148 ], [ 116.600004271616257, -0.081931342815007 ], [ 116.600258019943553, -0.082570006862468 ], [ 116.600511769521248, -0.08308093864437 ], [ 116.600638643016353, -0.083464136852038 ], [ 116.600765515203364, -0.083975067378538 ], [ 116.600765513906623, -0.084102799685973 ], [ 116.60089238475372, -0.084741462539109 ], [ 116.600892379509276, -0.085252391776481 ], [ 116.600892378193237, -0.085380124085781 ], [ 116.600892372909385, -0.085891053322966 ], [ 116.600892370255664, -0.086146517941507 ], [ 116.600765487557808, -0.086657445832523 ], [ 116.600765486219686, -0.086785178139779 ], [ 116.600638607514014, -0.086912909096667 ], [ 116.600638604827054, -0.087168373707132 ], [ 116.600638599429431, -0.087679302927958 ], [ 116.600511716632383, -0.088190230778004 ], [ 116.600511715269732, -0.088317963081151 ], [ 116.600511712538506, -0.08857342768747 ], [ 116.600511711169943, -0.088701159990591 ], [ 116.600511705675942, -0.089212089203069 ], [ 116.600511701534757, -0.089595286112322 ], [ 116.600511700150392, -0.089723018415388 ], [ 116.60051169459328, -0.090233947627564 ], [ 116.600384813030502, -0.090617143127812 ], [ 116.600131058287928, -0.090617140308892 ], [ 116.600131055483033, -0.090872604902936 ], [ 116.600004176707969, -0.091000335783876 ], [ 116.599623543201673, -0.091128063821952 ], [ 116.599369785653209, -0.091383525551823 ], [ 116.598862274810685, -0.091511252127153 ], [ 116.598735397459023, -0.091511250698591 ], [ 116.59848164701306, -0.091128051026828 ], [ 116.598481649837439, -0.090872586484566 ], [ 116.598227895152448, -0.090872583644241 ], [ 116.598227897970702, -0.090617119109961 ], [ 116.597974147510541, -0.090233919486303 ], [ 116.597974151707803, -0.089850722696676 ], [ 116.597974157276397, -0.089339793643754 ], [ 116.597847281333756, -0.089212059984744 ], [ 116.597720406776091, -0.088956594070004 ], [ 116.597593529451103, -0.08895659267737 ], [ 116.597339776190509, -0.088828857637499 ], [ 116.597212900253808, -0.088701123994239 ], [ 116.596578515074981, -0.088573384796661 ], [ 116.596324760465421, -0.088573382015083 ], [ 116.596197883163654, -0.088573380623638 ], [ 116.596071005863863, -0.088573379231756 ], [ 116.595817251270276, -0.08857337644668 ], [ 116.595563496684662, -0.088573373659855 ], [ 116.595309739332279, -0.088828835313678 ], [ 116.595182859261939, -0.089084298353032 ], [ 116.595182856470302, -0.08933976279135 ], [ 116.595309728153268, -0.089850693082889 ], [ 116.595309721101444, -0.090489354188365 ], [ 116.595309716846387, -0.090872550851542 ], [ 116.595436591296306, -0.091128016728358 ], [ 116.59543658844251, -0.091383481174382 ], [ 116.5954365870126, -0.091511213397414 ], [ 116.595436585580714, -0.091638945620421 ], [ 116.59518279895893, -0.094449051549689 ], [ 116.594929042872323, -0.094576780788093 ], [ 116.594929039906958, -0.094832245217537 ], [ 116.59492903842127, -0.094959977432269 ], [ 116.595055914238372, -0.095087711145452 ], [ 116.59505591125793, -0.095343175578861 ], [ 116.594421523253814, -0.095470900268264 ], [ 116.594294645957632, -0.095470898761393 ], [ 116.594167768663468, -0.09547089725405 ], [ 116.593787135293042, -0.095598624925701 ], [ 116.593660258006409, -0.095598623414454 ], [ 116.593279626158591, -0.095598618877881 ], [ 116.593152748879987, -0.095598617364747 ], [ 116.59264524279186, -0.09534314695084 ], [ 116.592264615493534, -0.094959945898255 ], [ 116.592010865458278, -0.094576746379472 ], [ 116.59188398820352, -0.094576744877843 ], [ 116.59188399118311, -0.094321280545343 ], [ 116.59175711393128, -0.094321279047304 ], [ 116.591630239654876, -0.094065813224395 ], [ 116.591249612369424, -0.093682612269827 ], [ 116.590742110807781, -0.093043945565995 ], [ 116.590361485002944, -0.092533012550999 ], [ 116.590107732027519, -0.092405277462386 ], [ 116.589600224637664, -0.092277539433878 ], [ 116.589473348892653, -0.092149805832322 ], [ 116.588712087153041, -0.092022064876833 ], [ 116.588204579856736, -0.091894326875246 ], [ 116.588077702672322, -0.091894325402597 ], [ 116.587570198340188, -0.0915111232161 ], [ 116.587443322625433, -0.091383389652227 ], [ 116.587062696937807, -0.090872456893555 ], [ 116.586808944064956, -0.090744721887627 ], [ 116.586428315494004, -0.090489253351354 ], [ 116.586301439788841, -0.090361519818302 ], [ 116.585920811237642, -0.090106051311584 ], [ 116.585540181261663, -0.089978314889893 ], [ 116.585413308442895, -0.089595117251663 ], [ 116.585286432746386, -0.089467383745835 ], [ 116.585032681356054, -0.089211916745248 ], [ 116.585032682785837, -0.089084184689051 ], [ 116.584905808516467, -0.088828719142198 ], [ 116.584271430044083, -0.088190051744006 ], [ 116.583637048771394, -0.087806848505134 ], [ 116.583510173087063, -0.087679115050917 ], [ 116.583256418900632, -0.087679112208257 ], [ 116.582622037704439, -0.087295909043046 ], [ 116.582114532218341, -0.087040439351338 ], [ 116.581353274048382, -0.086657234863171 ], [ 116.581226396992605, -0.086657233451348 ], [ 116.581099522740772, -0.086401768054852 ], [ 116.580972645689982, -0.086401766646338 ], [ 116.580211386228186, -0.086146294231209 ], [ 116.580211387624857, -0.086018562253629 ], [ 116.579957633556859, -0.086018559442724 ], [ 116.579577008044751, -0.08550762735462 ], [ 116.579577009433123, -0.085379895387454 ], [ 116.579196382528167, -0.084996695312729 ], [ 116.579069506894854, -0.084868961961988 ], [ 116.578562004369871, -0.084358028596596 ], [ 116.578562007113817, -0.084102564695592 ], [ 116.578308262656392, -0.083208438311982 ], [ 116.578181395106526, -0.082314313336266 ], [ 116.578181401790417, -0.081675653614419 ], [ 116.578181407100047, -0.081164725836812 ], [ 116.577800782743751, -0.080526062147771 ], [ 116.577800784056706, -0.080398330209614 ], [ 116.577547036641135, -0.079759667897263 ], [ 116.576912659592594, -0.078993269795808 ], [ 116.576658906968746, -0.078865535274854 ], [ 116.576151408157173, -0.077971406698584 ], [ 116.576024533765292, -0.077715941594692 ], [ 116.576024535037746, -0.077588209685782 ], [ 116.575770784967247, -0.077205011410954 ], [ 116.575517034890822, -0.076821813159833 ], [ 116.575136411640727, -0.076055417986319 ], [ 116.57488266278331, -0.075544487910811 ], [ 116.574502038230278, -0.074905824741709 ], [ 116.574248285650299, -0.074778090381132 ], [ 116.574248291776456, -0.07413943098346 ], [ 116.574121417312526, -0.073883966000186 ], [ 116.573994542843735, -0.073628501024967 ], [ 116.573867668370085, -0.073373036057875 ], [ 116.573487043721883, -0.072734373071928 ], [ 116.573360168036373, -0.072606639999861 ], [ 116.573360169232558, -0.072478908135023 ], [ 116.573106423791955, -0.071584782703688 ], [ 116.573106426149948, -0.071329318982391 ], [ 116.5731064296711, -0.070946123400419 ], [ 116.573233312370533, -0.070307465264688 ], [ 116.573487070741848, -0.069796540130643 ], [ 116.573613952203758, -0.069285613811897 ], [ 116.573613953344505, -0.069157881942653 ], [ 116.573613954483179, -0.069030150073384 ], [ 116.573613956754144, -0.068774686334877 ], [ 116.573613963516564, -0.068008295119141 ], [ 116.573613965753864, -0.067752831380508 ], [ 116.573613966869345, -0.067625099511181 ], [ 116.573613972415217, -0.066986440164462 ], [ 116.573613974618837, -0.066730976425704 ], [ 116.573360220881227, -0.066730974210816 ], [ 116.573233348401487, -0.066220045650774 ], [ 116.573106472630769, -0.066092312690066 ], [ 116.573106480212459, -0.065198189663386 ], [ 116.573106481287127, -0.065070457802425 ], [ 116.573106486628873, -0.064431798497437 ], [ 116.573106490864305, -0.063920871053348 ], [ 116.573360247731983, -0.063537677580353 ], [ 116.573487124591765, -0.063537678634959 ], [ 116.573614002499653, -0.063409947819708 ], [ 116.574121513088699, -0.063026756391185 ], [ 116.57412151515932, -0.062771292635098 ], [ 116.574375268902486, -0.06277129471484 ], [ 116.574502148864653, -0.062388100101028 ], [ 116.575263410151663, -0.062388106292927 ], [ 116.575517159819825, -0.062899035959616 ], [ 116.575897788441708, -0.063154502890099 ], [ 116.576278419150455, -0.063154506015195 ], [ 116.576532172966765, -0.063154508097033 ], [ 116.57678592679143, -0.063154510177624 ], [ 116.57742031549887, -0.062643587642195 ], [ 116.577420316520943, -0.062515855709299 ], [ 116.577547195482609, -0.062260392867109 ], [ 116.577547198522922, -0.061877197062098 ], [ 116.577293446697013, -0.061621731165616 ], [ 116.57653218923744, -0.061110797406117 ], [ 116.576405312333094, -0.061110796399033 ], [ 116.575517181028232, -0.060216666031208 ], [ 116.575136552351466, -0.059961199255968 ], [ 116.574629045834342, -0.059833463401947 ], [ 116.574248415230855, -0.059833460429667 ], [ 116.574248414245247, -0.059961192309989 ], [ 116.574121537381316, -0.059961191316522 ], [ 116.574121535403194, -0.060216655072863 ], [ 116.573867781680491, -0.060216653076572 ], [ 116.573867779692776, -0.060472116824454 ], [ 116.573867778695757, -0.06059984869836 ], [ 116.573740899835713, -0.060855311437023 ], [ 116.573614021974208, -0.060983042297191 ], [ 116.57323339040633, -0.061110771123899 ], [ 116.573233388386143, -0.061366234850483 ], [ 116.572979634687542, -0.061366232811841 ], [ 116.572345248445117, -0.061621691406751 ], [ 116.571583983361435, -0.062132612591458 ], [ 116.571457105506539, -0.062260343389079 ], [ 116.571457104474263, -0.062388075222562 ], [ 116.571330227651075, -0.062388074182109 ], [ 116.571076472975662, -0.062515803927348 ], [ 116.570442088910994, -0.06251579870672 ], [ 116.570315212104447, -0.062515797661669 ], [ 116.569553951309572, -0.062515791384879 ], [ 116.569427074517847, -0.062515790337667 ], [ 116.568792691632027, -0.062388053308387 ], [ 116.56853893807687, -0.062388051214239 ], [ 116.568031433071042, -0.062132583470732 ], [ 116.567523929128896, -0.061749383989481 ], [ 116.567397054433727, -0.06149391942017 ], [ 116.567270177680669, -0.061493918384915 ], [ 116.567016425208976, -0.061366184554917 ], [ 116.56688954948882, -0.061238451764456 ], [ 116.566128289057474, -0.061238445566941 ], [ 116.566001412326386, -0.061238444532964 ], [ 116.565874535597473, -0.061238443498684 ], [ 116.565240151985023, -0.061238438322753 ], [ 116.564859524923349, -0.06085524004775 ], [ 116.564478898883905, -0.06034431009344 ], [ 116.564098272836503, -0.059833380188284 ], [ 116.563717645779718, -0.059450182034914 ], [ 116.563717647780308, -0.05919471862987 ], [ 116.56371764877737, -0.059066986927314 ], [ 116.5637176497723, -0.058939255224786 ], [ 116.563590779013353, -0.058172864021719 ], [ 116.563590779993476, -0.058045132321318 ], [ 116.563463904290955, -0.057917399637274 ], [ 116.563463910115246, -0.057151009447612 ], [ 116.563590794436834, -0.056129156814367 ], [ 116.563463922468387, -0.055490497369361 ], [ 116.563210172854269, -0.054979568707605 ], [ 116.562829544711349, -0.054724102528075 ], [ 116.562322041767274, -0.054213172087004 ], [ 116.562322042683249, -0.054085440408134 ], [ 116.561941418193015, -0.053319047609515 ], [ 116.561687667609988, -0.052935850787267 ], [ 116.561560793653797, -0.052552654886764 ], [ 116.561433917908943, -0.052424922326388 ], [ 116.561433921446124, -0.051913995671563 ], [ 116.561307046571116, -0.051658531462433 ], [ 116.561307050057323, -0.051147604816204 ], [ 116.561433928416548, -0.050892142361615 ], [ 116.56156080676827, -0.050636679898069 ], [ 116.561560811031526, -0.049998021568248 ], [ 116.561560815240682, -0.049359363238302 ], [ 116.561560816909193, -0.049103899906306 ], [ 116.561433943593372, -0.048592972413103 ], [ 116.561433944415938, -0.048465240749266 ], [ 116.560926440388627, -0.048082042473766 ], [ 116.560545813799138, -0.047571113413914 ], [ 116.560292061393369, -0.047443380142323 ], [ 116.560038308995004, -0.047315646878566 ], [ 116.559530804220685, -0.04706018037443 ], [ 116.558896422895955, -0.046804713098409 ], [ 116.558515796345588, -0.046293784232878 ], [ 116.558262047131237, -0.045655124595656 ], [ 116.558262049459842, -0.045271929767823 ], [ 116.558388926798045, -0.045144198934349 ], [ 116.558769558809971, -0.044761006406283 ], [ 116.558896436146426, -0.044633275554385 ], [ 116.559150192325873, -0.044122350587385 ], [ 116.559277069656233, -0.043994619717242 ], [ 116.559277073375995, -0.043355961582858 ], [ 116.559023323888539, -0.04271730198283 ], [ 116.558896448042532, -0.042589569629419 ], [ 116.558515820507083, -0.042206372594214 ], [ 116.558388943943484, -0.042206371869082 ], [ 116.557754562596585, -0.04195090503908 ], [ 116.557247056409253, -0.041950902149893 ], [ 116.55712018058486, -0.041823169837463 ], [ 116.55623204485795, -0.041823164787387 ], [ 116.555978290372963, -0.042078626482188 ], [ 116.555851413853276, -0.042078625755096 ], [ 116.555724537335777, -0.042078625027796 ], [ 116.555470784307388, -0.042078623572572 ], [ 116.555090156223969, -0.041823158279567 ], [ 116.554963281868325, -0.041439962899104 ], [ 116.554836407496296, -0.04105676753167 ], [ 116.55432890362799, -0.04067357006222 ], [ 116.553948275565887, -0.040418104876479 ], [ 116.553694523994295, -0.040162640413066 ], [ 116.553313897325495, -0.039651712226381 ], [ 116.553313900046064, -0.039140786132874 ], [ 116.553313904060786, -0.038374396992495 ], [ 116.553440784464968, -0.037608008505551 ], [ 116.553694539345585, -0.037224815221825 ], [ 116.554075170055711, -0.036969354086801 ], [ 116.554836431502508, -0.03645843173203 ], [ 116.555217063479461, -0.035947507398924 ], [ 116.555343940595705, -0.035819776462058 ], [ 116.555597696044416, -0.03530885144779 ], [ 116.555851449662129, -0.035181121100753 ], [ 116.555851455008636, -0.034031536990654 ], [ 116.555851455591721, -0.033903805422863 ], [ 116.555978334409289, -0.033392879728606 ], [ 116.55610521205999, -0.033137417160969 ], [ 116.556105213192623, -0.032881954016459 ], [ 116.556358966779243, -0.032754223575361 ], [ 116.556485844412805, -0.032498760982926 ], [ 116.556612721485592, -0.032371029962618 ], [ 116.556866475630116, -0.032115567908242 ], [ 116.557120229226996, -0.031987837425537 ], [ 116.557120230317693, -0.031732374245727 ], [ 116.557373984455054, -0.031476912150461 ], [ 116.557754615658794, -0.031093718973354 ], [ 116.557881493254158, -0.030838256302086 ], [ 116.558008370842359, -0.030582793621848 ], [ 116.558135248940218, -0.030199599325144 ], [ 116.558389004071913, -0.02968867391558 ], [ 116.558389005582271, -0.029305479079755 ], [ 116.55838900608137, -0.029177747467807 ], [ 116.558389007565594, -0.028794552631964 ], [ 116.558389008055983, -0.028666821019988 ], [ 116.558135256431001, -0.028283625211813 ], [ 116.558135257870248, -0.027900430389066 ], [ 116.558135258345644, -0.027772698781495 ], [ 116.558135260225384, -0.027261772351115 ], [ 116.558389015605528, -0.026623115228277 ], [ 116.55864276869373, -0.02662311614295 ], [ 116.558896522694099, -0.026367653815517 ], [ 116.559277153249013, -0.026112191917899 ], [ 116.559530907690487, -0.025728997917989 ], [ 116.559657785123633, -0.025473535090985 ], [ 116.559784662549774, -0.025218072255124 ], [ 116.560038416959728, -0.024834878197219 ], [ 116.560292171771877, -0.024323952467695 ], [ 116.560419049575259, -0.023940757942522 ], [ 116.560419049980922, -0.023813026295426 ], [ 116.56041905158186, -0.023302099707003 ], [ 116.56016529961768, -0.022918903981432 ], [ 116.56016530000619, -0.022791172338705 ], [ 116.55991154802625, -0.022407976643259 ], [ 116.559911549159892, -0.022024781728114 ], [ 116.559911549533425, -0.021897050089744 ], [ 116.559911551005868, -0.021386123536161 ], [ 116.559911551729016, -0.021130660259382 ], [ 116.560038429712989, -0.020619734058787 ], [ 116.560038430062548, -0.020492002418207 ], [ 116.560038431098107, -0.020108807496405 ], [ 116.560038432448493, -0.019597880933992 ], [ 116.560038433110634, -0.019342417652748 ], [ 116.559657804728388, -0.018831490122744 ], [ 116.559530929124548, -0.018448294904421 ], [ 116.559530929437514, -0.018320563272543 ], [ 116.559530930056937, -0.018065100008781 ], [ 116.559530930969785, -0.017681905113125 ], [ 116.559657810145126, -0.016532320709382 ] ] ] ] } },
{ "type": "Feature", "properties": { "Id": 0, "area": 341.450225359, "danau": null }, "geometry": { "type": "MultiPolygon", "coordinates": [ [ [ [ 116.387851082339125, -0.086763924657108 ], [ 116.387573505411439, -0.085366571328015 ], [ 116.387388439283413, -0.085366568360298 ], [ 116.387203373161853, -0.085366565391685 ], [ 116.387110838627848, -0.085459720486098 ], [ 116.387018305570876, -0.085459718999611 ], [ 116.386833239461708, -0.085459716025963 ], [ 116.386648170400719, -0.085646026193224 ], [ 116.386463102821551, -0.085739179778972 ], [ 116.386185497740385, -0.086111801550637 ], [ 116.386185496249652, -0.086204958113425 ], [ 116.386000425682639, -0.086484424788319 ], [ 116.386000419682404, -0.086857051026302 ], [ 116.385815347574095, -0.087229674223986 ], [ 116.385815346063112, -0.087322830780209 ], [ 116.385537739368559, -0.087788608969891 ], [ 116.38553773632421, -0.087974922072531 ], [ 116.385445200237257, -0.088161233637723 ], [ 116.385445191044795, -0.088720172935761 ], [ 116.385445183340011, -0.089185955683968 ], [ 116.38544517559491, -0.089651738432039 ], [ 116.385445174041038, -0.089744894981659 ], [ 116.38563023389311, -0.090117524322844 ], [ 116.385722765376144, -0.090210682448368 ], [ 116.385815295295444, -0.09039699713293 ], [ 116.38609288974466, -0.090676471541371 ], [ 116.386277954284267, -0.090769631264513 ], [ 116.386463017257427, -0.090955947560583 ], [ 116.386648081807436, -0.091049107298023 ], [ 116.386833144787133, -0.091235423614857 ], [ 116.386925671535593, -0.091608051504193 ], [ 116.386925668366104, -0.091794364655135 ], [ 116.386925665190205, -0.091980677806039 ], [ 116.386925663599825, -0.092073834381485 ], [ 116.387018191891599, -0.09235330571441 ], [ 116.387018188696871, -0.092539618868514 ], [ 116.38701818709707, -0.092632775445534 ], [ 116.387110715363619, -0.092912246792729 ], [ 116.387110708930052, -0.093284873107279 ], [ 116.387203238782249, -0.093471187890102 ], [ 116.387203233931245, -0.093750657630767 ], [ 116.38729576052269, -0.094123285588255 ], [ 116.387295758896258, -0.094216442170084 ], [ 116.387295754007354, -0.094495911915489 ], [ 116.387388285459352, -0.094589070141819 ], [ 116.387388280551889, -0.094868539892022 ], [ 116.387388278912852, -0.09496169647543 ], [ 116.387480802133723, -0.095520637636153 ], [ 116.387480800483672, -0.095613794221111 ], [ 116.387573326959171, -0.095986422229305 ], [ 116.387573318653878, -0.096452205162112 ], [ 116.387573315320509, -0.096638518335176 ], [ 116.387480775539913, -0.097011142995151 ], [ 116.38729570264087, -0.097383765948674 ], [ 116.387203167867156, -0.097476920835321 ], [ 116.387203164496356, -0.097663233995314 ], [ 116.387110629718407, -0.097756388875209 ], [ 116.386925563542988, -0.0977563854742 ], [ 116.386740493990999, -0.097942695215954 ], [ 116.386647957518434, -0.098129006651801 ], [ 116.386647955821061, -0.098222163222064 ], [ 116.386740487205685, -0.098315321503436 ], [ 116.386925551677891, -0.098408481500006 ], [ 116.38720314413645, -0.098781112954968 ], [ 116.387295677231009, -0.09878111467265 ], [ 116.387480741718605, -0.098874274692011 ], [ 116.387573273110576, -0.098967432996957 ], [ 116.387758339315184, -0.098967436436461 ], [ 116.388035936926173, -0.099060598188262 ], [ 116.388128470035966, -0.099060599908462 ], [ 116.388313536260426, -0.099060603348082 ], [ 116.388683670434744, -0.098967453618389 ], [ 116.388776205259873, -0.098874298727702 ], [ 116.388683678941703, -0.098501670589248 ], [ 116.388683680638266, -0.098408513983387 ], [ 116.388683689097064, -0.097942730954105 ], [ 116.388776233988125, -0.097290636400526 ], [ 116.388776235663585, -0.097197479792998 ], [ 116.388868772126713, -0.0970111682605 ], [ 116.38914638314111, -0.096359077008533 ], [ 116.389146384799503, -0.096265920394509 ], [ 116.389238921232405, -0.096079608831802 ], [ 116.389423987479077, -0.09607961216186 ], [ 116.389701586861094, -0.096079617155056 ], [ 116.38988665147059, -0.096172777109536 ], [ 116.390349308872999, -0.096638568607081 ], [ 116.390626894976549, -0.097383826740183 ], [ 116.39062689162779, -0.097570140019766 ], [ 116.390534350077615, -0.09803592152315 ], [ 116.390349280409168, -0.09822223140129 ], [ 116.390164209046205, -0.098501697897155 ], [ 116.390164205656475, -0.09868801116048 ], [ 116.390071669115741, -0.098874322712513 ], [ 116.389979129159201, -0.09924694751466 ], [ 116.389886592599879, -0.099433259050018 ], [ 116.389794056034717, -0.099619570578608 ], [ 116.389608981165594, -0.100085350237533 ], [ 116.389423906257576, -0.100551129862984 ], [ 116.38933137138946, -0.100644284737608 ], [ 116.389238831310635, -0.101016909454978 ], [ 116.38914628771083, -0.101575847386542 ], [ 116.38914628070188, -0.101948473841469 ], [ 116.389146273667279, -0.102321100296309 ], [ 116.389146271904622, -0.102414256910022 ], [ 116.389146264837933, -0.102786883364753 ], [ 116.389146263067261, -0.102880039978405 ], [ 116.389238789109427, -0.103252668222785 ], [ 116.389423844704737, -0.103811611512284 ], [ 116.389608905635356, -0.10409108497426 ], [ 116.389608902050185, -0.104277398217597 ], [ 116.389701433407424, -0.104370556646982 ], [ 116.38970142621254, -0.104743183140004 ], [ 116.389701424409807, -0.104836339763241 ], [ 116.38970139534824, -0.106326845734291 ], [ 116.389701389853514, -0.106606315603698 ], [ 116.389701388018736, -0.106699472226822 ], [ 116.389701375130414, -0.107351568588534 ], [ 116.389701373282804, -0.107444725211629 ], [ 116.389701371433603, -0.107537881834702 ], [ 116.389701367730396, -0.107724195080831 ], [ 116.389701365876377, -0.107817351703887 ], [ 116.389793889747764, -0.108283136694313 ], [ 116.389886419187079, -0.108469451821751 ], [ 116.389886415452949, -0.108655765074217 ], [ 116.389886411712411, -0.108842078326659 ], [ 116.389886407965463, -0.109028391579096 ], [ 116.389886404212106, -0.109214704831492 ], [ 116.389886402333005, -0.109307861457681 ], [ 116.389886387242683, -0.110053114466986 ], [ 116.389886385349186, -0.110146271093123 ], [ 116.389886377759154, -0.110518897597627 ], [ 116.389886375857671, -0.110612054223718 ], [ 116.390071432682134, -0.111077841199987 ], [ 116.390349024579976, -0.111450473502987 ], [ 116.3904415558506, -0.111543632066762 ], [ 116.390534087121821, -0.111636790633426 ], [ 116.390534083282816, -0.111823103908095 ], [ 116.390626604919944, -0.112382045675401 ], [ 116.390719132316519, -0.112661517540133 ], [ 116.390904185131888, -0.113313617941233 ], [ 116.390904183185569, -0.113406774584872 ], [ 116.390996712490875, -0.113593089835494 ], [ 116.391181776950958, -0.113686250409691 ], [ 116.391274310158821, -0.113686252373719 ], [ 116.39192203093782, -0.114245206081434 ], [ 116.392569757652623, -0.114524689891721 ], [ 116.392754824123202, -0.114524693839423 ], [ 116.393124955123497, -0.114617858413371 ], [ 116.393217488367839, -0.114617860387172 ], [ 116.393310021613772, -0.114617862360673 ], [ 116.393865219163729, -0.114711030890329 ], [ 116.393957752421102, -0.114711032863325 ], [ 116.394050285680095, -0.114711034836021 ], [ 116.394235352202813, -0.114711038780507 ], [ 116.394327885466566, -0.114711040752299 ], [ 116.394420416772974, -0.114804199428382 ], [ 116.394605483308993, -0.114804203373661 ], [ 116.395160680997165, -0.114897371919615 ], [ 116.395530810209053, -0.11508369325324 ], [ 116.395900937481102, -0.115363171337662 ], [ 116.395993466844018, -0.115549486778648 ], [ 116.396363594134513, -0.115828964912823 ], [ 116.396456125467026, -0.115922123636482 ], [ 116.396733715512966, -0.116387913313647 ], [ 116.396826244864073, -0.116574228798034 ], [ 116.396918776195761, -0.116667387540853 ], [ 116.397011307528061, -0.116760546286581 ], [ 116.397011305542662, -0.116853703035734 ], [ 116.397103832896192, -0.117133175287405 ], [ 116.397288895556159, -0.117319492802743 ], [ 116.397473956222058, -0.117598967086641 ], [ 116.397844081549152, -0.117971602181069 ], [ 116.398214206886124, -0.118344237321364 ], [ 116.398676867595768, -0.118623717755778 ], [ 116.398676863571197, -0.118810031311184 ], [ 116.398676855503126, -0.11918265842187 ], [ 116.398676853482144, -0.119275815199546 ], [ 116.398676851459598, -0.1193689719772 ], [ 116.398676839291142, -0.119927912642986 ], [ 116.398676837257554, -0.120021069420612 ], [ 116.398676829107345, -0.120393696530965 ], [ 116.398676827065856, -0.120486853308559 ], [ 116.398954423061255, -0.120673173039925 ], [ 116.399046954380466, -0.120766331881972 ], [ 116.399232014971744, -0.121045806361681 ], [ 116.39950961098603, -0.121232126134932 ], [ 116.399509608933172, -0.121325282926748 ], [ 116.399602142309078, -0.121325284994075 ], [ 116.399787202900342, -0.121604759517464 ], [ 116.400064790682492, -0.122163706537646 ], [ 116.400064788615794, -0.122256863338934 ], [ 116.400157317866771, -0.122443179025886 ], [ 116.40024985125747, -0.12244318111001 ], [ 116.400434920112247, -0.122350028469711 ], [ 116.400527449369235, -0.122536344169667 ], [ 116.400619980695481, -0.122629503064829 ], [ 116.400805035039681, -0.123188448119293 ], [ 116.401175151980766, -0.123933711057059 ], [ 116.401175149888019, -0.124026867877253 ], [ 116.4012676812075, -0.124120026806472 ], [ 116.401452739650608, -0.124492658323217 ], [ 116.401637804391257, -0.124585819379788 ], [ 116.401637802289116, -0.124678976207798 ], [ 116.40182286493021, -0.124865294103715 ], [ 116.40191539835763, -0.124865296223165 ], [ 116.401915396251752, -0.124958453055933 ], [ 116.402007927573919, -0.125051612010961 ], [ 116.402007925465213, -0.125144768845263 ], [ 116.402192981766035, -0.125610557279325 ], [ 116.402192979648575, -0.125703714116781 ], [ 116.40228550460094, -0.126076343605156 ], [ 116.402285502475948, -0.126169500444126 ], [ 116.402378031661755, -0.126355816265186 ], [ 116.402655625602847, -0.126635293228287 ], [ 116.402748159050617, -0.126635295374788 ], [ 116.402840688233553, -0.126821611217812 ], [ 116.403210817779168, -0.127007933521223 ], [ 116.403303346962019, -0.127194249384621 ], [ 116.403580943068988, -0.127380569566515 ], [ 116.40395107051512, -0.127660048789528 ], [ 116.404413729312111, -0.128032687082642 ], [ 116.404506260644695, -0.128125846123122 ], [ 116.404783850334496, -0.128591637024234 ], [ 116.404876381667279, -0.128684796079097 ], [ 116.404876377346639, -0.128871109844961 ], [ 116.40487637518396, -0.128964266727909 ], [ 116.404968906513773, -0.129057425790256 ], [ 116.405153960494388, -0.129616371473796 ], [ 116.405153958320241, -0.12970952836139 ], [ 116.405339020972278, -0.129895846521317 ], [ 116.405524085806064, -0.129989007798608 ], [ 116.405524083627029, -0.130082164692463 ], [ 116.405616612773613, -0.130268480677649 ], [ 116.405801679796994, -0.130268485071584 ], [ 116.406079267230226, -0.13082743307937 ], [ 116.406171798560251, -0.130920592188988 ], [ 116.406541919491431, -0.131479542477481 ], [ 116.406634448621006, -0.131665858516738 ], [ 116.40663444641801, -0.131759015429342 ], [ 116.406726977747283, -0.131852174561929 ], [ 116.406819509077238, -0.131945333697334 ], [ 116.406819504661698, -0.132131647528682 ], [ 116.407097096434711, -0.132504281881275 ], [ 116.40728215687588, -0.132783757109912 ], [ 116.407282154656585, -0.132876914033372 ], [ 116.407467219535107, -0.132970075429315 ], [ 116.40746721731341, -0.133063232355894 ], [ 116.407467215090122, -0.133156389282449 ], [ 116.407559744192341, -0.133342705377592 ], [ 116.407559741964761, -0.133435862305709 ], [ 116.407559737504911, -0.133622176161905 ], [ 116.407652271060897, -0.13362217840824 ], [ 116.407744800153822, -0.133808494516688 ], [ 116.407929867274987, -0.133808499013866 ], [ 116.407929862805489, -0.133994812882547 ], [ 116.408022396369148, -0.133994815133739 ], [ 116.408299983631963, -0.134553763528629 ], [ 116.408762638024442, -0.135112716511018 ], [ 116.408762635771893, -0.135205873459356 ], [ 116.408762626746082, -0.135578501252566 ], [ 116.408670088641131, -0.135764812871051 ], [ 116.408577555059949, -0.135764810592618 ], [ 116.408392487902248, -0.135764806034681 ], [ 116.408299954325713, -0.135764803755179 ], [ 116.407837286466361, -0.135764792352317 ], [ 116.407652217065817, -0.135857944718174 ], [ 116.407559681231817, -0.135951099362159 ], [ 116.407189544715607, -0.136044247138309 ], [ 116.407097004330112, -0.136323715609672 ], [ 116.407097002050961, -0.136416872529724 ], [ 116.407096995204171, -0.136696343289855 ], [ 116.407096992918795, -0.136789500209879 ], [ 116.407004452493567, -0.137068968663466 ], [ 116.407004445613012, -0.137348439418724 ], [ 116.407004443316396, -0.137441596337112 ], [ 116.406819366993744, -0.13781421937163 ], [ 116.406541766324622, -0.13781421241035 ], [ 116.406726828823253, -0.138000530878903 ], [ 116.406726824204483, -0.138186844706177 ], [ 116.406911882071384, -0.138559477025545 ], [ 116.406911870469628, -0.139025261609177 ], [ 116.406634265127963, -0.139211568411794 ], [ 116.406264126233467, -0.139397872843729 ], [ 116.405708922592538, -0.139491015641015 ], [ 116.405153719001845, -0.139584158406222 ], [ 116.404968651929963, -0.139584153692938 ], [ 116.40450598427762, -0.139584141903314 ], [ 116.404413450751832, -0.13958413954429 ], [ 116.404228383704947, -0.139584134825142 ], [ 116.404135850183863, -0.139584132465019 ], [ 116.404043316664342, -0.139584130104529 ], [ 116.403858249629977, -0.139584125382449 ], [ 116.40376571611516, -0.139584123020859 ], [ 116.403673182601878, -0.139584120658903 ], [ 116.402932916900639, -0.13949094490104 ], [ 116.40237772531826, -0.139118303355217 ], [ 116.402192658343978, -0.139118298635745 ], [ 116.40219266068749, -0.139025141799323 ], [ 116.402007596062873, -0.138931980248266 ], [ 116.401915064923443, -0.138838821058735 ], [ 116.40145240923701, -0.13837302515285 ], [ 116.4013598781019, -0.138279865980072 ], [ 116.401359880434541, -0.138186709157799 ], [ 116.401174815833826, -0.138093547642868 ], [ 116.401082287029865, -0.137907231660913 ], [ 116.400897229412109, -0.137534599714866 ], [ 116.400897238690121, -0.13716197245721 ], [ 116.400897243319662, -0.136975658828363 ], [ 116.401082314855202, -0.136789349849992 ], [ 116.401359924456017, -0.136416729533526 ], [ 116.401359929056852, -0.136230415888714 ], [ 116.401359933651378, -0.136044102243873 ], [ 116.401359935946289, -0.135950945421424 ], [ 116.401637550061182, -0.135392011385339 ], [ 116.401637552344027, -0.135298854558127 ], [ 116.40173008808722, -0.135205700026569 ], [ 116.40200769985816, -0.134739922743539 ], [ 116.40219277359715, -0.134460456805556 ], [ 116.402285309330352, -0.134367302248111 ], [ 116.402377849583686, -0.134087834007197 ], [ 116.402377856353127, -0.133808363487246 ], [ 116.402377858606485, -0.133715206647248 ], [ 116.402377865357096, -0.133435736127212 ], [ 116.402377869849673, -0.133249422447135 ], [ 116.402377876576736, -0.132969951926992 ], [ 116.402377878815983, -0.13287679508693 ], [ 116.402470418988926, -0.132597326815305 ], [ 116.40256295468744, -0.132504172220311 ], [ 116.402562963600758, -0.132131544847226 ], [ 116.402562965825169, -0.132038388003958 ], [ 116.402562974707124, -0.131665760630714 ], [ 116.40256297692369, -0.131572603787411 ], [ 116.402562981352119, -0.131386290100733 ], [ 116.402655517027, -0.131293135483206 ], [ 116.402655519236959, -0.131199978638262 ], [ 116.402655523652143, -0.131013664948403 ], [ 116.402655525857384, -0.130920508103437 ], [ 116.402655528061061, -0.130827351258499 ], [ 116.402655532463683, -0.13064103756855 ], [ 116.402933137249306, -0.130454730511305 ], [ 116.403025675102924, -0.130268419018902 ], [ 116.403025677294252, -0.13017526216755 ], [ 116.403025683858843, -0.129895791613551 ], [ 116.402933152580047, -0.129802632563056 ], [ 116.40284062784508, -0.129430002970704 ], [ 116.402840630022993, -0.129336846122496 ], [ 116.402840638718914, -0.12896421872953 ], [ 116.402563047025438, -0.128591584797454 ], [ 116.402285455329064, -0.128218950900152 ], [ 116.402192921883497, -0.128218948725124 ], [ 116.402007859316527, -0.12803263070586 ], [ 116.402007865783958, -0.127753160203511 ], [ 116.401915336649225, -0.127566844370273 ], [ 116.401730271927377, -0.127473683209927 ], [ 116.401730274076343, -0.127380526380503 ], [ 116.401637747081637, -0.127101053734175 ], [ 116.40154522435202, -0.12663526744434 ], [ 116.401267634741302, -0.126169476883022 ], [ 116.401267636869903, -0.126076320061448 ], [ 116.401082576408484, -0.125796845321158 ], [ 116.400897509576993, -0.125796841044358 ], [ 116.40089751382267, -0.125610527413767 ], [ 116.400527384423199, -0.125424205250934 ], [ 116.400527386541853, -0.125331048441977 ], [ 116.400434853136389, -0.125331046309685 ], [ 116.399879669647461, -0.124585779125789 ], [ 116.399787138362711, -0.12449262020754 ], [ 116.399694607078601, -0.124399461292113 ], [ 116.39923195905034, -0.123561039610172 ], [ 116.399231963232097, -0.123374726036358 ], [ 116.399139429855495, -0.123374723932814 ], [ 116.398676775515256, -0.122815772745904 ], [ 116.398306648306004, -0.122536294046994 ], [ 116.398029050315458, -0.122443131002296 ], [ 116.398029054467671, -0.122256817469693 ], [ 116.397936523189529, -0.122163658616291 ], [ 116.397936525262011, -0.122070501851573 ], [ 116.397751462705088, -0.121884184156525 ], [ 116.39756640015068, -0.121697866472942 ], [ 116.397566408404501, -0.121325239439307 ], [ 116.397566416633026, -0.120952612405569 ], [ 116.397566422787804, -0.120673142130164 ], [ 116.397381366341037, -0.120207354227008 ], [ 116.397381370421755, -0.120021040716368 ], [ 116.397381372459733, -0.119927883961022 ], [ 116.397196307831834, -0.119834723106429 ], [ 116.397196311901141, -0.119648409602095 ], [ 116.397103778572003, -0.119648407555173 ], [ 116.397011251338398, -0.119368935260977 ], [ 116.396826190771478, -0.119089460937676 ], [ 116.396826192795515, -0.118996304191846 ], [ 116.396733659474876, -0.118996302154831 ], [ 116.395160639509427, -0.116853662982959 ], [ 116.395068106224414, -0.116853660977099 ], [ 116.394975572941007, -0.116853658970932 ], [ 116.394790506378925, -0.116853654957677 ], [ 116.394697971105714, -0.116946809659842 ], [ 116.394605435831849, -0.117039964358476 ], [ 116.394420367282606, -0.117133117040768 ], [ 116.394327834009403, -0.11713311502765 ], [ 116.394235298736874, -0.117226269715454 ], [ 116.394235296734365, -0.11731942641666 ], [ 116.394050228190039, -0.11741257908046 ], [ 116.394050222166399, -0.117692049174412 ], [ 116.394050218142695, -0.117878362570365 ], [ 116.394050214112625, -0.118064675966293 ], [ 116.394142739306119, -0.118437304794506 ], [ 116.394235268532498, -0.118623620232886 ], [ 116.394235260417545, -0.118996247037311 ], [ 116.394327785556172, -0.119368875893474 ], [ 116.39432778147706, -0.119555189298809 ], [ 116.394327771251426, -0.120020972811991 ], [ 116.394327769201524, -0.120114129514592 ], [ 116.394327765096961, -0.120300442919824 ], [ 116.394327756868734, -0.120673069730161 ], [ 116.394327746547674, -0.121138853242975 ], [ 116.394235211193404, -0.12123200786165 ], [ 116.394235207050031, -0.121418321263491 ], [ 116.394050138408275, -0.121511473786098 ], [ 116.393957603050168, -0.121604628392562 ], [ 116.393772536491397, -0.121604624209113 ], [ 116.393587467859518, -0.121697776714078 ], [ 116.393309863876226, -0.121884083799509 ], [ 116.39321732852072, -0.12197723838417 ], [ 116.392939720357504, -0.12234985879531 ], [ 116.393032253624312, -0.122349860902905 ], [ 116.392939716167007, -0.122536172152141 ], [ 116.392939707766899, -0.122908798865674 ], [ 116.392939699341284, -0.123281425579136 ], [ 116.392939697230901, -0.123374582257464 ], [ 116.393032224161487, -0.12365405442252 ], [ 116.393217282236094, -0.12402668541419 ], [ 116.393217277990161, -0.124212998780394 ], [ 116.393217275864814, -0.124306155463487 ], [ 116.393402342423073, -0.12430615974379 ], [ 116.393494873578618, -0.124399318571333 ], [ 116.393772469178955, -0.124585638378579 ], [ 116.393772464917802, -0.124771951763944 ], [ 116.39395753149843, -0.124771956056355 ], [ 116.394512720610834, -0.125237752453089 ], [ 116.394420183029681, -0.125424063708689 ], [ 116.394235114286076, -0.12551721609779 ], [ 116.394142580987605, -0.125517213939918 ], [ 116.393864981101657, -0.125517207464327 ], [ 116.393772447809496, -0.125517205305137 ], [ 116.39367991451897, -0.125517203145618 ], [ 116.393402314656882, -0.125517196665084 ], [ 116.393309783518461, -0.12542403781962 ], [ 116.392662052722656, -0.125330866022398 ], [ 116.392569519451868, -0.125330863862136 ], [ 116.392384452915138, -0.125330859540624 ], [ 116.392106857414007, -0.12514453972836 ], [ 116.39192179732251, -0.124865065428315 ], [ 116.391644203974778, -0.124585588995517 ], [ 116.391644206110456, -0.12449243233975 ], [ 116.3916442082445, -0.124399275683959 ], [ 116.391644210376967, -0.124306119028196 ], [ 116.391644212507842, -0.124212962372409 ], [ 116.391551681388123, -0.124119803573625 ], [ 116.391366621276106, -0.123840329333759 ], [ 116.391089025799303, -0.123654009623058 ], [ 116.390903961447634, -0.123560848706033 ], [ 116.390903963568292, -0.123467692063067 ], [ 116.390626372341828, -0.123095059106569 ], [ 116.390163716778758, -0.122629265308529 ], [ 116.389886127653767, -0.122163475813789 ], [ 116.389793596542447, -0.12207031707479 ], [ 116.389608540605835, -0.121604529743889 ], [ 116.389238420327601, -0.121045581631116 ], [ 116.388960829068793, -0.120672948898518 ], [ 116.388960831146491, -0.120579792289235 ], [ 116.388775766843949, -0.120486631500774 ], [ 116.388590708765065, -0.120114000908902 ], [ 116.388498177652281, -0.120020842223441 ], [ 116.388405646540093, -0.119927683540859 ], [ 116.3881280573314, -0.119461894321005 ], [ 116.388035526219142, -0.119368735653299 ], [ 116.387942995107508, -0.119275576988526 ], [ 116.387665399721541, -0.119089257598477 ], [ 116.387202740087076, -0.11880977751149 ], [ 116.386925148830031, -0.118437145016392 ], [ 116.386832619773074, -0.118250829811197 ], [ 116.386740086627441, -0.118250827753408 ], [ 116.386555024427267, -0.118064510502125 ], [ 116.386462497405461, -0.117785038749291 ], [ 116.386369966304329, -0.117691880134183 ], [ 116.386277435203795, -0.117598721522038 ], [ 116.386092373004587, -0.117412404306487 ], [ 116.385999841905928, -0.117319245703134 ], [ 116.385444649251369, -0.11703976378849 ], [ 116.385352116133888, -0.117039761747166 ], [ 116.385167051931376, -0.116946601120484 ], [ 116.384889454626119, -0.116853438459445 ], [ 116.384796921518927, -0.11685343641953 ], [ 116.384611861383192, -0.116573962738675 ], [ 116.384611865424318, -0.11638764967188 ], [ 116.384889470783321, -0.116108186153297 ], [ 116.38470441863241, -0.115456086353745 ], [ 116.384519356438119, -0.115269769257513 ], [ 116.384149236042703, -0.114710822049658 ], [ 116.383686582550283, -0.11415187291856 ], [ 116.383686584532597, -0.114058716401311 ], [ 116.383408993222758, -0.113686084365784 ], [ 116.383408997171372, -0.113499771340964 ], [ 116.38322394087821, -0.113033984822521 ], [ 116.383131411740152, -0.112847669828818 ], [ 116.383131413701591, -0.112754513321248 ], [ 116.383038888469031, -0.112381885323429 ], [ 116.382853835995149, -0.111729785868566 ], [ 116.382853837938043, -0.111636629365784 ], [ 116.382576250406586, -0.111077684511797 ], [ 116.382483721222059, -0.110891369572871 ], [ 116.382298668607547, -0.110239270234602 ], [ 116.382206148965338, -0.109587172861989 ], [ 116.382206162284447, -0.108935077421662 ], [ 116.382206167968306, -0.108655607947132 ], [ 116.3822061698597, -0.108562451455616 ], [ 116.382206171749445, -0.108469294964094 ], [ 116.38211364437602, -0.108189823592564 ], [ 116.382113646259569, -0.10809666710267 ], [ 116.382021116991325, -0.107910352230517 ], [ 116.38202111887027, -0.107817195742238 ], [ 116.382021120747609, -0.107724039253937 ], [ 116.382021124497427, -0.107537726277318 ], [ 116.382021126369892, -0.107444569788999 ], [ 116.382021128240737, -0.107351413300658 ], [ 116.382021131977567, -0.107165100323993 ], [ 116.381928615688821, -0.106326690063913 ], [ 116.381928617540467, -0.106233533577154 ], [ 116.382113694662266, -0.10567459836294 ], [ 116.382113698340135, -0.105488285382786 ], [ 116.382206233201231, -0.105395130740605 ], [ 116.382298769894476, -0.105208819601553 ], [ 116.382298777209058, -0.104836193628079 ], [ 116.382298779033661, -0.104743037134696 ], [ 116.382298782677964, -0.104556724147914 ], [ 116.382298784497664, -0.104463567654515 ], [ 116.382298786315772, -0.104370411161093 ], [ 116.3822987899471, -0.104184098174283 ], [ 116.382206265975753, -0.103718313888862 ], [ 116.382206278579446, -0.103066218446031 ], [ 116.382206280373481, -0.102973061954176 ], [ 116.382206291103657, -0.102414123002931 ], [ 116.382206303548386, -0.101762027559546 ], [ 116.382206305319698, -0.101668871067598 ], [ 116.382206308857491, -0.101482558083735 ], [ 116.382206310623943, -0.101389401591771 ], [ 116.382206312388774, -0.101296245099834 ], [ 116.382206315913592, -0.101109932115895 ], [ 116.38220631767355, -0.101016775623942 ], [ 116.382298852445231, -0.100923620901215 ], [ 116.382576458507842, -0.100551000213274 ], [ 116.383131665366491, -0.100085228237607 ], [ 116.383594333993273, -0.099898923961568 ], [ 116.383686867028018, -0.099898925708917 ], [ 116.38387193483652, -0.099805772681448 ], [ 116.38396446787587, -0.099805774426382 ], [ 116.384149535691137, -0.099712621389175 ], [ 116.384242070464978, -0.099619466603756 ], [ 116.384704740883691, -0.099340005696087 ], [ 116.384797275658158, -0.099246850892824 ], [ 116.384982350350299, -0.09878107165281 ], [ 116.384982360596226, -0.098222132406797 ], [ 116.384982372476301, -0.097570036619526 ], [ 116.384982375856069, -0.09738372353739 ], [ 116.385259986790061, -0.096731632813481 ], [ 116.385537587634886, -0.09663848132398 ], [ 116.385630120694557, -0.096638483008971 ], [ 116.385815186818789, -0.096638486378192 ], [ 116.386000251276087, -0.096731646305389 ], [ 116.386370383557832, -0.096731653045248 ], [ 116.386555453050477, -0.096545343276232 ], [ 116.386647987796067, -0.09645218838647 ], [ 116.386647989462858, -0.096359031816108 ], [ 116.386833060610215, -0.096079565449226 ], [ 116.386833062270057, -0.095986408875617 ], [ 116.386833065584923, -0.095800095728385 ], [ 116.386833067239934, -0.095706939154762 ], [ 116.386833078779958, -0.095054843139253 ], [ 116.386833080422093, -0.094961686565589 ], [ 116.386833082062623, -0.094868529991902 ], [ 116.386740560427043, -0.09421643233653 ], [ 116.386740562054925, -0.094123275764424 ], [ 116.386740565305885, -0.093936962620249 ], [ 116.386648032234021, -0.093936960985321 ], [ 116.386648035479027, -0.093750647844351 ], [ 116.386648037099093, -0.093657491273842 ], [ 116.386555505648332, -0.093564333074674 ], [ 116.386462983868299, -0.092912235474789 ], [ 116.386462985474381, -0.092819078907511 ], [ 116.386185392698039, -0.092446447808416 ], [ 116.386185395893918, -0.092260134683508 ], [ 116.385907799916211, -0.092073816746002 ], [ 116.385907801509205, -0.0919806601884 ], [ 116.385537674082158, -0.091701184121392 ], [ 116.385260079711642, -0.091421709684431 ], [ 116.38507501363425, -0.091421706494208 ], [ 116.385075016800386, -0.091235393408188 ], [ 116.384889950730368, -0.091235390223509 ], [ 116.384797420858888, -0.09104907555451 ], [ 116.384612356378128, -0.090955915839996 ], [ 116.384334763603007, -0.090583284953531 ], [ 116.384242232153227, -0.09049012684237 ], [ 116.384242233723072, -0.090396970313929 ], [ 116.3842422384229, -0.090117500728629 ], [ 116.384242244666709, -0.089744874614829 ], [ 116.384242249332559, -0.089465405029428 ], [ 116.384242255531078, -0.089092778915476 ], [ 116.384334791637642, -0.088906467411924 ], [ 116.384427327738436, -0.088720155901626 ], [ 116.384427330814134, -0.088533842838082 ], [ 116.384519868434168, -0.0882543747843 ], [ 116.384519869964521, -0.088161218250863 ], [ 116.384519873020352, -0.087974905184024 ], [ 116.384519879112631, -0.087602279050241 ], [ 116.384612413650103, -0.087509124045143 ], [ 116.384704952728242, -0.087136499426361 ], [ 116.384890026305357, -0.0866707197689 ], [ 116.384982560829897, -0.08657756474007 ], [ 116.385167632868971, -0.086204941582128 ], [ 116.385352704885037, -0.085832318397183 ], [ 116.38535270637135, -0.085739161849025 ], [ 116.385537773914493, -0.085646008288155 ], [ 116.38553777539714, -0.085552851736738 ], [ 116.385815378932477, -0.085273386542207 ], [ 116.386092982463808, -0.084993921316411 ], [ 116.386370584525025, -0.084807612625437 ], [ 116.386740718176569, -0.084714461958344 ], [ 116.386925785742136, -0.08462130833067 ], [ 116.387388452485624, -0.084528159105173 ], [ 116.387943649417807, -0.084621324511838 ], [ 116.388036181028355, -0.084714482576785 ], [ 116.388406311868337, -0.084807645061475 ], [ 116.388776441270593, -0.084993964163703 ], [ 116.389331635416752, -0.085273442858783 ], [ 116.389516700143517, -0.085366602434911 ], [ 116.389516697202254, -0.085552915677073 ], [ 116.389331631005902, -0.085552912712313 ], [ 116.387851082339125, -0.086763924657108 ] ] ] ] } },
{ "type": "Feature", "properties": { "Id": 0, "area": 50.138938478, "danau": null }, "geometry": { "type": "MultiPolygon", "coordinates": [ [ [ [ 116.34372174927384, -0.032925404156208 ], [ 116.343836287533108, -0.03344431617631 ], [ 116.343836286766049, -0.033559629789857 ], [ 116.343664473863896, -0.033617285434187 ], [ 116.343549931803437, -0.033674941462527 ], [ 116.343492660966845, -0.033674941074241 ], [ 116.342862681034347, -0.033790250391804 ], [ 116.342805409817842, -0.033847906796597 ], [ 116.34274813898972, -0.033847906405873 ], [ 116.342633597335492, -0.033847905624324 ], [ 116.342404513646258, -0.033905560850957 ], [ 116.342289971610484, -0.03396321685649 ], [ 116.341946345905882, -0.034078528071455 ], [ 116.341889075087536, -0.034078527677555 ], [ 116.341659991429125, -0.034136182883104 ], [ 116.341545449407207, -0.034193838873717 ], [ 116.341373636574659, -0.034251494465349 ], [ 116.34131636576285, -0.034251494069105 ], [ 116.340972740905926, -0.034251491690921 ], [ 116.340858199685812, -0.034193834125768 ], [ 116.340686387663339, -0.034136176167893 ], [ 116.340571847231629, -0.033963205070775 ], [ 116.340400035217087, -0.033905547123701 ], [ 116.340228223208015, -0.033847889180345 ], [ 116.339999140018762, -0.03384788761112 ], [ 116.339712786047158, -0.033847885648822 ], [ 116.339655515254819, -0.033847885256261 ], [ 116.339540973672143, -0.033847884471035 ], [ 116.339254619336586, -0.0339055392608 ], [ 116.339140077371908, -0.033963195225862 ], [ 116.338853723057696, -0.034020850003072 ], [ 116.338739180707123, -0.034136162707704 ], [ 116.338567367576346, -0.034251475008909 ], [ 116.338567366387608, -0.034424445245114 ], [ 116.338624636770092, -0.03448210239109 ], [ 116.338739176334897, -0.034770386929159 ], [ 116.338968258664551, -0.034885702044379 ], [ 116.338968258261886, -0.034943358794444 ], [ 116.339082798215557, -0.035173986611462 ], [ 116.339082797809652, -0.035231643362879 ], [ 116.339025526209923, -0.035346956455339 ], [ 116.338796442664801, -0.035404611561713 ], [ 116.338681901100216, -0.035404610739306 ], [ 116.338624630318918, -0.035404610328049 ], [ 116.338166462863057, -0.035577577258784 ], [ 116.338051919664068, -0.035808203388971 ], [ 116.338051918004581, -0.036038830346342 ], [ 116.338051917588061, -0.036096487085708 ], [ 116.338051915915273, -0.036327114043065 ], [ 116.338051914231841, -0.036557741000443 ], [ 116.337994643457122, -0.036557740575386 ], [ 116.337822829442359, -0.036788366246602 ], [ 116.337593745079175, -0.036961334736759 ], [ 116.337307390810054, -0.037018989316773 ], [ 116.336906494601891, -0.037134299751486 ], [ 116.336849223840161, -0.037134299318979 ], [ 116.336734681888629, -0.037191955177755 ], [ 116.336562868316861, -0.037364924043392 ], [ 116.336333784422735, -0.037480235739882 ], [ 116.336219242912833, -0.037480234866018 ], [ 116.336161972158877, -0.037480234429029 ], [ 116.335875617093322, -0.037653202384965 ], [ 116.335818345906617, -0.037710858658839 ], [ 116.335703804408453, -0.037710857778915 ], [ 116.335646533660352, -0.037710857338896 ], [ 116.335245638004764, -0.037768510964113 ], [ 116.335188367261978, -0.037768510523118 ], [ 116.335131096519859, -0.037768510082084 ], [ 116.335016555037654, -0.037768509199903 ], [ 116.334730201343802, -0.037768506993786 ], [ 116.334672930607056, -0.037768506552449 ], [ 116.334558389135552, -0.03776850566966 ], [ 116.334329305321958, -0.037883817294906 ], [ 116.334272034589816, -0.037883816851955 ], [ 116.334214763858327, -0.037883816408965 ], [ 116.334100222397382, -0.037883815522871 ], [ 116.333871138159708, -0.038056783820914 ], [ 116.333584782756631, -0.038287408341547 ], [ 116.33352751203293, -0.038287407893376 ], [ 116.333126615198594, -0.038518031480883 ], [ 116.333069344480094, -0.038518031029702 ], [ 116.333012073762276, -0.038518030578483 ], [ 116.332611179204463, -0.03846037074349 ], [ 116.332553909386419, -0.038345056943257 ], [ 116.332439369744719, -0.038114429350761 ], [ 116.332324830095587, -0.037883801768932 ], [ 116.332153019731834, -0.037653173756083 ], [ 116.331981207614334, -0.037653172430888 ], [ 116.331923936909817, -0.03765317198908 ], [ 116.331809395502859, -0.037653171105351 ], [ 116.331752124361088, -0.037710827328636 ], [ 116.331580311817461, -0.037768482663823 ], [ 116.331523040676785, -0.037826138882943 ], [ 116.331351227254288, -0.037999107531882 ], [ 116.331293956113299, -0.038056763745414 ], [ 116.331179413385371, -0.038229732826743 ], [ 116.331007599061579, -0.038518014761399 ], [ 116.330835785178607, -0.038748640021007 ], [ 116.330778513580668, -0.038863952872972 ], [ 116.330663970378268, -0.03909457856866 ], [ 116.330606699231382, -0.039152234760692 ], [ 116.330549428084439, -0.039209890951345 ], [ 116.330434885330547, -0.039382859978098 ], [ 116.330377614643069, -0.039382859514926 ], [ 116.330148530053478, -0.039613484246796 ], [ 116.330033988685599, -0.039613483314588 ], [ 116.329804903633573, -0.039901764660503 ], [ 116.329690361806456, -0.039959420361838 ], [ 116.329633090659641, -0.040017076531492 ], [ 116.329518548834912, -0.040074732227832 ], [ 116.32940400748123, -0.040074731283882 ], [ 116.329060382496849, -0.040190041717704 ], [ 116.328945840682962, -0.040247697402367 ], [ 116.328888570012396, -0.040247696927971 ], [ 116.328774028673308, -0.040247695979056 ], [ 116.328373134007862, -0.040247692656582 ], [ 116.328258592680925, -0.040247691706939 ], [ 116.327800427871978, -0.040190031288376 ], [ 116.327743157214968, -0.040190030813851 ], [ 116.32768588702973, -0.040132373722274 ], [ 116.327571345719221, -0.040132372774383 ], [ 116.327342263576909, -0.040074714265225 ], [ 116.327055911734604, -0.039901742068827 ], [ 116.326769559437324, -0.039786426497997 ], [ 116.326712289259817, -0.039728769422082 ], [ 116.326483207620882, -0.039613454337089 ], [ 116.326425937445038, -0.039555797266411 ], [ 116.326368667269278, -0.039498140197074 ], [ 116.326311396629677, -0.039498139729725 ], [ 116.326254126917959, -0.039382826062404 ], [ 116.326139586105, -0.039325168531617 ], [ 116.326082315930236, -0.039267511468219 ], [ 116.326025045294202, -0.039267511003401 ], [ 116.326025045755586, -0.039209854406145 ], [ 116.325910505406497, -0.039094540285989 ], [ 116.325853234772623, -0.039094539823101 ], [ 116.325795964139388, -0.039094539360173 ], [ 116.325738694425269, -0.038979225709532 ], [ 116.325681423793483, -0.038979225247892 ], [ 116.325624154078227, -0.038863911601249 ], [ 116.325509613275187, -0.038806254089371 ], [ 116.325509613731498, -0.038748597498287 ], [ 116.32539507293005, -0.038690939990366 ], [ 116.325395073385096, -0.038633283400614 ], [ 116.325337802757602, -0.038633282942837 ], [ 116.325280532585239, -0.038575625896635 ], [ 116.325223262412948, -0.038517968851759 ], [ 116.325108721616061, -0.038460311352329 ], [ 116.325051451444665, -0.038402654310753 ], [ 116.324994181273283, -0.038344997270521 ], [ 116.324936911102043, -0.038287340231617 ], [ 116.324879641380775, -0.038172026610416 ], [ 116.324707831759738, -0.037883742344569 ], [ 116.324650562032289, -0.037768428733444 ], [ 116.324707834425467, -0.037537802855205 ], [ 116.324765107247345, -0.037249520389177 ], [ 116.324765107685792, -0.03719186380694 ], [ 116.324765108560726, -0.037076550642413 ], [ 116.324936923029554, -0.036730612455591 ], [ 116.324936923461806, -0.03667295587128 ], [ 116.325051465136895, -0.036615300155193 ], [ 116.325337819547414, -0.036442332557794 ], [ 116.325624173112928, -0.036384678123974 ], [ 116.325681443742354, -0.036384678554923 ], [ 116.325795985003182, -0.036384679416712 ], [ 116.325853255634641, -0.036384679847551 ], [ 116.325910526266767, -0.036384680278354 ], [ 116.326311420710624, -0.036384683292951 ], [ 116.326368691348193, -0.036384683723461 ], [ 116.326483232625307, -0.036384684584372 ], [ 116.326540503264894, -0.036384685014772 ], [ 116.326597773905149, -0.036384685445136 ], [ 116.327055939051618, -0.03638468888673 ], [ 116.327227750992691, -0.036384690176723 ], [ 116.327571374465961, -0.036442349371441 ], [ 116.327685915771582, -0.036442350232176 ], [ 116.327743186425408, -0.036442350662489 ], [ 116.327800456652199, -0.036500007711189 ], [ 116.327857727307432, -0.036500008142109 ], [ 116.327914997535004, -0.036557665192776 ], [ 116.328201349105498, -0.03678829384275 ], [ 116.328315889995025, -0.036845951335385 ], [ 116.328373160224459, -0.036903608395279 ], [ 116.328430430453977, -0.036961265456494 ], [ 116.328544971780559, -0.036961266328371 ], [ 116.328888595776462, -0.036961268943109 ], [ 116.328945866444812, -0.036961269378768 ], [ 116.329404032248007, -0.036903616225251 ], [ 116.329518574028796, -0.036845960455692 ], [ 116.329575844704493, -0.036845960889585 ], [ 116.329747657166166, -0.03678830554951 ], [ 116.329804927844521, -0.036788305982576 ], [ 116.329919469203261, -0.036788306848597 ], [ 116.330034010994368, -0.036730651069545 ], [ 116.330148552358423, -0.036730651933913 ], [ 116.330205823041453, -0.036730652366041 ], [ 116.330549449290444, -0.036442371702921 ], [ 116.330721263051856, -0.036211746376001 ], [ 116.330778533741309, -0.03621174680166 ], [ 116.330893075544594, -0.036154090997768 ], [ 116.330950346657715, -0.036096434766878 ], [ 116.331064888463445, -0.036038778958006 ], [ 116.331064888883716, -0.03598112230087 ], [ 116.331465785007182, -0.035808155273627 ], [ 116.331637597520242, -0.03575049987095 ], [ 116.33169486863666, -0.035692843626024 ], [ 116.331809410038446, -0.035692844463887 ], [ 116.331866680740362, -0.035692844882764 ], [ 116.331923951442946, -0.035692845301606 ], [ 116.332382117087732, -0.035692848651048 ], [ 116.332725741349563, -0.035692851161622 ], [ 116.332954823788455, -0.035750509514083 ], [ 116.333012094503843, -0.035750509932919 ], [ 116.33306936521987, -0.035750510351718 ], [ 116.333183906653957, -0.035750511189209 ], [ 116.333241177372031, -0.0357505116079 ], [ 116.333527530972347, -0.035750513700818 ], [ 116.333584801694414, -0.035750514119293 ], [ 116.33381388458946, -0.035750515792836 ], [ 116.33392842604097, -0.035750516629392 ], [ 116.333985696767726, -0.035750517047616 ], [ 116.334272050411627, -0.035750519138197 ], [ 116.33438659187388, -0.035750519974177 ], [ 116.334672945125888, -0.035808178763201 ], [ 116.334844756084806, -0.035981150123515 ], [ 116.334902025986054, -0.03609646394866 ], [ 116.335188377582881, -0.036384749585303 ], [ 116.335417459709376, -0.036500064701348 ], [ 116.335532001199326, -0.036500065553387 ], [ 116.335646542691933, -0.03650006640528 ], [ 116.335703813439252, -0.036500066831171 ], [ 116.336161979441783, -0.036500070236978 ], [ 116.336219250195128, -0.036500070662539 ], [ 116.336562875572696, -0.036384759771323 ], [ 116.336620146751358, -0.036327103472731 ], [ 116.336791959868378, -0.036211791293224 ], [ 116.337021044167841, -0.036038822798382 ], [ 116.337135586111017, -0.035981166909007 ], [ 116.337421941597796, -0.035750542075257 ], [ 116.337479212365324, -0.035750542491288 ], [ 116.337479212778234, -0.035692885758641 ], [ 116.337479214012902, -0.035519915560711 ], [ 116.337479215649822, -0.035289288630105 ], [ 116.337421945697116, -0.03517397475551 ], [ 116.337192864256679, -0.03494334620067 ], [ 116.337135593896747, -0.034885689065243 ], [ 116.337078323133753, -0.034885688659066 ], [ 116.336963782012973, -0.034828031119989 ], [ 116.336963782415523, -0.034770374393388 ], [ 116.336734700179164, -0.034655059325555 ], [ 116.336276534933575, -0.034539742657592 ], [ 116.336104722677192, -0.034539741449477 ], [ 116.335875640477141, -0.034424426410463 ], [ 116.335761099380349, -0.034366768894799 ], [ 116.335761100175532, -0.034251455469759 ], [ 116.335761101363303, -0.034078485332254 ], [ 116.335818372505003, -0.034020829016635 ], [ 116.335932914395102, -0.033963173095788 ], [ 116.336047456679466, -0.033847860456252 ], [ 116.336276540076582, -0.033790205316304 ], [ 116.336333811220513, -0.03373254899096 ], [ 116.336448352728468, -0.03373254977731 ], [ 116.336677436531772, -0.033617237903055 ], [ 116.336906520729826, -0.033444269291579 ], [ 116.337021062637277, -0.033386613343229 ], [ 116.337135604160821, -0.033386614120709 ], [ 116.337364687215967, -0.033386615675265 ], [ 116.337479228747554, -0.033386616452342 ], [ 116.33770831143255, -0.033444274741451 ], [ 116.337880123356314, -0.03350193264576 ], [ 116.337994664900023, -0.033501933424914 ], [ 116.338051935672851, -0.033501933814441 ], [ 116.338281018770857, -0.03350193537221 ], [ 116.338338289547039, -0.033501935761568 ], [ 116.33851010187955, -0.03350193692944 ], [ 116.338567373044654, -0.033444280573285 ], [ 116.338624644209688, -0.033386624215722 ], [ 116.33873918653957, -0.033271311496476 ], [ 116.339025541601032, -0.033098343175891 ], [ 116.339140083552152, -0.033040687192232 ], [ 116.339197354338054, -0.033040687575731 ], [ 116.339254625505149, -0.032983031205745 ], [ 116.33936916708015, -0.032983031971239 ], [ 116.339426437868681, -0.032983032353936 ], [ 116.339540979827404, -0.032925376362434 ], [ 116.339598250617868, -0.032925376744363 ], [ 116.339884604580149, -0.03292537865351 ], [ 116.339941875374635, -0.03292537903524 ], [ 116.340056416965538, -0.0329253797986 ], [ 116.340285499776002, -0.032983038090412 ], [ 116.340514582596697, -0.033040696387036 ], [ 116.340686395004127, -0.033040697535041 ], [ 116.340972749029831, -0.033040699447717 ], [ 116.341087290644722, -0.033040700212555 ], [ 116.341201832262286, -0.03304070097726 ], [ 116.341316373882506, -0.033040701741832 ], [ 116.341430915505384, -0.033040702506272 ], [ 116.34154545713092, -0.033040703270578 ], [ 116.34165999875907, -0.033040704034751 ], [ 116.341774540768981, -0.032983048015955 ], [ 116.341889082402375, -0.032983048778529 ], [ 116.341946353220067, -0.032983049159767 ], [ 116.342003624038412, -0.032983049540971 ], [ 116.34372174927384, -0.032925404156208 ] ] ] ] } },
{ "type": "Feature", "properties": { "Id": 0, "area": 51.3371256386, "danau": null }, "geometry": { "type": "MultiPolygon", "coordinates": [ [ [ [ 116.87903836962434, -0.463613846775612 ], [ 116.878655730754716, -0.464576811087486 ], [ 116.878560068549135, -0.464961997792024 ], [ 116.878464388180078, -0.466406452471702 ], [ 116.877890436003085, -0.46746571042523 ], [ 116.876742559665942, -0.467947175649458 ], [ 116.875785984372015, -0.469006426529695 ], [ 116.874542440002955, -0.470161969087765 ], [ 116.873203274290447, -0.469391568185495 ], [ 116.872055397490925, -0.469873032462528 ], [ 116.870716230459848, -0.469198928229375 ], [ 116.870046655045954, -0.468428539285665 ], [ 116.869759716500596, -0.466887781023525 ], [ 116.870524973838684, -0.466213715835087 ], [ 116.871959822075311, -0.465443365726989 ], [ 116.874064264447597, -0.46438413606441 ], [ 116.874255594359482, -0.463324871676138 ], [ 116.875307821057746, -0.462458216690744 ], [ 116.876455689789708, -0.462361939812726 ], [ 116.877125270645038, -0.46284343693571 ], [ 116.877699191036783, -0.463613823618025 ], [ 116.87903836962434, -0.463613846775612 ] ] ] ] } },
{ "type": "Feature", "properties": { "Id": 0, "area": 19.553763401099999, "danau": null }, "geometry": { "type": "MultiPolygon", "coordinates": [ [ [ [ 116.875403608191306, -0.454850749069647 ], [ 116.87425572903831, -0.455621105641451 ], [ 116.874447040023327, -0.455621109000029 ], [ 116.8742557240286, -0.455909996870748 ], [ 116.873873102047597, -0.455909990133981 ], [ 116.873490480072249, -0.455909983376746 ], [ 116.87320351022494, -0.456102572440288 ], [ 116.873012195860426, -0.456295163188231 ], [ 116.872916540364145, -0.456295161487893 ], [ 116.87262956710083, -0.456680344659861 ], [ 116.872533909904561, -0.456776640022703 ], [ 116.872438252705763, -0.456872935383501 ], [ 116.872055630700899, -0.456872928535077 ], [ 116.871959975200596, -0.456872926819766 ], [ 116.871768664201056, -0.456872923385298 ], [ 116.871577354912375, -0.456776622879618 ], [ 116.871194736353544, -0.456584021857106 ], [ 116.870716464049224, -0.456295122026742 ], [ 116.870525158237044, -0.456006227376519 ], [ 116.869951227071795, -0.455909919902024 ], [ 116.869951230526283, -0.455717325781689 ], [ 116.869855575049215, -0.455717324042586 ], [ 116.869472956610252, -0.455524722956628 ], [ 116.869090336458967, -0.455428418912998 ], [ 116.868899025519397, -0.455428415412717 ], [ 116.868803370050145, -0.455428413660659 ], [ 116.868420749922777, -0.455332109585295 ], [ 116.868325096203435, -0.455235810773195 ], [ 116.868133785274836, -0.455235807253956 ], [ 116.867942476099202, -0.455139506677047 ], [ 116.867751166929807, -0.455043206096496 ], [ 116.86727290018716, -0.454465414953903 ], [ 116.867272903701618, -0.454272820853595 ], [ 116.867272908970534, -0.453983929702914 ], [ 116.867464219859514, -0.453983933235404 ], [ 116.867751186195818, -0.453983938524585 ], [ 116.868133806238149, -0.454080242612592 ], [ 116.868229461687079, -0.454080244368382 ], [ 116.868516428036045, -0.454080249628106 ], [ 116.86861208348644, -0.4540802513788 ], [ 116.869090360743925, -0.454080260113155 ], [ 116.869281671649503, -0.454080263597978 ], [ 116.870046917005652, -0.453983980425312 ], [ 116.870238227916005, -0.45398398388392 ], [ 116.87042954054165, -0.453887690274945 ], [ 116.870620851452372, -0.453887693722631 ], [ 116.870812164072944, -0.453791400101214 ], [ 116.870907819528313, -0.453791401820234 ], [ 116.871003476689523, -0.453695106473252 ], [ 116.871673069968693, -0.453406227257276 ], [ 116.871864382568873, -0.453309933600108 ], [ 116.871960039712931, -0.453213638234791 ], [ 116.872151350617514, -0.453213641636663 ], [ 116.872533972431029, -0.453213648425146 ], [ 116.872916594250214, -0.453213655193283 ], [ 116.873299214401769, -0.453309959014633 ], [ 116.873299212728071, -0.45340625608815 ], [ 116.873490520304287, -0.453598853604217 ], [ 116.873586174096204, -0.453695152361384 ], [ 116.873681824549394, -0.453984045267559 ], [ 116.874160096900681, -0.454272944892062 ], [ 116.87435140618615, -0.454369245320432 ], [ 116.874542715477716, -0.45446554574508 ], [ 116.874638370955907, -0.454465547416922 ], [ 116.874829680255559, -0.45456184783568 ], [ 116.875116643389177, -0.454754446996806 ], [ 116.875307952705256, -0.454850747406598 ], [ 116.875403608191306, -0.454850749069647 ] ] ] ] } },
{ "type": "Feature", "properties": { "Id": 0, "area": 11.5895133021, "danau": null }, "geometry": { "type": "MultiPolygon", "coordinates": [ [ [ [ 116.879325478617204, -0.455139707441069 ], [ 116.879229824714713, -0.455043408734599 ], [ 116.87922982631585, -0.454947111639832 ], [ 116.878942861418224, -0.454850809705248 ], [ 116.878847205919413, -0.454850808089421 ], [ 116.878560239425099, -0.454850803234281 ], [ 116.878464583927638, -0.454850801613349 ], [ 116.878081961941334, -0.454850795116857 ], [ 116.877890652568411, -0.454754494770971 ], [ 116.877508033840897, -0.454561894067919 ], [ 116.877508035463137, -0.454465596979224 ], [ 116.87731672611072, -0.454369296622765 ], [ 116.877316727734808, -0.454272999534711 ], [ 116.877316735850059, -0.453791514094056 ], [ 116.877412394570612, -0.453598921549374 ], [ 116.877508051666638, -0.453502626090876 ], [ 116.877795018096535, -0.453502630973617 ], [ 116.87789067357383, -0.453502632598652 ], [ 116.878273295486551, -0.453502639086068 ], [ 116.878368950965594, -0.45350264070474 ], [ 116.878560261924676, -0.453502643938268 ], [ 116.878655917404714, -0.453502645553124 ], [ 116.879038536130835, -0.453695246188719 ], [ 116.879134191615137, -0.453695247797895 ], [ 116.879421156475786, -0.453791549713535 ], [ 116.879516811962716, -0.45379155131796 ], [ 116.879899433913678, -0.453791557722925 ], [ 116.880186400380467, -0.453791562513279 ], [ 116.880664677831817, -0.453791570471736 ], [ 116.880951645880614, -0.453695278130365 ], [ 116.881047302943998, -0.453598982612537 ], [ 116.881238613924467, -0.453598985775477 ], [ 116.881716894507591, -0.453406399452715 ], [ 116.881812551558738, -0.453310103920944 ], [ 116.881908208607328, -0.453213808387189 ], [ 116.882099527364403, -0.452732325997566 ], [ 116.882482155494287, -0.452347143822985 ], [ 116.882577810972947, -0.452347145381686 ], [ 116.882769120385888, -0.452443445603182 ], [ 116.882864775866778, -0.452443447158407 ], [ 116.882960428261384, -0.452636042929341 ], [ 116.882960425173479, -0.452828637146268 ], [ 116.8830560775734, -0.453021232917728 ], [ 116.883151729977342, -0.453213828689135 ], [ 116.883438696455229, -0.453213833343679 ], [ 116.883821318430336, -0.453213839531934 ], [ 116.884108284915101, -0.453213844159773 ], [ 116.884203940410671, -0.453213845699843 ], [ 116.884299595906569, -0.453213847238641 ], [ 116.88449090384789, -0.453406444539551 ], [ 116.884490899268357, -0.45369533588001 ], [ 116.884490897741173, -0.453791632993433 ], [ 116.884299582142205, -0.454080521253924 ], [ 116.88420392357007, -0.454273113936889 ], [ 116.884012609480223, -0.454465705071535 ], [ 116.883725642947127, -0.454465700427087 ], [ 116.883629984354044, -0.454658293096918 ], [ 116.883247360758787, -0.454754583987668 ], [ 116.88296039267108, -0.454850876417528 ], [ 116.882769078537649, -0.455043467506206 ], [ 116.882577767508579, -0.45504346437405 ], [ 116.882290800967411, -0.455043459666241 ], [ 116.882195145454332, -0.455043458094418 ], [ 116.881812523405401, -0.455043451794356 ], [ 116.881525560013245, -0.454850852850157 ], [ 116.881429904505382, -0.454850851268789 ], [ 116.881334252142636, -0.454658255481635 ], [ 116.881142942708053, -0.454561955212254 ], [ 116.880951636431817, -0.454273060737057 ], [ 116.880377703447195, -0.454273051195895 ], [ 116.880282047950942, -0.45427304960124 ], [ 116.880186390868928, -0.454369345103639 ], [ 116.880090732196308, -0.454561937701982 ], [ 116.879899421198559, -0.454561934501716 ], [ 116.879516792821136, -0.454947116469192 ], [ 116.879325481817276, -0.454947113250895 ], [ 116.879325478617204, -0.455139707441069 ] ] ] ] } },
{ "type": "Feature", "properties": { "Id": 0, "area": 6.0439934962899997, "danau": null }, "geometry": { "type": "MultiPolygon", "coordinates": [ [ [ [ 116.866220586874121, -0.460050624037437 ], [ 116.865359685401984, -0.46014690477819 ], [ 116.865168374366405, -0.460146901140934 ], [ 116.864977063332375, -0.460146897498514 ], [ 116.864881407815929, -0.460146895675367 ], [ 116.864785752299852, -0.460146893850929 ], [ 116.864211819211391, -0.460146882877186 ], [ 116.864116163698014, -0.46014688104371 ], [ 116.864020510007947, -0.460050582173212 ], [ 116.863829200810798, -0.459954281465618 ], [ 116.863733545301486, -0.459954279627747 ], [ 116.863637895273484, -0.45966538668584 ], [ 116.863542245250102, -0.459376493744702 ], [ 116.863542247076424, -0.459280196710702 ], [ 116.863446597057816, -0.458991303770678 ], [ 116.86335094704377, -0.458702410831446 ], [ 116.863350952521273, -0.458413519731137 ], [ 116.863350954346345, -0.458317222697632 ], [ 116.863350957995337, -0.458124628630611 ], [ 116.863350959819243, -0.458028331597028 ], [ 116.863637926267018, -0.45802833709912 ], [ 116.8638292372341, -0.458028340760754 ], [ 116.863924890901941, -0.458124639625539 ], [ 116.864211855547595, -0.458220942142652 ], [ 116.864403164713735, -0.458317242828109 ], [ 116.864785786676947, -0.458317250109702 ], [ 116.865168408646227, -0.45831725737072 ], [ 116.865359717834906, -0.458413558035065 ], [ 116.865455373330178, -0.458413559844912 ], [ 116.865551028825877, -0.458413561653474 ], [ 116.865742339818368, -0.458413565266738 ], [ 116.866124960019462, -0.458509869522374 ], [ 116.866220615519055, -0.45850987132231 ], [ 116.866220610155452, -0.4587987624569 ], [ 116.866220606577826, -0.458991356546508 ], [ 116.866220602998709, -0.459183950635995 ], [ 116.866220601208596, -0.459280247680707 ], [ 116.866220595835983, -0.459569138814689 ], [ 116.866124933148456, -0.459954325187344 ], [ 116.866220586874121, -0.460050624037437 ] ] ] ] } },
{ "type": "Feature", "properties": { "Id": 0, "area": 71.802085263199999, "danau": null }, "geometry": { "type": "MultiPolygon", "coordinates": [ [ [ [ 116.274661292504291, -0.486162650850176 ], [ 116.274661247982223, -0.486579707338626 ], [ 116.274661236845731, -0.486683971460653 ], [ 116.274661225706851, -0.486788235582647 ], [ 116.274557633493615, -0.48699675260618 ], [ 116.274454052418463, -0.487101005501363 ], [ 116.27445404126685, -0.487205269618405 ], [ 116.274246879099024, -0.487413775384508 ], [ 116.274143264505369, -0.487830820586986 ], [ 116.273936113473226, -0.487935062195046 ], [ 116.273936102294542, -0.488039326299825 ], [ 116.273832521184346, -0.48814357914655 ], [ 116.273728928881908, -0.48835209608673 ], [ 116.273728906496714, -0.488560624286374 ], [ 116.273521733032283, -0.488873394027911 ], [ 116.273314570751239, -0.489081899643833 ], [ 116.273211000822073, -0.489081888354534 ], [ 116.273210989605943, -0.489186152442112 ], [ 116.272796676224885, -0.489498899492847 ], [ 116.272693072593015, -0.48981168041203 ], [ 116.272589491424526, -0.489915933169102 ], [ 116.272382329077971, -0.490124438663908 ], [ 116.272278747899875, -0.490228691401624 ], [ 116.271968026876891, -0.490332921459406 ], [ 116.271864456959634, -0.490332910120261 ], [ 116.271657305863471, -0.490437151488158 ], [ 116.271243014953484, -0.490541370134274 ], [ 116.270725154170989, -0.49064557737109 ], [ 116.270518014386795, -0.490645554637991 ], [ 116.27041443320303, -0.49074980729101 ], [ 116.270310852016024, -0.490854059937517 ], [ 116.270103712244634, -0.490854037181841 ], [ 116.269792991295859, -0.490958267043639 ], [ 116.269482259037304, -0.491166760876442 ], [ 116.269378689164824, -0.491166749479238 ], [ 116.269275119294747, -0.491166738080419 ], [ 116.268653700124702, -0.491166669653579 ], [ 116.268343013243708, -0.490958107471407 ], [ 116.268032326393964, -0.490749545303665 ], [ 116.267928756561588, -0.490749533893543 ], [ 116.267825209399902, -0.490540994558838 ], [ 116.267410952788367, -0.490332421011478 ], [ 116.267100266032458, -0.49012385888707 ], [ 116.26699670756507, -0.49001958353474 ], [ 116.266478881280037, -0.489810998611973 ], [ 116.266168194617975, -0.48960243652386 ], [ 116.266064624846607, -0.489602425111421 ], [ 116.265857485311088, -0.489602402281711 ], [ 116.265443240298765, -0.489289564884993 ], [ 116.265443251637151, -0.489185300978919 ], [ 116.265339693226665, -0.489081025661281 ], [ 116.265236146153697, -0.488872486445579 ], [ 116.264821912553174, -0.488455385229786 ], [ 116.264821923881826, -0.488351121338051 ], [ 116.264821935208033, -0.488246857446301 ], [ 116.264821980488719, -0.487829801878956 ], [ 116.264821991802847, -0.487725537987042 ], [ 116.264822037035174, -0.487308482419042 ], [ 116.264822048337209, -0.487204218526948 ], [ 116.264822093521133, -0.486787162958312 ], [ 116.264925685794736, -0.486578646534958 ], [ 116.265029266775215, -0.486474393997325 ], [ 116.26513284775254, -0.486370141453209 ], [ 116.265236428726624, -0.486265888902576 ], [ 116.265547160368044, -0.486057395121228 ], [ 116.265754322295678, -0.485848889966454 ], [ 116.265857903254755, -0.485744637379343 ], [ 116.265961495456537, -0.485536120866345 ], [ 116.266065065163389, -0.485536132185593 ], [ 116.266168646112945, -0.48543187957899 ], [ 116.266272227059304, -0.485327626965881 ], [ 116.266479377714248, -0.485223385651888 ], [ 116.266790098087469, -0.48511915562007 ], [ 116.267100818470482, -0.48501492555934 ], [ 116.267307969134606, -0.484910684185693 ], [ 116.267515119799626, -0.484806442795962 ], [ 116.267929432323967, -0.484493696002302 ], [ 116.268033013248441, -0.484389443298697 ], [ 116.268240186265203, -0.484076673898837 ], [ 116.268654498728878, -0.483763926941108 ], [ 116.268861660530391, -0.483555421436843 ], [ 116.268965230274631, -0.483555432665376 ], [ 116.269172392065144, -0.48334692712721 ], [ 116.269586693345332, -0.483138443983446 ], [ 116.269897424870322, -0.482929949577267 ], [ 116.270000994629115, -0.48292996077539 ], [ 116.270104575510331, -0.482825707954739 ], [ 116.270311715036755, -0.482825730338209 ], [ 116.270415284803619, -0.482825741527563 ], [ 116.270725994118507, -0.482825775086095 ], [ 116.270933133673765, -0.482825797450511 ], [ 116.271243843024635, -0.482825830985224 ], [ 116.27155455239712, -0.482825864505645 ], [ 116.271761691990719, -0.482825886844653 ], [ 116.271968831593924, -0.482825909177309 ], [ 116.272072401399129, -0.482825920341256 ], [ 116.272383110829082, -0.482825953823566 ], [ 116.272383088656127, -0.483034481964083 ], [ 116.272797356858419, -0.483138790684058 ], [ 116.272900926687512, -0.483138801842525 ], [ 116.273211625109269, -0.483243099397828 ], [ 116.273418742631577, -0.483451649893692 ], [ 116.273522312479727, -0.483451661049843 ], [ 116.273729418938728, -0.483764475661368 ], [ 116.273832977714093, -0.483868750923658 ], [ 116.274040106360616, -0.483973037349341 ], [ 116.27424722393512, -0.484181587891454 ], [ 116.274350771638382, -0.484390127282828 ], [ 116.27435076054725, -0.48449439139833 ], [ 116.274661436937407, -0.484807217259117 ], [ 116.274661425841472, -0.484911481381681 ], [ 116.274661292504291, -0.486162650850176 ] ] ] ] } },
{ "type": "Feature", "properties": { "Id": 0, "area": 401.85772104500001, "danau": null }, "geometry": { "type": "MultiPolygon", "coordinates": [ [ [ [ 115.415509134349151, -0.07160677779248 ], [ 115.415319592186108, -0.070843388492903 ], [ 115.415256402777501, -0.070843386316806 ], [ 115.415193222001918, -0.070588923255703 ], [ 115.415130034750533, -0.07052530586796 ], [ 115.415130036901616, -0.070461690648687 ], [ 115.415003670965703, -0.070079995027061 ], [ 115.415003673103342, -0.07001637981165 ], [ 115.415003675239049, -0.069952764596287 ], [ 115.41500367950465, -0.069825534165507 ], [ 115.415003681634531, -0.069761918950105 ], [ 115.415003683762478, -0.069698303734702 ], [ 115.415003688012561, -0.069571073303924 ], [ 115.415003690134682, -0.069507458088499 ], [ 115.415003694373084, -0.069380227657694 ], [ 115.415003696489393, -0.069316612442313 ], [ 115.415130079515365, -0.069189386262673 ], [ 115.415130081625676, -0.069125771043362 ], [ 115.415130085840474, -0.068998540604718 ], [ 115.415066896440123, -0.068998538485035 ], [ 115.414940517645292, -0.068998534245416 ], [ 115.414877328250796, -0.06899853212548 ], [ 115.414814138858205, -0.06899853000546 ], [ 115.414814140963131, -0.068934914795882 ], [ 115.414814145167099, -0.068807684376789 ], [ 115.414750964161712, -0.068553221432125 ], [ 115.414624585387429, -0.068553217219029 ], [ 115.414624591656278, -0.068362371607931 ], [ 115.414624595825813, -0.068235141200517 ], [ 115.414561408523966, -0.068171523901856 ], [ 115.41449822537659, -0.067980676207411 ], [ 115.414371848693776, -0.067917056832949 ], [ 115.414182288851961, -0.067662589810174 ], [ 115.414119101547527, -0.067598972542232 ], [ 115.414055916304491, -0.067471740091959 ], [ 115.413992728998537, -0.067408122833591 ], [ 115.413929539635234, -0.067408120761281 ], [ 115.413803165027829, -0.067280886259789 ], [ 115.413803167081639, -0.067217271081482 ], [ 115.413739979776309, -0.067153653838406 ], [ 115.41361360311798, -0.067090034536267 ], [ 115.413550415815024, -0.067026417302722 ], [ 115.41348722851221, -0.066962800073056 ], [ 115.413424045292885, -0.066771952514023 ], [ 115.413297680836251, -0.066326642268165 ], [ 115.413297682861554, -0.066263027105466 ], [ 115.413171312264893, -0.066008562394274 ], [ 115.413171316294424, -0.065881332076699 ], [ 115.413108128970237, -0.065817714893437 ], [ 115.413044941646234, -0.065754097714006 ], [ 115.41298175432236, -0.065690480538423 ], [ 115.412918566998655, -0.065626863366655 ], [ 115.41253943105977, -0.06562685125196 ], [ 115.412223482490305, -0.065690456283617 ], [ 115.41209710186952, -0.065754067365535 ], [ 115.412033912566656, -0.06575406534166 ], [ 115.411844342658057, -0.065817674387244 ], [ 115.411781153362853, -0.065817672361089 ], [ 115.411654774778327, -0.065817668308537 ], [ 115.411338826336859, -0.06588127327777 ], [ 115.411275637057145, -0.065881271249011 ], [ 115.411212447779363, -0.065881269220172 ], [ 115.411022881972357, -0.065817648040945 ], [ 115.410959694715146, -0.065754030923474 ], [ 115.410959702746482, -0.065499570562434 ], [ 115.410959706750461, -0.065372340381894 ], [ 115.411022898018814, -0.065308727303124 ], [ 115.41114928055498, -0.065181501133651 ], [ 115.41121247182285, -0.065117888042915 ], [ 115.411212473813833, -0.065054272944791 ], [ 115.411275667066491, -0.064927044748007 ], [ 115.411338858329998, -0.064863431645351 ], [ 115.411402055530516, -0.064608973226679 ], [ 115.41146525270122, -0.064354514792214 ], [ 115.411465254668528, -0.064290899686268 ], [ 115.411528447880727, -0.064163671449951 ], [ 115.411528449842109, -0.064100056342007 ], [ 115.411528455714617, -0.063909211018184 ], [ 115.41152845766824, -0.06384559591025 ], [ 115.411528459619902, -0.063781980802315 ], [ 115.411528463517413, -0.063654750586424 ], [ 115.411528465463221, -0.06359113547845 ], [ 115.411528467407123, -0.063527520370526 ], [ 115.41152847128906, -0.063400290154604 ], [ 115.411465283944693, -0.063336673096491 ], [ 115.411465285880865, -0.063273057990485 ], [ 115.41121253263816, -0.063145820000566 ], [ 115.411086154095216, -0.063145816111135 ], [ 115.410959775560059, -0.063145812221394 ], [ 115.41083339703269, -0.063145808331345 ], [ 115.410580632256185, -0.063400260864574 ], [ 115.410517431326326, -0.0637819493709 ], [ 115.410454226396141, -0.064290868002801 ], [ 115.410454224427582, -0.064354483077396 ], [ 115.410391033206437, -0.064418096167218 ], [ 115.410391029259415, -0.064545326312532 ], [ 115.410264650763693, -0.064545322334844 ], [ 115.410201461518739, -0.064545320345881 ], [ 115.40994871834269, -0.064100006976682 ], [ 115.4098223496636, -0.063781927750213 ], [ 115.409632781978289, -0.063781921852023 ], [ 115.409569592753769, -0.063781919885804 ], [ 115.40938002313753, -0.063845529027972 ], [ 115.409316831964389, -0.06390914209881 ], [ 115.409316830006119, -0.063972757138156 ], [ 115.4093168241196, -0.064163602256168 ], [ 115.409316820185509, -0.064290832334829 ], [ 115.409316812293937, -0.064545292492113 ], [ 115.409316810316184, -0.064608907531443 ], [ 115.409316808336484, -0.064672522570737 ], [ 115.409316806354823, -0.064736137610081 ], [ 115.409316802385675, -0.064863367688711 ], [ 115.409316800398159, -0.064926982728016 ], [ 115.409316798408696, -0.064990597767319 ], [ 115.409316794423944, -0.065117827845953 ], [ 115.409316792428669, -0.065181442885251 ], [ 115.409316784428, -0.065435903042442 ], [ 115.409316770351836, -0.065881208317517 ], [ 115.409316762265433, -0.066135668474651 ], [ 115.409316758210565, -0.066262898553191 ], [ 115.409316754147881, -0.066390128631741 ], [ 115.409316752113611, -0.066453743671022 ], [ 115.408937616834095, -0.066453731375856 ], [ 115.408621674889773, -0.066326491092262 ], [ 115.408432113394696, -0.066135639918714 ], [ 115.40824255593914, -0.065817558767869 ], [ 115.408242570011168, -0.065372253726304 ], [ 115.408242572013663, -0.065308638720333 ], [ 115.408179390820905, -0.065054176689358 ], [ 115.408179394804591, -0.064926946681374 ], [ 115.408053024388934, -0.064672482674301 ], [ 115.407926648018488, -0.064608863686792 ], [ 115.407863460825112, -0.064545246698748 ], [ 115.407863462802737, -0.064481631704567 ], [ 115.407800285457128, -0.064099939761174 ], [ 115.40780029134342, -0.063909094784448 ], [ 115.407800293301591, -0.063845479792213 ], [ 115.407800297212148, -0.063718249807706 ], [ 115.407800299164478, -0.063654634815484 ], [ 115.407800301114861, -0.063591019823209 ], [ 115.4078003050098, -0.063463789838722 ], [ 115.407800306954343, -0.06340017484646 ], [ 115.407800308896952, -0.063336559854212 ], [ 115.407800310837573, -0.063272944861946 ], [ 115.407800320511541, -0.062954869900626 ], [ 115.407610760721312, -0.062700404126017 ], [ 115.407610764562108, -0.062573174153249 ], [ 115.407610766479564, -0.06250955916687 ], [ 115.407484391989641, -0.06238232534298 ], [ 115.407294832162037, -0.062127859659437 ], [ 115.407231646818204, -0.062000627792144 ], [ 115.407168457669883, -0.062000625877952 ], [ 115.407042079379096, -0.062000622049341 ], [ 115.406978890236658, -0.062000620134921 ], [ 115.406978888334024, -0.06206423510169 ], [ 115.406915695382182, -0.062191463114817 ], [ 115.406852502424201, -0.062318691119988 ], [ 115.406852498597175, -0.062445921045633 ], [ 115.406852496680756, -0.062509536008479 ], [ 115.406852494762376, -0.062573150971289 ], [ 115.406852490919775, -0.062700380896921 ], [ 115.406852487069344, -0.062827610822548 ], [ 115.406852483211125, -0.06295484074815 ], [ 115.406852481279088, -0.063018455710983 ], [ 115.406852475471268, -0.063209300599387 ], [ 115.406978842085849, -0.063590994303437 ], [ 115.406978840134443, -0.063654609270182 ], [ 115.407105214516932, -0.063781843142377 ], [ 115.407231584976458, -0.064036306979085 ], [ 115.407294772164519, -0.064099923932585 ], [ 115.407294768229335, -0.064227153885638 ], [ 115.407294766258815, -0.06429076886217 ], [ 115.407294764286334, -0.064354383838667 ], [ 115.407357945532354, -0.064608845739316 ], [ 115.40735794156609, -0.06473607569627 ], [ 115.40729475241055, -0.064736073697783 ], [ 115.407168374105339, -0.064736069700572 ], [ 115.40704199580793, -0.064736065703043 ], [ 115.406915615531744, -0.064799676669899 ], [ 115.406726040144861, -0.065054130501973 ], [ 115.406662851008448, -0.06505412849287 ], [ 115.406410092485316, -0.065117735404673 ], [ 115.406220525110967, -0.065117729370038 ], [ 115.405967772632252, -0.064990491452237 ], [ 115.405904583519359, -0.064990489444146 ], [ 115.405904587504821, -0.064863259577599 ], [ 115.405841398394031, -0.064863257573359 ], [ 115.405841402371834, -0.064736027710721 ], [ 115.405715028126735, -0.064608793855083 ], [ 115.405715030108993, -0.064545178927682 ], [ 115.405651842984796, -0.064481562007612 ], [ 115.405651846939648, -0.064354332156732 ], [ 115.405588659811855, -0.064290715244459 ], [ 115.405525474654979, -0.064163483414507 ], [ 115.405462287525623, -0.064099866511869 ], [ 115.405399098429442, -0.064099864530668 ], [ 115.405399100396451, -0.064036249613083 ], [ 115.405335913267393, -0.063972632718167 ], [ 115.405209537048421, -0.063909013851549 ], [ 115.405146351881214, -0.063781782056517 ], [ 115.404893599462554, -0.063654544365302 ], [ 115.404767223262468, -0.063590925531001 ], [ 115.404514459148473, -0.063845377225443 ], [ 115.404451270081907, -0.063845375250935 ], [ 115.404451266155348, -0.063972605027091 ], [ 115.404324886061332, -0.064036215954102 ], [ 115.404324884093029, -0.064099830838249 ], [ 115.404198498079452, -0.064354286393726 ], [ 115.404072117988136, -0.064417897288634 ], [ 115.403882548852607, -0.064481506180461 ], [ 115.403819359804785, -0.064481504185491 ], [ 115.403756170758925, -0.064481502190441 ], [ 115.403629792673073, -0.064481498200105 ], [ 115.403566605614074, -0.064417881344298 ], [ 115.403503416576129, -0.064417879350901 ], [ 115.403377038506108, -0.064417875363871 ], [ 115.403124282389456, -0.064417867388865 ], [ 115.403061093365167, -0.064417865394917 ], [ 115.402934719280168, -0.064290631725149 ], [ 115.40287153223791, -0.064227014896035 ], [ 115.402745156181638, -0.064163396084332 ], [ 115.402681969141739, -0.064099779264826 ], [ 115.402555595062395, -0.06397254563741 ], [ 115.402492409987644, -0.063845314002439 ], [ 115.402366033944503, -0.063781695225241 ], [ 115.402176468911549, -0.063718074482195 ], [ 115.402113279917472, -0.063718072508737 ], [ 115.402050090925357, -0.063718070535201 ], [ 115.401923712947024, -0.063718066587896 ], [ 115.401607768035419, -0.063718056718268 ], [ 115.401355016059881, -0.063590819237987 ], [ 115.40122864983438, -0.06320912657096 ], [ 115.401165462815101, -0.063145509826427 ], [ 115.400975909495244, -0.06270020049686 ], [ 115.400975913352013, -0.062572970937291 ], [ 115.400849543133646, -0.062318507954918 ], [ 115.400786361842009, -0.0620640469277 ], [ 115.400786363752019, -0.062000432153807 ], [ 115.400723178617355, -0.061873200688065 ], [ 115.400723180521567, -0.061809585916156 ], [ 115.40072319001321, -0.061491512056538 ], [ 115.400723193796168, -0.061364282512666 ], [ 115.400723195684705, -0.061300667740761 ], [ 115.400786392167049, -0.061046210545359 ], [ 115.400912771947077, -0.06098259955199 ], [ 115.40091277382362, -0.060918984774127 ], [ 115.400975964651693, -0.060855371882489 ], [ 115.401291922512627, -0.06041007778459 ], [ 115.401355115192203, -0.060282850073198 ], [ 115.40135511704672, -0.060219235281534 ], [ 115.401481502379369, -0.059964779830923 ], [ 115.40148150606656, -0.059837550239693 ], [ 115.401544696877053, -0.059773937296109 ], [ 115.401797461948036, -0.05945587067606 ], [ 115.401797465603153, -0.059328641065096 ], [ 115.401987039832292, -0.059074187332888 ], [ 115.402176614046027, -0.058819733552697 ], [ 115.402239808455832, -0.058628890916467 ], [ 115.402050246894049, -0.058438041028787 ], [ 115.401860681745106, -0.058374420790855 ], [ 115.401797492767059, -0.058374418982542 ], [ 115.401355169975545, -0.058374406322351 ], [ 115.401291981013145, -0.058374404513466 ], [ 115.401228792052734, -0.058374402704511 ], [ 115.401165603094256, -0.058374400895483 ], [ 115.400849656533012, -0.058438006625245 ], [ 115.40072328043982, -0.058374388230293 ], [ 115.400660095088142, -0.058247156880632 ], [ 115.400596907940127, -0.058183540306871 ], [ 115.400596911519656, -0.058056310770727 ], [ 115.400596913306472, -0.05799269600267 ], [ 115.400596915091313, -0.057929081234595 ], [ 115.400596916874235, -0.057865466466535 ], [ 115.40059692043414, -0.057738236930377 ], [ 115.400596927530486, -0.057483777858093 ], [ 115.4007233124766, -0.057229322334042 ], [ 115.400786503181237, -0.057165709334082 ], [ 115.400912882833012, -0.05710209810002 ], [ 115.400976071782239, -0.057102099869898 ], [ 115.401039260733441, -0.057102101639706 ], [ 115.401165638641658, -0.057102105179113 ], [ 115.401292018314436, -0.057038493928489 ], [ 115.401418396238213, -0.057038497463395 ], [ 115.401671153863575, -0.056974889730739 ], [ 115.40173434283615, -0.056974891495837 ], [ 115.401923909765671, -0.056974896790713 ], [ 115.401987098746091, -0.056974898555532 ], [ 115.402303047178862, -0.056847677735977 ], [ 115.402429426912477, -0.056784066431584 ], [ 115.402492617653905, -0.05672045336272 ], [ 115.402618995651366, -0.056720456875276 ], [ 115.402618999136365, -0.056593227212942 ], [ 115.402745377141358, -0.056593230717342 ], [ 115.402745380618256, -0.056466001047125 ], [ 115.402871758630837, -0.05646600454337 ], [ 115.402934951108719, -0.056338776609332 ], [ 115.402998143580433, -0.05621154866736 ], [ 115.403061334320654, -0.056147935562409 ], [ 115.403061337769472, -0.056020705872461 ], [ 115.403124533657973, -0.05576624821875 ], [ 115.40312453537156, -0.055702633371799 ], [ 115.403124537083201, -0.055639018524864 ], [ 115.402934971756324, -0.055575398516972 ], [ 115.402871782748065, -0.055575396796524 ], [ 115.402682215735027, -0.055575391634771 ], [ 115.40261902673457, -0.05557538991405 ], [ 115.402492648739553, -0.055575386472405 ], [ 115.402366270752367, -0.055575383030488 ], [ 115.402239892773025, -0.0555753795883 ], [ 115.402176703786296, -0.055575377867103 ], [ 115.402113516510312, -0.055511761330415 ], [ 115.402303091983924, -0.055193692381368 ], [ 115.402366282670968, -0.055130079267279 ], [ 115.402429473357884, -0.055066466149198 ], [ 115.402492667424269, -0.054875623372559 ], [ 115.40261905047214, -0.054684782277251 ], [ 115.402619053831899, -0.054557552614826 ], [ 115.402366297854002, -0.054557545857334 ], [ 115.402239919876791, -0.054557542478187 ], [ 115.402176730891142, -0.054557540788513 ], [ 115.402176740926265, -0.054175851883943 ], [ 115.402176742591934, -0.054112237066518 ], [ 115.402176744255669, -0.054048622249075 ], [ 115.401923993314853, -0.053857771124089 ], [ 115.40179761702278, -0.053794152981752 ], [ 115.401481663883814, -0.054112218627444 ], [ 115.401481660549067, -0.054239448218955 ], [ 115.401481658878751, -0.054303063014683 ], [ 115.401481657206489, -0.05436667781046 ], [ 115.401481653856067, -0.054493907401943 ], [ 115.401481650497814, -0.05462113699342 ], [ 115.401481647131718, -0.054748366584909 ], [ 115.401228892978224, -0.054684745011122 ], [ 115.401165705706134, -0.054621128530523 ], [ 115.401102516753681, -0.054621126837744 ], [ 115.40110252011273, -0.054493897269922 ], [ 115.401039339526051, -0.054175821671264 ], [ 115.401039341192913, -0.054112206889316 ], [ 115.4010393428578, -0.05404859210735 ], [ 115.401039346181733, -0.053921362543429 ], [ 115.401039347840765, -0.053857747761459 ], [ 115.401039349497836, -0.053794132979504 ], [ 115.400976168806423, -0.05347605741225 ], [ 115.400912981506465, -0.053412440976724 ], [ 115.400786606906962, -0.053285208117319 ], [ 115.400660229030251, -0.053285204813715 ], [ 115.400533852801331, -0.053221586743642 ], [ 115.40053385607537, -0.053094357211253 ], [ 115.400407478214746, -0.053094353918962 ], [ 115.400407481481224, -0.052967124394441 ], [ 115.400091541750498, -0.052776271925089 ], [ 115.400091546618825, -0.052585427667865 ], [ 115.400091554693518, -0.052267353905804 ], [ 115.40009155630257, -0.052203739153415 ], [ 115.400217934141821, -0.05220374239112 ], [ 115.400786629684518, -0.052394601279934 ], [ 115.400913005953157, -0.052458219306141 ], [ 115.401039380610015, -0.052585452121925 ], [ 115.401102569558418, -0.052585453751681 ], [ 115.401228944219838, -0.052712686586824 ], [ 115.401292133174238, -0.05271268822033 ], [ 115.401418511088963, -0.052712691487148 ], [ 115.40148169842594, -0.052776307916238 ], [ 115.401544887388241, -0.052776309551456 ], [ 115.401671265318754, -0.0527763128217 ], [ 115.401734454286924, -0.052776314456725 ], [ 115.401797643257083, -0.052776316091685 ], [ 115.401987210179257, -0.052776320996179 ], [ 115.402050399157233, -0.052776322630881 ], [ 115.40211358975985, -0.052712709450034 ], [ 115.402303158331719, -0.052649099526235 ], [ 115.402303159950293, -0.05258548470482 ], [ 115.402429539543888, -0.052521873136355 ], [ 115.40242954115844, -0.052458258311014 ], [ 115.40249273979552, -0.052076570971472 ], [ 115.402492744591996, -0.051885726489491 ], [ 115.402492746186908, -0.05182211166215 ], [ 115.402429560380256, -0.051694880406719 ], [ 115.402239998182225, -0.051504031145671 ], [ 115.402176810783104, -0.051440414733084 ], [ 115.402050434405595, -0.051376796733084 ], [ 115.401924056454391, -0.051376793550315 ], [ 115.401797678511016, -0.051376790367295 ], [ 115.401481736845369, -0.051249552817011 ], [ 115.401418547886522, -0.051249551229035 ], [ 115.401039417326217, -0.05112231213582 ], [ 115.40084985207011, -0.051058692606101 ], [ 115.400786664702196, -0.050995076249269 ], [ 115.400723478901668, -0.050867845124159 ], [ 115.400533918352949, -0.050613381328286 ], [ 115.400407540497227, -0.050613378189836 ], [ 115.40034435313018, -0.050549761860153 ], [ 115.400028413198001, -0.050358909771069 ], [ 115.399902038473073, -0.050231677154339 ], [ 115.39983884956419, -0.050231675596364 ], [ 115.399270151019621, -0.050168046845027 ], [ 115.398891009956543, -0.050486111079205 ], [ 115.398891008399247, -0.050549725794133 ], [ 115.398827817962072, -0.050613338938306 ], [ 115.398827813272305, -0.050804183077222 ], [ 115.398827811705104, -0.050867797790186 ], [ 115.398827808564846, -0.050995027216127 ], [ 115.398827806991804, -0.051058641929104 ], [ 115.398827803839765, -0.05118587135502 ], [ 115.398890989558481, -0.051313102373469 ], [ 115.398954175271527, -0.051440333399765 ], [ 115.399080546680779, -0.051694795475807 ], [ 115.399143733973233, -0.051758411802754 ], [ 115.399143732376956, -0.051822026525569 ], [ 115.399143729178491, -0.051949255971195 ], [ 115.398602676697223, -0.05185779602656 ], [ 115.398602677596273, -0.051822012754481 ], [ 115.39860267849474, -0.051786229482401 ], [ 115.398602681186389, -0.051678879666143 ], [ 115.398602682082355, -0.051643096394079 ], [ 115.398602683872454, -0.051571529849915 ], [ 115.398602684766544, -0.051535746577816 ], [ 115.398602685660052, -0.05149996330575 ], [ 115.398602687445162, -0.051428396761583 ], [ 115.398602688336808, -0.051392613489499 ], [ 115.398602691007966, -0.051285263673244 ], [ 115.398602691897096, -0.051249480401175 ], [ 115.398602692785644, -0.051213697129072 ], [ 115.398602694560822, -0.051142130584898 ], [ 115.39853160974107, -0.051034778986457 ], [ 115.398531610625938, -0.050998995715618 ], [ 115.398531612393754, -0.050927429173938 ], [ 115.398531613276731, -0.050891645903081 ], [ 115.398496072184088, -0.050784295203821 ], [ 115.398460529327366, -0.050748511047439 ], [ 115.398460532843302, -0.050605377969066 ], [ 115.398460533720723, -0.050569594699488 ], [ 115.398460535473745, -0.050498028160298 ], [ 115.398460536349319, -0.050462244890702 ], [ 115.398460537224281, -0.050426461621106 ], [ 115.398496082709315, -0.050354895961188 ], [ 115.398496083582387, -0.050319112690982 ], [ 115.398531629935434, -0.05021176375707 ], [ 115.398567174544169, -0.050175981362333 ], [ 115.398673810972255, -0.04996128435044 ], [ 115.39874490018552, -0.049889719545792 ], [ 115.398815989398628, -0.049818154736066 ], [ 115.398851533141553, -0.049818155605776 ], [ 115.398851534005146, -0.049782372329317 ], [ 115.398887079473894, -0.04971080664418 ], [ 115.398922624079674, -0.049675024234251 ], [ 115.398958169545821, -0.049603458544701 ], [ 115.398958170405621, -0.049567675266348 ], [ 115.398958173838565, -0.049424542152936 ], [ 115.398958174695252, -0.049388758874598 ], [ 115.398993719296499, -0.049352976457739 ], [ 115.399135897701015, -0.049209846777698 ], [ 115.399171442302062, -0.049174064354512 ], [ 115.399242530652444, -0.049138282787689 ], [ 115.39927807695527, -0.049030933793347 ], [ 115.399278078654021, -0.048959367225386 ], [ 115.39927807950248, -0.048923583941423 ], [ 115.399100364147131, -0.048780446548473 ], [ 115.399029276654318, -0.048780444845532 ], [ 115.398993732908835, -0.048780443994033 ], [ 115.398887101676095, -0.048780441439423 ], [ 115.398851557933114, -0.048780440587848 ], [ 115.398816014190714, -0.048780439736255 ], [ 115.398673839227413, -0.048780436329692 ], [ 115.398638295488141, -0.048780435478004 ], [ 115.398567208011443, -0.048780433774572 ], [ 115.398531664274032, -0.048780432922828 ], [ 115.398389489330569, -0.048780429515661 ], [ 115.398318401862568, -0.048780427811964 ], [ 115.398318402708412, -0.048744644544849 ], [ 115.398247317776864, -0.048637293044727 ], [ 115.398247319463067, -0.048565726512992 ], [ 115.39817623368404, -0.048494158287406 ], [ 115.398140692474712, -0.048386807648487 ], [ 115.398105150422595, -0.04831524027665 ], [ 115.398069608368715, -0.048243672907275 ], [ 115.398069610041432, -0.048172106381781 ], [ 115.398069612545868, -0.048064756593553 ], [ 115.398069613379434, -0.048028973330788 ], [ 115.398069615876423, -0.047921623542556 ], [ 115.398069616707517, -0.047885840279805 ], [ 115.398069618367813, -0.047814273754303 ], [ 115.398069619197045, -0.047778490491552 ], [ 115.398069620025652, -0.0477427072288 ], [ 115.398069621680989, -0.047671140703295 ], [ 115.397998535878216, -0.047599572515019 ], [ 115.397927450075628, -0.047528004331651 ], [ 115.397785277648325, -0.047420651237446 ], [ 115.397785278470863, -0.047384867979674 ], [ 115.397749735569761, -0.047349083894779 ], [ 115.397749737211768, -0.047277517380517 ], [ 115.397749738031834, -0.047241734123368 ], [ 115.397749740488351, -0.047134384351987 ], [ 115.39774974130593, -0.047098601094836 ], [ 115.397785287477831, -0.046991252144355 ], [ 115.397820831201273, -0.046991252965241 ], [ 115.39785637655487, -0.046919687268089 ], [ 115.3980340992468, -0.046740775055221 ], [ 115.398211820321123, -0.046633429341187 ], [ 115.39824736566851, -0.046561863623827 ], [ 115.398282910207215, -0.046526081170463 ], [ 115.398389542211532, -0.046490300339543 ], [ 115.398425088361662, -0.046382951344309 ], [ 115.398425089969479, -0.046311384806277 ], [ 115.398496179043931, -0.046239819883099 ], [ 115.398496179845637, -0.046204036612848 ], [ 115.398460636911864, -0.046168252536411 ], [ 115.398389550244545, -0.046132467655625 ], [ 115.398354007311482, -0.046096683582258 ], [ 115.398318464378448, -0.046060899510122 ], [ 115.39821183557963, -0.045953547301105 ], [ 115.39817629184985, -0.045953546498542 ], [ 115.398140749713889, -0.045881979167918 ], [ 115.39803411932597, -0.045846193501655 ], [ 115.397998576394471, -0.045810409439373 ], [ 115.3979274905316, -0.045738841318487 ], [ 115.397891947600186, -0.045703057259884 ], [ 115.3978208617375, -0.045631489146373 ], [ 115.397749774292578, -0.04563148755209 ], [ 115.397643143129841, -0.045631485160533 ], [ 115.397607599410136, -0.045631484363312 ], [ 115.397429885561777, -0.0454167808678 ], [ 115.397394342633874, -0.045380996823308 ], [ 115.397358799706026, -0.045345212780083 ], [ 115.397287713064316, -0.045309427946303 ], [ 115.397252169350978, -0.045309427154533 ], [ 115.397216626424481, -0.045273643114988 ], [ 115.39710999764516, -0.0451662910037 ], [ 115.397074454718791, -0.045130506969069 ], [ 115.397038911792478, -0.045094722935672 ], [ 115.396967826721266, -0.044987371629159 ], [ 115.396896742426023, -0.044844237087979 ], [ 115.396896743981927, -0.044772670603677 ], [ 115.396861201052786, -0.044736886579553 ], [ 115.396825658123618, -0.044701102556696 ], [ 115.396790115969736, -0.04462953529478 ], [ 115.396790116744327, -0.044593752054487 ], [ 115.396754574587391, -0.044522184795678 ], [ 115.396683487953581, -0.044486400000733 ], [ 115.396647945794925, -0.044414832747501 ], [ 115.396576859933489, -0.044343264721539 ], [ 115.396505773303033, -0.044307479935787 ], [ 115.396470230372998, -0.044271695926498 ], [ 115.396434687443048, -0.044235911918443 ], [ 115.396328058653324, -0.044128559901665 ], [ 115.396221427567269, -0.044128557586825 ], [ 115.396008167708928, -0.044021203277148 ], [ 115.395972624018597, -0.044021202507275 ], [ 115.39590153816809, -0.043949634518197 ], [ 115.395830452317725, -0.043878066534056 ], [ 115.395759366467502, -0.043806498554852 ], [ 115.395688279857211, -0.043770713801491 ], [ 115.395688281376977, -0.043699147359715 ], [ 115.395617195525816, -0.043627579391638 ], [ 115.395546109674783, -0.0435560114285 ], [ 115.395510566749323, -0.043520227448783 ], [ 115.395368398058068, -0.043233958681229 ], [ 115.395332855880767, -0.043162391495556 ], [ 115.395261770024206, -0.043090823558433 ], [ 115.395226227843978, -0.043019256378967 ], [ 115.395155141239627, -0.042983471662029 ], [ 115.395119599057665, -0.042911904488146 ], [ 115.395012969527329, -0.042840335817428 ], [ 115.39497742659934, -0.04280455185935 ], [ 115.394870796329812, -0.042768766405591 ], [ 115.394764166065372, -0.042732980955408 ], [ 115.394728623882031, -0.042661413799498 ], [ 115.394657537289461, -0.042625629103383 ], [ 115.39458645069881, -0.04258984440969 ], [ 115.394515365588674, -0.042482493317962 ], [ 115.394444278262284, -0.042482491830638 ], [ 115.394408736076258, -0.042410924690217 ], [ 115.394302106567139, -0.042339356069856 ], [ 115.394266563643441, -0.042303572132772 ], [ 115.394159934138386, -0.042232003522863 ], [ 115.394053303902979, -0.042196218112402 ], [ 115.393911130752343, -0.04212464877772 ], [ 115.393840044911741, -0.04205308092571 ], [ 115.393697871771494, -0.041981511608163 ], [ 115.393626785933691, -0.041909943768472 ], [ 115.393555700823626, -0.041802592750384 ], [ 115.393520158630594, -0.04173102565281 ], [ 115.393484616435785, -0.041659458557709 ], [ 115.393484617884155, -0.041587892193559 ], [ 115.393449075685055, -0.041516325102199 ], [ 115.393449077128523, -0.0414447587393 ], [ 115.393449077849311, -0.041408975557833 ], [ 115.393413536363653, -0.041301625290034 ], [ 115.39337799415604, -0.041230058206159 ], [ 115.393342451946623, -0.041158491124774 ], [ 115.393342453377727, -0.041086924765628 ], [ 115.39334245480633, -0.041015358406481 ], [ 115.393306911877431, -0.040979574509055 ], [ 115.393306912590191, -0.040943791330091 ], [ 115.393271368948547, -0.040943790612833 ], [ 115.393271371083131, -0.040836441077886 ], [ 115.393200285221837, -0.040764873292947 ], [ 115.393200285930902, -0.040729090115878 ], [ 115.393200288054388, -0.040621740584653 ], [ 115.393200288760966, -0.0405859574076 ], [ 115.39320029017226, -0.040514391053459 ], [ 115.393200292987387, -0.040371258345172 ], [ 115.393200293689603, -0.0403354751681 ], [ 115.393200295792525, -0.040228125636881 ], [ 115.393200296492253, -0.040192342459824 ], [ 115.39323584222771, -0.040084993630829 ], [ 115.393306930903407, -0.040013428677378 ], [ 115.393342475241184, -0.039977646198739 ], [ 115.393378020273587, -0.03990608053862 ], [ 115.393449108947735, -0.039834515573725 ], [ 115.393520196236892, -0.039834516969207 ], [ 115.393733459503991, -0.039762954782325 ], [ 115.393840090453509, -0.039762956871394 ], [ 115.393946720024118, -0.039834525340804 ], [ 115.394017807330712, -0.039834526735854 ], [ 115.394053350291813, -0.039870310625491 ], [ 115.394124437602159, -0.039870312021702 ], [ 115.394195523526975, -0.039941879807098 ], [ 115.394195522832035, -0.039977663001722 ], [ 115.394302152414426, -0.040049231494473 ], [ 115.394373238339583, -0.040120799292241 ], [ 115.394373236942997, -0.040192365687749 ], [ 115.39437323624378, -0.040228148885485 ], [ 115.394373235543924, -0.040263932083239 ], [ 115.394444322165398, -0.040299716691958 ], [ 115.394444321464348, -0.040335499890964 ], [ 115.394444320060344, -0.040407066288956 ], [ 115.394479863019384, -0.040442850195943 ], [ 115.394515405978453, -0.040478634104133 ], [ 115.394550948937578, -0.040514418013594 ], [ 115.394586490485381, -0.040621768327274 ], [ 115.394657577108475, -0.040657552952105 ], [ 115.39483529402878, -0.040729122921878 ], [ 115.394906379949987, -0.040800690761756 ], [ 115.395013010962458, -0.040800692903781 ], [ 115.395155185654446, -0.040800695759594 ], [ 115.395261815970557, -0.040836481114692 ], [ 115.395368446291741, -0.040872266473404 ], [ 115.395439532938454, -0.040908051120064 ], [ 115.395510620298211, -0.040908052551379 ], [ 115.395546163979034, -0.040908053267013 ], [ 115.395652795025214, -0.040908055413819 ], [ 115.395688340838063, -0.040800706466641 ], [ 115.39558171191419, -0.040693354668382 ], [ 115.395546169645826, -0.040621787519692 ], [ 115.395510628079961, -0.040514437155716 ], [ 115.395475085103641, -0.040478653229772 ], [ 115.395439541424281, -0.040478652521619 ], [ 115.39536845547299, -0.040407084674693 ], [ 115.39536845687617, -0.040335518244137 ], [ 115.395261827246429, -0.040263949700183 ], [ 115.395261827945902, -0.040228166486774 ], [ 115.395190741992522, -0.040156598654713 ], [ 115.395119656039284, -0.040085030827598 ], [ 115.394977484827152, -0.039906111979818 ], [ 115.394977485520513, -0.039870328771415 ], [ 115.394977487596847, -0.039762979146184 ], [ 115.394941944617358, -0.039727195242574 ], [ 115.394906403705008, -0.039584061718722 ], [ 115.394906404392827, -0.039548278511551 ], [ 115.394906405766548, -0.039476712097259 ], [ 115.394870862783463, -0.03944092819986 ], [ 115.394870863468782, -0.039405144993331 ], [ 115.394870864837571, -0.039333578580271 ], [ 115.394870865521, -0.039297795373724 ], [ 115.394941954906045, -0.03919044712587 ], [ 115.394977499937383, -0.039118881394878 ], [ 115.395013044287765, -0.039083098870403 ], [ 115.395013046323015, -0.03897574924329 ], [ 115.395013047000205, -0.038939966034252 ], [ 115.395013047676741, -0.038904182825197 ], [ 115.395013049027995, -0.038832616407118 ], [ 115.395013049702683, -0.038796833198096 ], [ 115.395013050376733, -0.038761049989039 ], [ 115.395013052395186, -0.038653700361934 ], [ 115.395013053066762, -0.038617917152877 ], [ 115.395013054408039, -0.03854635073481 ], [ 115.395013055077769, -0.038510567525768 ], [ 115.394728711067643, -0.038224296501767 ], [ 115.39455099473804, -0.03811694355378 ], [ 115.394515451738272, -0.038081159686282 ], [ 115.394479908738546, -0.038045375820005 ], [ 115.394444365738821, -0.038009591954999 ], [ 115.394408822078503, -0.038009591289614 ], [ 115.394124474139304, -0.037938019579225 ], [ 115.394017843177139, -0.037938017586387 ], [ 115.393982299524325, -0.037938016922078 ], [ 115.393911212220573, -0.037938015593416 ], [ 115.39380458390437, -0.037794880849315 ], [ 115.393769040912531, -0.037759097000285 ], [ 115.393769041569044, -0.037723313813177 ], [ 115.393697954928882, -0.037687529305989 ], [ 115.393697955584202, -0.037651746120118 ], [ 115.393626869599458, -0.037580178432012 ], [ 115.393591326607137, -0.037544394589817 ], [ 115.393555783614843, -0.037508610748843 ], [ 115.393520240622578, -0.037472826909142 ], [ 115.393449157884078, -0.037222343326004 ], [ 115.393449158531411, -0.037186560144499 ], [ 115.393413616827132, -0.03707920995055 ], [ 115.393413617471978, -0.037043426769671 ], [ 115.393378075760964, -0.036936076580091 ], [ 115.39334253340391, -0.036864509573848 ], [ 115.393200362683288, -0.036649807927992 ], [ 115.393129277318565, -0.036542457116284 ], [ 115.393129278589186, -0.036470890764596 ], [ 115.393093735586916, -0.036435106950398 ], [ 115.393058197003711, -0.036148840915238 ], [ 115.393058197632499, -0.03611305774062 ], [ 115.393058198888227, -0.036041491391416 ], [ 115.393093742524087, -0.036041492022879 ], [ 115.3930937437773, -0.035969925672437 ], [ 115.393129288039461, -0.035934143126776 ], [ 115.393164832925933, -0.035862577403362 ], [ 115.393164833549704, -0.035826794226878 ], [ 115.393235921448763, -0.035791012304428 ], [ 115.393307009349655, -0.035755230379448 ], [ 115.393307009971522, -0.035719447200439 ], [ 115.393378096630514, -0.035755231632136 ], [ 115.393413638402706, -0.035862581801077 ], [ 115.393449179543836, -0.036005715155261 ], [ 115.39348472193241, -0.036077282150192 ], [ 115.393555807963153, -0.036148849780778 ], [ 115.393591350978554, -0.036184633597913 ], [ 115.393626894623836, -0.036184634231673 ], [ 115.393697981286451, -0.036220418685053 ], [ 115.393804611599364, -0.036256203775793 ], [ 115.394124501302457, -0.036435125456682 ], [ 115.39419558797853, -0.036470909927194 ], [ 115.394266674656507, -0.036506694400121 ], [ 115.394337761336416, -0.036542478875548 ], [ 115.394408847381897, -0.036614046551819 ], [ 115.394515477726074, -0.036649831674916 ], [ 115.394657649182605, -0.036828750254979 ], [ 115.394693192846759, -0.036828750899593 ], [ 115.394693192206162, -0.036864534103013 ], [ 115.394728734587929, -0.036936101156331 ], [ 115.394728732658706, -0.03704345076845 ], [ 115.394764275679933, -0.037079234621482 ], [ 115.394799818701159, -0.037115018475717 ], [ 115.394799817409464, -0.03718658488631 ], [ 115.394835359782135, -0.037258151948991 ], [ 115.394906445171884, -0.037365502874613 ], [ 115.394941988190794, -0.03740128673632 ], [ 115.394977531209761, -0.037437070599231 ], [ 115.395013074228757, -0.03747285446343 ], [ 115.395155244996147, -0.037687556355643 ], [ 115.395226331031978, -0.037759124100106 ], [ 115.395297418381617, -0.03775912542142 ], [ 115.395332961400854, -0.037794909296755 ], [ 115.395368504420119, -0.037830693173294 ], [ 115.395439590458778, -0.037902260930117 ], [ 115.395475134137058, -0.037902261593198 ], [ 115.39558176385728, -0.03797383002048 ], [ 115.395901654363271, -0.038116968897218 ], [ 115.39597274107436, -0.038152753456441 ], [ 115.396008284099011, -0.038188537350255 ], [ 115.396043827787366, -0.038188538018107 ], [ 115.39611491450232, -0.038224322582217 ], [ 115.396114913838034, -0.038260105810666 ], [ 115.396292627628725, -0.038510591776836 ], [ 115.396292626289764, -0.038582158239987 ], [ 115.396328169312866, -0.038617942146787 ], [ 115.396363712335997, -0.038653726054857 ], [ 115.396363711664364, -0.038689509287666 ], [ 115.396399254686912, -0.038725293197597 ], [ 115.396434797036051, -0.038796860342823 ], [ 115.396470340732094, -0.038796861021134 ], [ 115.396541426777418, -0.038868428849614 ], [ 115.396541425426221, -0.038939995321518 ], [ 115.396541424749699, -0.038975778557469 ], [ 115.396541424072552, -0.03901156179342 ], [ 115.396541419996609, -0.039226261209102 ], [ 115.396505874935443, -0.039297826993944 ], [ 115.396328154406746, -0.039405173255122 ], [ 115.396185977578952, -0.039512520188074 ], [ 115.396079343067029, -0.039691434254235 ], [ 115.396079342377263, -0.039727217482062 ], [ 115.396185972068579, -0.039798786025582 ], [ 115.396221515760701, -0.039798786721517 ], [ 115.396328145457204, -0.039870355273611 ], [ 115.396363689151897, -0.039870355970736 ], [ 115.396470319546879, -0.039906141296711 ], [ 115.39654140694185, -0.039906142692074 ], [ 115.396576949946947, -0.0399419266263 ], [ 115.396861299556747, -0.039941932212014 ], [ 115.397003477835881, -0.039763018784109 ], [ 115.397039022921646, -0.039691452989662 ], [ 115.397039023610375, -0.039655669744977 ], [ 115.397074568005465, -0.039619887192697 ], [ 115.397074568692972, -0.039584103947386 ], [ 115.397074570751684, -0.039476754211401 ], [ 115.397145660903576, -0.039333622604909 ], [ 115.397181205294771, -0.039297840045075 ], [ 115.397216749685953, -0.039262057484026 ], [ 115.39728783778763, -0.039226275607129 ], [ 115.397323382179337, -0.039190493042891 ], [ 115.397465558389271, -0.039118929277631 ], [ 115.397536647174917, -0.039047364137697 ], [ 115.397536647852277, -0.039011580884235 ], [ 115.397572191567676, -0.039011581565831 ], [ 115.397572192244397, -0.038975798311744 ], [ 115.397572192920506, -0.038940015057656 ], [ 115.397607739334617, -0.038796882719133 ], [ 115.397678826768399, -0.038796884074747 ], [ 115.397785460611587, -0.038653753076694 ], [ 115.397785461951827, -0.038582186561012 ], [ 115.397749920238539, -0.038474836115357 ], [ 115.397501117554356, -0.038295915145829 ], [ 115.397394487742687, -0.038224346636501 ], [ 115.397323400319323, -0.038224345300655 ], [ 115.397039050650704, -0.038224339956679 ], [ 115.397003506944927, -0.038224339288616 ], [ 115.397039054621033, -0.038009640488386 ], [ 115.397110143352705, -0.037938075325029 ], [ 115.397145687718464, -0.037902292741435 ], [ 115.397216776449994, -0.037830727570484 ], [ 115.397323408891907, -0.037759163054287 ], [ 115.397358953258177, -0.037723380463759 ], [ 115.397394498278189, -0.037651814620976 ], [ 115.39732341346442, -0.037508680306231 ], [ 115.397252326044125, -0.037508678995337 ], [ 115.397181239277117, -0.03747289443718 ], [ 115.39711015186181, -0.037472893127421 ], [ 115.39707460815508, -0.03747289247252 ], [ 115.396967977688931, -0.037437107264242 ], [ 115.396932433984702, -0.037437106609909 ], [ 115.396896890281113, -0.03743710595556 ], [ 115.396790259174068, -0.037437103992429 ], [ 115.396754715472937, -0.037437103338022 ], [ 115.396683628072566, -0.037437102029166 ], [ 115.396470365235928, -0.037472881336981 ], [ 115.396434825433928, -0.037258181277305 ], [ 115.396434826080679, -0.037222398043216 ], [ 115.396470370422222, -0.037186615459267 ], [ 115.396505914763722, -0.037150832874085 ], [ 115.396541459105222, -0.037115050287604 ], [ 115.396577003446652, -0.037079267699891 ], [ 115.396648090843001, -0.037079268996323 ], [ 115.396683635185667, -0.037043486406031 ], [ 115.396754722585698, -0.037043487701125 ], [ 115.396825810631086, -0.037007705755207 ], [ 115.396896899960836, -0.036900357322248 ], [ 115.396967987368228, -0.036900358612167 ], [ 115.397039075418405, -0.03686457665732 ], [ 115.397074619763913, -0.036828794056252 ], [ 115.397110163470373, -0.036828794699896 ], [ 115.397145707816449, -0.036793012096924 ], [ 115.397181251524131, -0.036793012739915 ], [ 115.397216796508559, -0.036721446887183 ], [ 115.397323428274177, -0.036685665562545 ], [ 115.397323428910624, -0.036649882312797 ], [ 115.397216800955306, -0.036470964152213 ], [ 115.397145714804481, -0.036399396384291 ], [ 115.39711017109758, -0.036399395748165 ], [ 115.397039084948176, -0.03632782798641 ], [ 115.396896913277644, -0.036148909235507 ], [ 115.396896913904953, -0.03611312599326 ], [ 115.397003548143005, -0.035934211666317 ], [ 115.397110179259471, -0.035934213550389 ], [ 115.397216810381551, -0.035934215434336 ], [ 115.39735898521964, -0.035934217946071 ], [ 115.397536703157314, -0.035970004338914 ], [ 115.397678878017814, -0.035970006852649 ], [ 115.397821052888276, -0.03597000936616 ], [ 115.397856595983015, -0.036005793253617 ], [ 115.397892137825806, -0.03611314366177 ], [ 115.397892137198909, -0.036148926921524 ], [ 115.397892135314436, -0.036256276700719 ], [ 115.397892134685051, -0.036292059960472 ], [ 115.397892134055041, -0.036327843220208 ], [ 115.398140939481394, -0.036363630925985 ], [ 115.398176483836806, -0.036327848296341 ], [ 115.398247573176221, -0.036220499767274 ], [ 115.398283118158318, -0.036148933866601 ], [ 115.398354206240271, -0.036113151861281 ], [ 115.398389750594916, -0.036077369223444 ], [ 115.398425294949504, -0.036041586584309 ], [ 115.398460839304065, -0.036005803943944 ], [ 115.398531929258397, -0.035862672117412 ], [ 115.398531929880093, -0.035826888846423 ], [ 115.398496389248422, -0.035647971869002 ], [ 115.398460846136203, -0.035612187976809 ], [ 115.398460846753594, -0.035576404707051 ], [ 115.39846084798647, -0.035504838167601 ], [ 115.398425304872461, -0.035469054278501 ], [ 115.39838976175848, -0.035433270390636 ], [ 115.398389762986454, -0.035361703853649 ], [ 115.398354219258238, -0.035361703236138 ], [ 115.398318677367982, -0.035254352816864 ], [ 115.398283134862893, -0.03518278566796 ], [ 115.39828313547288, -0.035147002401356 ], [ 115.39828313608227, -0.035111219134719 ], [ 115.39824759357289, -0.035039651989565 ], [ 115.398212050454788, -0.035003868112252 ], [ 115.398212052273692, -0.034896518316135 ], [ 115.398176509153785, -0.034860734441914 ], [ 115.398105422310223, -0.034824949960731 ], [ 115.398105422914085, -0.034789166697216 ], [ 115.398105424119933, -0.034717600170218 ], [ 115.398105424721919, -0.034681816906736 ], [ 115.398105426524168, -0.034574467116253 ], [ 115.398140970847322, -0.034538684455968 ], [ 115.398176515170377, -0.034502901794454 ], [ 115.398176516963247, -0.034395552000183 ], [ 115.398140973239094, -0.034395551399464 ], [ 115.398034342666762, -0.034359766334989 ], [ 115.397998798945096, -0.034359765734842 ], [ 115.397927711503641, -0.034359764534506 ], [ 115.397892167783837, -0.034359763934318 ], [ 115.397785536628163, -0.034359762133674 ], [ 115.397749992910832, -0.034359761533433 ], [ 115.397643361762647, -0.03435975973263 ], [ 115.397430098886289, -0.034395539382273 ], [ 115.397359011464658, -0.034395538180261 ], [ 115.397323467754788, -0.034395537579235 ], [ 115.397216836628886, -0.034395535776077 ], [ 115.397145749811443, -0.0343597513273 ], [ 115.397074664186462, -0.034252400390192 ], [ 115.397003577965407, -0.034180832704689 ], [ 115.396968034854922, -0.034145048863785 ], [ 115.396932491152, -0.03414504826699 ], [ 115.396896948042141, -0.034109264427936 ], [ 115.396861404932366, -0.034073480590119 ], [ 115.396790318122157, -0.034037696158569 ], [ 115.396754774422362, -0.034037695563585 ], [ 115.396719231313853, -0.034001911729451 ], [ 115.396683687615322, -0.034001911135066 ], [ 115.396719235431434, -0.03375142905562 ], [ 115.396754779130546, -0.033751429645613 ], [ 115.397003585627147, -0.033715650531056 ], [ 115.397145759275205, -0.033787219381286 ], [ 115.397216846688949, -0.033787220562196 ], [ 115.39735902152384, -0.03378722292386 ], [ 115.397430108358307, -0.033823007356259 ], [ 115.397572283208135, -0.03382300972011 ], [ 115.3976433706368, -0.033823010901957 ], [ 115.397678914352042, -0.03382301149286 ], [ 115.397785545501563, -0.033823013265493 ], [ 115.398034350951647, -0.033858800663417 ], [ 115.39810543839647, -0.033858801846173 ], [ 115.39814098270692, -0.033823019173417 ], [ 115.398247617389842, -0.033608321349499 ], [ 115.398283161698259, -0.033572538669814 ], [ 115.398283162861773, -0.033500972136548 ], [ 115.398283163442599, -0.033465188869898 ], [ 115.398283164022814, -0.033429405603281 ], [ 115.39828316518134, -0.033357839070013 ], [ 115.398283165759693, -0.033322055803378 ], [ 115.398283166337407, -0.033286272536743 ], [ 115.398460886704058, -0.033178925633808 ], [ 115.398531974738432, -0.033143143521479 ], [ 115.398567518468965, -0.033143144100184 ], [ 115.398674149664274, -0.033143145836223 ], [ 115.398709693397294, -0.033143146414876 ], [ 115.398745237130939, -0.033143146993517 ], [ 115.398816318240421, -0.033536764186834 ], [ 115.398816317658557, -0.033572547462856 ], [ 115.398851859644907, -0.033679897878825 ], [ 115.399065120902918, -0.033751467967141 ], [ 115.39913620838368, -0.03375146914539 ], [ 115.399207296451735, -0.033715687040695 ], [ 115.399278384521594, -0.033679904933483 ], [ 115.399278385105163, -0.033644121649375 ], [ 115.399313930595824, -0.03353677238229 ], [ 115.39938502040556, -0.033393640408865 ], [ 115.399385022139398, -0.033286290550882 ], [ 115.399385022716089, -0.033250507264881 ], [ 115.399385023292183, -0.03321472397888 ], [ 115.399420569335689, -0.033071591412005 ], [ 115.399527200575605, -0.033071593143373 ], [ 115.399740463072177, -0.033071596605763 ], [ 115.399847094328848, -0.033071598336785 ], [ 115.39998926934642, -0.033071600644636 ], [ 115.400024813102362, -0.033071601221566 ], [ 115.400131444373898, -0.033071602952281 ], [ 115.400202531891367, -0.033071604106027 ], [ 115.400309163172196, -0.03307160583655 ], [ 115.400451338221984, -0.033071608143735 ], [ 115.400486881986012, -0.033071608720499 ], [ 115.400593513281734, -0.033071610450714 ], [ 115.400664600815304, -0.033071611604127 ], [ 115.400806775889905, -0.0330716139108 ], [ 115.400913407202367, -0.03307161564067 ], [ 115.401055582294319, -0.033071617946984 ], [ 115.401197757396176, -0.033071620253093 ], [ 115.401339932507952, -0.033071622558997 ], [ 115.401446563848296, -0.033071624288291 ], [ 115.401446561553129, -0.0332147575771 ], [ 115.40133992963726, -0.033250539160648 ], [ 115.401197752795198, -0.033357886795761 ], [ 115.401091120889618, -0.033393668367169 ], [ 115.400984489567534, -0.033393666620648 ], [ 115.40091340144393, -0.033429448769092 ], [ 115.400806770131098, -0.033429447020505 ], [ 115.400700138823851, -0.033429445271801 ], [ 115.400629051288746, -0.033429444105934 ], [ 115.400557963756171, -0.033429442940015 ], [ 115.400486876226054, -0.033429441774045 ], [ 115.40013143745297, -0.033501002541636 ], [ 115.400060349356892, -0.033536784670702 ], [ 115.399989260680528, -0.033608350093849 ], [ 115.399882628833126, -0.033644131629644 ], [ 115.399740452654768, -0.033715695866134 ], [ 115.399740452070134, -0.033751479158392 ], [ 115.399669363397109, -0.033823044562572 ], [ 115.399669361635688, -0.033930394435529 ], [ 115.399669361047287, -0.033966177726537 ], [ 115.399633815528333, -0.034073527004966 ], [ 115.399598270596442, -0.034145092989893 ], [ 115.399598270004319, -0.034180876279634 ], [ 115.39956272447526, -0.034288225550539 ], [ 115.399562723880635, -0.034324008839637 ], [ 115.399562723285385, -0.034359792128769 ], [ 115.399562722689524, -0.034395575417866 ], [ 115.399562721495926, -0.034467141996094 ], [ 115.399527177149807, -0.034502924683151 ], [ 115.399527175952471, -0.034574491260128 ], [ 115.399491631004821, -0.034646057232486 ], [ 115.399491629802498, -0.034717623808212 ], [ 115.399491629200398, -0.034753407096091 ], [ 115.399491628597673, -0.034789190383937 ], [ 115.399491624968377, -0.035003890111122 ], [ 115.39956271125024, -0.035075457910985 ], [ 115.399669341891553, -0.035111243038061 ], [ 115.399704885033842, -0.035147026942318 ], [ 115.399918144500518, -0.035325947098322 ], [ 115.399953688256019, -0.035325947714607 ], [ 115.399953687030489, -0.035397514306556 ], [ 115.400024772085033, -0.035540648730485 ], [ 115.400060313992228, -0.035647999243976 ], [ 115.400060313374226, -0.035683782541837 ], [ 115.400060312755599, -0.035719565839664 ], [ 115.400060311516484, -0.035791132435351 ], [ 115.400060310274924, -0.035862699031055 ], [ 115.400060308407888, -0.035970048924582 ], [ 115.400024764026654, -0.036005831594319 ], [ 115.399989217768976, -0.036148964152572 ], [ 115.399918129002586, -0.036220529481987 ], [ 115.399918127745991, -0.036292096072672 ], [ 115.399918126486952, -0.036363662663356 ], [ 115.399847037715347, -0.036435227982723 ], [ 115.399811493329508, -0.036471010640511 ], [ 115.39981149206416, -0.03654257722743 ], [ 115.399775947677028, -0.03657835988269 ], [ 115.399775947042798, -0.036614143175549 ], [ 115.399775945772461, -0.036685709761233 ], [ 115.399811488253249, -0.036757276988229 ], [ 115.399882575125005, -0.036793061565525 ], [ 115.40023801206992, -0.036828851284778 ], [ 115.400380188395218, -0.03675728724729 ], [ 115.400451277831635, -0.036649938615295 ], [ 115.400557911031299, -0.036542590613055 ], [ 115.400593456063177, -0.036471024635929 ], [ 115.400735633030152, -0.036363677250729 ], [ 115.400806721200624, -0.036327895207899 ], [ 115.400806722457759, -0.036256328585993 ], [ 115.400913354401368, -0.036220547169645 ], [ 115.400984442575407, -0.036184765118547 ], [ 115.401019986976152, -0.036148982434721 ], [ 115.401162162705745, -0.036113201638272 ], [ 115.401233250886392, -0.036077419578901 ], [ 115.401268794665143, -0.036077420207779 ], [ 115.401304339068844, -0.036041637516945 ], [ 115.401553146165341, -0.036005858590204 ], [ 115.401588689326005, -0.036041642542362 ], [ 115.401624231861902, -0.036113209821062 ], [ 115.401624231236454, -0.036148993146372 ], [ 115.401624230610395, -0.036184776471647 ], [ 115.401624229356401, -0.036256343122231 ], [ 115.401588684943434, -0.03629212581506 ], [ 115.401588684314859, -0.036327909139728 ], [ 115.401517596746629, -0.036327907873479 ], [ 115.401482051073941, -0.036435257208722 ], [ 115.401446507291311, -0.036435256573691 ], [ 115.401339874684311, -0.036506821309083 ], [ 115.401197697668252, -0.036614168717092 ], [ 115.401126609479107, -0.036649950757094 ], [ 115.400984433106231, -0.03672151482949 ], [ 115.400842257377448, -0.036757295580094 ], [ 115.400735625427615, -0.036793076967046 ], [ 115.40070008102029, -0.036828859634548 ], [ 115.40066453725116, -0.036828858992344 ], [ 115.40062899220554, -0.036900424965749 ], [ 115.40059344779813, -0.03693620762948 ], [ 115.40059344715803, -0.036971990936659 ], [ 115.400522358341846, -0.037043556259052 ], [ 115.400522357057241, -0.037115122870945 ], [ 115.400486812647841, -0.037150905529015 ], [ 115.400486811359485, -0.037222472139658 ], [ 115.400451266948792, -0.0372582547952 ], [ 115.400380178127293, -0.037329820102496 ], [ 115.400344633716543, -0.03736560275425 ], [ 115.40027354619086, -0.037365601450818 ], [ 115.400202457371634, -0.037437166747948 ], [ 115.400166912961978, -0.037472949394652 ], [ 115.400131369201901, -0.037472948740999 ], [ 115.39998919416773, -0.037472946126239 ], [ 115.399918106654383, -0.037472944818772 ], [ 115.399882562898597, -0.037472944165017 ], [ 115.399847019143508, -0.037472943511248 ], [ 115.399775931635105, -0.037472942203665 ], [ 115.399704844129189, -0.037472940896024 ], [ 115.39945603722812, -0.037508719606023 ], [ 115.399420492829947, -0.037544502238063 ], [ 115.39924277149214, -0.037687632095752 ], [ 115.399136138298829, -0.037794979967152 ], [ 115.398993961364852, -0.037902327165546 ], [ 115.399136133036791, -0.038081246219881 ], [ 115.399171676779773, -0.038081246884559 ], [ 115.399207219862859, -0.03811703083206 ], [ 115.399313849774572, -0.038188599397258 ], [ 115.399384937267428, -0.038188600730197 ], [ 115.399420480352504, -0.03822438468323 ], [ 115.399456023437594, -0.038260168637496 ], [ 115.399527110935466, -0.038260169972815 ], [ 115.399598198435839, -0.038260171308075 ], [ 115.399704828363582, -0.038331739894013 ], [ 115.399740372116568, -0.038331740562825 ], [ 115.399847002714694, -0.038367525863214 ], [ 115.399989175076058, -0.03851066172694 ], [ 115.399989174408418, -0.038546445023512 ], [ 115.39977590718172, -0.038796924038341 ], [ 115.399562642647965, -0.038904269843849 ], [ 115.399562641973333, -0.038940053132942 ], [ 115.399598185048859, -0.038975837102129 ], [ 115.399527096872021, -0.039011619030344 ], [ 115.399491553122473, -0.039011618349579 ], [ 115.399456008696973, -0.039047400956001 ], [ 115.399456007342025, -0.039118967530404 ], [ 115.399456006663627, -0.039154750817589 ], [ 115.399456005984618, -0.039190534104806 ], [ 115.39945600462471, -0.039262100679207 ], [ 115.399456003262316, -0.03933366725359 ], [ 115.399456001897448, -0.039405233827988 ], [ 115.399491545646598, -0.039405234515638 ], [ 115.399491544279257, -0.039476801091284 ], [ 115.399527088029004, -0.039476801780166 ], [ 115.399882522132359, -0.039655725141603 ], [ 115.399953609646289, -0.039655726525259 ], [ 115.400095783994146, -0.039691512590806 ], [ 115.400131327754565, -0.039691513283174 ], [ 115.400273502114331, -0.039727299354065 ], [ 115.400451218870629, -0.039834652732495 ], [ 115.400628933558991, -0.040049356052672 ], [ 115.400593388401063, -0.040120921968615 ], [ 115.400557843241245, -0.040192487882045 ], [ 115.400522299473195, -0.040192487181125 ], [ 115.400451210545185, -0.040264052388562 ], [ 115.40027348822467, -0.040442965385076 ], [ 115.400237944461452, -0.040442964679663 ], [ 115.400060222846733, -0.04058609434357 ], [ 115.399989133920471, -0.040657659520651 ], [ 115.399989133215627, -0.040693442817187 ], [ 115.399989131804077, -0.040765009410308 ], [ 115.399989131097385, -0.040800792706859 ], [ 115.399989128973559, -0.040908142596512 ], [ 115.399989127554605, -0.040979709189612 ], [ 115.400024669892233, -0.041051276498845 ], [ 115.400024666327823, -0.041230192984691 ], [ 115.399882486996603, -0.04144488987561 ], [ 115.399740309094994, -0.041588020151949 ], [ 115.399740307652223, -0.041659586736296 ], [ 115.399740306929928, -0.041695370028469 ], [ 115.399740306206979, -0.041731153320642 ], [ 115.399740304759263, -0.041802719904969 ], [ 115.399775847064205, -0.041874287219918 ], [ 115.399775845611558, -0.041945853805509 ], [ 115.399811388640103, -0.041981637830783 ], [ 115.399846931668691, -0.042017421857256 ], [ 115.399953559293451, -0.042196340535928 ], [ 115.399953558561961, -0.042232123831859 ], [ 115.399953557829818, -0.042267907127755 ], [ 115.399953556363684, -0.042339473719581 ], [ 115.399953555629693, -0.04237525701551 ], [ 115.399953554895049, -0.042411040311406 ], [ 115.399953553423956, -0.042482606903245 ], [ 115.399846919938824, -0.042589954561897 ], [ 115.399811374704669, -0.042661520405646 ], [ 115.399811373965022, -0.042697303699075 ], [ 115.399740284230631, -0.042804652085631 ], [ 115.399704738247294, -0.042912001213405 ], [ 115.399704737503271, -0.042947784504924 ], [ 115.399704731528672, -0.043234050837205 ], [ 115.39970473077905, -0.043269834128722 ], [ 115.399846899784691, -0.04355610350076 ], [ 115.399846898273836, -0.043627670088815 ], [ 115.399989068001631, -0.043878156208948 ], [ 115.400202326764472, -0.044057077302706 ], [ 115.400308953468098, -0.044271779420897 ], [ 115.400308952700797, -0.044307562723032 ], [ 115.400415572417941, -0.044844314601409 ], [ 115.400415571640778, -0.044880097905394 ], [ 115.400451113073885, -0.044987448601972 ], [ 115.40052219827183, -0.045094800088737 ], [ 115.400557739695913, -0.045202150794634 ], [ 115.40055773891261, -0.045237934101128 ], [ 115.400557736558966, -0.045345284020609 ], [ 115.4005577334121, -0.045488417246578 ], [ 115.400557731045438, -0.045595767166034 ], [ 115.400557730255315, -0.045631550472541 ], [ 115.400557729464552, -0.045667333779031 ], [ 115.400557727088596, -0.045774683698498 ], [ 115.400557726295375, -0.045810467004969 ], [ 115.400557725501528, -0.04584625031144 ], [ 115.400557723911973, -0.045917816924415 ], [ 115.400557723116265, -0.045953600230919 ], [ 115.400557722319959, -0.045989383537388 ], [ 115.40055772072543, -0.046060950150377 ], [ 115.400593263698639, -0.046096734260729 ], [ 115.400628805872515, -0.046168301680044 ], [ 115.400699890214881, -0.046311436526086 ], [ 115.400735433186412, -0.046347220643245 ], [ 115.40073543157969, -0.046418787262449 ], [ 115.400735430775399, -0.046454570572034 ], [ 115.40084206129643, -0.046490356313521 ], [ 115.400913148044708, -0.046526141247398 ], [ 115.400984235600959, -0.04652614286973 ], [ 115.401090866939981, -0.046526145303093 ], [ 115.401375217204603, -0.046526151791268 ], [ 115.401410761795674, -0.046490369280756 ], [ 115.401481850173766, -0.046454587578618 ], [ 115.401517393961456, -0.046454588388258 ], [ 115.401624026132112, -0.046418807491889 ], [ 115.401659570725471, -0.046383024974997 ], [ 115.401695114516215, -0.046383025783299 ], [ 115.40176620209958, -0.04638302739985 ], [ 115.401801745892172, -0.046383028208099 ], [ 115.401908377273713, -0.046383030632737 ], [ 115.402050549242006, -0.046526167196065 ], [ 115.402050547630409, -0.046597733861419 ], [ 115.402050546823688, -0.046633517194095 ], [ 115.402050544399785, -0.046740867192105 ], [ 115.402050542780756, -0.046812433857454 ], [ 115.402050541159255, -0.046884000522802 ], [ 115.402086084145395, -0.046919784672932 ], [ 115.402121625505174, -0.047027135492128 ], [ 115.402157168490191, -0.047062919645961 ], [ 115.402228254460326, -0.04713448795731 ], [ 115.402263796628944, -0.047206055451237 ], [ 115.402299339613506, -0.047241839610588 ], [ 115.402334882598112, -0.047277623771201 ], [ 115.402370425582745, -0.047313407933008 ], [ 115.402405968567436, -0.047349192096077 ], [ 115.402441511552126, -0.047384976260339 ], [ 115.402477054536888, -0.047420760425864 ], [ 115.402548141327813, -0.047456545419168 ], [ 115.402583685134616, -0.047456546245719 ], [ 115.402654772749997, -0.047456547898765 ], [ 115.402690316558619, -0.047456548725261 ], [ 115.402796947988222, -0.047456551204637 ], [ 115.402868036431613, -0.04742076951046 ], [ 115.402939124876781, -0.047384987813699 ], [ 115.403010213323768, -0.047349206114407 ], [ 115.403081303407788, -0.047241857711028 ], [ 115.403187935674183, -0.047206076825988 ], [ 115.403223480308, -0.047170294294593 ], [ 115.403259024941789, -0.047134511761969 ], [ 115.403294568760771, -0.047134512582545 ], [ 115.403330112580392, -0.047134513403103 ], [ 115.403401200221481, -0.047134515044165 ], [ 115.403436744042935, -0.047134515864669 ], [ 115.403472287864986, -0.047134516685154 ], [ 115.403578915252567, -0.047313435943809 ], [ 115.403650000445737, -0.047420787672988 ], [ 115.40372108481408, -0.0475639227715 ], [ 115.403721081520018, -0.047707056219273 ], [ 115.403756625347341, -0.047707057049577 ], [ 115.403756624522288, -0.047742840412167 ], [ 115.403792168350222, -0.047742841243076 ], [ 115.403934342842703, -0.04777862793221 ], [ 115.404040974337775, -0.04777863042647 ], [ 115.404147605838403, -0.047778632920564 ], [ 115.40425423817004, -0.0477428520432 ], [ 115.404289785302041, -0.047599719386209 ], [ 115.40436087544191, -0.04749237092299 ], [ 115.404396421739534, -0.047385021627856 ], [ 115.4045030557117, -0.047277673973909 ], [ 115.404609689683539, -0.047170326308556 ], [ 115.404680778997914, -0.047098761192014 ], [ 115.404751869124311, -0.046991412690422 ], [ 115.404822958437137, -0.046919847562527 ], [ 115.404894047749806, -0.046848282429563 ], [ 115.404965136253978, -0.046812500675329 ], [ 115.405249488675167, -0.046740940410166 ], [ 115.405320575575075, -0.046776725425525 ], [ 115.405427205524092, -0.046848294649037 ], [ 115.405462748571352, -0.046884078856001 ], [ 115.405533834665903, -0.046955647273571 ], [ 115.405569377713263, -0.046991431484195 ], [ 115.405569376089147, -0.047062998272844 ], [ 115.405640462181523, -0.047134566700254 ], [ 115.405676003597563, -0.047241917708159 ], [ 115.405676002781533, -0.047277701104364 ], [ 115.405711545008785, -0.047349268719807 ], [ 115.405711543372462, -0.047420835513425 ], [ 115.40574708641519, -0.047456619735149 ], [ 115.405747083954253, -0.047563969927438 ], [ 115.405747083132695, -0.047599753324866 ], [ 115.405853706473167, -0.047957589799859 ], [ 115.405924789224102, -0.04817229187014 ], [ 115.405960331425504, -0.048243859509691 ], [ 115.405995873625102, -0.048315427151727 ], [ 115.406066960525791, -0.048351212234114 ], [ 115.406066959690833, -0.048386995637132 ], [ 115.406138045756677, -0.048458564127435 ], [ 115.406173588789628, -0.048494348374407 ], [ 115.406209130146081, -0.048601699433626 ], [ 115.406244673177909, -0.048637483684307 ], [ 115.40624467233809, -0.04867326709043 ], [ 115.406315756716836, -0.048816402411422 ], [ 115.406351299747001, -0.048852186667656 ], [ 115.406386841088462, -0.048959537742297 ], [ 115.406422384117462, -0.048995322002223 ], [ 115.406493470175718, -0.049066890525712 ], [ 115.406529011508837, -0.049174241611478 ], [ 115.406564554536857, -0.049210025877525 ], [ 115.406600096714754, -0.049281593557131 ], [ 115.40663563889089, -0.049353161239186 ], [ 115.406742267971751, -0.049460514055758 ], [ 115.406777811852507, -0.049460514914951 ], [ 115.406813354025857, -0.04953208260623 ], [ 115.406884437509788, -0.049711001413522 ], [ 115.406919980535193, -0.049746785694895 ], [ 115.406919978817356, -0.049818352530741 ], [ 115.406919977957543, -0.04985413594868 ], [ 115.406955520120093, -0.0499257036517 ], [ 115.407026607028527, -0.049961488805765 ], [ 115.407062150052298, -0.049997273093929 ], [ 115.40716878085118, -0.050033059121152 ], [ 115.4072043238763, -0.050068843412966 ], [ 115.407275411655135, -0.050068845151963 ], [ 115.407310954681549, -0.050104629446187 ], [ 115.40738204073449, -0.050176198038305 ], [ 115.407417584626771, -0.05017619890958 ], [ 115.40745312851962, -0.050176199780836 ], [ 115.407524215441569, -0.050211984951771 ], [ 115.407559758470043, -0.050247769252693 ], [ 115.407595301498546, -0.050283553554821 ], [ 115.407630844527134, -0.050319337858205 ], [ 115.407666387555707, -0.050355122162779 ], [ 115.407666386687012, -0.050390905593761 ], [ 115.407701928845128, -0.050462473331763 ], [ 115.4077019279746, -0.050498256763349 ], [ 115.407737471001482, -0.050534041072247 ], [ 115.40777301315606, -0.050605608815176 ], [ 115.407773012283116, -0.05064139224802 ], [ 115.40784409833465, -0.05071296087441 ], [ 115.408163990836456, -0.050820319115719 ], [ 115.408235077773057, -0.050856104320668 ], [ 115.408306164711576, -0.050891889527988 ], [ 115.408341708620284, -0.050891890411177 ], [ 115.408412796439549, -0.050891892177498 ], [ 115.408448340350077, -0.050891893060629 ], [ 115.408554972962264, -0.050856112263433 ], [ 115.408590517751477, -0.050820329698739 ], [ 115.408661606454828, -0.050784548013967 ], [ 115.408768239075968, -0.050748767207069 ], [ 115.409088136095448, -0.050677208218815 ], [ 115.409159224813166, -0.050641426519834 ], [ 115.409194768736526, -0.050641427398206 ], [ 115.409230313532646, -0.050605644818258 ], [ 115.409336946179721, -0.050569863991207 ], [ 115.409372490106108, -0.05056986486824 ], [ 115.409514667558824, -0.050498301449677 ], [ 115.409550211488266, -0.050498302325371 ], [ 115.409585755418306, -0.050498303201046 ], [ 115.409656844149751, -0.050462521486604 ], [ 115.409692388950461, -0.050426738895246 ], [ 115.409799021617943, -0.050390958050056 ], [ 115.410047834366267, -0.050176263330027 ], [ 115.410083378304762, -0.050176264199845 ], [ 115.410083380031494, -0.050104697253482 ], [ 115.410154469634492, -0.050033132041717 ], [ 115.410190015296493, -0.049961565958908 ], [ 115.410225559237361, -0.049961566824927 ], [ 115.410225560956533, -0.049889999873598 ], [ 115.410296648840045, -0.049890001603097 ], [ 115.410296649698665, -0.049854218126208 ], [ 115.410367738442588, -0.049818436376225 ], [ 115.410367739299957, -0.049782652898095 ], [ 115.410438828044974, -0.049746871144313 ], [ 115.410474372846139, -0.049711088526484 ], [ 115.410545460738064, -0.049711090249511 ], [ 115.410581005540351, -0.049675307629126 ], [ 115.41061655034261, -0.049639525007482 ], [ 115.410687638239409, -0.049639526727874 ], [ 115.410687639947, -0.049567959760413 ], [ 115.410758727846186, -0.049567961478249 ], [ 115.410758728699008, -0.049532177993278 ], [ 115.410829817452822, -0.049496396223585 ], [ 115.41097199581597, -0.049389049187851 ], [ 115.411043085423415, -0.049317483919313 ], [ 115.411078630227067, -0.049281701283155 ], [ 115.411149718139484, -0.04928170299065 ], [ 115.411185262096637, -0.049281703844369 ], [ 115.411220806054374, -0.049281704698069 ], [ 115.411434069813808, -0.049281709819866 ], [ 115.411469613775864, -0.049281710673432 ], [ 115.411505156890399, -0.049317495024971 ], [ 115.41157624226966, -0.049424847230923 ], [ 115.411576241419112, -0.04946063073017 ], [ 115.411611784532568, -0.04949641508659 ], [ 115.411647326793698, -0.049567982944716 ], [ 115.411682868198895, -0.049675334306386 ], [ 115.411718411310673, -0.049711118668341 ], [ 115.411753954422508, -0.049746903031498 ], [ 115.411931669982209, -0.049925824865682 ], [ 115.412251557992107, -0.050247884244004 ], [ 115.41232264594619, -0.050247885983689 ], [ 115.412393733038456, -0.050283671236751 ], [ 115.412464820997485, -0.05028367297752 ], [ 115.412500364977944, -0.050283673847876 ], [ 115.412535908959015, -0.050283674718211 ], [ 115.412606997787123, -0.050247892941655 ], [ 115.412642541770026, -0.050247893811313 ], [ 115.412713630601104, -0.050212112031526 ], [ 115.412749174585812, -0.050212112900506 ], [ 115.412891351393569, -0.050176332854092 ], [ 115.412926896243448, -0.050140550199595 ], [ 115.412926897965889, -0.050068983154071 ], [ 115.413104625633252, -0.049746935753055 ], [ 115.413317892151625, -0.04963959032836 ], [ 115.413388980141946, -0.049639592045832 ], [ 115.413460068987362, -0.049603810231173 ], [ 115.413744421834821, -0.049568033558025 ], [ 115.413779965837037, -0.049568034415302 ], [ 115.413922140147818, -0.049639604924418 ], [ 115.413957683300183, -0.049675389323555 ], [ 115.413957681592407, -0.049746956404973 ], [ 115.413993224743606, -0.049782740806581 ], [ 115.413993223032151, -0.049854307889251 ], [ 115.413993221318265, -0.049925874971919 ], [ 115.413957675595782, -0.049997441189999 ], [ 115.413957674736679, -0.050033224730696 ], [ 115.413957673876936, -0.050069008271426 ], [ 115.413957672155618, -0.050140575352852 ], [ 115.413957671294042, -0.050176358893565 ], [ 115.41395767043187, -0.050212142434277 ], [ 115.413957669569072, -0.050247925974988 ], [ 115.413957667841615, -0.05031949305641 ], [ 115.413993207518601, -0.050498411633191 ], [ 115.414028749789637, -0.050569979590313 ], [ 115.414028748051194, -0.050641546674203 ], [ 115.41406429118878, -0.050677331092435 ], [ 115.414242006003491, -0.050892036747598 ], [ 115.414313092277951, -0.050963605601176 ], [ 115.41431309140242, -0.050999389148066 ], [ 115.414384179428652, -0.050999390911478 ], [ 115.41441972256662, -0.051035175341901 ], [ 115.41449081059659, -0.051035177106432 ], [ 115.414526353735823, -0.051070961539269 ], [ 115.414561896875142, -0.051106745973323 ], [ 115.414597437377338, -0.051249881064103 ], [ 115.41459743649709, -0.051285664615922 ], [ 115.414597434734688, -0.051357231719592 ], [ 115.414597433852578, -0.051393015271427 ], [ 115.414490800919666, -0.0514287961562 ], [ 115.414455255136673, -0.051500362365857 ], [ 115.41434862309373, -0.051500359694845 ], [ 115.414348621323683, -0.05157192678985 ], [ 115.414277533298062, -0.051571925006601 ], [ 115.414206444388896, -0.051607706768282 ], [ 115.414135352817752, -0.051750839158791 ], [ 115.414135351038851, -0.051822406246382 ], [ 115.414099806138907, -0.051858188893484 ], [ 115.414099804356297, -0.051929755979819 ], [ 115.414099802571215, -0.052001323066135 ], [ 115.414099801677764, -0.052037106609318 ], [ 115.414099799888987, -0.052108673695648 ], [ 115.41409979809778, -0.052180240781977 ], [ 115.4140997963041, -0.052251807868304 ], [ 115.414064252294921, -0.052251806964794 ], [ 115.41406425049874, -0.052323374049865 ], [ 115.414064249599733, -0.052359157592408 ], [ 115.414064246899017, -0.052466508220018 ], [ 115.414313050464386, -0.052645432304529 ], [ 115.414348593573706, -0.052681216762192 ], [ 115.414419680698103, -0.052717002132442 ], [ 115.414561854952638, -0.05278857288012 ], [ 115.414632942082761, -0.052824358257547 ], [ 115.414739574142672, -0.052824360996736 ], [ 115.41477511816386, -0.052824361909758 ], [ 115.414881750231132, -0.052824364648701 ], [ 115.415023924514685, -0.052895935418816 ], [ 115.415059468540846, -0.052895936332911 ], [ 115.415130556594988, -0.05289593816104 ], [ 115.415166100622997, -0.052895939075074 ], [ 115.415201644651589, -0.052895939989087 ], [ 115.415450452869052, -0.052895946386606 ], [ 115.415485996902575, -0.052895947300456 ], [ 115.415521540936723, -0.052895948214285 ], [ 115.415557084063465, -0.052931732696588 ], [ 115.415557082245641, -0.053003299833611 ], [ 115.41555708133582, -0.053039083402139 ], [ 115.415521532742517, -0.053218000325314 ], [ 115.415485986880498, -0.053289566540447 ], [ 115.415414891477823, -0.053575833227391 ], [ 115.415414890558083, -0.053611616793422 ], [ 115.415379344684013, -0.053683182997991 ], [ 115.415379339145204, -0.053897884390453 ], [ 115.415379337294027, -0.05396945152127 ], [ 115.415450423506911, -0.054041020519413 ], [ 115.415734773013071, -0.054148378702649 ], [ 115.415770317052264, -0.054148379637968 ], [ 115.41605466752857, -0.054219954274049 ], [ 115.416196841849896, -0.054291525178629 ], [ 115.416303467459997, -0.054542013061427 ], [ 115.416303466524198, -0.054577796642898 ], [ 115.416339007762431, -0.054685148331559 ], [ 115.41637455087411, -0.054720932858477 ], [ 115.416410093985874, -0.054756717386643 ], [ 115.416410092106418, -0.054828284553286 ], [ 115.416410091165787, -0.054864068136589 ], [ 115.416445634275789, -0.054899852667822 ], [ 115.416445633333936, -0.054935636251742 ], [ 115.416516719552902, -0.055007205319067 ], [ 115.416552262662421, -0.055042989854541 ], [ 115.416587805772011, -0.05507877439123 ], [ 115.416623348881629, -0.055114558929098 ], [ 115.416658891991275, -0.055150343468231 ], [ 115.417014329736674, -0.055257703769413 ], [ 115.417049872850953, -0.055293488317574 ], [ 115.417156505040381, -0.055293491180428 ], [ 115.417334227262685, -0.055221928752675 ], [ 115.417369773221878, -0.055150362505588 ], [ 115.417405317289834, -0.055150363457232 ], [ 115.417476406372543, -0.055114581758593 ], [ 115.417511951386601, -0.055078799107124 ], [ 115.417583039527997, -0.05507880100775 ], [ 115.417583041414616, -0.055007233800351 ], [ 115.417654131442461, -0.054935668488535 ], [ 115.417725219588576, -0.054935670384051 ], [ 115.417725220529675, -0.054899886777898 ], [ 115.417796309618609, -0.054864105064672 ], [ 115.417831854633562, -0.054828322403115 ], [ 115.417902942785688, -0.054828324294715 ], [ 115.417938486862653, -0.054828325240483 ], [ 115.417974031879368, -0.05479254257572 ], [ 115.418045120036354, -0.054792544465916 ], [ 115.418080665054177, -0.054756761798654 ], [ 115.418471649967913, -0.054756772186192 ], [ 115.41896926254249, -0.054935703541815 ], [ 115.419040348851524, -0.055007272693777 ], [ 115.419075892006077, -0.055043057271568 ], [ 115.419111434217385, -0.05511462548077 ], [ 115.419182520525553, -0.055186194643643 ], [ 115.419218063679693, -0.055221979226914 ], [ 115.41925360588759, -0.055293547444078 ], [ 115.419289149988117, -0.055293548397057 ], [ 115.419360236296754, -0.055365117572046 ], [ 115.419395778502434, -0.055436685796521 ], [ 115.419395776603253, -0.05550825306683 ], [ 115.419360230599082, -0.055579819379305 ], [ 115.419324684592993, -0.055651385689291 ], [ 115.419289139538577, -0.055687168363493 ], [ 115.419253594484161, -0.055722951036406 ], [ 115.419218049429702, -0.055758733708097 ], [ 115.419111416177785, -0.055794514455122 ], [ 115.419075871124392, -0.055830297123025 ], [ 115.41900478101752, -0.055901862455031 ], [ 115.418898147773803, -0.055937643190579 ], [ 115.418827059586022, -0.055937641261921 ], [ 115.41882705766902, -0.056009208512496 ], [ 115.41872042539184, -0.056009205615645 ], [ 115.418400526673423, -0.056080764159669 ], [ 115.418329437541686, -0.056116545842099 ], [ 115.41804508103229, -0.056259672546345 ], [ 115.418009536952596, -0.056259671575952 ], [ 115.417973990944475, -0.056331237826485 ], [ 115.417938445900489, -0.05636702046467 ], [ 115.417902899889754, -0.056438586710819 ], [ 115.417867353877071, -0.056510152954493 ], [ 115.417867351939279, -0.056581720171731 ], [ 115.417867348056305, -0.056724854606218 ], [ 115.417938431344652, -0.056903774612439 ], [ 115.417973973472343, -0.0569753428149 ], [ 115.417973972495858, -0.057011126425382 ], [ 115.417973971518748, -0.05704691003583 ], [ 115.418045058700756, -0.057082695615511 ], [ 115.418116141965541, -0.05726161564928 ], [ 115.418222771268162, -0.057368969456365 ], [ 115.418293858453779, -0.057404755051161 ], [ 115.418329400571196, -0.057476323274388 ], [ 115.4183649446571, -0.057476324265566 ], [ 115.418436032830797, -0.057476326247855 ], [ 115.418471575933836, -0.057512110858048 ], [ 115.418755925700779, -0.057619469663189 ], [ 115.418827013888148, -0.057619471649924 ], [ 115.41886255798272, -0.057619472643258 ], [ 115.41893364518684, -0.057655258256976 ], [ 115.419004732392864, -0.057691043873071 ], [ 115.419075819600835, -0.057726829491545 ], [ 115.419360170431986, -0.057798404720178 ], [ 115.419360169442285, -0.057834188354677 ], [ 115.419395713546194, -0.057834189351376 ], [ 115.419680060449593, -0.058048899164549 ], [ 115.419751147675569, -0.058084684806217 ], [ 115.419822233908533, -0.058156254092771 ], [ 115.41989331515181, -0.058406741602989 ], [ 115.419893314151992, -0.058442525246729 ], [ 115.419786677809554, -0.058585656793703 ], [ 115.419751133698441, -0.058585655784302 ], [ 115.419644500365663, -0.058621436395403 ], [ 115.419537868041402, -0.058621433365012 ], [ 115.419502323934523, -0.058621432354836 ], [ 115.419466779828269, -0.058621431344638 ], [ 115.419360147513174, -0.058621428313906 ], [ 115.419217972104946, -0.058585640640574 ], [ 115.419111339802797, -0.058585637611216 ], [ 115.419075795703279, -0.058585636601385 ], [ 115.418969163408491, -0.058585633571755 ], [ 115.418933619311431, -0.058585632561833 ], [ 115.418898075215026, -0.058585631551888 ], [ 115.41879144292939, -0.058585628521918 ], [ 115.418755898835428, -0.058585627511882 ], [ 115.418684810649296, -0.058585625491743 ], [ 115.418649266557139, -0.05858562448164 ], [ 115.418542634284421, -0.058585621451193 ], [ 115.418507090194723, -0.058585620440999 ], [ 115.41847154610565, -0.058585619430782 ], [ 115.418400457929351, -0.05858561741028 ], [ 115.418329369755497, -0.058585615389687 ], [ 115.418222737499278, -0.058585612358628 ], [ 115.418151649331548, -0.058585610337809 ], [ 115.418045017084538, -0.05858560730641 ], [ 115.417938384843055, -0.058585604274806 ], [ 115.417867296685131, -0.058585602253624 ], [ 115.417796208529666, -0.058585600232351 ], [ 115.417725119372406, -0.05862138181711 ], [ 115.417654031221787, -0.058621379794421 ], [ 115.417582943073626, -0.058621377771641 ], [ 115.417476309850997, -0.058657158339101 ], [ 115.417440765779631, -0.058657157326992 ], [ 115.417156413230998, -0.058657149229298 ], [ 115.417049781035388, -0.058657146192288 ], [ 115.417014236971397, -0.058657145179906 ], [ 115.416943148845277, -0.058657143155074 ], [ 115.41690760478312, -0.058657142142623 ], [ 115.416800971594327, -0.058692922695186 ], [ 115.416765427534614, -0.058692921682028 ], [ 115.416729883475512, -0.058692920668846 ], [ 115.416623251301942, -0.058692917629165 ], [ 115.41658770623846, -0.05872870020227 ], [ 115.416516614093439, -0.058871832514897 ], [ 115.416658783237537, -0.059122321693527 ], [ 115.416729869325636, -0.059193890912434 ], [ 115.416729867294407, -0.059265458090081 ], [ 115.416729866277876, -0.059301241678888 ], [ 115.417227472970538, -0.059659091983043 ], [ 115.417263017038849, -0.059659093012579 ], [ 115.417298560084845, -0.059694877640775 ], [ 115.417334104154406, -0.059694878670882 ], [ 115.4174407363667, -0.059694881761066 ], [ 115.417547368584579, -0.059694884851043 ], [ 115.417582912658389, -0.059694885880988 ], [ 115.417618456732853, -0.059694886910911 ], [ 115.417689544883615, -0.059694888970687 ], [ 115.417725087936645, -0.059730673606665 ], [ 115.417760632013582, -0.059730674637113 ], [ 115.417867263224267, -0.059766461336877 ], [ 115.417973895464328, -0.059766464429725 ], [ 115.418044982603149, -0.05980225010317 ], [ 115.418151614852476, -0.059802253197522 ], [ 115.418293789143419, -0.059873824554964 ], [ 115.418329332204337, -0.059909609204109 ], [ 115.418400419353389, -0.05994539488818 ], [ 115.418400418326272, -0.059981178506028 ], [ 115.418435961387303, -0.060016963158787 ], [ 115.418435959330068, -0.060088530395682 ], [ 115.418435958300535, -0.060124314014145 ], [ 115.418471499297752, -0.060231665908088 ], [ 115.418507042355927, -0.060267450566384 ], [ 115.418755848938758, -0.060339025088247 ], [ 115.419075746849501, -0.060303250820239 ], [ 115.419146835051308, -0.060303252899091 ], [ 115.419182380185234, -0.060267470307083 ], [ 115.419360100703372, -0.060267475500604 ], [ 115.419679995610451, -0.060339052127535 ], [ 115.419679993543838, -0.060410619407598 ], [ 115.419786623809912, -0.060482189813942 ], [ 115.419822165851528, -0.060553758140986 ], [ 115.419857707891367, -0.060625326470471 ], [ 115.419893249929487, -0.060696894802396 ], [ 115.419928793005454, -0.06073267949242 ], [ 115.419999878116741, -0.060840032521669 ], [ 115.420035418064501, -0.060983168154501 ], [ 115.420106506300272, -0.060983170255516 ], [ 115.420177590359941, -0.061126306951046 ], [ 115.420319751088783, -0.061663065929128 ], [ 115.420604100922276, -0.061770425392916 ], [ 115.420746275323253, -0.061841996964568 ], [ 115.420852907716238, -0.061842000159 ], [ 115.420959537998357, -0.061913570677613 ], [ 115.421030626267168, -0.061913572809435 ], [ 115.421137255496163, -0.062020927002819 ], [ 115.42117279963341, -0.06202092807047 ], [ 115.421243886848941, -0.062056713872824 ], [ 115.421279429926713, -0.062092498608758 ], [ 115.421279427802176, -0.062164065944235 ], [ 115.421314970878825, -0.062199850682591 ], [ 115.421172787930971, -0.062414548395234 ], [ 115.421137242725905, -0.062450330986094 ], [ 115.42106615338453, -0.062486112499956 ], [ 115.420639622727293, -0.06252188324624 ], [ 115.420604079668053, -0.062486098513557 ], [ 115.420532992481739, -0.062450312706662 ], [ 115.420497448355206, -0.062450311631183 ], [ 115.42042636117209, -0.06241452582719 ], [ 115.42039081811491, -0.06237874109994 ], [ 115.420319729867487, -0.062378738951231 ], [ 115.420284186811614, -0.062342954226341 ], [ 115.420248643755784, -0.062307169502691 ], [ 115.420177555513405, -0.062307167356255 ], [ 115.420142013524028, -0.062235598986962 ], [ 115.420106470469008, -0.062199814267496 ], [ 115.420070927413988, -0.062164029549272 ], [ 115.419964297187036, -0.062092459046738 ], [ 115.419964298249269, -0.062056675401798 ], [ 115.419893211078659, -0.062020889619899 ], [ 115.419715492630502, -0.061949316995813 ], [ 115.419679948518421, -0.06194931592841 ], [ 115.419573316185847, -0.061949312726059 ], [ 115.419502226906488, -0.061985094227981 ], [ 115.41946668279806, -0.061985093159817 ], [ 115.419395593521656, -0.062020874658495 ], [ 115.419360047290382, -0.062092440858559 ], [ 115.419324502121057, -0.062128223422291 ], [ 115.419288955887168, -0.06219978961797 ], [ 115.419288954822036, -0.06223557325121 ], [ 115.419288950555412, -0.062378707784095 ], [ 115.419288949487225, -0.062414491417298 ], [ 115.419288946278996, -0.062521842316971 ], [ 115.419360019447041, -0.06302281535427 ], [ 115.419395561395447, -0.06309438371051 ], [ 115.41943110442304, -0.063130168433498 ], [ 115.419466646369159, -0.063201736794002 ], [ 115.419502189396297, -0.063237521520057 ], [ 115.419573276533981, -0.063273307337599 ], [ 115.419573275450674, -0.063309090975756 ], [ 115.419608817393438, -0.063380659344174 ], [ 115.419644360420165, -0.06341644407566 ], [ 115.419679903446934, -0.063452228808355 ], [ 115.419750990587502, -0.06348801463613 ], [ 115.41975098841317, -0.06355958191857 ], [ 115.419999789598521, -0.063810075102476 ], [ 115.419999788506317, -0.063845858748007 ], [ 115.420035331532432, -0.063881643494012 ], [ 115.420070874558533, -0.063917428241224 ], [ 115.420070873464553, -0.063953211887987 ], [ 115.420141959515817, -0.064024781387266 ], [ 115.420141957323651, -0.064096348683253 ], [ 115.420177500348174, -0.064132133435918 ], [ 115.420284120610063, -0.064525756904826 ], [ 115.420319663630096, -0.064561541667282 ], [ 115.420319661419811, -0.064633108969416 ], [ 115.420319660313751, -0.064668892620483 ], [ 115.420319659207067, -0.064704676271549 ], [ 115.420355196679296, -0.064919379296041 ], [ 115.420355195568362, -0.064955162947737 ], [ 115.420213013507052, -0.065134076718663 ], [ 115.420177468269515, -0.06516985924535 ], [ 115.41992866054153, -0.065134067742569 ], [ 115.41985757230627, -0.065134065498293 ], [ 115.419857574534376, -0.0650624982122 ], [ 115.419786488527393, -0.06499092868666 ], [ 115.419750946635332, -0.064919360284502 ], [ 115.419679858406511, -0.064919358047373 ], [ 115.419644316514038, -0.064847789650069 ], [ 115.419431057388792, -0.064668864767081 ], [ 115.419359971384196, -0.064597295269274 ], [ 115.419359972489715, -0.064561511634869 ], [ 115.41928888758784, -0.064454158509935 ], [ 115.41918224974529, -0.064633073333987 ], [ 115.419182248638435, -0.064668856965324 ], [ 115.419146703426179, -0.064704639481407 ], [ 115.419146701209357, -0.064776206742846 ], [ 115.419075611892154, -0.064811988139281 ], [ 115.419004523686752, -0.064811985904897 ], [ 115.418791256864239, -0.064883546450243 ], [ 115.418755712766099, -0.064883545331629 ], [ 115.418684624571611, -0.064883543094327 ], [ 115.418684625682488, -0.064847759471612 ], [ 115.418684627902422, -0.064776192226231 ], [ 115.418649084915231, -0.06474040748731 ], [ 115.418613543035974, -0.064668839128131 ], [ 115.418613544143241, -0.064633055506664 ], [ 115.41857800115497, -0.064597270771376 ], [ 115.418578003366477, -0.064525703529673 ], [ 115.418542461481337, -0.064454135176607 ], [ 115.418542463687984, -0.064382567936168 ], [ 115.418542464790391, -0.06434678431593 ], [ 115.418542465892187, -0.064311000695692 ], [ 115.418506925100445, -0.064203648727892 ], [ 115.418506927298566, -0.064132081488646 ], [ 115.41850692839671, -0.064096297869039 ], [ 115.41847138540156, -0.064060513144774 ], [ 115.418435843502792, -0.063988944803344 ], [ 115.41843584459852, -0.063953161184969 ], [ 115.418435845693622, -0.063917377566576 ], [ 115.418435847882023, -0.06384581032979 ], [ 115.418435848975321, -0.063810026711396 ], [ 115.418400308160287, -0.063702674757708 ], [ 115.418329226515922, -0.063487970861353 ], [ 115.418187052336719, -0.063416399253569 ], [ 115.418080421164561, -0.063380612360055 ], [ 115.418044878165261, -0.063344827655232 ], [ 115.418009334081049, -0.063344826562631 ], [ 115.417973791082474, -0.063309041859643 ], [ 115.417902702917132, -0.063309039675553 ], [ 115.417760523336483, -0.063416386127101 ], [ 115.417653887837133, -0.06352373365936 ], [ 115.417653886748212, -0.063559517264197 ], [ 115.417547246877092, -0.063809999195157 ], [ 115.417547245783183, -0.06384578279812 ], [ 115.417511696228388, -0.064024699708254 ], [ 115.417511694032584, -0.06409626691294 ], [ 115.417511692933758, -0.064132050515265 ], [ 115.417547234810527, -0.064203618827709 ], [ 115.417547233709868, -0.064239402430684 ], [ 115.417547232608612, -0.064275186033624 ], [ 115.417796032328994, -0.064561462654117 ], [ 115.417902660145216, -0.064704600431751 ], [ 115.417902657926632, -0.064776167649997 ], [ 115.417973746094006, -0.064776169884702 ], [ 115.417973742761703, -0.064883520715772 ], [ 115.417973739423871, -0.06499087154682 ], [ 115.418009271223013, -0.065384492388475 ], [ 115.418009267859503, -0.065491843221387 ], [ 115.418080349288303, -0.065706547153793 ], [ 115.418080348162277, -0.065742330766005 ], [ 115.418115889995576, -0.065813899125531 ], [ 115.41815143295554, -0.065849683874055 ], [ 115.418151430698089, -0.065921251100909 ], [ 115.418151429568425, -0.065957034714351 ], [ 115.418151428438179, -0.06599281832776 ], [ 115.417938159392165, -0.066135945937089 ], [ 115.417902615307838, -0.066135944796268 ], [ 115.417618262655282, -0.066135935668782 ], [ 115.417547175631441, -0.066100149783725 ], [ 115.417476087476928, -0.06610014750273 ], [ 115.417440543400588, -0.066100146362194 ], [ 115.417369455249769, -0.066100144081045 ], [ 115.417298368234114, -0.066064358201186 ], [ 115.417262824160886, -0.06606435706114 ], [ 115.417191736016235, -0.066064354780971 ], [ 115.417156191944812, -0.066064353640847 ], [ 115.416871839395725, -0.066064344518942 ], [ 115.416836297594102, -0.065992776197411 ], [ 115.416765209464288, -0.065992773919099 ], [ 115.416374227056622, -0.065921194221452 ], [ 115.416338682999452, -0.065921193083212 ], [ 115.416232050831553, -0.065921189668339 ], [ 115.416196507907273, -0.065885404950552 ], [ 115.41612541979967, -0.065885402675028 ], [ 115.416089876876711, -0.065849617959602 ], [ 115.416054333953809, -0.06581383324542 ], [ 115.416018791030922, -0.065778048532414 ], [ 115.415983248108091, -0.065742263820651 ], [ 115.415912160008119, -0.065742261549765 ], [ 115.415841074165186, -0.065670692132207 ], [ 115.415734444275927, -0.065599121586379 ], [ 115.415698901355285, -0.065563336882429 ], [ 115.415663358434671, -0.065527552179689 ], [ 115.415627814390035, -0.065527551047738 ], [ 115.415556727426761, -0.065491765215418 ], [ 115.415521183383987, -0.065491764084009 ], [ 115.415485639341853, -0.065491762952575 ], [ 115.415414551259389, -0.065491760689631 ], [ 115.415379007219087, -0.06549175955812 ], [ 115.415343463179397, -0.065491758426585 ], [ 115.41527237510185, -0.065491756163438 ], [ 115.415236831063993, -0.065491755031826 ], [ 115.415201284777382, -0.065563321024509 ], [ 115.415130195578996, -0.065599102319609 ], [ 115.415094650417231, -0.065634884746344 ], [ 115.415094648162778, -0.065706451866933 ], [ 115.415059102999663, -0.065742234291185 ], [ 115.415059095085297, -0.065992719208938 ], [ 115.415094635719441, -0.066100071030242 ], [ 115.415201263285752, -0.066243208705424 ], [ 115.415236806186272, -0.066278993412813 ], [ 115.415272347948417, -0.066350561684796 ], [ 115.415307891987467, -0.066350562831221 ], [ 115.415378978928459, -0.066386348689216 ], [ 115.415556694577674, -0.066529488697119 ], [ 115.415663324427541, -0.066601059285336 ], [ 115.415698868473541, -0.066601060435805 ], [ 115.415805500615235, -0.066601063887058 ], [ 115.415841044663708, -0.066601065037424 ], [ 115.415947676812777, -0.066601068488367 ], [ 115.41598322086368, -0.06660106963863 ], [ 115.416089853020139, -0.066601073089265 ], [ 115.416196485182084, -0.066601076539667 ], [ 115.416196481752152, -0.066708427278001 ], [ 115.41619648060761, -0.066744210857467 ], [ 115.416196471429132, -0.067030479493042 ], [ 115.416196470279075, -0.067066263072486 ], [ 115.416160918156265, -0.067316746966098 ], [ 115.416160914689414, -0.067424097702562 ], [ 115.416160905417456, -0.067710366333094 ], [ 115.41616090425569, -0.067746149911926 ], [ 115.416160903093314, -0.067781933490725 ], [ 115.416160900766755, -0.067853500648371 ], [ 115.416196443658052, -0.067889285399539 ], [ 115.416196440161812, -0.067996636137831 ], [ 115.416267527108289, -0.068032422066816 ], [ 115.416267524773275, -0.068103989228145 ], [ 115.416267523604844, -0.068139772808809 ], [ 115.416303061811163, -0.068318691891809 ], [ 115.416267515408649, -0.068390257873439 ], [ 115.416054245201451, -0.068569168672066 ], [ 115.416018696437817, -0.068712301793202 ], [ 115.416231915539768, -0.070072084953792 ], [ 115.416302970983352, -0.071038244067304 ], [ 115.416231864518281, -0.071574995313909 ], [ 115.415983051202389, -0.07171812096417 ], [ 115.415509134349151, -0.07160677779248 ] ] ] ] } }
]
}
