{
"type": "FeatureCollection",
"name": "habitat_ibis",
"crs": { "type": "name", "properties": { "name": "urn:ogc:def:crs:OGC:1.3:CRS84" } },
"features": [
{ "type": "Feature", "properties": { "Toponim": "Long Melaham", "subws_id": 29, "Ibis": 1, "Kls_Pr": "Dipertahankan" }, "geometry": { "type": "MultiPolygon", "coordinates": [ [ [ [ 115.395802721322113, 0.321042893716543, 0.0 ], [ 115.395659477661212, 0.320874371729089, 0.0 ], [ 115.394850461129735, 0.319779819730893, 0.0 ], [ 115.394184211937173, 0.318256965235823, 0.0 ], [ 115.394041444772455, 0.317067234295088, 0.0 ], [ 115.394041444660544, 0.315449200951645, 0.0 ], [ 115.394517336556376, 0.314069113116958, 0.0 ], [ 115.39537394270279, 0.312926972448049, 0.0 ], [ 115.396420905133823, 0.312165544590358, 0.0 ], [ 115.397277511571247, 0.311070992803816, 0.0 ], [ 115.397991350080844, 0.310357154773019, 0.0 ], [ 115.399968427982301, 0.309192133285426, 0.0 ], [ 115.399800960848879, 0.309200975276426, 0.0 ], [ 115.399479950007134, 0.309206038082759, 0.0 ], [ 115.39875084661027, 0.309192273115054, 0.0 ], [ 115.397980608159031, 0.30914653310124, 0.0 ], [ 115.39700876230593, 0.309047189982919, 0.0 ], [ 115.39665528387178, 0.309025405950709, 0.0 ], [ 115.39631225410578, 0.309015001436447, 0.0 ], [ 115.395988353582737, 0.309016062766203, 0.0 ], [ 115.395784585928979, 0.3090255946348, 0.0 ], [ 115.395588714992414, 0.309050755282048, 0.0 ], [ 115.395397716783563, 0.30909285739507, 0.0 ], [ 115.395117586305901, 0.309174808018143, 0.0 ], [ 115.394850762729192, 0.309281560373441, 0.0 ], [ 115.394200467162662, 0.309638422038442, 0.0 ], [ 115.394038224611364, 0.309716768478155, 0.0 ], [ 115.393717113749219, 0.30984906726467, 0.0 ], [ 115.393559351400256, 0.309896306622706, 0.0 ], [ 115.393402198917912, 0.309926398246406, 0.0 ], [ 115.393167006873938, 0.309924483938524, 0.0 ], [ 115.392942233018488, 0.309861608347027, 0.0 ], [ 115.392938365153739, 0.309859268143616, 0.0 ], [ 115.392737780536947, 0.309737902329456, 0.0 ], [ 115.392541580350795, 0.309577071285125, 0.0 ], [ 115.392135861228709, 0.309214440077047, 0.0 ], [ 115.391865536244083, 0.308945524414881, 0.0 ], [ 115.391735427306614, 0.308802192320058, 0.0 ], [ 115.391225411487227, 0.30819780051169, 0.0 ], [ 115.391090751025686, 0.308052385041255, 0.0 ], [ 115.390948172917916, 0.307917349671102, 0.0 ], [ 115.390797304786616, 0.307789850094008, 0.0 ], [ 115.390637664418179, 0.307674633284139, 0.0 ], [ 115.390299708258951, 0.307468565171668, 0.0 ], [ 115.390299455847838, 0.307468433095064, 0.0 ], [ 115.390122225746182, 0.307380236285265, 0.0 ], [ 115.390122009265411, 0.307380123205948, 0.0 ], [ 115.389754346001766, 0.307230022220132, 0.0 ], [ 115.389499763971443, 0.307156176934726, 0.0 ], [ 115.389240916219052, 0.307103563842033, 0.0 ], [ 115.388987051695096, 0.307067896713959, 0.0 ], [ 115.388802448156326, 0.307052106417182, 0.0 ], [ 115.388621749019933, 0.307052684922314, 0.0 ], [ 115.388445983595801, 0.307070795402286, 0.0 ], [ 115.387940317074353, 0.307181171226059, 0.0 ], [ 115.38776826181514, 0.307211203653859, 0.0 ], [ 115.387532732550866, 0.307228336435837, 0.0 ], [ 115.387295230504478, 0.307216035271453, 0.0 ], [ 115.38706643620776, 0.307172334788858, 0.0 ], [ 115.386904274324877, 0.307118461229461, 0.0 ], [ 115.386749819168614, 0.307052943273464, 0.0 ], [ 115.386605249292629, 0.306975057758108, 0.0 ], [ 115.386473285043849, 0.306883399707457, 0.0 ], [ 115.386353858164597, 0.306783834856012, 0.0 ], [ 115.386247671257024, 0.306675612683397, 0.0 ], [ 115.38605044300509, 0.306448924157221, 0.0 ], [ 115.38582734939142, 0.306220842637909, 0.0 ], [ 115.385580126, 0.306009366255195, 0.0 ], [ 115.385448600289095, 0.305916976732786, 0.0 ], [ 115.385312239063225, 0.305835408173272, 0.0 ], [ 115.385171071898711, 0.305771144003611, 0.0 ], [ 115.385025113878939, 0.305725456670408, 0.0 ], [ 115.384874289373798, 0.305705509667172, 0.0 ], [ 115.384721209648518, 0.30571247363744, 0.0 ], [ 115.38456837402704, 0.305745166943141, 0.0 ], [ 115.384415629025909, 0.305796692836746, 0.0 ], [ 115.384262549930256, 0.305865738105855, 0.0 ], [ 115.384109002906143, 0.305946169296019, 0.0 ], [ 115.383957512036957, 0.306039427447109, 0.0 ], [ 115.383810731535135, 0.306147801916863, 0.0 ], [ 115.383668664863279, 0.306266143227896, 0.0 ], [ 115.383399120084462, 0.306534593958727, 0.0 ], [ 115.383272348262224, 0.306683331556905, 0.0 ], [ 115.383151452292239, 0.306838721659262, 0.0 ], [ 115.383037485287176, 0.307004910051453, 0.0 ], [ 115.382931025418827, 0.30717822960786, 0.0 ], [ 115.382803191872242, 0.307427608689197, 0.0 ], [ 115.382392033536746, 0.308341285189676, 0.0 ], [ 115.382023565404623, 0.309104647423767, 0.0 ], [ 115.381757388849749, 0.309682788856401, 0.0 ], [ 115.38156904408882, 0.310048011437631, 0.0 ], [ 115.381470926331318, 0.310224070401545, 0.0 ], [ 115.381367888133724, 0.310390222145418, 0.0 ], [ 115.381261727246368, 0.310551089169547, 0.0 ], [ 115.381150411492271, 0.310701844550658, 0.0 ], [ 115.381031881762524, 0.310837556454985, 0.0 ], [ 115.380907218278921, 0.310961308039115, 0.0 ], [ 115.380776737971019, 0.311068408399038, 0.0 ], [ 115.380640974189376, 0.311160559638754, 0.0 ], [ 115.380500027465047, 0.311232431434947, 0.0 ], [ 115.380353936420335, 0.31128408710291, 0.0 ], [ 115.380202598672966, 0.311309486362237, 0.0 ], [ 115.380045571953247, 0.311310570826214, 0.0 ], [ 115.379882563900907, 0.311295890340776, 0.0 ], [ 115.379715699594186, 0.311267825532228, 0.0 ], [ 115.379289482603696, 0.31116112570168, 0.0 ], [ 115.378567129763553, 0.310943700107408, 0.0 ], [ 115.378420454318587, 0.310917082720791, 0.0 ], [ 115.378277891334889, 0.310908676291807, 0.0 ], [ 115.378139201516319, 0.310926595657821, 0.0 ], [ 115.378004297534375, 0.310972075260027, 0.0 ], [ 115.377870227817809, 0.31103707482166, 0.0 ], [ 115.377734047984106, 0.311113549547053, 0.0 ], [ 115.377455354513415, 0.311294086567054, 0.0 ], [ 115.377022540882948, 0.311591597426421, 0.0 ], [ 115.376741346842763, 0.311799266685736, 0.0 ], [ 115.376607741949684, 0.311903018270731, 0.0 ], [ 115.376285035647342, 0.312173717056068, 0.0 ], [ 115.376121723420425, 0.312269911610819, 0.0 ], [ 115.37599045421959, 0.312309018554493, 0.0 ], [ 115.375851583073413, 0.312321017770183, 0.0 ], [ 115.375704854486941, 0.312314195921128, 0.0 ], [ 115.375552761855232, 0.312290871286904, 0.0 ], [ 115.375397487892982, 0.312252442359053, 0.0 ], [ 115.374905428089889, 0.312106202343424, 0.0 ], [ 115.374729093955054, 0.312061369967158, 0.0 ], [ 115.374497502244949, 0.31202166578992, 0.0 ], [ 115.374256761807402, 0.312000984404616, 0.0 ], [ 115.374014581287383, 0.311998501318958, 0.0 ], [ 115.373778567718531, 0.312014021463205, 0.0 ], [ 115.373243899004436, 0.31209034342562, 0.0 ], [ 115.373070732738171, 0.312108334099181, 0.0 ], [ 115.372900468610709, 0.312116963244028, 0.0 ], [ 115.372411013861566, 0.312121549883935, 0.0 ], [ 115.372251171675757, 0.31211562038472, 0.0 ], [ 115.371764847354584, 0.31207014463854, 0.0 ], [ 115.371596577623464, 0.312043668496659, 0.0 ], [ 115.371242120823396, 0.311963721803559, 0.0 ], [ 115.370598529866953, 0.311803468762129, 0.0 ], [ 115.369841967299223, 0.311635872843367, 0.0 ], [ 115.369565202600228, 0.311582340294104, 0.0 ], [ 115.368824232317721, 0.311469165981139, 0.0 ], [ 115.368633557092636, 0.311429846258543, 0.0 ], [ 115.368447777093877, 0.311377180730549, 0.0 ], [ 115.36809221447659, 0.311236615541837, 0.0 ], [ 115.36757678132868, 0.310991074339511, 0.0 ], [ 115.367318392302522, 0.310877770978417, 0.0 ], [ 115.366831548434121, 0.310678754711184, 0.0 ], [ 115.366754208804707, 0.310647138870807, 0.0 ], [ 115.366607228475161, 0.310599402811298, 0.0 ], [ 115.366465883269669, 0.310569541423758, 0.0 ], [ 115.366330071216197, 0.310560554453583, 0.0 ], [ 115.366199772227105, 0.310580393938404, 0.0 ], [ 115.366014850062413, 0.310664144229547, 0.0 ], [ 115.36570507735513, 0.31087811021696, 0.0 ], [ 115.36537592763132, 0.311123026651838, 0.0 ], [ 115.365186112256765, 0.311283259646105, 0.0 ], [ 115.365073285531153, 0.31140293412288, 0.0 ], [ 115.364973075626793, 0.311528918469194, 0.0 ], [ 115.364890301420076, 0.311665137459167, 0.0 ], [ 115.364830738396748, 0.311816160826658, 0.0 ], [ 115.364792349750303, 0.311978188135725, 0.0 ], [ 115.364758854530962, 0.312202269783148, 0.0 ], [ 115.364735664055971, 0.312442834097635, 0.0 ], [ 115.364697095549843, 0.313133685056349, 0.0 ], [ 115.364676578110888, 0.313329521927989, 0.0 ], [ 115.364642387556302, 0.313523896103437, 0.0 ], [ 115.364594884620544, 0.313713535660474, 0.0 ], [ 115.364474099404063, 0.314094178076739, 0.0 ], [ 115.364400285442201, 0.314278611575639, 0.0 ], [ 115.363858449826949, 0.315504751160799, 0.0 ], [ 115.363727237654203, 0.315792368320365, 0.0 ], [ 115.363489852018418, 0.316253100101242, 0.0 ], [ 115.363333187036005, 0.316516069311059, 0.0 ], [ 115.363217532745168, 0.316677564109403, 0.0 ], [ 115.363094396480022, 0.3168324676302, 0.0 ], [ 115.362829308987344, 0.317117145798638, 0.0 ], [ 115.362412146191318, 0.317503065250228, 0.0 ], [ 115.362285527545453, 0.317638076714313, 0.0 ], [ 115.362169104348993, 0.317776044328181, 0.0 ], [ 115.362064685182887, 0.317920971979735, 0.0 ], [ 115.36188697307071, 0.318214011032503, 0.0 ], [ 115.361815695968929, 0.318361999768185, 0.0 ], [ 115.361631604632365, 0.318809806058937, 0.0 ], [ 115.36151562012688, 0.31912141682315, 0.0 ], [ 115.361469785487557, 0.319284244678525, 0.0 ], [ 115.361436466598363, 0.319450295861273, 0.0 ], [ 115.361421634640394, 0.319624875397328, 0.0 ], [ 115.361424735811283, 0.319805069358811, 0.0 ], [ 115.361447483601737, 0.320095910242281, 0.0 ], [ 115.361489107271908, 0.320400908289597, 0.0 ], [ 115.3615516579016, 0.320707375688, 0.0 ], [ 115.361638675978085, 0.321002711683056, 0.0 ], [ 115.361787569767714, 0.321368626621383, 0.0 ], [ 115.362019416471213, 0.321884235468349, 0.0 ], [ 115.362083046077814, 0.322053943291056, 0.0 ], [ 115.362133562339153, 0.322221588871566, 0.0 ], [ 115.362169457410559, 0.322435039683925, 0.0 ], [ 115.362172360441235, 0.322645031408799, 0.0 ], [ 115.362141358520716, 0.322841693713788, 0.0 ], [ 115.362073917382148, 0.32301450486587, 0.0 ], [ 115.361993484177262, 0.323129122017259, 0.0 ], [ 115.361895885947462, 0.323226521899629, 0.0 ], [ 115.361537344141311, 0.323496502456642, 0.0 ], [ 115.361256052494909, 0.323693077838257, 0.0 ], [ 115.361101948986075, 0.323791200077907, 0.0 ], [ 115.360848135412638, 0.323924547100091, 0.0 ], [ 115.36030866088349, 0.324187159887915, 0.0 ], [ 115.360057231960653, 0.324345559701478, 0.0 ], [ 115.35990545344886, 0.324470891610428, 0.0 ], [ 115.359763900450332, 0.324607651729967, 0.0 ], [ 115.359629782684436, 0.324750884627632, 0.0 ], [ 115.359503611543843, 0.324904593979552, 0.0 ], [ 115.359385788243372, 0.325065256473733, 0.0 ], [ 115.359277506768407, 0.325237669019805, 0.0 ], [ 115.35908195943972, 0.325602218821982, 0.0 ], [ 115.358967569485017, 0.325862682174164, 0.0 ], [ 115.358756876865101, 0.32640174954909, 0.0 ], [ 115.3585651654505, 0.326864060790669, 0.0 ], [ 115.358450553505577, 0.327124183016618, 0.0 ], [ 115.358321234865926, 0.327369569902787, 0.0 ], [ 115.358211076281378, 0.327538559821339, 0.0 ], [ 115.35809101144234, 0.327699532767609, 0.0 ], [ 115.357961516094491, 0.32784922408979, 0.0 ], [ 115.357823292896484, 0.327992102331666, 0.0 ], [ 115.357222655016002, 0.328510836151362, 0.0 ], [ 115.356934635259051, 0.328781957986042, 0.0 ], [ 115.356285708933513, 0.329538049661798, 0.0 ], [ 115.356015028299424, 0.329826431, 0.0 ], [ 115.35587343448249, 0.329964284677106, 0.0 ], [ 115.355646307378919, 0.330151507355595, 0.0 ], [ 115.355104902446826, 0.330561850905654, 0.0 ], [ 115.354799894789863, 0.330782356991243, 0.0 ], [ 115.354646626969156, 0.330884295684622, 0.0 ], [ 115.354492018789188, 0.330975787021344, 0.0 ], [ 115.35433512511716, 0.331057473842305, 0.0 ], [ 115.35417527588416, 0.331123467779898, 0.0 ], [ 115.354011261159428, 0.331173171760629, 0.0 ], [ 115.353842273531626, 0.331200099617589, 0.0 ], [ 115.3536667020648, 0.331205816525423, 0.0 ], [ 115.353436613647588, 0.331194942055835, 0.0 ], [ 115.353197910548687, 0.331166883399152, 0.0 ], [ 115.352958225008607, 0.331120761900984, 0.0 ], [ 115.352725089710788, 0.331054728518317, 0.0 ], [ 115.352186695483738, 0.330844988282296, 0.0 ], [ 115.352001182613478, 0.330779324644631, 0.0 ], [ 115.351744218722644, 0.330707827740549, 0.0 ], [ 115.351479560779595, 0.330652770719659, 0.0 ], [ 115.350825718917321, 0.330547364744782, 0.0 ], [ 115.350091067328123, 0.330378260710232, 0.0 ], [ 115.349826322544118, 0.330301026263259, 0.0 ], [ 115.349353132739779, 0.330127131368195, 0.0 ], [ 115.349089381353124, 0.330007770557701, 0.0 ], [ 115.348927867841681, 0.329916658944323, 0.0 ], [ 115.348707671126277, 0.329770835044582, 0.0 ], [ 115.348525897858977, 0.329604085439667, 0.0 ], [ 115.348434350444776, 0.329474801975812, 0.0 ], [ 115.348364256526466, 0.329334780201625, 0.0 ], [ 115.348303423858198, 0.329180557123053, 0.0 ], [ 115.348194973892902, 0.328848397452466, 0.0 ], [ 115.348132043666155, 0.328579177481831, 0.0 ], [ 115.348060532756278, 0.328123611544733, 0.0 ], [ 115.348047834326906, 0.327942083269258, 0.0 ], [ 115.348046110711905, 0.327814536717701, 0.0 ], [ 115.348040467628294, 0.327397000734392, 0.0 ], [ 115.348031694069036, 0.327219717242431, 0.0 ], [ 115.347989641450738, 0.326955321906499, 0.0 ], [ 115.347902962363506, 0.326707628914045, 0.0 ], [ 115.347818218880988, 0.326560423383998, 0.0 ], [ 115.347714821788841, 0.326425041900454, 0.0 ], [ 115.347593831220735, 0.326306262333539, 0.0 ], [ 115.347456632693124, 0.326202174919807, 0.0 ], [ 115.347249740054892, 0.326094484814146, 0.0 ], [ 115.347023835831592, 0.326018091209675, 0.0 ], [ 115.346791755883359, 0.325968328857948, 0.0 ], [ 115.34661803802463, 0.3259485915991, 0.0 ], [ 115.346387114477238, 0.325958037358885, 0.0 ], [ 115.34616360283222, 0.326012132179339, 0.0 ], [ 115.345960164186039, 0.326114587791552, 0.0 ], [ 115.345784715744841, 0.326268473960221, 0.0 ], [ 115.34563067339846, 0.326459505357916, 0.0 ], [ 115.345380404027978, 0.32683611084372, 0.0 ], [ 115.345109101049957, 0.32730328621889, 0.0 ], [ 115.344963802400954, 0.327529585894066, 0.0 ], [ 115.344599817132703, 0.327989606680169, 0.0 ], [ 115.344378665409394, 0.328306124297507, 0.0 ], [ 115.344282149477095, 0.328472457206337, 0.0 ], [ 115.344194709590624, 0.328641722613723, 0.0 ], [ 115.344115324136823, 0.32880987338172, 0.0 ], [ 115.344047523511762, 0.32898216528453, 0.0 ], [ 115.343888484535114, 0.329494396365033, 0.0 ], [ 115.343713854139367, 0.330013194852309, 0.0 ], [ 115.343621186042768, 0.330382639053346, 0.0 ], [ 115.343587188058962, 0.330569906245985, 0.0 ], [ 115.343565598945446, 0.330829926896234, 0.0 ], [ 115.34357403062252, 0.331094458065176, 0.0 ], [ 115.343613496128143, 0.331354241195021, 0.0 ], [ 115.343662674622777, 0.331540920083799, 0.0 ], [ 115.34372276506835, 0.331726560817553, 0.0 ], [ 115.343862070926548, 0.332092760380879, 0.0 ], [ 115.344156979134183, 0.332812267274053, 0.0 ], [ 115.344221183902519, 0.332991687756596, 0.0 ], [ 115.344270305453648, 0.33317975219608, 0.0 ], [ 115.344299654010086, 0.333369199666626, 0.0 ], [ 115.344301856849413, 0.333561657649551, 0.0 ], [ 115.344275257045084, 0.333748993029309, 0.0 ], [ 115.344223197625226, 0.333923402721806, 0.0 ], [ 115.344153339199011, 0.334086088094244, 0.0 ], [ 115.344069069656243, 0.334229593346747, 0.0 ], [ 115.344007714634472, 0.334306474442147, 0.0 ], [ 115.343974676761135, 0.334347873622342, 0.0 ], [ 115.34387727846844, 0.334442576954353, 0.0 ], [ 115.34378363511496, 0.334510516658948, 0.0 ], [ 115.343622708336397, 0.334593683224329, 0.0 ], [ 115.343622572984685, 0.334613354633412, 0.0 ], [ 115.343660816522075, 0.334700801882609, 0.0 ], [ 115.343902325019627, 0.33535341241533, 0.0 ], [ 115.344168630894202, 0.336109637894519, 0.0 ], [ 115.344304628058509, 0.336536883668916, 0.0 ], [ 115.344563627350908, 0.337395712237415, 0.0 ], [ 115.344696182283187, 0.33777332318963, 0.0 ], [ 115.344876078803196, 0.338184788561612, 0.0 ], [ 115.344970811220506, 0.338376022634866, 0.0 ], [ 115.345688946017205, 0.339630514885703, 0.0 ], [ 115.345785026667428, 0.339806298486175, 0.0 ], [ 115.3458733971502, 0.339986980549303, 0.0 ], [ 115.345951989126803, 0.340169742757344, 0.0 ], [ 115.346034991053941, 0.340425490532182, 0.0 ], [ 115.346093915367788, 0.340687019303479, 0.0 ], [ 115.346132337222528, 0.340944552735489, 0.0 ], [ 115.346146930131539, 0.341129881329953, 0.0 ], [ 115.346130868050992, 0.341404681170343, 0.0 ], [ 115.346063642576595, 0.341663118746892, 0.0 ], [ 115.345990394334322, 0.341819139253178, 0.0 ], [ 115.345898857971491, 0.341966060606263, 0.0 ], [ 115.345790937661789, 0.34210012826596, 0.0 ], [ 115.345669165154547, 0.342224853362469, 0.0 ], [ 115.345534742219428, 0.342336034486673, 0.0 ], [ 115.345391773515729, 0.342437393757722, 0.0 ], [ 115.345243744872334, 0.342532014715385, 0.0 ], [ 115.34509109819912, 0.342615027506165, 0.0 ], [ 115.344933866563764, 0.342687439584742, 0.0 ], [ 115.344772177536342, 0.342743978608791, 0.0 ], [ 115.344608585650604, 0.342786228544679, 0.0 ], [ 115.343634900944096, 0.342977932342392, 0.0 ], [ 115.34348014964641, 0.343018946604416, 0.0 ], [ 115.343331488107864, 0.343075116117953, 0.0 ], [ 115.343191657746445, 0.343147768944774, 0.0 ], [ 115.343060647835131, 0.343231355987771, 0.0 ], [ 115.342938860697927, 0.34332655467481, 0.0 ], [ 115.342826458033926, 0.3434281125681, 0.0 ], [ 115.342527629146176, 0.343766265583448, 0.0 ], [ 115.34241268367748, 0.343881556438847, 0.0 ], [ 115.342282232827003, 0.343989393628534, 0.0 ], [ 115.342136595186631, 0.344091590427893, 0.0 ], [ 115.341889891910213, 0.344225797965791, 0.0 ], [ 115.341340422186633, 0.344465775774562, 0.0 ], [ 115.341068626153657, 0.344596346923241, 0.0 ], [ 115.340729603490516, 0.344797864180222, 0.0 ], [ 115.340571530888766, 0.344908583026134, 0.0 ], [ 115.340004683663551, 0.345401628516563, 0.0 ], [ 115.339719122809015, 0.345620587122233, 0.0 ], [ 115.33957374561048, 0.345718317999897, 0.0 ], [ 115.339426610684868, 0.345804188924308, 0.0 ], [ 115.339138453873602, 0.345955155304528, 0.0 ], [ 115.339000549784515, 0.346037133688805, 0.0 ], [ 115.338867248159517, 0.346132221399704, 0.0 ], [ 115.338738955816297, 0.346235912140068, 0.0 ], [ 115.338616598517135, 0.346350466038557, 0.0 ], [ 115.338500848028573, 0.346471684324782, 0.0 ], [ 115.33839326507848, 0.346602628492989, 0.0 ], [ 115.338294842072415, 0.346739434439708, 0.0 ], [ 115.338207957066146, 0.346885933404838, 0.0 ], [ 115.338133976999302, 0.347038615857414, 0.0 ], [ 115.338076338896116, 0.347202108148076, 0.0 ], [ 115.337993327669551, 0.347557634209277, 0.0 ], [ 115.337913167879464, 0.347952705163626, 0.0 ], [ 115.337859903755131, 0.348294637766133, 0.0 ], [ 115.33773220662475, 0.349418279847299, 0.0 ], [ 115.337677781093618, 0.349793836722537, 0.0 ], [ 115.337659692254064, 0.349883751517109, 0.0 ], [ 115.337663372354427, 0.3498847717432, 0.0 ], [ 115.339262848873673, 0.349334951749131, 0.0 ], [ 115.340262522313324, 0.347085687336078, 0.0 ], [ 115.343361508467652, 0.346485883269172, 0.0 ], [ 115.345160920363895, 0.347785457764392, 0.0 ], [ 115.346610446186659, 0.347735475002402, 0.0 ], [ 115.347760070260591, 0.347185654185116, 0.0 ], [ 115.349109628926712, 0.346185981007163, 0.0 ], [ 115.350809073209774, 0.346235964887502, 0.0 ], [ 115.352858403931748, 0.346585850384217, 0.0 ], [ 115.354407897087427, 0.347285621522228, 0.0 ], [ 115.354257946258031, 0.349784804750722, 0.0 ], [ 115.353958043840876, 0.352234003428927, 0.0 ], [ 115.355307602488807, 0.353383628048173, 0.0 ], [ 115.355607504922958, 0.354783169636439, 0.0 ], [ 115.355907406392575, 0.356132728777847, 0.0 ], [ 115.35515765153005, 0.357182385608284, 0.0 ], [ 115.354058010919545, 0.358282026227798, 0.0 ], [ 115.354008027775834, 0.35948163352664, 0.0 ], [ 115.355707471685392, 0.360381339228322, 0.0 ], [ 115.357107014065193, 0.360231388923464, 0.0 ], [ 115.358356605277891, 0.360281372516743, 0.0 ], [ 115.359806131227543, 0.360181404498479, 0.0 ], [ 115.361205674406932, 0.36078120880303, 0.0 ], [ 115.362055395787593, 0.362130767602252, 0.0 ], [ 115.363554905684225, 0.361980816238956, 0.0 ], [ 115.365204366665381, 0.361730898299222, 0.0 ], [ 115.36730367992682, 0.36183086531623, 0.0 ], [ 115.366827935458858, 0.363861818434353, 0.0 ], [ 115.367113886133509, 0.364883072468711, 0.0 ], [ 115.36850279197148, 0.364923923003038, 0.0 ], [ 115.369360645492776, 0.365250724397604, 0.0 ], [ 115.370218498981757, 0.364597120999185, 0.0 ], [ 115.371076351850192, 0.364842222219292, 0.0 ], [ 115.370627000586481, 0.366271977595608, 0.0 ], [ 115.37095380189885, 0.367415782458955, 0.0 ], [ 115.370586150463168, 0.367946834520977, 0.0 ], [ 115.371689104058149, 0.370275294190565, 0.0 ], [ 115.371063011827928, 0.370983322640847, 0.0 ], [ 115.369867348191363, 0.372972574365432, 0.0 ], [ 115.368420026757732, 0.374058065439635, 0.0 ], [ 115.367093315443825, 0.376711488064706, 0.0 ], [ 115.367595019557342, 0.37929493927254, 0.0 ], [ 115.36757575592155, 0.381897723195781, 0.0 ], [ 115.367696366040974, 0.38599846725296, 0.0 ], [ 115.366852095204763, 0.388048839281673, 0.0 ], [ 115.365284163652035, 0.3893755505943, 0.0 ], [ 115.363354401740395, 0.390340431548766, 0.0 ], [ 115.361062809470582, 0.39142592262267, 0.0 ], [ 115.358168166603463, 0.392752633935467, 0.0 ], [ 115.356720845169818, 0.394682395844828, 0.0 ], [ 115.355032303497438, 0.396250327395956, 0.0 ], [ 115.352419693384334, 0.397500058386125, 0.0 ], [ 115.349645660636824, 0.400153481011277, 0.0 ], [ 115.348680779681018, 0.402324463159311, 0.0 ], [ 115.347715898725212, 0.404736665545784, 0.0 ], [ 115.345786136813928, 0.406545817336004, 0.0 ], [ 115.344338815380254, 0.407510698290342, 0.0 ], [ 115.342223473754828, 0.408821737172726, 0.0 ], [ 115.33939859409783, 0.408732058418815, 0.0 ], [ 115.338098252538884, 0.407924949254253, 0.0 ], [ 115.337784377604294, 0.406624608364575, 0.0 ], [ 115.337335984271746, 0.405862339475973, 0.0 ], [ 115.336528875812107, 0.404965552006048, 0.0 ], [ 115.335856285403821, 0.404158443550186, 0.0 ], [ 115.335138855239435, 0.402499386766796, 0.0 ], [ 115.334511103796103, 0.402544226319303, 0.0 ], [ 115.333748835525569, 0.402858101798294, 0.0 ], [ 115.332717529943181, 0.403889407382803, 0.0 ], [ 115.331237831297187, 0.403665210274869, 0.0 ], [ 115.329623613971719, 0.403261656743378, 0.0 ], [ 115.328771666480378, 0.403216816946562, 0.0 ], [ 115.330206525985204, 0.401243885046846, 0.0 ], [ 115.33007200749779, 0.400347098007589, 0.0 ], [ 115.329130380909376, 0.399719347298789, 0.0 ], [ 115.328457791168958, 0.399943543608592, 0.0 ], [ 115.327561003558458, 0.399853864972253, 0.0 ], [ 115.325453553354009, 0.401199045335382, 0.0 ], [ 115.324422248239244, 0.401557760452804, 0.0 ], [ 115.323973855208166, 0.400974848869392, 0.0 ], [ 115.323390943285617, 0.401199045950833, 0.0 ], [ 115.322763191791125, 0.401333563690224, 0.0 ], [ 115.322583834663533, 0.401019687892866, 0.0 ], [ 115.321776726359815, 0.401378403322492, 0.0 ], [ 115.321507689869691, 0.401199046015376, 0.0 ], [ 115.321014456757339, 0.401154206418429, 0.0 ], [ 115.320177455627444, 0.400316097759554, 0.0 ], [ 115.318966792737186, 0.399598668250472, 0.0 ], [ 115.317307737075879, 0.398970917184369, 0.0 ], [ 115.316635146021383, 0.397805093447222, 0.0 ], [ 115.310267957414155, 0.397536057417578, 0.0 ], [ 115.307577595715571, 0.399105434861686, 0.0 ], [ 115.306053057225114, 0.401437081448558, 0.0 ], [ 115.304663037440491, 0.404575837180558, 0.0 ], [ 115.300891286393949, 0.406496394119981, 0.0 ], [ 115.277435537761733, 0.416148259317995, 0.0 ], [ 115.274151747705176, 0.418716428451981, 0.0 ], [ 115.271902705312911, 0.419800290194207, 0.0 ], [ 115.271005917803365, 0.420383201825996, 0.0 ], [ 115.270781720865784, 0.422804527005249, 0.0 ], [ 115.270378166633222, 0.423342599421976, 0.0 ], [ 115.270293322219956, 0.424832877580549, 0.0 ], [ 115.269372034690861, 0.426344053164039, 0.0 ], [ 115.26691156565542, 0.428855798450191, 0.0 ], [ 115.262173483119838, 0.434969306501894, 0.0 ], [ 115.258602408743187, 0.440234001000472, 0.0 ], [ 115.254163000000176, 0.447797999499523, 0.0 ], [ 115.249234623902396, 0.454967489143472, 0.0 ], [ 115.24878800000036, 0.457242999489026, 0.0 ], [ 115.25095611056804, 0.461667326719179, 0.0 ], [ 115.251431086845287, 0.463162850235472, 0.0 ], [ 115.251074095059252, 0.465136697205348, 0.0 ], [ 115.249646704985068, 0.470639429781843, 0.0 ], [ 115.248695556775417, 0.472493490106511, 0.0 ], [ 115.24706584940958, 0.474699654734287, 0.0 ], [ 115.245605037776045, 0.47566295550003, 0.0 ], [ 115.241563773507337, 0.479071427237446, 0.0 ], [ 115.238666735788954, 0.482063087291023, 0.0 ], [ 115.237046843035515, 0.483735888583867, 0.0 ], [ 115.236464221211946, 0.485015793598655, 0.0 ], [ 115.235698093882789, 0.488799914682777, 0.0 ], [ 115.235462687464533, 0.490750426857541, 0.0 ], [ 115.236538832241251, 0.491389387635034, 0.0 ], [ 115.237413199991352, 0.492902716144468, 0.0 ], [ 115.248133849019126, 0.495549308695525, 0.0 ], [ 115.255367410477078, 0.497833591258613, 0.0 ], [ 115.257787519437898, 0.49897995846631, 0.0 ], [ 115.257834102252744, 0.49790855904063, 0.0 ], [ 115.257619950653222, 0.49583842791073, 0.0 ], [ 115.257548566877901, 0.493839680421953, 0.0 ], [ 115.257405799033549, 0.491769548911631, 0.0 ], [ 115.257048879754976, 0.490341872533956, 0.0 ], [ 115.256477809372768, 0.489342499236954, 0.0 ], [ 115.25447906213202, 0.488914196496969, 0.0 ], [ 115.253336921158009, 0.488271741364383, 0.0 ], [ 115.252052012217334, 0.487557903293531, 0.0 ], [ 115.250981254952521, 0.486772680784931, 0.0 ], [ 115.250267416301597, 0.485701923421049, 0.0 ], [ 115.250124648193719, 0.4847025502792, 0.0 ], [ 115.250695719319921, 0.48356040896053, 0.0 ], [ 115.251837860833561, 0.483417641170004, 0.0 ], [ 115.254479062630452, 0.483917327997623, 0.0 ], [ 115.255978122279913, 0.484202862921577, 0.0 ], [ 115.257477183213851, 0.484488398873636, 0.0 ], [ 115.258619324843167, 0.484488398847722, 0.0 ], [ 115.260118384543219, 0.484488398688295, 0.0 ], [ 115.261189142035178, 0.484060096091, 0.0 ], [ 115.262259900118096, 0.483203489921901, 0.0 ], [ 115.26290235427426, 0.481061974581994, 0.0 ], [ 115.26325927325037, 0.479634297885507, 0.0 ], [ 115.26375895994741, 0.478135237990926, 0.0 ], [ 115.264829717519234, 0.476636177468905, 0.0 ], [ 115.265614939383966, 0.475422652232923, 0.0 ], [ 115.266685696939277, 0.473757029109526, 0.0 ], [ 115.26792301722935, 0.472805244757913, 0.0 ], [ 115.269350693542904, 0.472424531106452, 0.0 ], [ 115.271063905437614, 0.472234174276424, 0.0 ], [ 115.273824080106124, 0.47251970964471, 0.0 ], [ 115.275061399561267, 0.472519709836972, 0.0 ], [ 115.2768697900771, 0.472329353156994, 0.0 ], [ 115.278297467291381, 0.47147274723723, 0.0 ], [ 115.280010679156888, 0.470140248700697, 0.0 ], [ 115.281057641264979, 0.468617394023427, 0.0 ], [ 115.282009426482702, 0.466333111628685, 0.0 ], [ 115.282866031659026, 0.463668114798756, 0.0 ], [ 115.283056389057123, 0.460432048051892, 0.0 ], [ 115.283056389212845, 0.458052587187049, 0.0 ], [ 115.283341924390882, 0.455768304187538, 0.0 ], [ 115.283722637695732, 0.454150270962744, 0.0 ], [ 115.283817816590627, 0.451485274915644, 0.0 ], [ 115.283912994511738, 0.447963671899293, 0.0 ], [ 115.2837226377425, 0.445298676121157, 0.0 ], [ 115.282961210653156, 0.442824036818383, 0.0 ], [ 115.282770853287701, 0.441015646303586, 0.0 ], [ 115.282961210306041, 0.439778326746133, 0.0 ], [ 115.283817816595871, 0.437684400379924, 0.0 ], [ 115.284293708642224, 0.436922972761101, 0.0 ], [ 115.285531028838435, 0.437018151426056, 0.0 ], [ 115.286863526329199, 0.438541006910569, 0.0 ], [ 115.289814058646073, 0.441206002781291, 0.0 ], [ 115.292859767937003, 0.442824036464603, 0.0 ], [ 115.29600065671201, 0.444251713385488, 0.0 ], [ 115.298760831709387, 0.446060103742734, 0.0 ], [ 115.300283686242352, 0.446821530533915, 0.0 ], [ 115.302948683142873, 0.447487780384831, 0.0 ], [ 115.305708858067774, 0.447487779859953, 0.0 ], [ 115.308183497273689, 0.447487779808609, 0.0 ], [ 115.311514742207095, 0.447773315211354, 0.0 ], [ 115.314274917446809, 0.447963672000816, 0.0 ], [ 115.316178485993944, 0.447963672279953, 0.0 ], [ 115.318843482778419, 0.44663117454044, 0.0 ], [ 115.321508478518155, 0.444917962179189, 0.0 ], [ 115.324459010782306, 0.442728857909384, 0.0 ], [ 115.328075791326512, 0.439683147919762, 0.0 ], [ 115.329979359690171, 0.438160292648501, 0.0 ], [ 115.331882928999349, 0.437113330037701, 0.0 ], [ 115.336451493628743, 0.4367326165612, 0.0 ], [ 115.339306847282444, 0.436637437557251, 0.0 ], [ 115.342067022271294, 0.43777957891195, 0.0 ], [ 115.343304341456118, 0.439492791139963, 0.0 ], [ 115.345303088907244, 0.441396359988357, 0.0 ], [ 115.346730765184432, 0.443109571595375, 0.0 ], [ 115.348539155439795, 0.444537248630281, 0.0 ], [ 115.349776475114879, 0.445013140928495, 0.0 ], [ 115.351489687290339, 0.445108319219669, 0.0 ], [ 115.352917364275882, 0.444537248420233, 0.0 ], [ 115.354059505463383, 0.443299928404587, 0.0 ], [ 115.356153431503699, 0.440349397132475, 0.0 ], [ 115.356819679947392, 0.43920725616977, 0.0 ], [ 115.35805699945989, 0.438921720642783, 0.0 ], [ 115.35929431929118, 0.439016899149433, 0.0 ], [ 115.360436460728991, 0.441681895556918, 0.0 ], [ 115.361007531331111, 0.444156534620786, 0.0 ], [ 115.361673780650307, 0.446155282255831, 0.0 ], [ 115.362530386686799, 0.44767813704455, 0.0 ], [ 115.363386992530621, 0.448820278571689, 0.0 ], [ 115.364814669296365, 0.449772062741488, 0.0 ], [ 115.366813416718685, 0.450057597762187, 0.0 ], [ 115.368716985398393, 0.450914204019414, 0.0 ], [ 115.369954304998117, 0.451865987956535, 0.0 ], [ 115.370810910803144, 0.453674378603265, 0.0 ], [ 115.371096446535532, 0.455197233799908, 0.0 ], [ 115.371667516649097, 0.457100802764651, 0.0 ], [ 115.372809658098816, 0.458623657136685, 0.0 ], [ 115.374046978239605, 0.459099549868084, 0.0 ], [ 115.37595054700212, 0.458814014429093, 0.0 ], [ 115.377283044816423, 0.457862229934174, 0.0 ], [ 115.378425185954796, 0.455197233773995, 0.0 ], [ 115.379186613334255, 0.451675631432939, 0.0 ], [ 115.37994804099921, 0.448915457021254, 0.0 ], [ 115.381280539520873, 0.446345638823395, 0.0 ], [ 115.382708215766101, 0.443966177545998, 0.0 ], [ 115.384421427617028, 0.441967430257136, 0.0 ], [ 115.387276781409042, 0.438826542013135, 0.0 ], [ 115.389656242261509, 0.435780832247412, 0.0 ], [ 115.390608026758784, 0.434448333391143, 0.0 ], [ 115.392701952148471, 0.434067619918873, 0.0 ], [ 115.39422480719881, 0.43511458309934, 0.0 ], [ 115.395366948129535, 0.436922972892602, 0.0 ], [ 115.395842840458386, 0.439112077006759, 0.0 ], [ 115.395557305468756, 0.440634932822705, 0.0 ], [ 115.394319985623085, 0.442538501174886, 0.0 ], [ 115.393082666103183, 0.444632426584435, 0.0 ], [ 115.391940525005168, 0.447011887717388, 0.0 ], [ 115.391750167326734, 0.448915456698055, 0.0 ], [ 115.391464632515806, 0.452151523828511, 0.0 ], [ 115.391369453616775, 0.453959913556546, 0.0 ], [ 115.391369453763701, 0.45519723356451, 0.0 ], [ 115.392130881069491, 0.45643455318491, 0.0 ], [ 115.393558557732248, 0.456815267217321, 0.0 ], [ 115.395557305703932, 0.45662491027391, 0.0 ], [ 115.398031944720742, 0.456149017778538, 0.0 ], [ 115.400221049217635, 0.455673126349826, 0.0 ], [ 115.401743904011411, 0.455577947365119, 0.0 ], [ 115.404540721891266, 0.455024730551689, 0.0 ], [ 115.404796608001675, 0.454171777437913, 0.0 ], [ 115.406700177361287, 0.452648922627226, 0.0 ], [ 115.407937496336231, 0.450935710491483, 0.0 ], [ 115.408746513060393, 0.449555622641727, 0.0 ], [ 115.409412762925598, 0.448127946477782, 0.0 ], [ 115.410079011968577, 0.44679544810034, 0.0 ], [ 115.410174189826037, 0.445653307133422, 0.0 ], [ 115.410031422566831, 0.444701522679589, 0.0 ], [ 115.408746513417682, 0.44327384616634, 0.0 ], [ 115.407556782852339, 0.442560007325128, 0.0 ], [ 115.405795982105559, 0.44179858036221, 0.0 ], [ 115.404082770335108, 0.440704028043513, 0.0 ], [ 115.402512326038718, 0.439704654693282, 0.0 ], [ 115.401227416735651, 0.4388956374176, 0.0 ], [ 115.400561167401605, 0.438086620988442, 0.0 ], [ 115.399847329664112, 0.436896890629378, 0.0 ], [ 115.399276258233897, 0.435897516483926, 0.0 ], [ 115.398943134316696, 0.434374661669921, 0.0 ], [ 115.398847955418972, 0.432899396407691, 0.0 ], [ 115.39927625902196, 0.430948237730519, 0.0 ], [ 115.399942507623237, 0.428901901153449, 0.0 ], [ 115.400751524773526, 0.426855565030334, 0.0 ], [ 115.402559915244794, 0.424000211466255, 0.0 ], [ 115.403654467212888, 0.422191821430967, 0.0 ], [ 115.40474901879135, 0.420050306215067, 0.0 ], [ 115.40570080361141, 0.417480488292173, 0.0 ], [ 115.406795355538279, 0.415576920113898, 0.0 ], [ 115.407556783217828, 0.413292637383105, 0.0 ], [ 115.408127853546802, 0.411008354459272, 0.0 ], [ 115.408984459767495, 0.407772288229174, 0.0 ], [ 115.40898445918512, 0.404107917610006, 0.0 ], [ 115.408889281111243, 0.402251937910805, 0.0 ], [ 115.409127226859553, 0.399158639159354, 0.0 ], [ 115.409365173594253, 0.395874983046923, 0.0 ], [ 115.409412762724841, 0.393733468289296, 0.0 ], [ 115.409412762443552, 0.391925077233195, 0.0 ], [ 115.409841065819904, 0.39049740051307, 0.0 ], [ 115.410983206513819, 0.389022135305626, 0.0 ], [ 115.411744634678769, 0.388308297031725, 0.0 ], [ 115.413410257344481, 0.38726133423046, 0.0 ], [ 115.41631319919631, 0.386452316912692, 0.0 ], [ 115.419311320647765, 0.385786068471964, 0.0 ], [ 115.421024532209088, 0.385452943766573, 0.0 ], [ 115.422214262462148, 0.385072229507138, 0.0 ], [ 115.423784706921992, 0.384691515822884, 0.0 ], [ 115.425259973165794, 0.384548748620295, 0.0 ], [ 115.426830417043774, 0.384501159188975, 0.0 ], [ 115.427972558412165, 0.384501159400912, 0.0 ], [ 115.428924343016348, 0.384120445323971, 0.0 ], [ 115.429876127262403, 0.383501785137437, 0.0 ], [ 115.430685144087661, 0.382883126000225, 0.0 ], [ 115.431684517879219, 0.381645805534939, 0.0 ], [ 115.43292183703619, 0.379789826604179, 0.0 ], [ 115.433302551456222, 0.378695274280165, 0.0 ], [ 115.43506335262208, 0.375601974952727, 0.0 ], [ 115.435634422732164, 0.374174298708606, 0.0 ], [ 115.436253082348003, 0.372175551040013, 0.0 ], [ 115.436681385658417, 0.370462339160708, 0.0 ], [ 115.43687174285833, 0.368463592322774, 0.0 ], [ 115.436681386112269, 0.366274487804511, 0.0 ], [ 115.436205493418427, 0.364228151744665, 0.0 ], [ 115.435301298307579, 0.36313359963115, 0.0 ], [ 115.434587459554564, 0.361848690862079, 0.0 ], [ 115.433207372971111, 0.361325208605523, 0.0 ], [ 115.430875500463429, 0.360992084807216, 0.0 ], [ 115.429209878264828, 0.361277620084419, 0.0 ], [ 115.427258720097527, 0.361801100804371, 0.0 ], [ 115.425355151561973, 0.36270529651545, 0.0 ], [ 115.42326122593802, 0.364180562074983, 0.0 ], [ 115.4216431918273, 0.366322076925104, 0.0 ], [ 115.420548640026027, 0.368082878534042, 0.0 ], [ 115.41978721296708, 0.370319571691747, 0.0 ], [ 115.41969203443918, 0.373079746303994, 0.0 ], [ 115.419692034354753, 0.374697779850574, 0.0 ], [ 115.419549266622511, 0.375839921017496, 0.0 ], [ 115.419216141670333, 0.376268223778748, 0.0 ], [ 115.418121590136067, 0.376601348256535, 0.0 ], [ 115.416646324009122, 0.376363402108109, 0.0 ], [ 115.415456593447786, 0.375078493529517, 0.0 ], [ 115.414266863041391, 0.373032157053273, 0.0 ], [ 115.413219900259492, 0.370034036511742, 0.0 ], [ 115.411982580337565, 0.368225646256153, 0.0 ], [ 115.410697671247704, 0.367226272243752, 0.0 ], [ 115.40917481607859, 0.366702791254982, 0.0 ], [ 115.407794729138118, 0.366512433704198, 0.0 ], [ 115.405653213914192, 0.366845558638749, 0.0 ], [ 115.403654466661209, 0.367226271956006, 0.0 ], [ 115.401750897953931, 0.36779734267781, 0.0 ], [ 115.399799740454114, 0.368225645788057, 0.0 ], [ 115.397753403688839, 0.368035289130545, 0.0 ], [ 115.395849835211664, 0.367273861380053, 0.0 ], [ 115.39451733623271, 0.366322076687938, 0.0 ], [ 115.39423180091876, 0.364513686355339, 0.0 ], [ 115.394041444122266, 0.363086010352087, 0.0 ], [ 115.394422157810652, 0.360658959900585, 0.0 ], [ 115.395040817639796, 0.358802980183274, 0.0 ], [ 115.395659477652401, 0.357660838863688, 0.0 ], [ 115.396135369785156, 0.356756644271075, 0.0 ], [ 115.396896797316501, 0.355852448553309, 0.0 ], [ 115.399085901872581, 0.354900664112048, 0.0 ], [ 115.400323221772823, 0.353948880058073, 0.0 ], [ 115.401275006152801, 0.353139863487758, 0.0 ], [ 115.402464736533489, 0.352235668004155, 0.0 ], [ 115.403178574773477, 0.351188704910742, 0.0 ], [ 115.403654467056185, 0.349761028728578, 0.0 ], [ 115.404035180388789, 0.348000227077905, 0.0 ], [ 115.40417794807837, 0.345668355761105, 0.0 ], [ 115.404558662170317, 0.341813628459067, 0.0 ], [ 115.40479660809946, 0.339481757417611, 0.0 ], [ 115.404796608621183, 0.338006491574517, 0.0 ], [ 115.405034554406356, 0.335531851940667, 0.0 ], [ 115.405177322131976, 0.333913817867988, 0.0 ], [ 115.405082143587762, 0.332010249861333, 0.0 ], [ 115.404749019024138, 0.330677751111066, 0.0 ], [ 115.404415894598714, 0.329012128787389, 0.0 ], [ 115.403844823924146, 0.327774809257819, 0.0 ], [ 115.402559914541925, 0.326299543098656, 0.0 ], [ 115.401037059498307, 0.325347758920287, 0.0 ], [ 115.399514204799942, 0.324205617492842, 0.0 ], [ 115.397420279433504, 0.322873119058006, 0.0 ], [ 115.396468494849202, 0.321826156369406, 0.0 ], [ 115.395802721322113, 0.321042893716543, 0.0 ] ] ] ] } },
{ "type": "Feature", "properties": { "Toponim": "Ujoh Halang", "subws_id": 26, "Ibis": 3, "Kls_Pr": "Sangat Prioritas Dipulihkan" }, "geometry": { "type": "MultiPolygon", "coordinates": [ [ [ [ 115.52342386163609, 0.083574348130316, 0.0 ], [ 115.523588911792203, 0.08138743969822, 0.0 ], [ 115.523374760513093, 0.0797456111973, 0.0 ], [ 115.522946456920053, 0.078389318049586, 0.0 ], [ 115.52230400296564, 0.075890883996596, 0.0 ], [ 115.521304628669952, 0.073392450359434, 0.0 ], [ 115.520804942148089, 0.071679238482167, 0.0 ], [ 115.520519406906715, 0.069537723436444, 0.0 ], [ 115.520019720406211, 0.066539602812631, 0.0 ], [ 115.520091104033753, 0.063398714421757, 0.0 ], [ 115.52016248810736, 0.060043673653707, 0.0 ], [ 115.521304628761669, 0.055475108604752, 0.0 ], [ 115.521947083167618, 0.05347636172022, 0.0 ], [ 115.523017840564563, 0.050406856892132, 0.0 ], [ 115.523945830721971, 0.047337352336741, 0.0 ], [ 115.525087971787698, 0.044125079837594, 0.0 ], [ 115.525444890743685, 0.041983564647842, 0.0 ], [ 115.525373507732567, 0.039913434014788, 0.0 ], [ 115.525147458936985, 0.036903415793148, 0.0 ], [ 115.524493106934244, 0.036011118379133, 0.0 ], [ 115.523184403210934, 0.034761900858034, 0.0 ], [ 115.521697240298224, 0.03327473787861, 0.0 ], [ 115.520067309526524, 0.032430029499853, 0.0 ], [ 115.519067935591522, 0.031145120480235, 0.0 ], [ 115.518211330080987, 0.029503292475138, 0.0 ], [ 115.518139945866665, 0.0277900802406, 0.0 ], [ 115.518399102553673, 0.027090357395957, 0.0 ], [ 115.5169597669626, 0.026245062878715, 0.0 ], [ 115.516104072898401, 0.025670740395541, 0.0 ], [ 115.515248387530775, 0.024330671077077, 0.0 ], [ 115.515248406671219, 0.022512017789716, 0.0 ], [ 115.51458287970658, 0.020693359132485, 0.0 ], [ 115.512681343767184, 0.018587535251775, 0.0 ], [ 115.511445350262221, 0.016577438822275, 0.0 ], [ 115.511350290319768, 0.014088759125955, 0.0 ], [ 115.512015842032156, 0.012748706062776, 0.0 ], [ 115.513156780920596, 0.011408653753116, 0.0 ], [ 115.514107564201524, 0.010260037022065, 0.0 ], [ 115.514963271213119, 0.008345669910548, 0.0 ], [ 115.514963276721645, 0.006718453877411, 0.0 ], [ 115.514868204395114, 0.004804083461536, 0.0 ], [ 115.514868207827448, 0.002793993473634, 0.0 ], [ 115.515153442204053, 0.000783904491924, 0.0 ], [ 115.515818986931066, -0.000843311938036, 0.0 ], [ 115.515818985382808, -0.002757683796465, 0.0 ], [ 115.51543867190496, -0.004289179816845, 0.0 ], [ 115.514297734079847, -0.006394985082027, 0.0 ], [ 115.513632181992733, -0.008692226902078, 0.0 ], [ 115.513668545841512, -0.009003414544313, 0.0 ], [ 115.511625466054397, -0.008625066436516, 0.0 ], [ 115.502773871112566, -0.005198642592016, 0.0 ], [ 115.499347447264256, -0.002914360028995, 0.0 ], [ 115.495064417453776, 0.000512063815714, 0.0 ], [ 115.490210317001853, 0.00593723490275, 0.0 ], [ 115.485641751870673, 0.009078123426966, 0.0 ], [ 115.475648015646172, 0.012504547271783, 0.0 ], [ 115.464226602818144, 0.019071859640435, 0.0 ], [ 115.455660543196998, 0.024782566047816, 0.0 ], [ 115.448807695500221, 0.029065595853824, 0.0 ], [ 115.444524665689983, 0.035004730517522, 0.0 ], [ 115.442240383124314, 0.042714184167787, 0.0 ], [ 115.440812706520703, 0.056419879546021, 0.0 ], [ 115.43938502991729, 0.067841292361271, 0.0 ], [ 115.436291899093362, 0.079336910238184, 0.0 ], [ 115.436601590930181, 0.087480541417874, 0.0 ], [ 115.437750110193477, 0.094069697436274, 0.0 ], [ 115.441954847803757, 0.105531954651398, 0.0 ], [ 115.447094483576223, 0.113526943622136, 0.0 ], [ 115.448236624859064, 0.12551942707808, 0.0 ], [ 115.447380018896865, 0.132086739446919, 0.0 ], [ 115.44509573633124, 0.137226375213728, 0.0 ], [ 115.437100747351636, 0.140367263737984, 0.0 ], [ 115.429298516213962, 0.143969396909118, 0.0 ], [ 115.428032040546242, 0.146411302675818, 0.0 ], [ 115.416916046838367, 0.152207955762509, 0.0 ], [ 115.413873855629703, 0.153954295499141, 0.0 ], [ 115.413873339570358, 0.153957880275913, 0.0 ], [ 115.413862632064891, 0.154131929659248, 0.0 ], [ 115.413867534487423, 0.154310853024605, 0.0 ], [ 115.413886782270396, 0.154490822935033, 0.0 ], [ 115.41392475775119, 0.154740696682524, 0.0 ], [ 115.413976752325112, 0.154993776627273, 0.0 ], [ 115.41404669154052, 0.155240161892697, 0.0 ], [ 115.414181680363328, 0.155587492029358, 0.0 ], [ 115.414325819711408, 0.155920625003558, 0.0 ], [ 115.41438615215317, 0.156094063924005, 0.0 ], [ 115.414436096041129, 0.15627063213296, 0.0 ], [ 115.414475394716973, 0.156446781715602, 0.0 ], [ 115.414498516711745, 0.156628363603247, 0.0 ], [ 115.414506406372965, 0.156812678281866, 0.0 ], [ 115.414506976362219, 0.157104921422, 0.0 ], [ 115.414493202130132, 0.157606070416273, 0.0 ], [ 115.414498948643782, 0.15791611039276, 0.0 ], [ 115.414529410734858, 0.15822850999828, 0.0 ], [ 115.414563430315582, 0.158432742108307, 0.0 ], [ 115.414624120389888, 0.158743969271622, 0.0 ], [ 115.414698624396308, 0.159050932452758, 0.0 ], [ 115.414757492357907, 0.159247386112624, 0.0 ], [ 115.414851628702621, 0.159539262132677, 0.0 ], [ 115.414957565805494, 0.159815479707919, 0.0 ], [ 115.415086621238416, 0.160059447913619, 0.0 ], [ 115.415251988497104, 0.160252021992863, 0.0 ], [ 115.4154361342638, 0.160365825806667, 0.0 ], [ 115.415646369589666, 0.160430614110228, 0.0 ], [ 115.415869704123097, 0.160452563718978, 0.0 ], [ 115.416041583550125, 0.160445175646792, 0.0 ], [ 115.416396028729338, 0.160399031788106, 0.0 ], [ 115.416942451503957, 0.160303471054686, 0.0 ], [ 115.417132754641187, 0.160288148423664, 0.0 ], [ 115.41732714047069, 0.1602877683354, 0.0 ], [ 115.417779099623004, 0.16032767869675, 0.0 ], [ 115.418038610029313, 0.16036454892504, 0.0 ], [ 115.418296727927654, 0.160414732491595, 0.0 ], [ 115.418546587081991, 0.160481755965899, 0.0 ], [ 115.418738902590036, 0.160548903394894, 0.0 ], [ 115.418925730628644, 0.160622081747558, 0.0 ], [ 115.41910628865152, 0.160702531779825, 0.0 ], [ 115.419446173688428, 0.160884491538368, 0.0 ], [ 115.419768617893482, 0.16107447007474, 0.0 ], [ 115.41993183249447, 0.161158084164726, 0.0 ], [ 115.420098876538106, 0.161232220610498, 0.0 ], [ 115.420328443682209, 0.161307534037125, 0.0 ], [ 115.420560218075948, 0.16135933453836, 0.0 ], [ 115.421088222141407, 0.161432158944051, 0.0 ], [ 115.421228245876861, 0.161463385662899, 0.0 ], [ 115.421359848040836, 0.161513893227404, 0.0 ], [ 115.421479786167282, 0.16158850447582, 0.0 ], [ 115.421615673723565, 0.161727918025663, 0.0 ], [ 115.421729655614342, 0.161899152498127, 0.0 ], [ 115.421902740215614, 0.162228293775523, 0.0 ], [ 115.422091849192498, 0.16267436532733, 0.0 ], [ 115.422169738384667, 0.162825554946794, 0.0 ], [ 115.422260553236185, 0.162971388014264, 0.0 ], [ 115.422361727802482, 0.163115737814391, 0.0 ], [ 115.422820454107978, 0.163676854337931, 0.0 ], [ 115.423065664281211, 0.16394673630849, 0.0 ], [ 115.42325272413234, 0.164138188948051, 0.0 ], [ 115.423425391484756, 0.164332976758426, 0.0 ], [ 115.423522920917648, 0.164473049566532, 0.0 ], [ 115.423604204427306, 0.164618354779342, 0.0 ], [ 115.423689376124358, 0.164852587744654, 0.0 ], [ 115.423733657805627, 0.165092280864669, 0.0 ], [ 115.423755709874655, 0.165403582456812, 0.0 ], [ 115.423774708507054, 0.165566419697659, 0.0 ], [ 115.423806165051019, 0.165731814640807, 0.0 ], [ 115.423849622577293, 0.165895678520449, 0.0 ], [ 115.423957295837738, 0.166229872524584, 0.0 ], [ 115.424217986488074, 0.166877773600376, 0.0 ], [ 115.424274739496724, 0.167039400251598, 0.0 ], [ 115.424320656428165, 0.1672052006857, 0.0 ], [ 115.424394352173849, 0.167545177442903, 0.0 ], [ 115.424565710671104, 0.168253322720035, 0.0 ], [ 115.424605842685153, 0.168502934086123, 0.0 ], [ 115.424630403555042, 0.168755612777157, 0.0 ], [ 115.424660701991115, 0.169343408037764, 0.0 ], [ 115.424682700974898, 0.169503855335322, 0.0 ], [ 115.424718406027708, 0.1696512552634, 0.0 ], [ 115.424778522311769, 0.169789571726629, 0.0 ], [ 115.424865428056606, 0.169914759600496, 0.0 ], [ 115.424976580736157, 0.170029765172478, 0.0 ], [ 115.425111333018094, 0.17013011438763, 0.0 ], [ 115.425266175745577, 0.170219003966682, 0.0 ], [ 115.425438786518725, 0.170298953341269, 0.0 ], [ 115.425720073638459, 0.17039006186302, 0.0 ], [ 115.426033100895424, 0.170458489167219, 0.0 ], [ 115.426367324756527, 0.170512362110443, 0.0 ], [ 115.427410868851211, 0.170656726837959, 0.0 ], [ 115.427746191598914, 0.170721723892401, 0.0 ], [ 115.42806172590717, 0.170807587193103, 0.0 ], [ 115.428348060038545, 0.170923342675735, 0.0 ], [ 115.428526556077813, 0.171025357056817, 0.0 ], [ 115.428690011062741, 0.171140676485493, 0.0 ], [ 115.428887384096953, 0.171317655442323, 0.0 ], [ 115.429255490446678, 0.171698554805609, 0.0 ], [ 115.429400669037179, 0.171832449865219, 0.0 ], [ 115.429699883513365, 0.172093394545001, 0.0 ], [ 115.430007322956953, 0.172346359646145, 0.0 ], [ 115.430328367061449, 0.172586086589776, 0.0 ], [ 115.430495832573158, 0.172698244813206, 0.0 ], [ 115.431354072299229, 0.173242379059591, 0.0 ], [ 115.431671863177442, 0.173487878724335, 0.0 ], [ 115.431818607637936, 0.173622043684988, 0.0 ], [ 115.431953535097847, 0.173770002339754, 0.0 ], [ 115.432076436539404, 0.173928111787542, 0.0 ], [ 115.432236967917319, 0.174191740528558, 0.0 ], [ 115.432513457800781, 0.174760776318633, 0.0 ], [ 115.43265771831237, 0.175036032459551, 0.0 ], [ 115.432762823453032, 0.175206594894467, 0.0 ], [ 115.432987455589526, 0.175527159709365, 0.0 ], [ 115.433334492315566, 0.175962715565484, 0.0 ], [ 115.43362362978857, 0.176379965397909, 0.0 ], [ 115.433698614096244, 0.176511355341918, 0.0 ], [ 115.433753011818382, 0.176645122096257, 0.0 ], [ 115.433783903661023, 0.17677748505502, 0.0 ], [ 115.433784915590749, 0.176912053096495, 0.0 ], [ 115.433756076671557, 0.177045035010405, 0.0 ], [ 115.433703872621237, 0.177180062472751, 0.0 ], [ 115.433631279961588, 0.177313360804443, 0.0 ], [ 115.433150753066428, 0.178058197771109, 0.0 ], [ 115.432821558028294, 0.178545372040481, 0.0 ], [ 115.432703992182397, 0.178704467758678, 0.0 ], [ 115.43266961976741, 0.178748102552605, 0.0 ], [ 115.432456761986387, 0.179018320640856, 0.0 ], [ 115.431776984675651, 0.179730459394501, 0.0 ], [ 115.431650236885886, 0.179878580295042, 0.0 ], [ 115.431530982833394, 0.180029180758732, 0.0 ], [ 115.431134874977317, 0.180606943033644, 0.0 ], [ 115.430994262039476, 0.180767100956634, 0.0 ], [ 115.430870286798125, 0.180869784529188, 0.0 ], [ 115.430736614942717, 0.180950798971649, 0.0 ], [ 115.430593235275012, 0.181004613943334, 0.0 ], [ 115.43043996515776, 0.1810344725739, 0.0 ], [ 115.430191426236291, 0.181052625519632, 0.0 ], [ 115.42992998660111, 0.181046276521351, 0.0 ], [ 115.429212525371639, 0.180991520118458, 0.0 ], [ 115.429030955647661, 0.180971814831727, 0.0 ], [ 115.428849645467565, 0.180942741005108, 0.0 ], [ 115.42813810629049, 0.180796040478402, 0.0 ], [ 115.427965640909107, 0.180770718845013, 0.0 ], [ 115.427796774217697, 0.180756644501979, 0.0 ], [ 115.427633131119364, 0.180756029722085, 0.0 ], [ 115.427474026362475, 0.180777198432041, 0.0 ], [ 115.427321312054659, 0.180823216664637, 0.0 ], [ 115.427177171110998, 0.180894590158427, 0.0 ], [ 115.427038304565173, 0.180983946953933, 0.0 ], [ 115.426901398179581, 0.181083932275555, 0.0 ], [ 115.426341553904393, 0.181541210532899, 0.0 ], [ 115.426033728668898, 0.181757548346228, 0.0 ], [ 115.425717158790249, 0.181966286657736, 0.0 ], [ 115.425554354447016, 0.182064032108788, 0.0 ], [ 115.425387325150524, 0.182152327227903, 0.0 ], [ 115.425214507739426, 0.182231819420364, 0.0 ], [ 115.424942771476211, 0.182324274509989, 0.0 ], [ 115.424662843836373, 0.182389944522953, 0.0 ], [ 115.424285216107023, 0.182462093064903, 0.0 ], [ 115.424093845789415, 0.182506297986787, 0.0 ], [ 115.423043439709545, 0.182790862687121, 0.0 ], [ 115.422311183643984, 0.182970717380263, 0.0 ], [ 115.421929565889542, 0.183053184372975, 0.0 ], [ 115.42164269836492, 0.183084650565851, 0.0 ], [ 115.421360538057115, 0.18308647502096, 0.0 ], [ 115.420517797300263, 0.183028474412032, 0.0 ], [ 115.420377692261255, 0.183035670841317, 0.0 ], [ 115.420243885012539, 0.183068523423515, 0.0 ], [ 115.420119428642096, 0.183131041563774, 0.0 ], [ 115.419973429569936, 0.18326220964628, 0.0 ], [ 115.419844065914063, 0.183433845890924, 0.0 ], [ 115.419628926940163, 0.183784597840979, 0.0 ], [ 115.419542292176402, 0.183950480518768, 0.0 ], [ 115.419438473021827, 0.184209573870092, 0.0 ], [ 115.419350433063045, 0.184489372684847, 0.0 ], [ 115.419186305968353, 0.1850626673146, 0.0 ], [ 115.419093112116386, 0.185332712710624, 0.0 ], [ 115.418938290074465, 0.185680049374719, 0.0 ], [ 115.418853510997849, 0.185837358515988, 0.0 ], [ 115.418762258210492, 0.185977844604898, 0.0 ], [ 115.418667087148876, 0.186105220370855, 0.0 ], [ 115.418566481903682, 0.186214135340158, 0.0 ], [ 115.418458913088656, 0.186299272501011, 0.0 ], [ 115.418346236181492, 0.186366083652112, 0.0 ], [ 115.418109491916113, 0.186484904652855, 0.0 ], [ 115.41798757618399, 0.186555771106536, 0.0 ], [ 115.41774163156424, 0.186740869007147, 0.0 ], [ 115.417498533152468, 0.186973040299568, 0.0 ], [ 115.417143472585593, 0.187385978620776, 0.0 ], [ 115.416787110502, 0.187836548073918, 0.0 ], [ 115.416559844248113, 0.188158902064271, 0.0 ], [ 115.416123260962209, 0.188836579856738, 0.0 ], [ 115.415850860767023, 0.189314549398389, 0.0 ], [ 115.415705892771868, 0.189545042511671, 0.0 ], [ 115.415587334011192, 0.189706005441169, 0.0 ], [ 115.41546159717376, 0.189861305346986, 0.0 ], [ 115.415063141201884, 0.190295866114523, 0.0 ], [ 115.414880081877172, 0.19052768588175, 0.0 ], [ 115.414473819085828, 0.191062943229257, 0.0 ], [ 115.414368817482341, 0.191218703410057, 0.0 ], [ 115.414179712200621, 0.191529962493691, 0.0 ], [ 115.414099978778012, 0.191686916958714, 0.0 ], [ 115.414038143851386, 0.191852368849545, 0.0 ], [ 115.413994218558642, 0.192022398577885, 0.0 ], [ 115.413964430262283, 0.192193067210232, 0.0 ], [ 115.413869137510162, 0.19289570907173, 0.0 ], [ 115.413854559802047, 0.193065475631579, 0.0 ], [ 115.4138493206909, 0.193230524000263, 0.0 ], [ 115.413855012392986, 0.193386884996072, 0.0 ], [ 115.413879500272571, 0.193539332691792, 0.0 ], [ 115.413923034379437, 0.193684520900397, 0.0 ], [ 115.413979582005126, 0.193826789187235, 0.0 ], [ 115.41404598673094, 0.193962673472376, 0.0 ], [ 115.414225082410624, 0.19428671974647, 0.0 ], [ 115.414309933416121, 0.194481226069487, 0.0 ], [ 115.414339185287233, 0.194621934473046, 0.0 ], [ 115.414345793172345, 0.194768888209673, 0.0 ], [ 115.414337911717908, 0.194926606342724, 0.0 ], [ 115.414319468730994, 0.195091929328962, 0.0 ], [ 115.41422742053426, 0.195795930773047, 0.0 ], [ 115.414126575422472, 0.196406701244286, 0.0 ], [ 115.414106746268047, 0.196590214814497, 0.0 ], [ 115.414102759725893, 0.196777756208038, 0.0 ], [ 115.414114850498081, 0.196966811268663, 0.0 ], [ 115.414142621548848, 0.197214042233202, 0.0 ], [ 115.414183440251847, 0.197467755261962, 0.0 ], [ 115.414239800131895, 0.197721099902982, 0.0 ], [ 115.414314945724783, 0.197967224872542, 0.0 ], [ 115.414388825713203, 0.198154871460341, 0.0 ], [ 115.4144705977412, 0.19834051742402, 0.0 ], [ 115.414736547719073, 0.198886655450168, 0.0 ], [ 115.415068619889709, 0.199635010975564, 0.0 ], [ 115.415235267193822, 0.199981388608033, 0.0 ], [ 115.41530548737731, 0.200158246607758, 0.0 ], [ 115.415361997877071, 0.200337125484457, 0.0 ], [ 115.415410524778707, 0.200619660349292, 0.0 ], [ 115.41541375698128, 0.200908933883473, 0.0 ], [ 115.415371678657081, 0.201192032382405, 0.0 ], [ 115.415281222377857, 0.201455723500978, 0.0 ], [ 115.415160780378756, 0.201665665087188, 0.0 ], [ 115.414874803856407, 0.202073122960049, 0.0 ], [ 115.414774779531101, 0.202242064476552, 0.0 ], [ 115.414684111293454, 0.202420774229375, 0.0 ], [ 115.414572297315772, 0.202717959618351, 0.0 ], [ 115.414486295285798, 0.203041184696274, 0.0 ], [ 115.414418436214987, 0.203380193015987, 0.0 ], [ 115.414225663413333, 0.204611956380943, 0.0 ], [ 115.414152459499803, 0.205228757785621, 0.0 ], [ 115.41411395653131, 0.205496861715457, 0.0 ], [ 115.414056550407949, 0.205759685767432, 0.0 ], [ 115.413975576009818, 0.20600889829708, 0.0 ], [ 115.413898512346108, 0.206182322154912, 0.0 ], [ 115.413642338147923, 0.206689167390501, 0.0 ], [ 115.41356327198713, 0.206863196023014, 0.0 ], [ 115.413482452569852, 0.207097409285004, 0.0 ], [ 115.413420444781238, 0.207344189910788, 0.0 ], [ 115.413372800787613, 0.207596310539819, 0.0 ], [ 115.413308945015586, 0.208041518696165, 0.0 ], [ 115.413261276640611, 0.208303025873098, 0.0 ], [ 115.413192338036808, 0.208559036757903, 0.0 ], [ 115.413096172416672, 0.208799994133625, 0.0 ], [ 115.413004518587499, 0.208965521973913, 0.0 ], [ 115.412899100401219, 0.209122885447015, 0.0 ], [ 115.412781317788685, 0.209268867807341, 0.0 ], [ 115.412653108015789, 0.209407881729907, 0.0 ], [ 115.412096305446568, 0.209909593882471, 0.0 ], [ 115.411967517342802, 0.21003765830774, 0.0 ], [ 115.411736751870478, 0.210302801109272, 0.0 ], [ 115.411641376255218, 0.210440800825435, 0.0 ], [ 115.411537932923096, 0.210665350793718, 0.0 ], [ 115.411479987691408, 0.210896335564523, 0.0 ], [ 115.411466123827836, 0.211045800317563, 0.0 ], [ 115.411479171327514, 0.211195177399862, 0.0 ], [ 115.411519121577413, 0.211340835725773, 0.0 ], [ 115.411579747815509, 0.211486884167377, 0.0 ], [ 115.411657965541508, 0.211629649718377, 0.0 ], [ 115.411749223396228, 0.211773120233892, 0.0 ], [ 115.411853619779194, 0.211912590230452, 0.0 ], [ 115.412012579288174, 0.212085801113251, 0.0 ], [ 115.412180260217099, 0.212255120464767, 0.0 ], [ 115.412337595894712, 0.212433686073619, 0.0 ], [ 115.412439629764677, 0.212580882931687, 0.0 ], [ 115.412525010378843, 0.212736307951866, 0.0 ], [ 115.412606164267942, 0.212962558295302, 0.0 ], [ 115.412649554543535, 0.213200880040918, 0.0 ], [ 115.412657200056955, 0.213439553503675, 0.0 ], [ 115.412641692347123, 0.213612492286863, 0.0 ], [ 115.412615108240999, 0.213784711835298, 0.0 ], [ 115.412578364499566, 0.213951735552258, 0.0 ], [ 115.412532234157766, 0.214109029850754, 0.0 ], [ 115.41242583313057, 0.214402654287817, 0.0 ], [ 115.412353081084333, 0.21453816917782, 0.0 ], [ 115.412258958921882, 0.214661572154547, 0.0 ], [ 115.412077288453091, 0.214813996605592, 0.0 ], [ 115.411863346634647, 0.214936635464772, 0.0 ], [ 115.411710390143725, 0.215005643638621, 0.0 ], [ 115.411549908181115, 0.215058635324616, 0.0 ], [ 115.4113845831086, 0.215096238447407, 0.0 ], [ 115.411216746138606, 0.215118112302991, 0.0 ], [ 115.411046242587346, 0.215117237073406, 0.0 ], [ 115.410875132482943, 0.215092173205778, 0.0 ], [ 115.410705374978832, 0.215043993507218, 0.0 ], [ 115.410536591130665, 0.214979900432351, 0.0 ], [ 115.410198096624654, 0.214814731373812, 0.0 ], [ 115.409678793067997, 0.214526887740994, 0.0 ], [ 115.409160379717093, 0.214223105532761, 0.0 ], [ 115.408899613368177, 0.214086312489802, 0.0 ], [ 115.408488193318945, 0.213878394160282, 0.0 ], [ 115.40833516886525, 0.213807624930514, 0.0 ], [ 115.408184859041299, 0.213755657143916, 0.0 ], [ 115.408040307366832, 0.213722767853968, 0.0 ], [ 115.407904999222708, 0.213710367348128, 0.0 ], [ 115.407779756654506, 0.21372645856317, 0.0 ], [ 115.407666148917386, 0.213772273423114, 0.0 ], [ 115.407565569081726, 0.213841400018958, 0.0 ], [ 115.407483297441317, 0.213934754132756, 0.0 ], [ 115.407406493159016, 0.214122762968304, 0.0 ], [ 115.40738485141668, 0.214349310458026, 0.0 ], [ 115.407397612489731, 0.214511797120724, 0.0 ], [ 115.407442284211243, 0.214777209128332, 0.0 ], [ 115.407516808072685, 0.215054049308905, 0.0 ], [ 115.407583285391866, 0.215237137067482, 0.0 ], [ 115.407685466380812, 0.215485711098875, 0.0 ], [ 115.407805660266689, 0.215729785050739, 0.0 ], [ 115.407951812230195, 0.215957572081784, 0.0 ], [ 115.408081262929656, 0.216111228089231, 0.0 ], [ 115.408226449957709, 0.216253884901119, 0.0 ], [ 115.408471614895646, 0.216441226851593, 0.0 ], [ 115.408920003567872, 0.216720466302771, 0.0 ], [ 115.409481682523534, 0.21702847172539, 0.0 ], [ 115.409662712166806, 0.217136923390222, 0.0 ], [ 115.409716070409388, 0.217171534254889, 0.0 ], [ 115.41000715091009, 0.217360343677816, 0.0 ], [ 115.41016530668314, 0.217482675210092, 0.0 ], [ 115.410312454758383, 0.217609125949926, 0.0 ], [ 115.410445005865753, 0.21774376342007, 0.0 ], [ 115.410558447203201, 0.217891074677726, 0.0 ], [ 115.41065113343582, 0.218047078461916, 0.0 ], [ 115.410744567285505, 0.218303772488923, 0.0 ], [ 115.410784348620666, 0.218573142955645, 0.0 ], [ 115.41077328212036, 0.218837234563054, 0.0 ], [ 115.410710168673546, 0.219077444953454, 0.0 ], [ 115.410639236105837, 0.21921545584091, 0.0 ], [ 115.410549605468105, 0.219337906655955, 0.0 ], [ 115.410440387171249, 0.219438601389305, 0.0 ], [ 115.410239080020062, 0.219537688211742, 0.0 ], [ 115.410008116755165, 0.219580655926149, 0.0 ], [ 115.409844664811715, 0.219583166163754, 0.0 ], [ 115.409674057983196, 0.219574121268668, 0.0 ], [ 115.409137166523351, 0.219508223064859, 0.0 ], [ 115.408765997176332, 0.219473427073017, 0.0 ], [ 115.40857747239717, 0.219471980668638, 0.0 ], [ 115.408185100901619, 0.219503409231897, 0.0 ], [ 115.407418400893647, 0.219602397279556, 0.0 ], [ 115.406680876357598, 0.219683606444649, 0.0 ], [ 115.406316309602943, 0.219730701717512, 0.0 ], [ 115.405968730012773, 0.219789478841926, 0.0 ], [ 115.405363482129857, 0.219916580253911, 0.0 ], [ 115.404663291130305, 0.220014613671188, 0.0 ], [ 115.404354522518759, 0.220072021995751, 0.0 ], [ 115.404053229269991, 0.220151831638891, 0.0 ], [ 115.403771510968369, 0.220262664426078, 0.0 ], [ 115.403598074603934, 0.220357721141076, 0.0 ], [ 115.403435257024299, 0.220464814442122, 0.0 ], [ 115.403281700665275, 0.22058565978592, 0.0 ], [ 115.403136761031675, 0.220715472040221, 0.0 ], [ 115.402999862898142, 0.220856973318835, 0.0 ], [ 115.402870637520707, 0.221005729419023, 0.0 ], [ 115.40274918782535, 0.221165284607207, 0.0 ], [ 115.402518358822874, 0.22149695079851, 0.0 ], [ 115.40217926017452, 0.222006439137806, 0.0 ], [ 115.40205498555612, 0.222162502099114, 0.0 ], [ 115.40192315309568, 0.222311962264743, 0.0 ], [ 115.401780581510309, 0.222449267317287, 0.0 ], [ 115.401624096712681, 0.222568805252092, 0.0 ], [ 115.401455832783455, 0.222673884513628, 0.0 ], [ 115.401277295064318, 0.222766951606596, 0.0 ], [ 115.401008689104188, 0.222868016186173, 0.0 ], [ 115.400723258862584, 0.222939497644734, 0.0 ], [ 115.400431253702109, 0.222986792622502, 0.0 ], [ 115.40014259528165, 0.223013504345172, 0.0 ], [ 115.399867359048542, 0.223021560245788, 0.0 ], [ 115.399681758857739, 0.223014122235615, 0.0 ], [ 115.399504375087929, 0.222987357706588, 0.0 ], [ 115.399336436967857, 0.222938327576853, 0.0 ], [ 115.399179696270096, 0.222866702850513, 0.0 ], [ 115.39888605315889, 0.222685822717222, 0.0 ], [ 115.398608402297057, 0.222478297858257, 0.0 ], [ 115.398478016473192, 0.222368004970509, 0.0 ], [ 115.398357395450319, 0.222249642515967, 0.0 ], [ 115.398246665352943, 0.222128192712146, 0.0 ], [ 115.39795634562671, 0.221743398205615, 0.0 ], [ 115.397732246185228, 0.221483387642526, 0.0 ], [ 115.397605124859709, 0.221356754964719, 0.0 ], [ 115.397464542864824, 0.221239719873959, 0.0 ], [ 115.397154487148484, 0.221019946572777, 0.0 ], [ 115.396511158036304, 0.220643937181631, 0.0 ], [ 115.396307588881712, 0.220502779309579, 0.0 ], [ 115.396157291857151, 0.220374387057127, 0.0 ], [ 115.395878869998882, 0.220095450548946, 0.0 ], [ 115.395748111145195, 0.219946031050108, 0.0 ], [ 115.395245474958415, 0.219331214837105, 0.0 ], [ 115.395128345823636, 0.219170420778895, 0.0 ], [ 115.395021395056574, 0.2189980473278, 0.0 ], [ 115.394925538628598, 0.21881707449384, 0.0 ], [ 115.394813825256534, 0.218540040999313, 0.0 ], [ 115.394723705178478, 0.218243658969332, 0.0 ], [ 115.394498586795663, 0.21733212106195, 0.0 ], [ 115.394274442892268, 0.216538721777477, 0.0 ], [ 115.394130043289422, 0.215991881448404, 0.0 ], [ 115.394071721369713, 0.215819881491732, 0.0 ], [ 115.393999786468584, 0.215653993663178, 0.0 ], [ 115.393917521599406, 0.215489177336196, 0.0 ], [ 115.39382354199833, 0.215329691060399, 0.0 ], [ 115.393716430556708, 0.215179860304981, 0.0 ], [ 115.393597946637286, 0.215035504339844, 0.0 ], [ 115.393468698006942, 0.214900477669225, 0.0 ], [ 115.393192035541304, 0.214640701559278, 0.0 ], [ 115.392899968167697, 0.214393786783791, 0.0 ], [ 115.392747996170385, 0.214278379973075, 0.0 ], [ 115.392591497017946, 0.214167798433468, 0.0 ], [ 115.392430088398768, 0.214067085811109, 0.0 ], [ 115.392262751745506, 0.213974986727339, 0.0 ], [ 115.392088869335808, 0.213897033162855, 0.0 ], [ 115.391906847554978, 0.213833125465378, 0.0 ], [ 115.391617089122562, 0.213775022433824, 0.0 ], [ 115.391313790285707, 0.213760107187351, 0.0 ], [ 115.391009911435816, 0.213785856066639, 0.0 ], [ 115.390718349775483, 0.213852587849475, 0.0 ], [ 115.390534346231235, 0.213919840128724, 0.0 ], [ 115.390357784157146, 0.213998189822289, 0.0 ], [ 115.39018994811326, 0.214088016900268, 0.0 ], [ 115.389732449508486, 0.214400172059993, 0.0 ], [ 115.389579970238628, 0.214490909590503, 0.0 ], [ 115.389276163228573, 0.214639367034156, 0.0 ], [ 115.389126967934189, 0.214690195869403, 0.0 ], [ 115.388979168077583, 0.214720686439288, 0.0 ], [ 115.388760636478409, 0.214712753619304, 0.0 ], [ 115.388557905668847, 0.214634664987353, 0.0 ], [ 115.38838392968178, 0.214484283099654, 0.0 ], [ 115.38823002671505, 0.214282493495367, 0.0 ], [ 115.38813354656186, 0.214130242389769, 0.0 ], [ 115.388043846899222, 0.213961223171965, 0.0 ], [ 115.387878916515874, 0.213591782034451, 0.0 ], [ 115.387770505462029, 0.213286608783036, 0.0 ], [ 115.387568436832169, 0.212646142960672, 0.0 ], [ 115.387451649865042, 0.212339444155762, 0.0 ], [ 115.387266271187229, 0.211965816585262, 0.0 ], [ 115.387059262858003, 0.21162506429689, 0.0 ], [ 115.386948602154177, 0.21146817159044, 0.0 ], [ 115.386830792767611, 0.211327049465953, 0.0 ], [ 115.386707231000059, 0.211198742586018, 0.0 ], [ 115.386578566723145, 0.21108826574973, 0.0 ], [ 115.386445763086556, 0.210994212759498, 0.0 ], [ 115.386309359388079, 0.210922373445737, 0.0 ], [ 115.386170027524642, 0.210873238042958, 0.0 ], [ 115.386028259088377, 0.210853504361447, 0.0 ], [ 115.385887442471031, 0.210863937845652, 0.0 ], [ 115.385751043537454, 0.21090316782672, 0.0 ], [ 115.38561967567432, 0.21096407064291, 0.0 ], [ 115.385494355905408, 0.211045412836629, 0.0 ], [ 115.38525443549652, 0.211239550476739, 0.0 ], [ 115.385142433340761, 0.211347088188238, 0.0 ], [ 115.385042052598976, 0.21146496133428, 0.0 ], [ 115.384954787700266, 0.211588103794639, 0.0 ], [ 115.384886198009511, 0.211719837903173, 0.0 ], [ 115.384842883087117, 0.211864063092056, 0.0 ], [ 115.384825235142188, 0.212015524116952, 0.0 ], [ 115.384829813239392, 0.21216905667261, 0.0 ], [ 115.384848152987075, 0.212328586645592, 0.0 ], [ 115.384932006879424, 0.212829263418381, 0.0 ], [ 115.384952712985012, 0.213098747793806, 0.0 ], [ 115.384944728232014, 0.213370441229426, 0.0 ], [ 115.384905093499455, 0.213627598096578, 0.0 ], [ 115.384829008195737, 0.213852719232184, 0.0 ], [ 115.38475717800651, 0.213976823651353, 0.0 ], [ 115.384672733296298, 0.214086484849817, 0.0 ], [ 115.384577725558728, 0.214192919936687, 0.0 ], [ 115.384259537024235, 0.214522534128439, 0.0 ], [ 115.384156790823141, 0.214640531609958, 0.0 ], [ 115.384061122227109, 0.214761049404315, 0.0 ], [ 115.383978179450736, 0.21488815777457, 0.0 ], [ 115.383914273631262, 0.215026275237637, 0.0 ], [ 115.383869531035671, 0.215170596897978, 0.0 ], [ 115.383840216949437, 0.21531631021365, 0.0 ], [ 115.383794043541272, 0.215620302560534, 0.0 ], [ 115.383763039183606, 0.215779233034487, 0.0 ], [ 115.383720471448171, 0.215939824495452, 0.0 ], [ 115.383487650921651, 0.2165761586479, 0.0 ], [ 115.38343425121694, 0.216736296720624, 0.0 ], [ 115.38339216813425, 0.21690033925728, 0.0 ], [ 115.383362841250161, 0.217063883948508, 0.0 ], [ 115.38334781075983, 0.217222481469452, 0.0 ], [ 115.38336232687513, 0.217432311042878, 0.0 ], [ 115.383421511550679, 0.217629359475041, 0.0 ], [ 115.383529746508501, 0.217799560698688, 0.0 ], [ 115.383676942022191, 0.217924166968694, 0.0 ], [ 115.383857871592042, 0.218020801153687, 0.0 ], [ 115.384059297663114, 0.218096977125201, 0.0 ], [ 115.384607159422558, 0.218259766740207, 0.0 ], [ 115.384773963440836, 0.21832665023093, 0.0 ], [ 115.384935410958221, 0.218408685860755, 0.0 ], [ 115.385090937448979, 0.218500989072119, 0.0 ], [ 115.385240224736449, 0.218605135244127, 0.0 ], [ 115.385382458528866, 0.218716545467034, 0.0 ], [ 115.385513867296893, 0.218838684877266, 0.0 ], [ 115.385630012889635, 0.218975621753324, 0.0 ], [ 115.385731944177621, 0.219122366800815, 0.0 ], [ 115.385820604028822, 0.219273950608667, 0.0 ], [ 115.385892414881212, 0.219434472294604, 0.0 ], [ 115.385947127479511, 0.219599432588646, 0.0 ], [ 115.385984349734429, 0.219764354813576, 0.0 ], [ 115.385996849821552, 0.2199908112969, 0.0 ], [ 115.385963751295805, 0.220214877083662, 0.0 ], [ 115.385882947115491, 0.220424295004202, 0.0 ], [ 115.385736739884479, 0.220631618476753, 0.0 ], [ 115.385553265551408, 0.22082403925591, 0.0 ], [ 115.385420064668111, 0.220952200995443, 0.0 ], [ 115.385134305661254, 0.221201983707519, 0.0 ], [ 115.38483168236391, 0.221444322437481, 0.0 ], [ 115.384533985234015, 0.221697129703472, 0.0 ], [ 115.384248349724857, 0.221959575172679, 0.0 ], [ 115.383979971776654, 0.222231136693563, 0.0 ], [ 115.383857212432972, 0.222372522154853, 0.0 ], [ 115.383747712953877, 0.222524504646468, 0.0 ], [ 115.383652619056434, 0.222683765262782, 0.0 ], [ 115.383541832088554, 0.222944469888636, 0.0 ], [ 115.38346439731302, 0.22321940480114, 0.0 ], [ 115.383338128759661, 0.223790685950704, 0.0 ], [ 115.383142339059063, 0.224532736640169, 0.0 ], [ 115.383059137070518, 0.224805631440364, 0.0 ], [ 115.38284152855789, 0.225401292072573, 0.0 ], [ 115.382331952603096, 0.226664482862106, 0.0 ], [ 115.382093995019559, 0.227266240734289, 0.0 ], [ 115.3820405167925, 0.227438146939148, 0.0 ], [ 115.38200047227501, 0.227607985458056, 0.0 ], [ 115.381976765316892, 0.227868113403617, 0.0 ], [ 115.381998429556873, 0.22812263668496, 0.0 ], [ 115.382035629145705, 0.228282415608686, 0.0 ], [ 115.382083916193722, 0.228438705838676, 0.0 ], [ 115.382194455381224, 0.228736863233569, 0.0 ], [ 115.38224013495234, 0.228889785322824, 0.0 ], [ 115.382272949528954, 0.229043828277519, 0.0 ], [ 115.382284374312349, 0.229284609472425, 0.0 ], [ 115.382245613637494, 0.229523710968361, 0.0 ], [ 115.382192620855591, 0.229674731703203, 0.0 ], [ 115.382123428052509, 0.229822947040911, 0.0 ], [ 115.381771704692525, 0.230397442852503, 0.0 ], [ 115.381612821968716, 0.230702030261215, 0.0 ], [ 115.381549477652328, 0.230861870932949, 0.0 ], [ 115.381500974104483, 0.231025085684209, 0.0 ], [ 115.381472732116222, 0.231196754974932, 0.0 ], [ 115.381465957663153, 0.231373075177462, 0.0 ], [ 115.381478008316577, 0.231550232274403, 0.0 ], [ 115.381501253997953, 0.231733847847868, 0.0 ], [ 115.381533943390309, 0.231920311462932, 0.0 ], [ 115.381740169750159, 0.232862466860306, 0.0 ], [ 115.381797641754702, 0.2332236174845, 0.0 ], [ 115.381810482726905, 0.233393363416904, 0.0 ], [ 115.381804307534352, 0.233559488770409, 0.0 ], [ 115.381778407818814, 0.233718351568314, 0.0 ], [ 115.381714003134917, 0.233949591884787, 0.0 ], [ 115.381616656229852, 0.2341560577195, 0.0 ], [ 115.381531697849056, 0.234270397924937, 0.0 ], [ 115.381434007767012, 0.234367259730453, 0.0 ], [ 115.381325040069541, 0.234441439573609, 0.0 ], [ 115.381206934534575, 0.234493178267532, 0.0 ], [ 115.381080703358521, 0.23451653242883, 0.0 ], [ 115.380950427598492, 0.234511663515139, 0.0 ], [ 115.380753950168113, 0.23445914752218, 0.0 ], [ 115.380545844815543, 0.23438383741054, 0.0 ], [ 115.380315940683701, 0.234317642604981, 0.0 ], [ 115.38007565758565, 0.234265312360718, 0.0 ], [ 115.379915823255232, 0.234239568125941, 0.0 ], [ 115.379756485702302, 0.234229524667924, 0.0 ], [ 115.379597060984551, 0.23423547402547, 0.0 ], [ 115.379437406165081, 0.234250496866786, 0.0 ], [ 115.378952222962909, 0.234316805501814, 0.0 ], [ 115.378732158584739, 0.234365498088238, 0.0 ], [ 115.37851630680899, 0.234442305193368, 0.0 ], [ 115.37831772752854, 0.234553949583845, 0.0 ], [ 115.378124777267118, 0.234726785841485, 0.0 ], [ 115.377954810435867, 0.23493146658098, 0.0 ], [ 115.377849216052837, 0.235075891468899, 0.0 ], [ 115.377696368276574, 0.235328974923182, 0.0 ], [ 115.377575392464934, 0.235546596453628, 0.0 ], [ 115.377501129128731, 0.235710959895125, 0.0 ], [ 115.377444134619438, 0.235887016995402, 0.0 ], [ 115.377404341083405, 0.236071121346497, 0.0 ], [ 115.377285668617375, 0.237091330773407, 0.0 ], [ 115.377262067315328, 0.237428398740125, 0.0 ], [ 115.377253590309735, 0.23777875995498, 0.0 ], [ 115.377258057415034, 0.238134373449674, 0.0 ], [ 115.3773012247335, 0.23907415226066, 0.0 ], [ 115.377297319655952, 0.239434159986769, 0.0 ], [ 115.377275441148186, 0.239792339651163, 0.0 ], [ 115.377232836642818, 0.240142057391011, 0.0 ], [ 115.376998613532749, 0.241385393119266, 0.0 ], [ 115.376840938670199, 0.242428473239602, 0.0 ], [ 115.376780116821124, 0.242769443426581, 0.0 ], [ 115.376706420892859, 0.243097054552827, 0.0 ], [ 115.376613691956678, 0.243404263571552, 0.0 ], [ 115.376452322961299, 0.243796529760001, 0.0 ], [ 115.376146687974412, 0.244438083850299, 0.0 ], [ 115.376030302808175, 0.244705334970395, 0.0 ], [ 115.375947810614207, 0.244955097055969, 0.0 ], [ 115.375884739760281, 0.245207321366588, 0.0 ], [ 115.375773071995695, 0.245798390911423, 0.0 ], [ 115.375627401774523, 0.246441296236274, 0.0 ], [ 115.375607189503157, 0.246590228230439, 0.0 ], [ 115.375608641702101, 0.246741541365593, 0.0 ], [ 115.375634352349877, 0.246890870594889, 0.0 ], [ 115.375683129015485, 0.247033809709397, 0.0 ], [ 115.375749721426828, 0.247174443084633, 0.0 ], [ 115.375831736011634, 0.247309095992725, 0.0 ], [ 115.376300339291063, 0.247993948319747, 0.0 ], [ 115.376553284531383, 0.248407165216008, 0.0 ], [ 115.376650597371182, 0.248535300544483, 0.0 ], [ 115.376767430072945, 0.248653906286996, 0.0 ], [ 115.376982045493179, 0.248804654461656, 0.0 ], [ 115.377231091702356, 0.248933765455578, 0.0 ], [ 115.37776271103705, 0.249179649797685, 0.0 ], [ 115.378440302776966, 0.249545995884243, 0.0 ], [ 115.378703309849371, 0.249661307231002, 0.0 ], [ 115.379145782465685, 0.249822247203388, 0.0 ], [ 115.379672831939487, 0.249970207412766, 0.0 ], [ 115.379850100411446, 0.250028930095196, 0.0 ], [ 115.380202484577765, 0.250171980566187, 0.0 ], [ 115.380377137167102, 0.250252798451991, 0.0 ], [ 115.38054890683955, 0.250342697648395, 0.0 ], [ 115.380718579348709, 0.250436611084219, 0.0 ], [ 115.381224510460171, 0.250739111754119, 0.0 ], [ 115.381550624464936, 0.250961303081616, 0.0 ], [ 115.381872574439768, 0.251193596648545, 0.0 ], [ 115.382294616383902, 0.251463071398076, 0.0 ], [ 115.382500149650781, 0.251604103432525, 0.0 ], [ 115.382688315273597, 0.251762812820492, 0.0 ], [ 115.382821576937786, 0.251909062220854, 0.0 ], [ 115.382938902402998, 0.252069457587111, 0.0 ], [ 115.383061356243687, 0.252296545365363, 0.0 ], [ 115.383160731089163, 0.252546730565961, 0.0 ], [ 115.383244227883154, 0.252812777329523, 0.0 ], [ 115.383372116042594, 0.253312100731102, 0.0 ], [ 115.383438038667833, 0.253680991959684, 0.0 ], [ 115.383485362737773, 0.254068387870301, 0.0 ], [ 115.383586890608953, 0.255270502088988, 0.0 ], [ 115.383628848970417, 0.255662951901044, 0.0 ], [ 115.383686370877356, 0.256039787064382, 0.0 ], [ 115.383767879180795, 0.256392598931081, 0.0 ], [ 115.383883580136285, 0.256711195667481, 0.0 ], [ 115.38397912099704, 0.256892971511936, 0.0 ], [ 115.384088811995866, 0.257062461514583, 0.0 ], [ 115.384211657241252, 0.257216928024552, 0.0 ], [ 115.384346332870777, 0.257361432626787, 0.0 ], [ 115.384542913801141, 0.257534608223364, 0.0 ], [ 115.384953898893315, 0.257863167413763, 0.0 ], [ 115.385380431936497, 0.258272434652302, 0.0 ], [ 115.385654651205996, 0.258554877247987, 0.0 ], [ 115.385918953510668, 0.258847323686514, 0.0 ], [ 115.386046071488579, 0.258999552659397, 0.0 ], [ 115.386287016164346, 0.259315520677958, 0.0 ], [ 115.386399140316641, 0.259480963337626, 0.0 ], [ 115.386503949132745, 0.259655617892345, 0.0 ], [ 115.386698597174941, 0.26001810993966, 0.0 ], [ 115.386830604626383, 0.26030541549611, 0.0 ], [ 115.387289462499794, 0.261381868014091, 0.0 ], [ 115.387515110411982, 0.261851971798548, 0.0 ], [ 115.38766404632841, 0.262120714856999, 0.0 ], [ 115.387774486894216, 0.262286285069824, 0.0 ], [ 115.387892402328774, 0.262445603450928, 0.0 ], [ 115.388147599670404, 0.262740370105731, 0.0 ], [ 115.388423628052266, 0.263009078281517, 0.0 ], [ 115.388854029228014, 0.263376779177138, 0.0 ], [ 115.389108690940446, 0.263638591616533, 0.0 ], [ 115.389218588606312, 0.263778548343306, 0.0 ], [ 115.389351142759168, 0.264010904944183, 0.0 ], [ 115.389452031015338, 0.264256140210434, 0.0 ], [ 115.389605429985764, 0.264669081766694, 0.0 ], [ 115.38972735997524, 0.264912184626551, 0.0 ], [ 115.389826700891788, 0.265062755590551, 0.0 ], [ 115.389938548134182, 0.265207773556377, 0.0 ], [ 115.390062144886571, 0.265343601043448, 0.0 ], [ 115.390196348891138, 0.265474010036728, 0.0 ], [ 115.390793490849077, 0.265950062889044, 0.0 ], [ 115.391082536688685, 0.266200122637578, 0.0 ], [ 115.391215245893946, 0.266337574795899, 0.0 ], [ 115.39133836375467, 0.266481183579946, 0.0 ], [ 115.391450645547167, 0.266635081806582, 0.0 ], [ 115.39164951605963, 0.266956588826445, 0.0 ], [ 115.391735367168735, 0.267124800736536, 0.0 ], [ 115.391812453841837, 0.267295618810279, 0.0 ], [ 115.39188185548629, 0.267465070280089, 0.0 ], [ 115.391940022120821, 0.267638419932052, 0.0 ], [ 115.392067708053531, 0.268084410017473, 0.0 ], [ 115.392163529495889, 0.268356990634686, 0.0 ], [ 115.392364546110883, 0.268794150289581, 0.0 ], [ 115.392509196759718, 0.269041358044122, 0.0 ], [ 115.392619666210479, 0.269190870041488, 0.0 ], [ 115.392739058066056, 0.269331949057859, 0.0 ], [ 115.393058861837474, 0.269643160034018, 0.0 ], [ 115.393205968267054, 0.269796222113675, 0.0 ], [ 115.393324101005476, 0.269962126978863, 0.0 ], [ 115.393403989087673, 0.270162915677481, 0.0 ], [ 115.393435292632702, 0.27037883169832, 0.0 ], [ 115.393419810786668, 0.270597722300616, 0.0 ], [ 115.393379441306337, 0.270757503368372, 0.0 ], [ 115.393320652398444, 0.270917860769018, 0.0 ], [ 115.39324625537941, 0.271075425179466, 0.0 ], [ 115.393160591254244, 0.271234903533602, 0.0 ], [ 115.392965249697355, 0.271554181655001, 0.0 ], [ 115.392857867434941, 0.271714455616804, 0.0 ], [ 115.392621640586185, 0.27202385240462, 0.0 ], [ 115.392367230015751, 0.272324358498953, 0.0 ], [ 115.392233386644435, 0.272470296314262, 0.0 ], [ 115.392092525812018, 0.272607299773226, 0.0 ], [ 115.391855597742406, 0.272825332909315, 0.0 ], [ 115.391677913591977, 0.272988846647895, 0.0 ], [ 115.391001039110577, 0.273611739392229, 0.0 ], [ 115.390745748205148, 0.273857403778318, 0.0 ], [ 115.390649311501946, 0.273973982365891, 0.0 ], [ 115.390570189328997, 0.274089369513607, 0.0 ], [ 115.390514382862776, 0.274207698112338, 0.0 ], [ 115.390489182353917, 0.274333292955217, 0.0 ], [ 115.390503665896702, 0.274529664789878, 0.0 ], [ 115.390548403546674, 0.274751156041326, 0.0 ], [ 115.390594737472185, 0.275033244051816, 0.0 ], [ 115.390633548588539, 0.275350115908286, 0.0 ], [ 115.390734943831376, 0.276546223067162, 0.0 ], [ 115.390739124997822, 0.276736996375176, 0.0 ], [ 115.39073189102767, 0.276921558705809, 0.0 ], [ 115.390698491040425, 0.277268701820802, 0.0 ], [ 115.390691281383752, 0.277532227573541, 0.0 ], [ 115.3907096029005, 0.277790474389097, 0.0 ], [ 115.390760699202602, 0.278113556514536, 0.0 ], [ 115.390779363081236, 0.278277781265693, 0.0 ], [ 115.390804772045144, 0.278921861281924, 0.0 ], [ 115.390810986194936, 0.279493564489878, 0.0 ], [ 115.390832516383242, 0.279738024629859, 0.0 ], [ 115.390859303443676, 0.279891111373871, 0.0 ], [ 115.39064474521706, 0.280763410814344, 0.0 ], [ 115.39060905308726, 0.281548633071962, 0.0 ], [ 115.391037355977346, 0.282298162903002, 0.0 ], [ 115.391608426761479, 0.282655082446275, 0.0 ], [ 115.392357957309514, 0.283297536609928, 0.0 ], [ 115.392750568087095, 0.283939990980547, 0.0 ], [ 115.392786260174987, 0.284618137233832, 0.0 ], [ 115.39278625994632, 0.285546126859367, 0.0 ], [ 115.392857643959601, 0.286224273665516, 0.0 ], [ 115.393214562975388, 0.286831036230438, 0.0 ], [ 115.393928401102556, 0.287509182896899, 0.0 ], [ 115.394606547293051, 0.287901793370531, 0.0 ], [ 115.395391769912123, 0.287937485455854, 0.0 ], [ 115.395855764650932, 0.288044561282934, 0.0 ], [ 115.396462527113911, 0.288579940183105, 0.0 ], [ 115.396926521983815, 0.289258086268484, 0.0 ], [ 115.397426209041015, 0.289650697637132, 0.0 ], [ 115.397854511395437, 0.289900540681193, 0.0 ], [ 115.398526322271906, 0.29055199284722, 0.0 ], [ 115.398881360184532, 0.289185769024436, 0.0 ], [ 115.399666582495001, 0.288471930020486, 0.0 ], [ 115.400808723830878, 0.287258405010637, 0.0 ], [ 115.401808097129731, 0.286187647850585, 0.0 ], [ 115.402093633020584, 0.284831354877069, 0.0 ], [ 115.402165016662636, 0.283332294843217, 0.0 ], [ 115.401593945382061, 0.281547698410386, 0.0 ], [ 115.400737339676837, 0.280120022019972, 0.0 ], [ 115.400451804521893, 0.278692345281282, 0.0 ], [ 115.400380420794107, 0.277407436672789, 0.0 ], [ 115.400951491126079, 0.276051144117791, 0.0 ], [ 115.401665329980347, 0.275194538180866, 0.0 ], [ 115.402807471181575, 0.274909003055377, 0.0 ], [ 115.404806218542802, 0.27476623473412, 0.0 ], [ 115.406448046705833, 0.275408689194555, 0.0 ], [ 115.407304652500414, 0.275551456750922, 0.0 ], [ 115.408803712984479, 0.275123154196261, 0.0 ], [ 115.410873843790938, 0.273766861607569, 0.0 ], [ 115.413586429178125, 0.271982265212799, 0.0 ], [ 115.415085489902879, 0.270982891804159, 0.0 ], [ 115.416655933529313, 0.269840751100465, 0.0 ], [ 115.417726691116329, 0.269341063731015, 0.0 ], [ 115.419225751797114, 0.268769993348242, 0.0 ], [ 115.42143865033205, 0.268198922426349, 0.0 ], [ 115.423580165373053, 0.267913387096628, 0.0 ], [ 115.42579306381198, 0.267699236087463, 0.0 ], [ 115.428077346931616, 0.267485084381189, 0.0 ], [ 115.430218861927358, 0.26741370020135, 0.0 ], [ 115.432860063389143, 0.267342316417457, 0.0 ], [ 115.435215729478031, 0.267199548709283, 0.0 ], [ 115.437428628167396, 0.267128165544701, 0.0 ], [ 115.440569516729681, 0.266771245803244, 0.0 ], [ 115.443567637509744, 0.26620017509777, 0.0 ], [ 115.445994688507326, 0.265200801747517, 0.0 ], [ 115.44799343562741, 0.264130044657611, 0.0 ], [ 115.449920798833134, 0.263059287128673, 0.0 ], [ 115.451848162476495, 0.262131296620978, 0.0 ], [ 115.453989677346186, 0.261560226635534, 0.0 ], [ 115.456987798056346, 0.261274690800033, 0.0 ], [ 115.459414848565871, 0.261346074885328, 0.0 ], [ 115.461699130884853, 0.261774378139296, 0.0 ], [ 115.463340958638796, 0.261917145593457, 0.0 ], [ 115.465839392743106, 0.261917145388323, 0.0 ], [ 115.467623988669857, 0.261488842541812, 0.0 ], [ 115.469408584464801, 0.260775004112534, 0.0 ], [ 115.471335948202494, 0.259918398381173, 0.0 ], [ 115.47283500840085, 0.258847641119422, 0.0 ], [ 115.473762998408901, 0.257776883813352, 0.0 ], [ 115.474191301021364, 0.256634742038457, 0.0 ], [ 115.474191301247487, 0.25492153053547, 0.0 ], [ 115.473905765669116, 0.253850773105705, 0.0 ], [ 115.47319192770729, 0.252922783010255, 0.0 ], [ 115.471050412555144, 0.251138187664743, 0.0 ], [ 115.468908897599349, 0.249424974886213, 0.0 ], [ 115.467338453057465, 0.248211450555823, 0.0 ], [ 115.466410463460733, 0.247568995848202, 0.0 ], [ 115.464268948343872, 0.246284086448035, 0.0 ], [ 115.462198817895498, 0.245641632139445, 0.0 ], [ 115.460128686262607, 0.245498864640676, 0.0 ], [ 115.457844403828076, 0.246141318678497, 0.0 ], [ 115.456131191946767, 0.247283460215487, 0.0 ], [ 115.455417353381108, 0.24856836929805, 0.0 ], [ 115.455131818423666, 0.249996046147863, 0.0 ], [ 115.45448936390234, 0.251566490229271, 0.0 ], [ 115.453632758306853, 0.252851399539879, 0.0 ], [ 115.452704767914085, 0.253351086277925, 0.0 ], [ 115.450206334525774, 0.253565237372423, 0.0 ], [ 115.447707899736216, 0.253279701828715, 0.0 ], [ 115.445780536313194, 0.252280328590834, 0.0 ], [ 115.443853173374421, 0.250781267651624, 0.0 ], [ 115.442639647985345, 0.24921082350724, 0.0 ], [ 115.441997193432158, 0.247426228360466, 0.0 ], [ 115.441854426221141, 0.245570248501978, 0.0 ], [ 115.441783042513677, 0.243928420616821, 0.0 ], [ 115.441925809593144, 0.242072440750663, 0.0 ], [ 115.442568264122187, 0.240787532018803, 0.0 ], [ 115.443781789345408, 0.239716774407037, 0.0 ], [ 115.445566384994336, 0.2392170871581, 0.0 ], [ 115.447493748321548, 0.238431865308961, 0.0 ], [ 115.449992182471391, 0.237289724133346, 0.0 ], [ 115.453204455438012, 0.236361734726953, 0.0 ], [ 115.454917666751143, 0.235719279961419, 0.0 ], [ 115.456845030627761, 0.23536236080151, 0.0 ], [ 115.458344090402903, 0.235076825476217, 0.0 ], [ 115.459771767364728, 0.234220219541847, 0.0 ], [ 115.461841898869551, 0.232649775341479, 0.0 ], [ 115.463840645326385, 0.230294108398829, 0.0 ], [ 115.465482473579826, 0.227652906852322, 0.0 ], [ 115.467124302123992, 0.225440008378505, 0.0 ], [ 115.469551351710265, 0.223369877693155, 0.0 ], [ 115.470979028546012, 0.221799433354021, 0.0 ], [ 115.472977775889277, 0.220443140716981, 0.0 ], [ 115.474405452709703, 0.219657917911576, 0.0 ], [ 115.47576174509247, 0.219515150701383, 0.0 ], [ 115.477189422181638, 0.219229614981222, 0.0 ], [ 115.479616471827043, 0.218301625134589, 0.0 ], [ 115.480901381119139, 0.217445018987508, 0.0 ], [ 115.482043522294148, 0.216231493873817, 0.0 ], [ 115.483042895812602, 0.21444689829463, 0.0 ], [ 115.483899502307892, 0.212519535318865, 0.0 ], [ 115.484827492085358, 0.211020475080471, 0.0 ], [ 115.486255168802941, 0.208807576062497, 0.0 ], [ 115.487254542398134, 0.208093737705825, 0.0 ], [ 115.488824986207106, 0.207308515638963, 0.0 ], [ 115.490324046487018, 0.206951596538856, 0.0 ], [ 115.491965875247558, 0.20730851597994, 0.0 ], [ 115.493464934797359, 0.207808202310376, 0.0 ], [ 115.494892611540507, 0.208878960165424, 0.0 ], [ 115.497034126811101, 0.209592798384098, 0.0 ], [ 115.49881872268584, 0.210163868710455, 0.0 ], [ 115.500032247694051, 0.210306636515933, 0.0 ], [ 115.501745459371548, 0.210306636685939, 0.0 ], [ 115.503173136230174, 0.210092484842013, 0.0 ], [ 115.504172509903313, 0.208450656670967, 0.0 ], [ 115.504600812323631, 0.206808828838279, 0.0 ], [ 115.504315277154532, 0.204881465363792, 0.0 ], [ 115.504386661077177, 0.203382405176527, 0.0 ], [ 115.505029115607599, 0.201954728564442, 0.0 ], [ 115.505671570498151, 0.201383657628815, 0.0 ], [ 115.507670316998571, 0.200170132562943, 0.0 ], [ 115.509740448210721, 0.199955981055357, 0.0 ], [ 115.512453033632653, 0.199741829561877, 0.0 ], [ 115.514594548671042, 0.199599062108506, 0.0 ], [ 115.515950841663653, 0.199170758920446, 0.0 ], [ 115.51787820485103, 0.197957233829688, 0.0 ], [ 115.518449276081569, 0.19660094079187, 0.0 ], [ 115.518020972931751, 0.194530810206168, 0.0 ], [ 115.516950215750697, 0.192674830277438, 0.0 ], [ 115.51559392277494, 0.191389921404578, 0.0 ], [ 115.514380397241268, 0.190105012810933, 0.0 ], [ 115.513381024206751, 0.188962871150529, 0.0 ], [ 115.512310266833154, 0.187463810503106, 0.0 ], [ 115.511667812042958, 0.18625028533393, 0.0 ], [ 115.511310892735878, 0.184537073618309, 0.0 ], [ 115.511239508594059, 0.182966629695159, 0.0 ], [ 115.511810579721001, 0.181182033478003, 0.0 ], [ 115.512952721251267, 0.178969134927118, 0.0 ], [ 115.51388071046425, 0.177898377887891, 0.0 ], [ 115.515308387114743, 0.17689900393812, 0.0 ], [ 115.516593296497831, 0.175756862545209, 0.0 ], [ 115.517878205089929, 0.173900882969811, 0.0 ], [ 115.518806195113399, 0.172401822518801, 0.0 ], [ 115.519591416956771, 0.170974146070075, 0.0 ], [ 115.520233871655307, 0.169332318082917, 0.0 ], [ 115.520662174832069, 0.166691116369951, 0.0 ], [ 115.521090477502952, 0.164478217201566, 0.0 ], [ 115.521090477609519, 0.162265319100583, 0.0 ], [ 115.520804941851083, 0.159195813996008, 0.0 ], [ 115.520376639109685, 0.156768764232357, 0.0 ], [ 115.520019720160718, 0.155126936183751, 0.0 ], [ 115.519234498357946, 0.15319957195739, 0.0 ], [ 115.518377892035417, 0.151486360672743, 0.0 ], [ 115.517307134081349, 0.150130067959127, 0.0 ], [ 115.5161649934727, 0.148631007148341, 0.0 ], [ 115.514880084609757, 0.146917795665817, 0.0 ], [ 115.514594548777879, 0.14577565389185, 0.0 ], [ 115.514594549123842, 0.143991058288821, 0.0 ], [ 115.514880084735239, 0.142706149060475, 0.0 ], [ 115.515522539011627, 0.141421240773529, 0.0 ], [ 115.516236377448962, 0.139850796343844, 0.0 ], [ 115.51672689976111, 0.138828873977518, 0.0 ], [ 115.51709298346907, 0.138066200753005, 0.0 ], [ 115.518163740501407, 0.136495756308847, 0.0 ], [ 115.519234497708098, 0.134925312094901, 0.0 ], [ 115.52016248751336, 0.133497635115576, 0.0 ], [ 115.521518780067439, 0.132069959038255, 0.0 ], [ 115.523517528100442, 0.129999827318119, 0.0 ], [ 115.525230739993816, 0.128572151215089, 0.0 ], [ 115.526872567882933, 0.126716171194405, 0.0 ], [ 115.527871941355968, 0.125217110997735, 0.0 ], [ 115.528514395623304, 0.124074969490306, 0.0 ], [ 115.529156850378499, 0.122504525756768, 0.0 ], [ 115.529371001793194, 0.121005465299297, 0.0 ], [ 115.528585779415508, 0.119292252853466, 0.0 ], [ 115.526943951598028, 0.118150112197142, 0.0 ], [ 115.524659668981528, 0.116651051287231, 0.0 ], [ 115.524161753986363, 0.11638549634587, 0.0 ], [ 115.522518153804825, 0.115508909937782, 0.0 ], [ 115.519591416777246, 0.114366768763334, 0.0 ], [ 115.516736063503899, 0.113296011311606, 0.0 ], [ 115.514737317041963, 0.111796950769306, 0.0 ], [ 115.513166872326934, 0.1106548093872, 0.0 ], [ 115.512238882451058, 0.109655436104088, 0.0 ], [ 115.511382276504378, 0.108227759135098, 0.0 ], [ 115.51138227639504, 0.106014860766917, 0.0 ], [ 115.511453660599969, 0.104373032640225, 0.0 ], [ 115.511382276300068, 0.102302901419518, 0.0 ], [ 115.511310892799614, 0.100589689470875, 0.0 ], [ 115.511810579281857, 0.099090629440957, 0.0 ], [ 115.512809953157713, 0.097163265457451, 0.0 ], [ 115.514880083981879, 0.095307286325684, 0.0 ], [ 115.516379144972532, 0.094379296338047, 0.0 ], [ 115.51816374032812, 0.092951619565579, 0.0 ], [ 115.51987695283654, 0.091595326590426, 0.0 ], [ 115.521233245406037, 0.090453185365041, 0.0 ], [ 115.522446770170646, 0.088882741169845, 0.0 ], [ 115.522875073482368, 0.086955378403176, 0.0 ], [ 115.52330337603189, 0.085170782593889, 0.0 ], [ 115.52342386163609, 0.083574348130316, 0.0 ] ] ] ] } },
{ "type": "Feature", "properties": { "Toponim": "Batang", "subws_id": 25, "Ibis": 0, "Kls_Pr": "Dipertahankan" }, "geometry": { "type": "MultiPolygon", "coordinates": [ [ [ [ 115.539302913895625, 0.04053364763183, 0.0 ], [ 115.538938796951527, 0.039390741479241, 0.0 ], [ 115.538881767540602, 0.038356969211205, 0.0 ], [ 115.538425409389745, 0.037150895441225, 0.0 ], [ 115.537854960036228, 0.035715092074617, 0.0 ], [ 115.537056324840833, 0.033992128886961, 0.0 ], [ 115.537056342670269, 0.032786062798764, 0.0 ], [ 115.536599992288942, 0.030833378829338, 0.0 ], [ 115.536600016637919, 0.028995563825348, 0.0 ], [ 115.537626888216877, 0.027272626351221, 0.0 ], [ 115.537512816663948, 0.025319945995209, 0.0 ], [ 115.537798071918431, 0.023596998267004, 0.0 ], [ 115.537912190109282, 0.02118486636749, 0.0 ], [ 115.537284689132093, 0.019117319355993, 0.0 ], [ 115.536600137573316, 0.017164635320231, 0.0 ], [ 115.535801492662699, 0.014867362359712, 0.0 ], [ 115.534603511299252, 0.013431563489428, 0.0 ], [ 115.534261234308502, 0.012340360784289, 0.0 ], [ 115.534546477878038, 0.010904570631136, 0.0 ], [ 115.534546484364796, 0.009468779799841, 0.0 ], [ 115.534603534875728, 0.008607305340837, 0.0 ], [ 115.535002870058165, 0.00722894729617, 0.0 ], [ 115.535915629280424, 0.005793158545515, 0.0 ], [ 115.537284764890799, 0.004816823175933, 0.0 ], [ 115.539338468678139, 0.003323602043587, 0.0 ], [ 115.54042236920246, 0.002404695030208, 0.0 ], [ 115.542176001849072, 0.001433720965561, 0.0 ], [ 115.542235487726174, -0.000410360964262, 0.0 ], [ 115.542473434267464, -0.001838037813872, 0.0 ], [ 115.542413947278078, -0.003206227925586, 0.0 ], [ 115.542176001811058, -0.004752877402555, 0.0 ], [ 115.541997541993709, -0.006180553525292, 0.0 ], [ 115.541997541739775, -0.007727203219798, 0.0 ], [ 115.542176001209768, -0.009511799153996, 0.0 ], [ 115.542233827618858, -0.009743104698319, 0.0 ], [ 115.537323644917265, -0.010338278358896, 0.0 ], [ 115.526758838051322, -0.010338278358896, 0.0 ], [ 115.51933491971306, -0.010052743038465, 0.0 ], [ 115.513668545841512, -0.009003414544313, 0.0 ], [ 115.513632181992733, -0.008692226902078, 0.0 ], [ 115.514297734079847, -0.006394985082027, 0.0 ], [ 115.51543867190496, -0.004289179816845, 0.0 ], [ 115.515818985382808, -0.002757683796465, 0.0 ], [ 115.515818986931066, -0.000843311938036, 0.0 ], [ 115.515153442204053, 0.000783904491924, 0.0 ], [ 115.514868207827448, 0.002793993473634, 0.0 ], [ 115.514868204395114, 0.004804083461536, 0.0 ], [ 115.514963276721645, 0.006718453877411, 0.0 ], [ 115.514963271213119, 0.008345669910548, 0.0 ], [ 115.514107564201524, 0.010260037022065, 0.0 ], [ 115.513156780920596, 0.011408653753116, 0.0 ], [ 115.512015842032156, 0.012748706062776, 0.0 ], [ 115.511350290319768, 0.014088759125955, 0.0 ], [ 115.511445350262221, 0.016577438822275, 0.0 ], [ 115.512681343767184, 0.018587535251775, 0.0 ], [ 115.51458287970658, 0.020693359132485, 0.0 ], [ 115.515248406671219, 0.022512017789716, 0.0 ], [ 115.515248387530775, 0.024330671077077, 0.0 ], [ 115.516104072898401, 0.025670740395541, 0.0 ], [ 115.5169597669626, 0.026245062878715, 0.0 ], [ 115.518399102553673, 0.027090357395957, 0.0 ], [ 115.518853784332478, 0.025862716333378, 0.0 ], [ 115.520495612696422, 0.023863969348292, 0.0 ], [ 115.522779894534352, 0.022150757475429, 0.0 ], [ 115.524493107017875, 0.020865848254386, 0.0 ], [ 115.526206319082505, 0.019795091588786, 0.0 ], [ 115.528490601575683, 0.019295403942498, 0.0 ], [ 115.531274570395524, 0.019295404650925, 0.0 ], [ 115.532488095494074, 0.020223393816452, 0.0 ], [ 115.532773631227954, 0.021793838046601, 0.0 ], [ 115.532273944427516, 0.024577807628263, 0.0 ], [ 115.531988408886065, 0.028575302598163, 0.0 ], [ 115.531845640933966, 0.031502039352747, 0.0 ], [ 115.531917025070214, 0.034214624835692, 0.0 ], [ 115.532630863742654, 0.035999220787645, 0.0 ], [ 115.533701620495805, 0.037855199998711, 0.0 ], [ 115.534486842762959, 0.039140109382215, 0.0 ], [ 115.535557600199297, 0.040068099069154, 0.0 ], [ 115.537199428101857, 0.040710552974778, 0.0 ], [ 115.53884125652263, 0.040639169649786, 0.0 ], [ 115.539302913895625, 0.04053364763183, 0.0 ] ] ] ] } },
{ "type": "Feature", "properties": { "Toponim": "Kelubaq", "subws_id": 24, "Ibis": 0, "Kls_Pr": "Dipertahankan" }, "geometry": { "type": "MultiPolygon", "coordinates": [ [ [ [ 115.633248446464336, 0.004731642415768, 0.0 ], [ 115.632820171442319, 0.003936274522195, 0.0 ], [ 115.632131879089272, 0.003817603426979, 0.0 ], [ 115.63044333741675, 0.003938213546243, 0.0 ], [ 115.628409412220606, 0.003367417019312, 0.0 ], [ 115.626410664975424, -0.000059006825047, 0.0 ], [ 115.623840847089113, -0.002914360028914, 0.0 ], [ 115.620128887920089, -0.004627571951309, 0.0 ], [ 115.616702464071778, -0.004627571951268, 0.0 ], [ 115.609564081054131, -0.006626319193851, 0.0 ], [ 115.60499551592298, -0.008910601756968, 0.0 ], [ 115.598428203546845, -0.012908096242256, 0.0 ], [ 115.591575355850082, -0.017191126048021, 0.0 ], [ 115.585579114115461, -0.020617549892396, 0.0 ], [ 115.578440731098027, -0.022901832455574, 0.0 ], [ 115.572444489363235, -0.021188620533362, 0.0 ], [ 115.565591641666387, -0.015192378805387, 0.0 ], [ 115.561308611856091, -0.011480419640413, 0.0 ], [ 115.556454511404198, -0.009481672397681, 0.0 ], [ 115.550172734348763, -0.00833953111607, 0.0 ], [ 115.546746310500481, -0.009196137077394, 0.0 ], [ 115.542233827618858, -0.009743104698319, 0.0 ], [ 115.542176001209768, -0.009511799153996, 0.0 ], [ 115.541997541739775, -0.007727203219798, 0.0 ], [ 115.541997541993709, -0.006180553525292, 0.0 ], [ 115.542176001811058, -0.004752877402555, 0.0 ], [ 115.542413947278078, -0.003206227925586, 0.0 ], [ 115.542473434267464, -0.001838037813872, 0.0 ], [ 115.542235487726174, -0.000410360964262, 0.0 ], [ 115.542176001849072, 0.001433720965561, 0.0 ], [ 115.54042236920246, 0.002404695030208, 0.0 ], [ 115.539338468678139, 0.003323602043587, 0.0 ], [ 115.537284764890799, 0.004816823175933, 0.0 ], [ 115.535915629280424, 0.005793158545515, 0.0 ], [ 115.535002870058165, 0.00722894729617, 0.0 ], [ 115.534603534875728, 0.008607305340837, 0.0 ], [ 115.534546484364796, 0.009468779799841, 0.0 ], [ 115.534546477878038, 0.010904570631136, 0.0 ], [ 115.534261234308502, 0.012340360784289, 0.0 ], [ 115.534603511299252, 0.013431563489428, 0.0 ], [ 115.535801492662699, 0.014867362359712, 0.0 ], [ 115.536600137573316, 0.017164635320231, 0.0 ], [ 115.537284689132093, 0.019117319355993, 0.0 ], [ 115.537912190109282, 0.02118486636749, 0.0 ], [ 115.537798071918431, 0.023596998267004, 0.0 ], [ 115.537512816663948, 0.025319945995209, 0.0 ], [ 115.537626888216877, 0.027272626351221, 0.0 ], [ 115.536600016637919, 0.028995563825348, 0.0 ], [ 115.536599992288942, 0.030833378829338, 0.0 ], [ 115.537056342670269, 0.032786062798764, 0.0 ], [ 115.537056324840833, 0.033992128886961, 0.0 ], [ 115.537854960036228, 0.035715092074617, 0.0 ], [ 115.538425409389745, 0.037150895441225, 0.0 ], [ 115.538881767540602, 0.038356969211205, 0.0 ], [ 115.538938796951527, 0.039390741479241, 0.0 ], [ 115.539302913895625, 0.04053364763183, 0.0 ], [ 115.541339690244399, 0.040068098923252, 0.0 ], [ 115.541910761077588, 0.038354886758222, 0.0 ], [ 115.542053528835623, 0.035856453014594, 0.0 ], [ 115.542767367655514, 0.032358645615722, 0.0 ], [ 115.54340982192042, 0.029431908368435, 0.0 ], [ 115.543909508211996, 0.026933473955688, 0.0 ], [ 115.544694730468649, 0.025077494296671, 0.0 ], [ 115.546122407402393, 0.023007363503796, 0.0 ], [ 115.548549457783693, 0.02131794584419, 0.0 ], [ 115.550357848164808, 0.021222767989203, 0.0 ], [ 115.552261416777412, 0.022079373510312, 0.0 ], [ 115.55349873637401, 0.023602228414354, 0.0 ], [ 115.554069807147656, 0.0253154407526, 0.0 ], [ 115.554355342474807, 0.027028652342723, 0.0 ], [ 115.554450520612733, 0.029122578447237, 0.0 ], [ 115.554926412875901, 0.031977931413865, 0.0 ], [ 115.556163732508494, 0.03702238928767, 0.0 ], [ 115.557401052777635, 0.040258455715939, 0.0 ], [ 115.559019085712009, 0.042733095720304, 0.0 ], [ 115.561017833479866, 0.044827021073924, 0.0 ], [ 115.563968365214293, 0.04615951905782, 0.0 ], [ 115.566538182675174, 0.046635411323702, 0.0 ], [ 115.569583892959344, 0.046825768566215, 0.0 ], [ 115.572153710787333, 0.046349876070252, 0.0 ], [ 115.57424763670528, 0.045302913475501, 0.0 ], [ 115.576151205472001, 0.042828273406134, 0.0 ], [ 115.576912633026751, 0.03978256348016, 0.0 ], [ 115.577388524910901, 0.036165783153277, 0.0 ], [ 115.577388525348894, 0.03350078684037, 0.0 ], [ 115.577198167893542, 0.030835790677873, 0.0 ], [ 115.576912632889758, 0.028265972723171, 0.0 ], [ 115.57653191914612, 0.025029905509257, 0.0 ], [ 115.576531919355759, 0.022555266221271, 0.0 ], [ 115.577198168313529, 0.02036616147924, 0.0 ], [ 115.57786441672647, 0.019128842513255, 0.0 ], [ 115.58110048404086, 0.017415630115636, 0.0 ], [ 115.585478692135894, 0.016559024298403, 0.0 ], [ 115.589190651267486, 0.01627348908182, 0.0 ], [ 115.593473681601878, 0.016178310634385, 0.0 ], [ 115.596424212851673, 0.016368667175246, 0.0 ], [ 115.598422960352337, 0.016939737583046, 0.0 ], [ 115.60698901965668, 0.016654202273864, 0.0 ], [ 115.610510622208693, 0.015987953328657, 0.0 ], [ 115.615840614820002, 0.013894027816818, 0.0 ], [ 115.619647752455208, 0.01237117283593, 0.0 ], [ 115.625072923811913, 0.009039927437387, 0.0 ], [ 115.628975239854867, 0.007136359069621, 0.0 ], [ 115.632687198534398, 0.005327967925216, 0.0 ], [ 115.633248446464336, 0.004731642415768, 0.0 ] ] ] ] } },
{ "type": "Feature", "properties": { "Toponim": "Oedang-Merah", "subws_id": 30, "Ibis": 1, "Kls_Pr": "Dipertahankan" }, "geometry": { "type": "MultiPolygon", "coordinates": [ [ [ [ 115.53210017682467, 0.476186142869512, 0.0 ], [ 115.532020767047314, 0.476038647722428, 0.0 ], [ 115.531868412952178, 0.475771757039756, 0.0 ], [ 115.531758873181261, 0.475603692866202, 0.0 ], [ 115.531644482265833, 0.475438636712886, 0.0 ], [ 115.531404826096932, 0.475121295411565, 0.0 ], [ 115.530789619921379, 0.474344915614701, 0.0 ], [ 115.530557897512566, 0.474019496933513, 0.0 ], [ 115.530348440571345, 0.47367165950455, 0.0 ], [ 115.530227161821713, 0.473420050715899, 0.0 ], [ 115.529930413714609, 0.47269252819646, 0.0 ], [ 115.529702944183668, 0.472081266204216, 0.0 ], [ 115.529600559381564, 0.471762913681241, 0.0 ], [ 115.529442165295791, 0.471221206418855, 0.0 ], [ 115.529363486835081, 0.470906360959982, 0.0 ], [ 115.529149405129701, 0.469938363910958, 0.0 ], [ 115.529063710448924, 0.469629828165325, 0.0 ], [ 115.528845403040606, 0.469006404945063, 0.0 ], [ 115.528495432340065, 0.46813284010276, 0.0 ], [ 115.528377592851058, 0.46781838274585, 0.0 ], [ 115.528302388373788, 0.467558657880555, 0.0 ], [ 115.528242568049819, 0.467290921215674, 0.0 ], [ 115.528194916202366, 0.467020819331518, 0.0 ], [ 115.528134319525847, 0.466546005979974, 0.0 ], [ 115.528127104402913, 0.466230458683246, 0.0 ], [ 115.528155839079687, 0.46591858641493, 0.0 ], [ 115.528240596777451, 0.465514392621104, 0.0 ], [ 115.528295705477831, 0.465312679151144, 0.0 ], [ 115.52844196288693, 0.464863348141112, 0.0 ], [ 115.528531575045434, 0.464612676006061, 0.0 ], [ 115.528632919688377, 0.464369561920581, 0.0 ], [ 115.528752051499197, 0.464141134966596, 0.0 ], [ 115.528862043870433, 0.463973270362647, 0.0 ], [ 115.529026233514415, 0.463752937493042, 0.0 ], [ 115.529473099603848, 0.463178693882291, 0.0 ], [ 115.529956986955753, 0.46253085784846, 0.0 ], [ 115.530067869725102, 0.462357695082155, 0.0 ], [ 115.530169362065607, 0.462177128475712, 0.0 ], [ 115.530285939130721, 0.461915429376646, 0.0 ], [ 115.530384101578321, 0.461636002277387, 0.0 ], [ 115.530529067204171, 0.461125193378136, 0.0 ], [ 115.53059520339508, 0.460787635375292, 0.0 ], [ 115.530640369662493, 0.460433363631014, 0.0 ], [ 115.530668458493537, 0.460068236059199, 0.0 ], [ 115.530682042748353, 0.459697485336292, 0.0 ], [ 115.530682480707881, 0.459326039092644, 0.0 ], [ 115.530669988780346, 0.458958834670356, 0.0 ], [ 115.530643665692523, 0.458601142010734, 0.0 ], [ 115.530601478047259, 0.458258899196029, 0.0 ], [ 115.530540200960047, 0.457939052503625, 0.0 ], [ 115.530486599713029, 0.45773445004329, 0.0 ], [ 115.530216855277487, 0.45681102715254, 0.0 ], [ 115.530178390730214, 0.456644054006609, 0.0 ], [ 115.530095165281324, 0.45619650174865, 0.0 ], [ 115.53004693394206, 0.45605703488512, 0.0 ], [ 115.529978514369844, 0.455922796010863, 0.0 ], [ 115.529893458686743, 0.455790222400348, 0.0 ], [ 115.529790364346766, 0.45566442922922, 0.0 ], [ 115.529600330797976, 0.455497023429386, 0.0 ], [ 115.529382695576174, 0.455342865513382, 0.0 ], [ 115.529069506820392, 0.455144929831981, 0.0 ], [ 115.528572344567749, 0.454867354779064, 0.0 ], [ 115.528400766622198, 0.454781839120762, 0.0 ], [ 115.528224777454753, 0.454705541424647, 0.0 ], [ 115.528042601890618, 0.454638113118635, 0.0 ], [ 115.527755938794243, 0.454563989581197, 0.0 ], [ 115.527459280739009, 0.454517731298102, 0.0 ], [ 115.526951340761414, 0.454461733241221, 0.0 ], [ 115.526639890300032, 0.454412538852056, 0.0 ], [ 115.52611723860015, 0.454306126669175, 0.0 ], [ 115.525034909743496, 0.454057710877113, 0.0 ], [ 115.524191819441185, 0.453842056596354, 0.0 ], [ 115.523578263390093, 0.453736283328858, 0.0 ], [ 115.523339153990435, 0.453685623286837, 0.0 ], [ 115.523107697640455, 0.453619542509754, 0.0 ], [ 115.522892671947133, 0.453532520367853, 0.0 ], [ 115.522736010214047, 0.453444765884009, 0.0 ], [ 115.52259296696306, 0.453345712474057, 0.0 ], [ 115.522466385317344, 0.453232480120106, 0.0 ], [ 115.522314096795128, 0.453030632074708, 0.0 ], [ 115.52219890236168, 0.452806708252048, 0.0 ], [ 115.521925596406206, 0.452161096022245, 0.0 ], [ 115.521788208016147, 0.451798445701227, 0.0 ], [ 115.521728846028054, 0.451603404560433, 0.0 ], [ 115.521659132298694, 0.451267726425311, 0.0 ], [ 115.521616671449337, 0.450905730516264, 0.0 ], [ 115.521596512983308, 0.45052775884502, 0.0 ], [ 115.521595659803481, 0.450142826123751, 0.0 ], [ 115.521612885712926, 0.449759228407067, 0.0 ], [ 115.521648609522643, 0.44938511737746, 0.0 ], [ 115.521704817677545, 0.449029052933883, 0.0 ], [ 115.521843499235388, 0.448398655229553, 0.0 ], [ 115.521897606526721, 0.448084090873219, 0.0 ], [ 115.521985460732424, 0.447256289559417, 0.0 ], [ 115.522035695544432, 0.446947216958512, 0.0 ], [ 115.522159859344939, 0.446338634500355, 0.0 ], [ 115.5222029560218, 0.446017071164052, 0.0 ], [ 115.522224565056462, 0.445684691942376, 0.0 ], [ 115.522226395238562, 0.445350347017018, 0.0 ], [ 115.522208982071675, 0.445022787749531, 0.0 ], [ 115.522133547821696, 0.444182639524078, 0.0 ], [ 115.52212009276019, 0.443982193890906, 0.0 ], [ 115.522117022486867, 0.443780777184785, 0.0 ], [ 115.522126282437938, 0.443580900485784, 0.0 ], [ 115.522191437407713, 0.442985968246193, 0.0 ], [ 115.522209539881317, 0.442706245892727, 0.0 ], [ 115.522211078567921, 0.442417145817263, 0.0 ], [ 115.52219570899527, 0.442125148183381, 0.0 ], [ 115.522067060437095, 0.440880255228783, 0.0 ], [ 115.521943621044613, 0.440046371627839, 0.0 ], [ 115.521853947086726, 0.439316376510687, 0.0 ], [ 115.521816775828881, 0.438625394434057, 0.0 ], [ 115.521769158474939, 0.438375385759661, 0.0 ], [ 115.521677344686864, 0.438137260635397, 0.0 ], [ 115.521589918406292, 0.437992160404971, 0.0 ], [ 115.521484789575553, 0.437854101256694, 0.0 ], [ 115.521331012828256, 0.437695554413359, 0.0 ], [ 115.520991035645693, 0.437385460949217, 0.0 ], [ 115.5208314754545, 0.437210948969011, 0.0 ], [ 115.520666599593284, 0.436966780583645, 0.0 ], [ 115.520523659685693, 0.436696342967096, 0.0 ], [ 115.520250598658166, 0.436134655882157, 0.0 ], [ 115.519746121994558, 0.435244648749321, 0.0 ], [ 115.519559300735651, 0.4348722258311, 0.0 ], [ 115.519469984378063, 0.434684573093443, 0.0 ], [ 115.519306444293505, 0.434293054265828, 0.0 ], [ 115.519230557385185, 0.434095048531908, 0.0 ], [ 115.519145884053842, 0.433837379668726, 0.0 ], [ 115.518711848715611, 0.432275069181587, 0.0 ], [ 115.518597384662073, 0.431709618269946, 0.0 ], [ 115.51855208159391, 0.431517038905035, 0.0 ], [ 115.518418443095285, 0.431029503361804, 0.0 ], [ 115.518330199888453, 0.430731428754355, 0.0 ], [ 115.518171296339077, 0.43024021639175, 0.0 ], [ 115.517885772616708, 0.429385285176496, 0.0 ], [ 115.517817494649975, 0.429099549158255, 0.0 ], [ 115.517772260197162, 0.428815585802488, 0.0 ], [ 115.517754967950609, 0.428632891068204, 0.0 ], [ 115.517754934877402, 0.428449766478554, 0.0 ], [ 115.517773983192953, 0.428269495450845, 0.0 ], [ 115.517810093568471, 0.428095361558697, 0.0 ], [ 115.517856686376405, 0.427921482939152, 0.0 ], [ 115.518017032032219, 0.427402874526962, 0.0 ], [ 115.518079149721586, 0.42713187436282, 0.0 ], [ 115.518119884869677, 0.426859617403648, 0.0 ], [ 115.51813383115541, 0.426683495753394, 0.0 ], [ 115.518129294907737, 0.426506322287728, 0.0 ], [ 115.518103645860066, 0.426331548696441, 0.0 ], [ 115.51805806834551, 0.426162602084765, 0.0 ], [ 115.517998001443502, 0.425993831750347, 0.0 ], [ 115.517846384494277, 0.42565945050682, 0.0 ], [ 115.517587933237508, 0.425139599699929, 0.0 ], [ 115.517265563371822, 0.424371609217775, 0.0 ], [ 115.51696097092325, 0.423560520150859, 0.0 ], [ 115.516714321741802, 0.422969154576424, 0.0 ], [ 115.51663763838809, 0.422764985620914, 0.0 ], [ 115.516496959050897, 0.422345795272033, 0.0 ], [ 115.51641478244224, 0.422034845198585, 0.0 ], [ 115.516346271163812, 0.421710360328234, 0.0 ], [ 115.516226271724634, 0.421044821214794, 0.0 ], [ 115.516060004581689, 0.420189797997059, 0.0 ], [ 115.515955690207036, 0.419593788840092, 0.0 ], [ 115.515789256993401, 0.418740304224537, 0.0 ], [ 115.515687022843721, 0.418175814461884, 0.0 ], [ 115.513491340389379, 0.415980132749345, 0.0 ], [ 115.507019206453478, 0.410650140102482, 0.0 ], [ 115.498262789952093, 0.40303586489215, 0.0 ], [ 115.493694224820985, 0.395421589681958, 0.0 ], [ 115.49026780097239, 0.383619463106329, 0.0 ], [ 115.491409942255345, 0.37524376037513, 0.0 ], [ 115.492086718677342, 0.372029071662273, 0.0 ], [ 115.491999357517358, 0.372005589139325, 0.0 ], [ 115.49182675539042, 0.371941688711572, 0.0 ], [ 115.491662155400533, 0.371860433031227, 0.0 ], [ 115.491504691493205, 0.37176719146665, 0.0 ], [ 115.4913532085409, 0.371660834206668, 0.0 ], [ 115.490979021624156, 0.371375068721579, 0.0 ], [ 115.49076217184097, 0.371188407208415, 0.0 ], [ 115.490563727841774, 0.370976605248726, 0.0 ], [ 115.490371618889739, 0.370756155491528, 0.0 ], [ 115.490105594700751, 0.370473120245115, 0.0 ], [ 115.489826140626363, 0.370206181338004, 0.0 ], [ 115.48967772320313, 0.370082881463567, 0.0 ], [ 115.48943646701052, 0.369924124399285, 0.0 ], [ 115.489182331699496, 0.369786521218137, 0.0 ], [ 115.489010525694667, 0.369701751771656, 0.0 ], [ 115.488748480535577, 0.369594102379152, 0.0 ], [ 115.48832281370828, 0.369449403690498, 0.0 ], [ 115.488160711246877, 0.369406632411842, 0.0 ], [ 115.48777114965857, 0.369319245421984, 0.0 ], [ 115.487653018304343, 0.369292746663095, 0.0 ], [ 115.487537300807602, 0.369266788254002, 0.0 ], [ 115.487383843665768, 0.36923898470792, 0.0 ], [ 115.487229990946929, 0.369223597789148, 0.0 ], [ 115.486606785400042, 0.36921258738862, 0.0 ], [ 115.486454030450574, 0.369197822888226, 0.0 ], [ 115.486302163339602, 0.369171073256037, 0.0 ], [ 115.485845715149907, 0.369073439594953, 0.0 ], [ 115.485690884926342, 0.369048519992453, 0.0 ], [ 115.485533579304487, 0.369036473378982, 0.0 ], [ 115.485037099364277, 0.369041158124761, 0.0 ], [ 115.484769523245618, 0.369024774926025, 0.0 ], [ 115.484495615989687, 0.36897837499804, 0.0 ], [ 115.484313531365572, 0.368929554336556, 0.0 ], [ 115.484039891871234, 0.368840781845241, 0.0 ], [ 115.483773051727169, 0.368728406282418, 0.0 ], [ 115.483603362163748, 0.368636535947244, 0.0 ], [ 115.4834397425969, 0.368536084698723, 0.0 ], [ 115.48328402165869, 0.368424458998399, 0.0 ], [ 115.483138467397282, 0.368298406971537, 0.0 ], [ 115.483002776267526, 0.368162590810574, 0.0 ], [ 115.482876963146936, 0.36801400877594, 0.0 ], [ 115.482644042281677, 0.367699185699773, 0.0 ], [ 115.482357306612343, 0.367258316501829, 0.0 ], [ 115.482204875295707, 0.36705245091534, 0.0 ], [ 115.48207922291563, 0.366914934490126, 0.0 ], [ 115.481944135597061, 0.366789274205012, 0.0 ], [ 115.481799521840998, 0.366680021040906, 0.0 ], [ 115.481645128650186, 0.366585152688818, 0.0 ], [ 115.481395114402318, 0.366478420238686, 0.0 ], [ 115.481132592536738, 0.366406473840694, 0.0 ], [ 115.480731321039045, 0.366324683673895, 0.0 ], [ 115.480508311554146, 0.3662689076711, 0.0 ], [ 115.480295759000711, 0.366198172698419, 0.0 ], [ 115.480103426116941, 0.366106524882669, 0.0 ], [ 115.47996843021393, 0.366014873298, 0.0 ], [ 115.479850409246055, 0.365911715091602, 0.0 ], [ 115.479750265482977, 0.365795230743691, 0.0 ], [ 115.479393499081226, 0.365247256431975, 0.0 ], [ 115.47881297611201, 0.364540536533264, 0.0 ], [ 115.478699525215163, 0.364383735051522, 0.0 ], [ 115.478479446678435, 0.364058746772223, 0.0 ], [ 115.478189217625868, 0.363610994723414, 0.0 ], [ 115.478026636176651, 0.363402244743096, 0.0 ], [ 115.477889518429663, 0.363262065117558, 0.0 ], [ 115.477739168509132, 0.363132838377543, 0.0 ], [ 115.477532286777929, 0.362992153150146, 0.0 ], [ 115.477309239783153, 0.36286730684056, 0.0 ], [ 115.476849635746746, 0.362630638199669, 0.0 ], [ 115.475955903409641, 0.362128645653644, 0.0 ], [ 115.475425613530675, 0.361824389687149, 0.0 ], [ 115.47490823053613, 0.361510271640683, 0.0 ], [ 115.474731263269092, 0.361411313912532, 0.0 ], [ 115.474497531032313, 0.361304333543587, 0.0 ], [ 115.474252695339445, 0.361211155295988, 0.0 ], [ 115.473565947249554, 0.360971774470931, 0.0 ], [ 115.473004018720431, 0.360783030912696, 0.0 ], [ 115.47247029729499, 0.360632616446221, 0.0 ], [ 115.472300008803316, 0.360576282890509, 0.0 ], [ 115.472134606159742, 0.360506211316091, 0.0 ], [ 115.471975733685511, 0.360420573292526, 0.0 ], [ 115.47182265652269, 0.360324688421101, 0.0 ], [ 115.471674427986173, 0.360217357300023, 0.0 ], [ 115.471229830391607, 0.359879635487223, 0.0 ], [ 115.470798872149587, 0.359518968583519, 0.0 ], [ 115.470404408972584, 0.359133542592074, 0.0 ], [ 115.470267282585851, 0.359020687548776, 0.0 ], [ 115.470124428277131, 0.358918177961948, 0.0 ], [ 115.469975289962235, 0.358831394049547, 0.0 ], [ 115.469819033149534, 0.358759787598051, 0.0 ], [ 115.469570191615205, 0.358691576080669, 0.0 ], [ 115.469312136409172, 0.358666774509958, 0.0 ], [ 115.468773088995505, 0.358681648920655, 0.0 ], [ 115.468576471817357, 0.358676879422363, 0.0 ], [ 115.466955198839671, 0.358597925592244, 0.0 ], [ 115.466582388606113, 0.358570632896997, 0.0 ], [ 115.466215196002793, 0.358532140995783, 0.0 ], [ 115.465860395506994, 0.35847773185464, 0.0 ], [ 115.46552554874421, 0.358401590532922, 0.0 ], [ 115.465314392813809, 0.358336711833527, 0.0 ], [ 115.465011612328738, 0.358229052030094, 0.0 ], [ 115.464729360791836, 0.358103337473333, 0.0 ], [ 115.464555582491613, 0.358005604497517, 0.0 ], [ 115.464392069931804, 0.357901964794204, 0.0 ], [ 115.46393443749642, 0.357576104225927, 0.0 ], [ 115.463776095514746, 0.357486064963638, 0.0 ], [ 115.463613567895194, 0.357407785871425, 0.0 ], [ 115.463448435121848, 0.35733973153581, 0.0 ], [ 115.463194563299979, 0.357267438699163, 0.0 ], [ 115.462941463378996, 0.357226547790091, 0.0 ], [ 115.462459717389677, 0.357175842676533, 0.0 ], [ 115.462303530650885, 0.357140172937134, 0.0 ], [ 115.462148066442992, 0.357086890074123, 0.0 ], [ 115.461992760528318, 0.357021779461714, 0.0 ], [ 115.461839688351361, 0.35694352192829, 0.0 ], [ 115.46169106022937, 0.356850081133688, 0.0 ], [ 115.461546441382666, 0.356746674506764, 0.0 ], [ 115.461405392766807, 0.356631746402755, 0.0 ], [ 115.461267569494339, 0.356510182348342, 0.0 ], [ 115.460857040603599, 0.356115148060403, 0.0 ], [ 115.460706959186098, 0.35599339569536, 0.0 ], [ 115.460388480344037, 0.355761676815315, 0.0 ], [ 115.46022163333528, 0.355652716255613, 0.0 ], [ 115.45987955143984, 0.355439477668076, 0.0 ], [ 115.459416424423367, 0.355163437053419, 0.0 ], [ 115.459199017391356, 0.355011796607056, 0.0 ], [ 115.459048978423169, 0.354883821207503, 0.0 ], [ 115.458770650976817, 0.354610584657702, 0.0 ], [ 115.458513854626631, 0.354321178367952, 0.0 ], [ 115.45839442867387, 0.354169499292755, 0.0 ], [ 115.458281564741284, 0.354015595600008, 0.0 ], [ 115.458176532925634, 0.353855168882099, 0.0 ], [ 115.457982059794432, 0.353532504773089, 0.0 ], [ 115.457572450412457, 0.352760512811096, 0.0 ], [ 115.457486778102776, 0.352617684551946, 0.0 ], [ 115.457387588019117, 0.352480867410894, 0.0 ], [ 115.457276672090046, 0.352346487495773, 0.0 ], [ 115.457154492315652, 0.352218557711475, 0.0 ], [ 115.45702190895426, 0.352093909181575, 0.0 ], [ 115.456879068652654, 0.351976724784612, 0.0 ], [ 115.456725955687901, 0.351864301264095, 0.0 ], [ 115.456562408539412, 0.351761000517334, 0.0 ], [ 115.456390666496986, 0.351663383480863, 0.0 ], [ 115.456212515127277, 0.351568307659689, 0.0 ], [ 115.455645416007343, 0.351312782577268, 0.0 ], [ 115.455365995172471, 0.351178076325462, 0.0 ], [ 115.455109807265615, 0.351019437211554, 0.0 ], [ 115.454957266181665, 0.350893580868466, 0.0 ], [ 115.454816625818964, 0.350756129400358, 0.0 ], [ 115.454684915351919, 0.350612173180361, 0.0 ], [ 115.454523617824321, 0.350404870617384, 0.0 ], [ 115.454217981668123, 0.349981615096813, 0.0 ], [ 115.453688864525063, 0.349338391704243, 0.0 ], [ 115.453548525817922, 0.34911433246187, 0.0 ], [ 115.453463563906013, 0.348890347529316, 0.0 ], [ 115.453415232558356, 0.348650574244402, 0.0 ], [ 115.453398402185684, 0.348405623064835, 0.0 ], [ 115.453419634378989, 0.347852401932547, 0.0 ], [ 115.453417390134973, 0.347593828389007, 0.0 ], [ 115.453393627168182, 0.347331184216684, 0.0 ], [ 115.45334462293637, 0.347073885415438, 0.0 ], [ 115.453290764668594, 0.346889508439067, 0.0 ], [ 115.453226806717595, 0.346706926851549, 0.0 ], [ 115.453152187010247, 0.346529833224445, 0.0 ], [ 115.45306631023243, 0.346361939115669, 0.0 ], [ 115.452972245136635, 0.346198032978822, 0.0 ], [ 115.452765990429114, 0.345887253934545, 0.0 ], [ 115.452657244438015, 0.345739157941057, 0.0 ], [ 115.45249095886011, 0.345521738489501, 0.0 ], [ 115.452312124264395, 0.345325375937852, 0.0 ], [ 115.452112558675935, 0.345164962580404, 0.0 ], [ 115.451772473631209, 0.344941472464265, 0.0 ], [ 115.451642664502785, 0.344844566605448, 0.0 ], [ 115.4515175527238, 0.34473211853434, 0.0 ], [ 115.451397560741043, 0.344608327443952, 0.0 ], [ 115.451228633916571, 0.344397090223862, 0.0 ], [ 115.450713660890912, 0.343715740048859, 0.0 ], [ 115.450453929339659, 0.343428243763134, 0.0 ], [ 115.4501698393276, 0.343159612924733, 0.0 ], [ 115.449707638325066, 0.34278757231649, 0.0 ], [ 115.449389476306024, 0.342546814140513, 0.0 ], [ 115.448571702156897, 0.341968064734765, 0.0 ], [ 115.448241853580427, 0.34174373595908, 0.0 ], [ 115.447762000206126, 0.341399351303568, 0.0 ], [ 115.447465215165948, 0.34115667693388, 0.0 ], [ 115.447185141172113, 0.340909921082051, 0.0 ], [ 115.446901556543025, 0.340690430462589, 0.0 ], [ 115.446756428384646, 0.340596279137788, 0.0 ], [ 115.446608412020794, 0.340513307502783, 0.0 ], [ 115.446457004372192, 0.340447129965784, 0.0 ], [ 115.446301402265149, 0.340398016807568, 0.0 ], [ 115.446140982159733, 0.340372086163095, 0.0 ], [ 115.445974557643225, 0.340367357207148, 0.0 ], [ 115.445801352128115, 0.340375150320104, 0.0 ], [ 115.445622815998746, 0.340392753450374, 0.0 ], [ 115.445156494859859, 0.340453969559019, 0.0 ], [ 115.444867882904063, 0.340483755989021, 0.0 ], [ 115.444676117326779, 0.340497715839395, 0.0 ], [ 115.444435619360078, 0.340495648209897, 0.0 ], [ 115.444197110073347, 0.340467498137499, 0.0 ], [ 115.443968564684084, 0.340410127771259, 0.0 ], [ 115.443758401500602, 0.340319115091826, 0.0 ], [ 115.443535567670338, 0.340162362607402, 0.0 ], [ 115.443198428982825, 0.339841604001879, 0.0 ], [ 115.442938657755363, 0.339559624010671, 0.0 ], [ 115.442684705953198, 0.339261642666465, 0.0 ], [ 115.442420242161063, 0.33897134613446, 0.0 ], [ 115.442143191601616, 0.33869174571282, 0.0 ], [ 115.441856241921641, 0.338424365740462, 0.0 ], [ 115.4414390294762, 0.338012536652659, 0.0 ], [ 115.441042891066374, 0.337598343409605, 0.0 ], [ 115.440612718989442, 0.3371246085768, 0.0 ], [ 115.440428849814751, 0.336944765565406, 0.0 ], [ 115.440297643589105, 0.336846696389895, 0.0 ], [ 115.440159395161572, 0.336765603366181, 0.0 ], [ 115.440013918637462, 0.336706748222859, 0.0 ], [ 115.439860857971681, 0.336666361386344, 0.0 ], [ 115.439616827141535, 0.336620847361155, 0.0 ], [ 115.439197865479926, 0.336556318324092, 0.0 ], [ 115.43903077305481, 0.336518599008903, 0.0 ], [ 115.438692177663768, 0.336407136802656, 0.0 ], [ 115.438521582202142, 0.336337998327738, 0.0 ], [ 115.438183389917128, 0.336172146952051, 0.0 ], [ 115.437842178713595, 0.335986840743842, 0.0 ], [ 115.437500603360647, 0.335786883368491, 0.0 ], [ 115.437247388851631, 0.335628836234635, 0.0 ], [ 115.437005168919924, 0.335456312486089, 0.0 ], [ 115.436855117724491, 0.335326858985482, 0.0 ], [ 115.436431818199424, 0.334913001755374, 0.0 ], [ 115.435774237545687, 0.334207930039812, 0.0 ], [ 115.435642496352386, 0.334080188017176, 0.0 ], [ 115.435507946560946, 0.333960350845347, 0.0 ], [ 115.435370500215811, 0.333853587106363, 0.0 ], [ 115.435230185369633, 0.33375862070621, 0.0 ], [ 115.435086855592743, 0.333681135719055, 0.0 ], [ 115.434940308743478, 0.333621222548285, 0.0 ], [ 115.434790328221439, 0.333585191997699, 0.0 ], [ 115.434636457079407, 0.333571062467877, 0.0 ], [ 115.434478406464493, 0.3335705162227, 0.0 ], [ 115.433639934527022, 0.333624640799426, 0.0 ], [ 115.433424321530438, 0.333661755889762, 0.0 ], [ 115.433222289974495, 0.333726370236297, 0.0 ], [ 115.433047276596596, 0.333823523444015, 0.0 ], [ 115.432939973792074, 0.333920590730915, 0.0 ], [ 115.432850339095467, 0.334033220880219, 0.0 ], [ 115.43258847155677, 0.334451717084322, 0.0 ], [ 115.432184789123411, 0.335052205177622, 0.0 ], [ 115.432045057950148, 0.335299541478022, 0.0 ], [ 115.431829528307162, 0.335716416014734, 0.0 ], [ 115.431675326447433, 0.336042439038835, 0.0 ], [ 115.431611906410964, 0.336205942471685, 0.0 ], [ 115.431561059901256, 0.336368090439704, 0.0 ], [ 115.431527648005172, 0.336533827127973, 0.0 ], [ 115.431510445884498, 0.336699939045225, 0.0 ], [ 115.431478269700463, 0.337390148748952, 0.0 ], [ 115.431420316258368, 0.337927554872864, 0.0 ], [ 115.4314098837676, 0.338167864006706, 0.0 ], [ 115.431415267488006, 0.338414599593792, 0.0 ], [ 115.43143600515711, 0.338659752288654, 0.0 ], [ 115.431472173548997, 0.338895177174616, 0.0 ], [ 115.431586749037663, 0.339404518367445, 0.0 ], [ 115.431612047054514, 0.339563459970096, 0.0 ], [ 115.431616166058916, 0.339724660898508, 0.0 ], [ 115.431598457128146, 0.339884481776986, 0.0 ], [ 115.431542956226167, 0.34012843095024, 0.0 ], [ 115.431450751220993, 0.340362037828445, 0.0 ], [ 115.431367286837414, 0.340503117098749, 0.0 ], [ 115.431269628218558, 0.340634779333552, 0.0 ], [ 115.431159249435311, 0.340752258639324, 0.0 ], [ 115.431038257714803, 0.340857468145459, 0.0 ], [ 115.430907659188804, 0.340945016951041, 0.0 ], [ 115.430768590208928, 0.341015320359243, 0.0 ], [ 115.430621681516129, 0.341062250333055, 0.0 ], [ 115.43046729655795, 0.341088206281287, 0.0 ], [ 115.430223054712187, 0.34110449853559, 0.0 ], [ 115.429975351571642, 0.341098475313749, 0.0 ], [ 115.429814653143566, 0.341079511911866, 0.0 ], [ 115.429658069865326, 0.341039663226809, 0.0 ], [ 115.429508419561245, 0.340975242532485, 0.0 ], [ 115.429368902357936, 0.340884988737014, 0.0 ], [ 115.429240041084967, 0.340774483818218, 0.0 ], [ 115.429122895156567, 0.340642100052792, 0.0 ], [ 115.429015727143337, 0.34049347059478, 0.0 ], [ 115.428916843659238, 0.34033408932838, 0.0 ], [ 115.428788373085894, 0.340068660946863, 0.0 ], [ 115.428611295052391, 0.339594441114136, 0.0 ], [ 115.428537475534668, 0.339329131183335, 0.0 ], [ 115.428479075875018, 0.339060076909522, 0.0 ], [ 115.428401344326531, 0.33860865227512, 0.0 ], [ 115.428382801828562, 0.338422398587919, 0.0 ], [ 115.428345145953074, 0.337705708930671, 0.0 ], [ 115.428318433423229, 0.337532895851779, 0.0 ], [ 115.428227089045336, 0.337192452923168, 0.0 ], [ 115.428168202422967, 0.337023107483539, 0.0 ], [ 115.427824674878352, 0.336212438561432, 0.0 ], [ 115.427771704063247, 0.336047270603076, 0.0 ], [ 115.427732165557316, 0.335880866721322, 0.0 ], [ 115.427711915674678, 0.335707756313008, 0.0 ], [ 115.427710419449468, 0.335530724802583, 0.0 ], [ 115.427724667773418, 0.335279927609626, 0.0 ], [ 115.427754773441919, 0.335019672170602, 0.0 ], [ 115.427801724107425, 0.334758911177071, 0.0 ], [ 115.428033333836012, 0.333798879793111, 0.0 ], [ 115.428095419067716, 0.333417748891463, 0.0 ], [ 115.428106255792173, 0.333129196492552, 0.0 ], [ 115.42807794989082, 0.332844466084353, 0.0 ], [ 115.428038653479661, 0.332662347626994, 0.0 ], [ 115.427989383516021, 0.332480639978382, 0.0 ], [ 115.427819317568208, 0.331937277981277, 0.0 ], [ 115.427747986188521, 0.331651277315288, 0.0 ], [ 115.42769219871559, 0.331360814188119, 0.0 ], [ 115.427663707074927, 0.331170235156703, 0.0 ], [ 115.427646953895319, 0.33087856278529, 0.0 ], [ 115.427663740963183, 0.330589880247057, 0.0 ], [ 115.427724490775063, 0.330219383805146, 0.0 ], [ 115.427834421030511, 0.329686054638989, 0.0 ], [ 115.427854100342515, 0.32941055669507, 0.0 ], [ 115.427832997825092, 0.329131520636735, 0.0 ], [ 115.427797049245584, 0.328949508613529, 0.0 ], [ 115.427749531182357, 0.3287651632493, 0.0 ], [ 115.427690656915544, 0.328581859757503, 0.0 ], [ 115.427543419792627, 0.328222642412628, 0.0 ], [ 115.427334428035806, 0.32776755926476, 0.0 ], [ 115.427198197520568, 0.327493949517554, 0.0 ], [ 115.42699460063919, 0.327145997530353, 0.0 ], [ 115.426884378819821, 0.326977835445379, 0.0 ], [ 115.426766465720021, 0.326818769400424, 0.0 ], [ 115.426642437796716, 0.326663972926887, 0.0 ], [ 115.426253860937138, 0.326224756446643, 0.0 ], [ 115.426007027407508, 0.325928914149899, 0.0 ], [ 115.425890402730431, 0.325780164770824, 0.0 ], [ 115.42543724222628, 0.325147518960258, 0.0 ], [ 115.425306238771242, 0.324980223848456, 0.0 ], [ 115.425166092740483, 0.324848347640847, 0.0 ], [ 115.425051127132292, 0.324781972011082, 0.0 ], [ 115.424931608174376, 0.324742242530412, 0.0 ], [ 115.424811299720034, 0.324724797022394, 0.0 ], [ 115.424425018787858, 0.324699967967998, 0.0 ], [ 115.424286389077196, 0.32467349109328, 0.0 ], [ 115.424146053532169, 0.32462885386924, 0.0 ], [ 115.423717721826819, 0.324413755206931, 0.0 ], [ 115.423475827852329, 0.324307733131958, 0.0 ], [ 115.423049007589782, 0.324143020878978, 0.0 ], [ 115.4227879333354, 0.324058718294869, 0.0 ], [ 115.422369714872715, 0.323946331614309, 0.0 ], [ 115.422213784475161, 0.323917169667662, 0.0 ], [ 115.422063750372175, 0.32390260000631, 0.0 ], [ 115.421919509008134, 0.323910007824196, 0.0 ], [ 115.421783832389153, 0.323941246637779, 0.0 ], [ 115.421659970845511, 0.323995548225318, 0.0 ], [ 115.421548208450844, 0.324065812298137, 0.0 ], [ 115.421449808460025, 0.324150846169118, 0.0 ], [ 115.42116994699424, 0.324445504333539, 0.0 ], [ 115.421059086637044, 0.324538322965747, 0.0 ], [ 115.420939051875607, 0.324622780911616, 0.0 ], [ 115.420810411540685, 0.324691958809816, 0.0 ], [ 115.420674078590281, 0.324744339247417, 0.0 ], [ 115.420493843215851, 0.324775460624093, 0.0 ], [ 115.420310097077419, 0.324766374293952, 0.0 ], [ 115.420134967212263, 0.324715322243028, 0.0 ], [ 115.419981045403588, 0.324618558692307, 0.0 ], [ 115.419857387465825, 0.324472822958393, 0.0 ], [ 115.419761194191636, 0.324289371481203, 0.0 ], [ 115.419685944305741, 0.32408092611843, 0.0 ], [ 115.41962610582901, 0.323858832408099, 0.0 ], [ 115.419588287517783, 0.32367764295965, 0.0 ], [ 115.4195645618518, 0.323488556832523, 0.0 ], [ 115.419555458230235, 0.323295588669482, 0.0 ], [ 115.41956967122492, 0.32231052070243, 0.0 ], [ 115.419542895819959, 0.32202060970257, 0.0 ], [ 115.419476898560319, 0.321742951525173, 0.0 ], [ 115.419409813217968, 0.321571440809881, 0.0 ], [ 115.41932820784119, 0.321406305562172, 0.0 ], [ 115.419233677360637, 0.321251012538456, 0.0 ], [ 115.419026656282256, 0.320948903243661, 0.0 ], [ 115.418760133820854, 0.320579402697278, 0.0 ], [ 115.418591313280785, 0.320375118562792, 0.0 ], [ 115.418468628203058, 0.320258065857479, 0.0 ], [ 115.418338462277276, 0.320154962127118, 0.0 ], [ 115.418200998900176, 0.320070812259521, 0.0 ], [ 115.418056395406651, 0.320004823131284, 0.0 ], [ 115.41790450721021, 0.319962569338785, 0.0 ], [ 115.417744771503166, 0.31994110249819, 0.0 ], [ 115.417113057513092, 0.319915550509803, 0.0 ], [ 115.416810473501997, 0.319888854942776, 0.0 ], [ 115.416503998202828, 0.319842693728773, 0.0 ], [ 115.416205937069449, 0.319771541198293, 0.0 ], [ 115.415828749474869, 0.319638947077902, 0.0 ], [ 115.414755426143003, 0.319191672588898, 0.0 ], [ 115.414579288015545, 0.319133988155576, 0.0 ], [ 115.414400003782006, 0.319088867824869, 0.0 ], [ 115.414123141274501, 0.319057912164057, 0.0 ], [ 115.413843143909332, 0.319071807039349, 0.0 ], [ 115.413658194580336, 0.319104349644382, 0.0 ], [ 115.413381332130854, 0.319173337216772, 0.0 ], [ 115.413111587100886, 0.319266885260891, 0.0 ], [ 115.412595256431686, 0.319500348881335, 0.0 ], [ 115.412316963889182, 0.319587185889597, 0.0 ], [ 115.412025869995148, 0.319644907934685, 0.0 ], [ 115.411735639756657, 0.319677208839066, 0.0 ], [ 115.411460288756899, 0.319686269450891, 0.0 ], [ 115.410975982415266, 0.319674635104878, 0.0 ], [ 115.410832582555187, 0.3196832541181, 0.0 ], [ 115.410457344283643, 0.319744935891686, 0.0 ], [ 115.410352847569868, 0.319756289472373, 0.0 ], [ 115.410261139055919, 0.319753893939017, 0.0 ], [ 115.410181003179687, 0.319726760881211, 0.0 ], [ 115.410111305237805, 0.319663844926167, 0.0 ], [ 115.410033212079611, 0.319497251302784, 0.0 ], [ 115.409983665964319, 0.319263146522677, 0.0 ], [ 115.409955926986825, 0.318982544619991, 0.0 ], [ 115.409944843105563, 0.318673276455281, 0.0 ], [ 115.409946474476044, 0.318351039644528, 0.0 ], [ 115.409967363389512, 0.317824115595013, 0.0 ], [ 115.409968945995232, 0.317567343251883, 0.0 ], [ 115.409954383161804, 0.317319329142439, 0.0 ], [ 115.409921124867552, 0.31708948114703, 0.0 ], [ 115.409865789985105, 0.316888160234077, 0.0 ], [ 115.409805114045142, 0.316754358637807, 0.0 ], [ 115.409734094873542, 0.316642431506684, 0.0 ], [ 115.409651974180278, 0.316558902922036, 0.0 ], [ 115.409557930783706, 0.316510347599018, 0.0 ], [ 115.409454595487972, 0.31649373355282, 0.0 ], [ 115.409340374482667, 0.316498300217693, 0.0 ], [ 115.409213622741419, 0.316513355754312, 0.0 ], [ 115.40864405878493, 0.316616770423837, 0.0 ], [ 115.408413371791738, 0.316626724546185, 0.0 ], [ 115.408186280463781, 0.316604046487294, 0.0 ], [ 115.408043576101164, 0.316571868305962, 0.0 ], [ 115.407719867447881, 0.31647329968756, 0.0 ], [ 115.407537861994157, 0.316439110432297, 0.0 ], [ 115.407414280630817, 0.316448080859149, 0.0 ], [ 115.407289438241264, 0.316484958422483, 0.0 ], [ 115.407163659234328, 0.316543130346792, 0.0 ], [ 115.407037727996055, 0.316621687848417, 0.0 ], [ 115.406911978716892, 0.316714672926016, 0.0 ], [ 115.406789939796226, 0.316823868654345, 0.0 ], [ 115.406620264657917, 0.317021315328577, 0.0 ], [ 115.406119355563774, 0.31768465645672, 0.0 ], [ 115.405874825353933, 0.317958730199029, 0.0 ], [ 115.405613236282292, 0.318199633134104, 0.0 ], [ 115.40547657774178, 0.318303188517607, 0.0 ], [ 115.405336052750854, 0.318395079515581, 0.0 ], [ 115.405191459133178, 0.318469807478195, 0.0 ], [ 115.404729067319892, 0.318646166028385, 0.0 ], [ 115.404563274941069, 0.318696313258994, 0.0 ], [ 115.404389829101859, 0.318738241202471, 0.0 ], [ 115.404113890331246, 0.318773044732479, 0.0 ], [ 115.403825954982238, 0.318774237889497, 0.0 ], [ 115.403381017450769, 0.318733314990619, 0.0 ], [ 115.403127470975051, 0.318702619728599, 0.0 ], [ 115.402877055280257, 0.318665809557622, 0.0 ], [ 115.402636898881482, 0.318621507322129, 0.0 ], [ 115.402107669367382, 0.318507452392221, 0.0 ], [ 115.401941098321842, 0.318464393422871, 0.0 ], [ 115.40145180230941, 0.318306504208565, 0.0 ], [ 115.401285344627468, 0.318262679269509, 0.0 ], [ 115.401051354231257, 0.318232461895574, 0.0 ], [ 115.400808384271244, 0.318236093023918, 0.0 ], [ 115.400566379233638, 0.318274185553064, 0.0 ], [ 115.400388433476991, 0.318325132927539, 0.0 ], [ 115.400212630170117, 0.318388343964446, 0.0 ], [ 115.400037162929834, 0.318462700569873, 0.0 ], [ 115.399773191727434, 0.318583212615144, 0.0 ], [ 115.399516112879738, 0.318719220370905, 0.0 ], [ 115.399033963782102, 0.319026377573529, 0.0 ], [ 115.398873070695331, 0.319121387759045, 0.0 ], [ 115.398710553355897, 0.319205222305285, 0.0 ], [ 115.397286682826874, 0.319846456617509, 0.0 ], [ 115.396287309013175, 0.32046511665919, 0.0 ], [ 115.395802721322113, 0.321042893716543, 0.0 ], [ 115.396468494849202, 0.321826156369406, 0.0 ], [ 115.397420279433504, 0.322873119058006, 0.0 ], [ 115.399514204799942, 0.324205617492842, 0.0 ], [ 115.401037059498307, 0.325347758920287, 0.0 ], [ 115.402559914541925, 0.326299543098656, 0.0 ], [ 115.403844823924146, 0.327774809257819, 0.0 ], [ 115.404415894598714, 0.329012128787389, 0.0 ], [ 115.404749019024138, 0.330677751111066, 0.0 ], [ 115.405082143587762, 0.332010249861333, 0.0 ], [ 115.405177322131976, 0.333913817867988, 0.0 ], [ 115.405034554406356, 0.335531851940667, 0.0 ], [ 115.404796608621183, 0.338006491574517, 0.0 ], [ 115.40479660809946, 0.339481757417611, 0.0 ], [ 115.404558662170317, 0.341813628459067, 0.0 ], [ 115.40417794807837, 0.345668355761105, 0.0 ], [ 115.404035180388789, 0.348000227077905, 0.0 ], [ 115.403654467056185, 0.349761028728578, 0.0 ], [ 115.403178574773477, 0.351188704910742, 0.0 ], [ 115.402464736533489, 0.352235668004155, 0.0 ], [ 115.401275006152801, 0.353139863487758, 0.0 ], [ 115.400323221772823, 0.353948880058073, 0.0 ], [ 115.399085901872581, 0.354900664112048, 0.0 ], [ 115.396896797316501, 0.355852448553309, 0.0 ], [ 115.396135369785156, 0.356756644271075, 0.0 ], [ 115.395659477652401, 0.357660838863688, 0.0 ], [ 115.395040817639796, 0.358802980183274, 0.0 ], [ 115.394422157810652, 0.360658959900585, 0.0 ], [ 115.394041444122266, 0.363086010352087, 0.0 ], [ 115.39423180091876, 0.364513686355339, 0.0 ], [ 115.39451733623271, 0.366322076687938, 0.0 ], [ 115.395849835211664, 0.367273861380053, 0.0 ], [ 115.397753403688839, 0.368035289130545, 0.0 ], [ 115.399799740454114, 0.368225645788057, 0.0 ], [ 115.401750897953931, 0.36779734267781, 0.0 ], [ 115.403654466661209, 0.367226271956006, 0.0 ], [ 115.405653213914192, 0.366845558638749, 0.0 ], [ 115.407794729138118, 0.366512433704198, 0.0 ], [ 115.40917481607859, 0.366702791254982, 0.0 ], [ 115.410697671247704, 0.367226272243752, 0.0 ], [ 115.411982580337565, 0.368225646256153, 0.0 ], [ 115.413219900259492, 0.370034036511742, 0.0 ], [ 115.414266863041391, 0.373032157053273, 0.0 ], [ 115.415456593447786, 0.375078493529517, 0.0 ], [ 115.416646324009122, 0.376363402108109, 0.0 ], [ 115.418121590136067, 0.376601348256535, 0.0 ], [ 115.419216141670333, 0.376268223778748, 0.0 ], [ 115.419549266622511, 0.375839921017496, 0.0 ], [ 115.419692034354753, 0.374697779850574, 0.0 ], [ 115.41969203443918, 0.373079746303994, 0.0 ], [ 115.41978721296708, 0.370319571691747, 0.0 ], [ 115.420548640026027, 0.368082878534042, 0.0 ], [ 115.4216431918273, 0.366322076925104, 0.0 ], [ 115.42326122593802, 0.364180562074983, 0.0 ], [ 115.425355151561973, 0.36270529651545, 0.0 ], [ 115.427258720097527, 0.361801100804371, 0.0 ], [ 115.429209878264828, 0.361277620084419, 0.0 ], [ 115.430875500463429, 0.360992084807216, 0.0 ], [ 115.433207372971111, 0.361325208605523, 0.0 ], [ 115.434587459554564, 0.361848690862079, 0.0 ], [ 115.435301298307579, 0.36313359963115, 0.0 ], [ 115.436205493418427, 0.364228151744665, 0.0 ], [ 115.436681386112269, 0.366274487804511, 0.0 ], [ 115.43687174285833, 0.368463592322774, 0.0 ], [ 115.436681385658417, 0.370462339160708, 0.0 ], [ 115.436253082348003, 0.372175551040013, 0.0 ], [ 115.435634422732164, 0.374174298708606, 0.0 ], [ 115.43506335262208, 0.375601974952727, 0.0 ], [ 115.433302551456222, 0.378695274280165, 0.0 ], [ 115.43292183703619, 0.379789826604179, 0.0 ], [ 115.431684517879219, 0.381645805534939, 0.0 ], [ 115.430685144087661, 0.382883126000225, 0.0 ], [ 115.429876127262403, 0.383501785137437, 0.0 ], [ 115.428924343016348, 0.384120445323971, 0.0 ], [ 115.427972558412165, 0.384501159400912, 0.0 ], [ 115.426830417043774, 0.384501159188975, 0.0 ], [ 115.425259973165794, 0.384548748620295, 0.0 ], [ 115.423784706921992, 0.384691515822884, 0.0 ], [ 115.422214262462148, 0.385072229507138, 0.0 ], [ 115.421024532209088, 0.385452943766573, 0.0 ], [ 115.419311320647765, 0.385786068471964, 0.0 ], [ 115.41631319919631, 0.386452316912692, 0.0 ], [ 115.413410257344481, 0.38726133423046, 0.0 ], [ 115.411744634678769, 0.388308297031725, 0.0 ], [ 115.410983206513819, 0.389022135305626, 0.0 ], [ 115.409841065819904, 0.39049740051307, 0.0 ], [ 115.409412762443552, 0.391925077233195, 0.0 ], [ 115.409412762724841, 0.393733468289296, 0.0 ], [ 115.409365173594253, 0.395874983046923, 0.0 ], [ 115.409127226859553, 0.399158639159354, 0.0 ], [ 115.408889281111243, 0.402251937910805, 0.0 ], [ 115.40898445918512, 0.404107917610006, 0.0 ], [ 115.408984459767495, 0.407772288229174, 0.0 ], [ 115.408127853546802, 0.411008354459272, 0.0 ], [ 115.407556783217828, 0.413292637383105, 0.0 ], [ 115.406795355538279, 0.415576920113898, 0.0 ], [ 115.40570080361141, 0.417480488292173, 0.0 ], [ 115.40474901879135, 0.420050306215067, 0.0 ], [ 115.403654467212888, 0.422191821430967, 0.0 ], [ 115.402559915244794, 0.424000211466255, 0.0 ], [ 115.400751524773526, 0.426855565030334, 0.0 ], [ 115.399942507623237, 0.428901901153449, 0.0 ], [ 115.39927625902196, 0.430948237730519, 0.0 ], [ 115.398847955418972, 0.432899396407691, 0.0 ], [ 115.398943134316696, 0.434374661669921, 0.0 ], [ 115.399276258233897, 0.435897516483926, 0.0 ], [ 115.399847329664112, 0.436896890629378, 0.0 ], [ 115.400561167401605, 0.438086620988442, 0.0 ], [ 115.401227416735651, 0.4388956374176, 0.0 ], [ 115.402512326038718, 0.439704654693282, 0.0 ], [ 115.404082770335108, 0.440704028043513, 0.0 ], [ 115.405795982105559, 0.44179858036221, 0.0 ], [ 115.407556782852339, 0.442560007325128, 0.0 ], [ 115.408746513417682, 0.44327384616634, 0.0 ], [ 115.410031422566831, 0.444701522679589, 0.0 ], [ 115.410174189826037, 0.445653307133422, 0.0 ], [ 115.410079011968577, 0.44679544810034, 0.0 ], [ 115.409412762925598, 0.448127946477782, 0.0 ], [ 115.408746513060393, 0.449555622641727, 0.0 ], [ 115.407937496336231, 0.450935710491483, 0.0 ], [ 115.406700177361287, 0.452648922627226, 0.0 ], [ 115.404796608001675, 0.454171777437913, 0.0 ], [ 115.404540721891266, 0.455024730551689, 0.0 ], [ 115.401743904011411, 0.455577947365119, 0.0 ], [ 115.400221049217635, 0.455673126349826, 0.0 ], [ 115.398031944720742, 0.456149017778538, 0.0 ], [ 115.395557305703932, 0.45662491027391, 0.0 ], [ 115.393558557732248, 0.456815267217321, 0.0 ], [ 115.392130881069491, 0.45643455318491, 0.0 ], [ 115.391369453763701, 0.45519723356451, 0.0 ], [ 115.391369453616775, 0.453959913556546, 0.0 ], [ 115.391464632515806, 0.452151523828511, 0.0 ], [ 115.391750167326734, 0.448915456698055, 0.0 ], [ 115.391940525005168, 0.447011887717388, 0.0 ], [ 115.393082666103183, 0.444632426584435, 0.0 ], [ 115.394319985623085, 0.442538501174886, 0.0 ], [ 115.395557305468756, 0.440634932822705, 0.0 ], [ 115.395842840458386, 0.439112077006759, 0.0 ], [ 115.395366948129535, 0.436922972892602, 0.0 ], [ 115.39422480719881, 0.43511458309934, 0.0 ], [ 115.392701952148471, 0.434067619918873, 0.0 ], [ 115.390608026758784, 0.434448333391143, 0.0 ], [ 115.389656242261509, 0.435780832247412, 0.0 ], [ 115.387276781409042, 0.438826542013135, 0.0 ], [ 115.384421427617028, 0.441967430257136, 0.0 ], [ 115.382708215766101, 0.443966177545998, 0.0 ], [ 115.381280539520873, 0.446345638823395, 0.0 ], [ 115.37994804099921, 0.448915457021254, 0.0 ], [ 115.379186613334255, 0.451675631432939, 0.0 ], [ 115.378425185954796, 0.455197233773995, 0.0 ], [ 115.377283044816423, 0.457862229934174, 0.0 ], [ 115.37595054700212, 0.458814014429093, 0.0 ], [ 115.374046978239605, 0.459099549868084, 0.0 ], [ 115.372809658098816, 0.458623657136685, 0.0 ], [ 115.371667516649097, 0.457100802764651, 0.0 ], [ 115.371096446535532, 0.455197233799908, 0.0 ], [ 115.370810910803144, 0.453674378603265, 0.0 ], [ 115.369954304998117, 0.451865987956535, 0.0 ], [ 115.368716985398393, 0.450914204019414, 0.0 ], [ 115.366813416718685, 0.450057597762187, 0.0 ], [ 115.364814669296365, 0.449772062741488, 0.0 ], [ 115.363386992530621, 0.448820278571689, 0.0 ], [ 115.362530386686799, 0.44767813704455, 0.0 ], [ 115.361673780650307, 0.446155282255831, 0.0 ], [ 115.361007531331111, 0.444156534620786, 0.0 ], [ 115.360436460728991, 0.441681895556918, 0.0 ], [ 115.35929431929118, 0.439016899149433, 0.0 ], [ 115.35805699945989, 0.438921720642783, 0.0 ], [ 115.356819679947392, 0.43920725616977, 0.0 ], [ 115.356153431503699, 0.440349397132475, 0.0 ], [ 115.354059505463383, 0.443299928404587, 0.0 ], [ 115.352917364275882, 0.444537248420233, 0.0 ], [ 115.351489687290339, 0.445108319219669, 0.0 ], [ 115.349776475114879, 0.445013140928495, 0.0 ], [ 115.348539155439795, 0.444537248630281, 0.0 ], [ 115.346730765184432, 0.443109571595375, 0.0 ], [ 115.345303088907244, 0.441396359988357, 0.0 ], [ 115.343304341456118, 0.439492791139963, 0.0 ], [ 115.342067022271294, 0.43777957891195, 0.0 ], [ 115.339306847282444, 0.436637437557251, 0.0 ], [ 115.336451493628743, 0.4367326165612, 0.0 ], [ 115.331882928999349, 0.437113330037701, 0.0 ], [ 115.329979359690171, 0.438160292648501, 0.0 ], [ 115.328075791326512, 0.439683147919762, 0.0 ], [ 115.324459010782306, 0.442728857909384, 0.0 ], [ 115.321508478518155, 0.444917962179189, 0.0 ], [ 115.318843482778419, 0.44663117454044, 0.0 ], [ 115.316178485993944, 0.447963672279953, 0.0 ], [ 115.314274917446809, 0.447963672000816, 0.0 ], [ 115.311514742207095, 0.447773315211354, 0.0 ], [ 115.308183497273689, 0.447487779808609, 0.0 ], [ 115.305708858067774, 0.447487779859953, 0.0 ], [ 115.302948683142873, 0.447487780384831, 0.0 ], [ 115.300283686242352, 0.446821530533915, 0.0 ], [ 115.298760831709387, 0.446060103742734, 0.0 ], [ 115.29600065671201, 0.444251713385488, 0.0 ], [ 115.292859767937003, 0.442824036464603, 0.0 ], [ 115.289814058646073, 0.441206002781291, 0.0 ], [ 115.286863526329199, 0.438541006910569, 0.0 ], [ 115.285531028838435, 0.437018151426056, 0.0 ], [ 115.284293708642224, 0.436922972761101, 0.0 ], [ 115.283817816595871, 0.437684400379924, 0.0 ], [ 115.282961210306041, 0.439778326746133, 0.0 ], [ 115.282770853287701, 0.441015646303586, 0.0 ], [ 115.282961210653156, 0.442824036818383, 0.0 ], [ 115.2837226377425, 0.445298676121157, 0.0 ], [ 115.283912994511738, 0.447963671899293, 0.0 ], [ 115.283817816590627, 0.451485274915644, 0.0 ], [ 115.283722637695732, 0.454150270962744, 0.0 ], [ 115.283341924390882, 0.455768304187538, 0.0 ], [ 115.283056389212845, 0.458052587187049, 0.0 ], [ 115.283056389057123, 0.460432048051892, 0.0 ], [ 115.282866031659026, 0.463668114798756, 0.0 ], [ 115.282009426482702, 0.466333111628685, 0.0 ], [ 115.281057641264979, 0.468617394023427, 0.0 ], [ 115.280010679156888, 0.470140248700697, 0.0 ], [ 115.278297467291381, 0.47147274723723, 0.0 ], [ 115.2768697900771, 0.472329353156994, 0.0 ], [ 115.275061399561267, 0.472519709836972, 0.0 ], [ 115.273824080106124, 0.47251970964471, 0.0 ], [ 115.271063905437614, 0.472234174276424, 0.0 ], [ 115.269350693542904, 0.472424531106452, 0.0 ], [ 115.26792301722935, 0.472805244757913, 0.0 ], [ 115.266685696939277, 0.473757029109526, 0.0 ], [ 115.265614939383966, 0.475422652232923, 0.0 ], [ 115.264829717519234, 0.476636177468905, 0.0 ], [ 115.26375895994741, 0.478135237990926, 0.0 ], [ 115.26325927325037, 0.479634297885507, 0.0 ], [ 115.26290235427426, 0.481061974581994, 0.0 ], [ 115.262259900118096, 0.483203489921901, 0.0 ], [ 115.261189142035178, 0.484060096091, 0.0 ], [ 115.260118384543219, 0.484488398688295, 0.0 ], [ 115.258619324843167, 0.484488398847722, 0.0 ], [ 115.257477183213851, 0.484488398873636, 0.0 ], [ 115.255978122279913, 0.484202862921577, 0.0 ], [ 115.254479062630452, 0.483917327997623, 0.0 ], [ 115.251837860833561, 0.483417641170004, 0.0 ], [ 115.250695719319921, 0.48356040896053, 0.0 ], [ 115.250124648193719, 0.4847025502792, 0.0 ], [ 115.250267416301597, 0.485701923421049, 0.0 ], [ 115.250981254952521, 0.486772680784931, 0.0 ], [ 115.252052012217334, 0.487557903293531, 0.0 ], [ 115.253336921158009, 0.488271741364383, 0.0 ], [ 115.25447906213202, 0.488914196496969, 0.0 ], [ 115.256477809372768, 0.489342499236954, 0.0 ], [ 115.257048879754976, 0.490341872533956, 0.0 ], [ 115.257405799033549, 0.491769548911631, 0.0 ], [ 115.257548566877901, 0.493839680421953, 0.0 ], [ 115.257619950653222, 0.49583842791073, 0.0 ], [ 115.257834102252744, 0.49790855904063, 0.0 ], [ 115.257787519437898, 0.49897995846631, 0.0 ], [ 115.262600971934802, 0.501260015103106, 0.0 ], [ 115.270595960914306, 0.505447866468638, 0.0 ], [ 115.285063083829755, 0.505067152708261, 0.0 ], [ 115.28925093520003, 0.509255004073691, 0.0 ], [ 115.298388065462447, 0.509635717834217, 0.0 ], [ 115.309048050768524, 0.511158572876141, 0.0 ], [ 115.316662325987039, 0.514584996720838, 0.0 ], [ 115.328845166336976, 0.519153561846832, 0.0 ], [ 115.336459441555689, 0.517630706805049, 0.0 ], [ 115.344073716774389, 0.518772848086393, 0.0 ], [ 115.357779412168199, 0.520676416888831, 0.0 ], [ 115.370723680039546, 0.519914989367976, 0.0 ], [ 115.378718669019108, 0.51648856552338, 0.0 ], [ 115.382145092867617, 0.513442855439244, 0.0 ], [ 115.390140081847292, 0.510397145355236, 0.0 ], [ 115.407652914850217, 0.509635717834217, 0.0 ], [ 115.420597182721764, 0.511539286636758, 0.0 ], [ 115.434683591876379, 0.514965710481336, 0.0 ], [ 115.447627859747996, 0.51724999304455, 0.0 ], [ 115.455622848727714, 0.514584996721, 0.0 ], [ 115.460952841380717, 0.51230071415792, 0.0 ], [ 115.467805689077494, 0.510016431594754, 0.0 ], [ 115.474658536774285, 0.505828580229287, 0.0 ], [ 115.479988529427374, 0.503544297666292, 0.0 ], [ 115.487602804645903, 0.494407167413802, 0.0 ], [ 115.495978507386582, 0.48793503348533, 0.0 ], [ 115.499785644995782, 0.486412178443282, 0.0 ], [ 115.504354210126934, 0.483747182119821, 0.0 ], [ 115.515775622955047, 0.485270037161745, 0.0 ], [ 115.521867043130115, 0.484889323401151, 0.0 ], [ 115.52491275321745, 0.483747182119821, 0.0 ], [ 115.527197035783104, 0.481843613317243, 0.0 ], [ 115.53210017682467, 0.476186142869512, 0.0 ] ] ] ] } },
{ "type": "Feature", "properties": { "Toponim": "Pari", "subws_id": 27, "Ibis": 3, "Kls_Pr": "Sangat Prioritas Dipulihkan" }, "geometry": { "type": "MultiPolygon", "coordinates": [ [ [ [ 115.604386750812068, 0.123858464312321, 0.0 ], [ 115.604598429135777, 0.123731457310615, 0.0 ], [ 115.603082866964542, 0.123769346076105, 0.0 ], [ 115.602250055516691, 0.123769346215449, 0.0 ], [ 115.600405972874867, 0.123412427228231, 0.0 ], [ 115.599275728926941, 0.122996021257373, 0.0 ], [ 115.598264457905998, 0.122698588992094, 0.0 ], [ 115.596922442490964, 0.122736660068502, 0.0 ], [ 115.595708916628396, 0.122950812239973, 0.0 ], [ 115.594281240311176, 0.123236346994565, 0.0 ], [ 115.593067715477432, 0.124307104993704, 0.0 ], [ 115.592496645082022, 0.125806164896859, 0.0 ], [ 115.592558647256027, 0.127480226246217, 0.0 ], [ 115.595535155870266, 0.127570423477159, 0.0 ], [ 115.600674791642831, 0.126142746875291, 0.0 ], [ 115.604386750812068, 0.123858464312321, 0.0 ] ] ], [ [ [ 115.492086718677342, 0.372029071662273, 0.0 ], [ 115.492932797299019, 0.368010198925504, 0.0 ], [ 115.497882076191118, 0.359253782433775, 0.0 ], [ 115.499214574354426, 0.353352719145981, 0.0 ], [ 115.502640998202935, 0.347927548058698, 0.0 ], [ 115.506924028013245, 0.342502376971688, 0.0 ], [ 115.513491340389379, 0.336506135243527, 0.0 ], [ 115.519773117444885, 0.332508640758194, 0.0 ], [ 115.525769359179463, 0.327654540311745, 0.0 ], [ 115.529195783027944, 0.32479918710792, 0.0 ], [ 115.534335418800509, 0.318231874739153, 0.0 ], [ 115.538618448611146, 0.31451991557411, 0.0 ], [ 115.546898972911279, 0.310236885768539, 0.0 ], [ 115.550610932080545, 0.30766706788517, 0.0 ], [ 115.552324144004459, 0.303669573399802, 0.0 ], [ 115.552324144004459, 0.29624565506986, 0.0 ], [ 115.550039861438947, 0.291677089943835, 0.0 ], [ 115.545471296307696, 0.287108524817697, 0.0 ], [ 115.543472549062926, 0.282539959691667, 0.0 ], [ 115.538047377969534, 0.275401576682114, 0.0 ], [ 115.532051136235026, 0.270261940915374, 0.0 ], [ 115.524056147255308, 0.267977658352351, 0.0 ], [ 115.51377687571005, 0.263980163867066, 0.0 ], [ 115.50663849269263, 0.260553740022266, 0.0 ], [ 115.504068674806348, 0.255985174896209, 0.0 ], [ 115.499976001876277, 0.253700892333307, 0.0 ], [ 115.49883386059355, 0.251987680410987, 0.0 ], [ 115.496168864267034, 0.248751613446734, 0.0 ], [ 115.493503867940547, 0.244373405200871, 0.0 ], [ 115.492361726657634, 0.239995196955115, 0.0 ], [ 115.492742440418624, 0.23428449054736, 0.0 ], [ 115.495597793625521, 0.227812356618791, 0.0 ], [ 115.500356715637224, 0.223053434612347, 0.0 ], [ 115.503783139485677, 0.221340222690097, 0.0 ], [ 115.507780633975528, 0.219627010767907, 0.0 ], [ 115.515585266074638, 0.218484869486252, 0.0 ], [ 115.519582760564688, 0.218484869486252, 0.0 ], [ 115.52434168257615, 0.218675226366718, 0.0 ], [ 115.529100604587867, 0.219055940127173, 0.0 ], [ 115.534430597240899, 0.219627010767907, 0.0 ], [ 115.538428091730481, 0.220578795169171, 0.0 ], [ 115.542425586220176, 0.221340222690097, 0.0 ], [ 115.544329155025054, 0.220578795169171, 0.0 ], [ 115.548517006395258, 0.219055940127173, 0.0 ], [ 115.553275928407032, 0.212964519958879, 0.0 ], [ 115.553275928407032, 0.209918809875086, 0.0 ], [ 115.554608426570155, 0.204779174108117, 0.0 ], [ 115.556131281614029, 0.202875605305717, 0.0 ], [ 115.557463779777279, 0.200972036502885, 0.0 ], [ 115.55917699170152, 0.196403471376951, 0.0 ], [ 115.561461274266904, 0.192025263131026, 0.0 ], [ 115.56412627059342, 0.188027768645846, 0.0 ], [ 115.565649125637336, 0.184982058561613, 0.0 ], [ 115.565649125637336, 0.181365277836965, 0.0 ], [ 115.56545876875677, 0.17641599895034, 0.0 ], [ 115.56488769811547, 0.172989575105694, 0.0 ], [ 115.5637455568326, 0.168992080620534, 0.0 ], [ 115.56279377243024, 0.165756013656091, 0.0 ], [ 115.562603415549844, 0.159474236607731, 0.0 ], [ 115.561270917386466, 0.153839672952144, 0.0 ], [ 115.560128776103568, 0.147557895903776, 0.0 ], [ 115.560414311424339, 0.141561654175783, 0.0 ], [ 115.562984129310564, 0.136707553729291, 0.0 ], [ 115.565839482517617, 0.132710059244174, 0.0 ], [ 115.567654650088784, 0.130441099694245, 0.0 ], [ 115.566774670831322, 0.129286126550731, 0.0 ], [ 115.566393957116844, 0.12776327161646, 0.0 ], [ 115.56629877930429, 0.125954881287557, 0.0 ], [ 115.566393957483797, 0.123956134562337, 0.0 ], [ 115.566679492571083, 0.121671851501377, 0.0 ], [ 115.566584314438913, 0.11929239017813, 0.0 ], [ 115.566584313881933, 0.117484000436609, 0.0 ], [ 115.56696502775911, 0.115961144807459, 0.0 ], [ 115.566965027660132, 0.115390074599386, 0.0 ], [ 115.566181525455477, 0.112497142133229, 0.0 ], [ 115.564871102069915, 0.110821509435917, 0.0 ], [ 115.563157890429594, 0.109584189438226, 0.0 ], [ 115.562206105725508, 0.108061334656433, 0.0 ], [ 115.561444678461697, 0.106157766066049, 0.0 ], [ 115.560492893878688, 0.10444455370316, 0.0 ], [ 115.55963628801365, 0.102540985218538, 0.0 ], [ 115.559255574040805, 0.100542237606348, 0.0 ], [ 115.558494146652308, 0.098924204819746, 0.0 ], [ 115.557637540831124, 0.097210992686709, 0.0 ], [ 115.556971291464251, 0.096068851242104, 0.0 ], [ 115.555733972023674, 0.094926709962165, 0.0 ], [ 115.554306295323144, 0.094260460957578, 0.0 ], [ 115.553449689562768, 0.093784568846129, 0.0 ], [ 115.552212369708954, 0.093118319973245, 0.0 ], [ 115.550594336096921, 0.092642427180137, 0.0 ], [ 115.548881124607533, 0.092927963111271, 0.0 ], [ 115.5462161279535, 0.094165282460978, 0.0 ], [ 115.544598094845028, 0.094545996238451, 0.0 ], [ 115.542789704077919, 0.09454599583559, 0.0 ], [ 115.539839173044555, 0.093689390417466, 0.0 ], [ 115.538506674379505, 0.093118319411284, 0.0 ], [ 115.535651321006554, 0.092071356765739, 0.0 ], [ 115.534318822998543, 0.090738858773246, 0.0 ], [ 115.533652574397976, 0.08969189603655, 0.0 ], [ 115.533176681495362, 0.088549754468448, 0.0 ], [ 115.532795967613183, 0.087597970369961, 0.0 ], [ 115.531558648302891, 0.086646185731146, 0.0 ], [ 115.529750258111704, 0.08607511495221, 0.0 ], [ 115.528608116716569, 0.085408865803483, 0.0 ], [ 115.527180440128319, 0.084837794967264, 0.0 ], [ 115.525752763459082, 0.084266724814438, 0.0 ], [ 115.52342386163609, 0.083574348130316, 0.0 ], [ 115.52330337603189, 0.085170782593889, 0.0 ], [ 115.522875073482368, 0.086955378403176, 0.0 ], [ 115.522446770170646, 0.088882741169845, 0.0 ], [ 115.521233245406037, 0.090453185365041, 0.0 ], [ 115.51987695283654, 0.091595326590426, 0.0 ], [ 115.51816374032812, 0.092951619565579, 0.0 ], [ 115.516379144972532, 0.094379296338047, 0.0 ], [ 115.514880083981879, 0.095307286325684, 0.0 ], [ 115.512809953157713, 0.097163265457451, 0.0 ], [ 115.511810579281857, 0.099090629440957, 0.0 ], [ 115.511310892799614, 0.100589689470875, 0.0 ], [ 115.511382276300068, 0.102302901419518, 0.0 ], [ 115.511453660599969, 0.104373032640225, 0.0 ], [ 115.51138227639504, 0.106014860766917, 0.0 ], [ 115.511382276504378, 0.108227759135098, 0.0 ], [ 115.512238882451058, 0.109655436104088, 0.0 ], [ 115.513166872326934, 0.1106548093872, 0.0 ], [ 115.514737317041963, 0.111796950769306, 0.0 ], [ 115.516736063503899, 0.113296011311606, 0.0 ], [ 115.519591416777246, 0.114366768763334, 0.0 ], [ 115.522518153804825, 0.115508909937782, 0.0 ], [ 115.524161753986363, 0.11638549634587, 0.0 ], [ 115.524659668981528, 0.116651051287231, 0.0 ], [ 115.526943951598028, 0.118150112197142, 0.0 ], [ 115.528585779415508, 0.119292252853466, 0.0 ], [ 115.529371001793194, 0.121005465299297, 0.0 ], [ 115.529156850378499, 0.122504525756768, 0.0 ], [ 115.528514395623304, 0.124074969490306, 0.0 ], [ 115.527871941355968, 0.125217110997735, 0.0 ], [ 115.526872567882933, 0.126716171194405, 0.0 ], [ 115.525230739993816, 0.128572151215089, 0.0 ], [ 115.523517528100442, 0.129999827318119, 0.0 ], [ 115.521518780067439, 0.132069959038255, 0.0 ], [ 115.52016248751336, 0.133497635115576, 0.0 ], [ 115.519234497708098, 0.134925312094901, 0.0 ], [ 115.518163740501407, 0.136495756308847, 0.0 ], [ 115.51709298346907, 0.138066200753005, 0.0 ], [ 115.51672689976111, 0.138828873977518, 0.0 ], [ 115.516236377448962, 0.139850796343844, 0.0 ], [ 115.515522539011627, 0.141421240773529, 0.0 ], [ 115.514880084735239, 0.142706149060475, 0.0 ], [ 115.514594549123842, 0.143991058288821, 0.0 ], [ 115.514594548777879, 0.14577565389185, 0.0 ], [ 115.514880084609757, 0.146917795665817, 0.0 ], [ 115.5161649934727, 0.148631007148341, 0.0 ], [ 115.517307134081349, 0.150130067959127, 0.0 ], [ 115.518377892035417, 0.151486360672743, 0.0 ], [ 115.519234498357946, 0.15319957195739, 0.0 ], [ 115.520019720160718, 0.155126936183751, 0.0 ], [ 115.520376639109685, 0.156768764232357, 0.0 ], [ 115.520804941851083, 0.159195813996008, 0.0 ], [ 115.521090477609519, 0.162265319100583, 0.0 ], [ 115.521090477502952, 0.164478217201566, 0.0 ], [ 115.520662174832069, 0.166691116369951, 0.0 ], [ 115.520233871655307, 0.169332318082917, 0.0 ], [ 115.519591416956771, 0.170974146070075, 0.0 ], [ 115.518806195113399, 0.172401822518801, 0.0 ], [ 115.517878205089929, 0.173900882969811, 0.0 ], [ 115.516593296497831, 0.175756862545209, 0.0 ], [ 115.515308387114743, 0.17689900393812, 0.0 ], [ 115.51388071046425, 0.177898377887891, 0.0 ], [ 115.512952721251267, 0.178969134927118, 0.0 ], [ 115.511810579721001, 0.181182033478003, 0.0 ], [ 115.511239508594059, 0.182966629695159, 0.0 ], [ 115.511310892735878, 0.184537073618309, 0.0 ], [ 115.511667812042958, 0.18625028533393, 0.0 ], [ 115.512310266833154, 0.187463810503106, 0.0 ], [ 115.513381024206751, 0.188962871150529, 0.0 ], [ 115.514380397241268, 0.190105012810933, 0.0 ], [ 115.51559392277494, 0.191389921404578, 0.0 ], [ 115.516950215750697, 0.192674830277438, 0.0 ], [ 115.518020972931751, 0.194530810206168, 0.0 ], [ 115.518449276081569, 0.19660094079187, 0.0 ], [ 115.51787820485103, 0.197957233829688, 0.0 ], [ 115.515950841663653, 0.199170758920446, 0.0 ], [ 115.514594548671042, 0.199599062108506, 0.0 ], [ 115.512453033632653, 0.199741829561877, 0.0 ], [ 115.509740448210721, 0.199955981055357, 0.0 ], [ 115.507670316998571, 0.200170132562943, 0.0 ], [ 115.505671570498151, 0.201383657628815, 0.0 ], [ 115.505029115607599, 0.201954728564442, 0.0 ], [ 115.504386661077177, 0.203382405176527, 0.0 ], [ 115.504315277154532, 0.204881465363792, 0.0 ], [ 115.504600812323631, 0.206808828838279, 0.0 ], [ 115.504172509903313, 0.208450656670967, 0.0 ], [ 115.503173136230174, 0.210092484842013, 0.0 ], [ 115.501745459371548, 0.210306636685939, 0.0 ], [ 115.500032247694051, 0.210306636515933, 0.0 ], [ 115.49881872268584, 0.210163868710455, 0.0 ], [ 115.497034126811101, 0.209592798384098, 0.0 ], [ 115.494892611540507, 0.208878960165424, 0.0 ], [ 115.493464934797359, 0.207808202310376, 0.0 ], [ 115.491965875247558, 0.20730851597994, 0.0 ], [ 115.490324046487018, 0.206951596538856, 0.0 ], [ 115.488824986207106, 0.207308515638963, 0.0 ], [ 115.487254542398134, 0.208093737705825, 0.0 ], [ 115.486255168802941, 0.208807576062497, 0.0 ], [ 115.484827492085358, 0.211020475080471, 0.0 ], [ 115.483899502307892, 0.212519535318865, 0.0 ], [ 115.483042895812602, 0.21444689829463, 0.0 ], [ 115.482043522294148, 0.216231493873817, 0.0 ], [ 115.480901381119139, 0.217445018987508, 0.0 ], [ 115.479616471827043, 0.218301625134589, 0.0 ], [ 115.477189422181638, 0.219229614981222, 0.0 ], [ 115.47576174509247, 0.219515150701383, 0.0 ], [ 115.474405452709703, 0.219657917911576, 0.0 ], [ 115.472977775889277, 0.220443140716981, 0.0 ], [ 115.470979028546012, 0.221799433354021, 0.0 ], [ 115.469551351710265, 0.223369877693155, 0.0 ], [ 115.467124302123992, 0.225440008378505, 0.0 ], [ 115.465482473579826, 0.227652906852322, 0.0 ], [ 115.463840645326385, 0.230294108398829, 0.0 ], [ 115.461841898869551, 0.232649775341479, 0.0 ], [ 115.459771767364728, 0.234220219541847, 0.0 ], [ 115.458344090402903, 0.235076825476217, 0.0 ], [ 115.456845030627761, 0.23536236080151, 0.0 ], [ 115.454917666751143, 0.235719279961419, 0.0 ], [ 115.453204455438012, 0.236361734726953, 0.0 ], [ 115.449992182471391, 0.237289724133346, 0.0 ], [ 115.447493748321548, 0.238431865308961, 0.0 ], [ 115.445566384994336, 0.2392170871581, 0.0 ], [ 115.443781789345408, 0.239716774407037, 0.0 ], [ 115.442568264122187, 0.240787532018803, 0.0 ], [ 115.441925809593144, 0.242072440750663, 0.0 ], [ 115.441783042513677, 0.243928420616821, 0.0 ], [ 115.441854426221141, 0.245570248501978, 0.0 ], [ 115.441997193432158, 0.247426228360466, 0.0 ], [ 115.442639647985345, 0.24921082350724, 0.0 ], [ 115.443853173374421, 0.250781267651624, 0.0 ], [ 115.445780536313194, 0.252280328590834, 0.0 ], [ 115.447707899736216, 0.253279701828715, 0.0 ], [ 115.450206334525774, 0.253565237372423, 0.0 ], [ 115.452704767914085, 0.253351086277925, 0.0 ], [ 115.453632758306853, 0.252851399539879, 0.0 ], [ 115.45448936390234, 0.251566490229271, 0.0 ], [ 115.455131818423666, 0.249996046147863, 0.0 ], [ 115.455417353381108, 0.24856836929805, 0.0 ], [ 115.456131191946767, 0.247283460215487, 0.0 ], [ 115.457844403828076, 0.246141318678497, 0.0 ], [ 115.460128686262607, 0.245498864640676, 0.0 ], [ 115.462198817895498, 0.245641632139445, 0.0 ], [ 115.464268948343872, 0.246284086448035, 0.0 ], [ 115.466410463460733, 0.247568995848202, 0.0 ], [ 115.467338453057465, 0.248211450555823, 0.0 ], [ 115.468908897599349, 0.249424974886213, 0.0 ], [ 115.471050412555144, 0.251138187664743, 0.0 ], [ 115.47319192770729, 0.252922783010255, 0.0 ], [ 115.473905765669116, 0.253850773105705, 0.0 ], [ 115.474191301247487, 0.25492153053547, 0.0 ], [ 115.474191301021364, 0.256634742038457, 0.0 ], [ 115.473762998408901, 0.257776883813352, 0.0 ], [ 115.47283500840085, 0.258847641119422, 0.0 ], [ 115.471335948202494, 0.259918398381173, 0.0 ], [ 115.469408584464801, 0.260775004112534, 0.0 ], [ 115.467623988669857, 0.261488842541812, 0.0 ], [ 115.465839392743106, 0.261917145388323, 0.0 ], [ 115.463340958638796, 0.261917145593457, 0.0 ], [ 115.461699130884853, 0.261774378139296, 0.0 ], [ 115.459414848565871, 0.261346074885328, 0.0 ], [ 115.456987798056346, 0.261274690800033, 0.0 ], [ 115.453989677346186, 0.261560226635534, 0.0 ], [ 115.451848162476495, 0.262131296620978, 0.0 ], [ 115.449920798833134, 0.263059287128673, 0.0 ], [ 115.44799343562741, 0.264130044657611, 0.0 ], [ 115.445994688507326, 0.265200801747517, 0.0 ], [ 115.443567637509744, 0.26620017509777, 0.0 ], [ 115.440569516729681, 0.266771245803244, 0.0 ], [ 115.437428628167396, 0.267128165544701, 0.0 ], [ 115.435215729478031, 0.267199548709283, 0.0 ], [ 115.432860063389143, 0.267342316417457, 0.0 ], [ 115.430218861927358, 0.26741370020135, 0.0 ], [ 115.428077346931616, 0.267485084381189, 0.0 ], [ 115.42579306381198, 0.267699236087463, 0.0 ], [ 115.423580165373053, 0.267913387096628, 0.0 ], [ 115.42143865033205, 0.268198922426349, 0.0 ], [ 115.419225751797114, 0.268769993348242, 0.0 ], [ 115.417726691116329, 0.269341063731015, 0.0 ], [ 115.416655933529313, 0.269840751100465, 0.0 ], [ 115.415085489902879, 0.270982891804159, 0.0 ], [ 115.413586429178125, 0.271982265212799, 0.0 ], [ 115.410873843790938, 0.273766861607569, 0.0 ], [ 115.408803712984479, 0.275123154196261, 0.0 ], [ 115.407304652500414, 0.275551456750922, 0.0 ], [ 115.406448046705833, 0.275408689194555, 0.0 ], [ 115.404806218542802, 0.27476623473412, 0.0 ], [ 115.402807471181575, 0.274909003055377, 0.0 ], [ 115.401665329980347, 0.275194538180866, 0.0 ], [ 115.400951491126079, 0.276051144117791, 0.0 ], [ 115.400380420794107, 0.277407436672789, 0.0 ], [ 115.400451804521893, 0.278692345281282, 0.0 ], [ 115.400737339676837, 0.280120022019972, 0.0 ], [ 115.401593945382061, 0.281547698410386, 0.0 ], [ 115.402165016662636, 0.283332294843217, 0.0 ], [ 115.402093633020584, 0.284831354877069, 0.0 ], [ 115.401808097129731, 0.286187647850585, 0.0 ], [ 115.400808723830878, 0.287258405010637, 0.0 ], [ 115.399666582495001, 0.288471930020486, 0.0 ], [ 115.398881360184532, 0.289185769024436, 0.0 ], [ 115.398526322271906, 0.29055199284722, 0.0 ], [ 115.398094920794179, 0.291599680667377, 0.0 ], [ 115.398166305387235, 0.292991665437752, 0.0 ], [ 115.398558916195967, 0.294526418048754, 0.0 ], [ 115.399593981241338, 0.295739942603198, 0.0 ], [ 115.400450587702608, 0.2967036246374, 0.0 ], [ 115.401164425667446, 0.297060543968115, 0.0 ], [ 115.402485026408783, 0.297310386878786, 0.0 ], [ 115.404590849297776, 0.29734607907718, 0.0 ], [ 115.407553278474978, 0.297274694802991, 0.0 ], [ 115.410337247948391, 0.297203311695317, 0.0 ], [ 115.412657222812683, 0.297845765851985, 0.0 ], [ 115.414441818524324, 0.298773755359772, 0.0 ], [ 115.415726726827089, 0.300201431828739, 0.0 ], [ 115.416690408935125, 0.302342946942403, 0.0 ], [ 115.417011635735136, 0.30448446215074, 0.0 ], [ 115.416868868315859, 0.305947830248758, 0.0 ], [ 115.416511949442892, 0.30741119872164, 0.0 ], [ 115.416083646613998, 0.308374880673621, 0.0 ], [ 115.415262732042564, 0.309338562864174, 0.0 ], [ 115.414299050529593, 0.310088092974694, 0.0 ], [ 115.412907065976071, 0.310730547427339, 0.0 ], [ 115.41158646513756, 0.310837622548494, 0.0 ], [ 115.410158788214815, 0.310801930997946, 0.0 ], [ 115.408552652264234, 0.310409319547465, 0.0 ], [ 115.4066609806911, 0.30990963286093, 0.0 ], [ 115.404626541504257, 0.309231486828427, 0.0 ], [ 115.40298471387068, 0.308910259354768, 0.0 ], [ 115.401628420523849, 0.308910259315897, 0.0 ], [ 115.400388493363096, 0.309088140404274, 0.0 ], [ 115.400382597123652, 0.309121265904959, 0.0 ], [ 115.400275177238285, 0.309161015933895, 0.0 ], [ 115.400072757844711, 0.309186624283982, 0.0 ], [ 115.399968427982301, 0.309192133285426, 0.0 ], [ 115.397991350080844, 0.310357154773019, 0.0 ], [ 115.397277511571247, 0.311070992803816, 0.0 ], [ 115.396420905133823, 0.312165544590358, 0.0 ], [ 115.39537394270279, 0.312926972448049, 0.0 ], [ 115.394517336556376, 0.314069113116958, 0.0 ], [ 115.394041444660544, 0.315449200951645, 0.0 ], [ 115.394041444772455, 0.317067234295088, 0.0 ], [ 115.394184211937173, 0.318256965235823, 0.0 ], [ 115.394850461129735, 0.319779819730893, 0.0 ], [ 115.395659477661212, 0.320874371729089, 0.0 ], [ 115.395802721322113, 0.321042893716543, 0.0 ], [ 115.396287309013175, 0.32046511665919, 0.0 ], [ 115.397286682826874, 0.319846456617509, 0.0 ], [ 115.398710553355897, 0.319205222305285, 0.0 ], [ 115.398873070695331, 0.319121387759045, 0.0 ], [ 115.399033963782102, 0.319026377573529, 0.0 ], [ 115.399516112879738, 0.318719220370905, 0.0 ], [ 115.399773191727434, 0.318583212615144, 0.0 ], [ 115.400037162929834, 0.318462700569873, 0.0 ], [ 115.400212630170117, 0.318388343964446, 0.0 ], [ 115.400388433476991, 0.318325132927539, 0.0 ], [ 115.400566379233638, 0.318274185553064, 0.0 ], [ 115.400808384271244, 0.318236093023918, 0.0 ], [ 115.401051354231257, 0.318232461895574, 0.0 ], [ 115.401285344627468, 0.318262679269509, 0.0 ], [ 115.40145180230941, 0.318306504208565, 0.0 ], [ 115.401941098321842, 0.318464393422871, 0.0 ], [ 115.402107669367382, 0.318507452392221, 0.0 ], [ 115.402636898881482, 0.318621507322129, 0.0 ], [ 115.402877055280257, 0.318665809557622, 0.0 ], [ 115.403127470975051, 0.318702619728599, 0.0 ], [ 115.403381017450769, 0.318733314990619, 0.0 ], [ 115.403825954982238, 0.318774237889497, 0.0 ], [ 115.404113890331246, 0.318773044732479, 0.0 ], [ 115.404389829101859, 0.318738241202471, 0.0 ], [ 115.404563274941069, 0.318696313258994, 0.0 ], [ 115.404729067319892, 0.318646166028385, 0.0 ], [ 115.405191459133178, 0.318469807478195, 0.0 ], [ 115.405336052750854, 0.318395079515581, 0.0 ], [ 115.40547657774178, 0.318303188517607, 0.0 ], [ 115.405613236282292, 0.318199633134104, 0.0 ], [ 115.405874825353933, 0.317958730199029, 0.0 ], [ 115.406119355563774, 0.31768465645672, 0.0 ], [ 115.406620264657917, 0.317021315328577, 0.0 ], [ 115.406789939796226, 0.316823868654345, 0.0 ], [ 115.406911978716892, 0.316714672926016, 0.0 ], [ 115.407037727996055, 0.316621687848417, 0.0 ], [ 115.407163659234328, 0.316543130346792, 0.0 ], [ 115.407289438241264, 0.316484958422483, 0.0 ], [ 115.407414280630817, 0.316448080859149, 0.0 ], [ 115.407537861994157, 0.316439110432297, 0.0 ], [ 115.407719867447881, 0.31647329968756, 0.0 ], [ 115.408043576101164, 0.316571868305962, 0.0 ], [ 115.408186280463781, 0.316604046487294, 0.0 ], [ 115.408413371791738, 0.316626724546185, 0.0 ], [ 115.40864405878493, 0.316616770423837, 0.0 ], [ 115.409213622741419, 0.316513355754312, 0.0 ], [ 115.409340374482667, 0.316498300217693, 0.0 ], [ 115.409454595487972, 0.31649373355282, 0.0 ], [ 115.409557930783706, 0.316510347599018, 0.0 ], [ 115.409651974180278, 0.316558902922036, 0.0 ], [ 115.409734094873542, 0.316642431506684, 0.0 ], [ 115.409805114045142, 0.316754358637807, 0.0 ], [ 115.409865789985105, 0.316888160234077, 0.0 ], [ 115.409921124867552, 0.31708948114703, 0.0 ], [ 115.409954383161804, 0.317319329142439, 0.0 ], [ 115.409968945995232, 0.317567343251883, 0.0 ], [ 115.409967363389512, 0.317824115595013, 0.0 ], [ 115.409946474476044, 0.318351039644528, 0.0 ], [ 115.409944843105563, 0.318673276455281, 0.0 ], [ 115.409955926986825, 0.318982544619991, 0.0 ], [ 115.409983665964319, 0.319263146522677, 0.0 ], [ 115.410033212079611, 0.319497251302784, 0.0 ], [ 115.410111305237805, 0.319663844926167, 0.0 ], [ 115.410181003179687, 0.319726760881211, 0.0 ], [ 115.410261139055919, 0.319753893939017, 0.0 ], [ 115.410352847569868, 0.319756289472373, 0.0 ], [ 115.410457344283643, 0.319744935891686, 0.0 ], [ 115.410832582555187, 0.3196832541181, 0.0 ], [ 115.410975982415266, 0.319674635104878, 0.0 ], [ 115.411460288756899, 0.319686269450891, 0.0 ], [ 115.411735639756657, 0.319677208839066, 0.0 ], [ 115.412025869995148, 0.319644907934685, 0.0 ], [ 115.412316963889182, 0.319587185889597, 0.0 ], [ 115.412595256431686, 0.319500348881335, 0.0 ], [ 115.413111587100886, 0.319266885260891, 0.0 ], [ 115.413381332130854, 0.319173337216772, 0.0 ], [ 115.413658194580336, 0.319104349644382, 0.0 ], [ 115.413843143909332, 0.319071807039349, 0.0 ], [ 115.414123141274501, 0.319057912164057, 0.0 ], [ 115.414400003782006, 0.319088867824869, 0.0 ], [ 115.414579288015545, 0.319133988155576, 0.0 ], [ 115.414755426143003, 0.319191672588898, 0.0 ], [ 115.415828749474869, 0.319638947077902, 0.0 ], [ 115.416205937069449, 0.319771541198293, 0.0 ], [ 115.416503998202828, 0.319842693728773, 0.0 ], [ 115.416810473501997, 0.319888854942776, 0.0 ], [ 115.417113057513092, 0.319915550509803, 0.0 ], [ 115.417744771503166, 0.31994110249819, 0.0 ], [ 115.41790450721021, 0.319962569338785, 0.0 ], [ 115.418056395406651, 0.320004823131284, 0.0 ], [ 115.418200998900176, 0.320070812259521, 0.0 ], [ 115.418338462277276, 0.320154962127118, 0.0 ], [ 115.418468628203058, 0.320258065857479, 0.0 ], [ 115.418591313280785, 0.320375118562792, 0.0 ], [ 115.418760133820854, 0.320579402697278, 0.0 ], [ 115.419026656282256, 0.320948903243661, 0.0 ], [ 115.419233677360637, 0.321251012538456, 0.0 ], [ 115.41932820784119, 0.321406305562172, 0.0 ], [ 115.419409813217968, 0.321571440809881, 0.0 ], [ 115.419476898560319, 0.321742951525173, 0.0 ], [ 115.419542895819959, 0.32202060970257, 0.0 ], [ 115.41956967122492, 0.32231052070243, 0.0 ], [ 115.419555458230235, 0.323295588669482, 0.0 ], [ 115.4195645618518, 0.323488556832523, 0.0 ], [ 115.419588287517783, 0.32367764295965, 0.0 ], [ 115.41962610582901, 0.323858832408099, 0.0 ], [ 115.419685944305741, 0.32408092611843, 0.0 ], [ 115.419761194191636, 0.324289371481203, 0.0 ], [ 115.419857387465825, 0.324472822958393, 0.0 ], [ 115.419981045403588, 0.324618558692307, 0.0 ], [ 115.420134967212263, 0.324715322243028, 0.0 ], [ 115.420310097077419, 0.324766374293952, 0.0 ], [ 115.420493843215851, 0.324775460624093, 0.0 ], [ 115.420674078590281, 0.324744339247417, 0.0 ], [ 115.420810411540685, 0.324691958809816, 0.0 ], [ 115.420939051875607, 0.324622780911616, 0.0 ], [ 115.421059086637044, 0.324538322965747, 0.0 ], [ 115.42116994699424, 0.324445504333539, 0.0 ], [ 115.421449808460025, 0.324150846169118, 0.0 ], [ 115.421548208450844, 0.324065812298137, 0.0 ], [ 115.421659970845511, 0.323995548225318, 0.0 ], [ 115.421783832389153, 0.323941246637779, 0.0 ], [ 115.421919509008134, 0.323910007824196, 0.0 ], [ 115.422063750372175, 0.32390260000631, 0.0 ], [ 115.422213784475161, 0.323917169667662, 0.0 ], [ 115.422369714872715, 0.323946331614309, 0.0 ], [ 115.4227879333354, 0.324058718294869, 0.0 ], [ 115.423049007589782, 0.324143020878978, 0.0 ], [ 115.423475827852329, 0.324307733131958, 0.0 ], [ 115.423717721826819, 0.324413755206931, 0.0 ], [ 115.424146053532169, 0.32462885386924, 0.0 ], [ 115.424286389077196, 0.32467349109328, 0.0 ], [ 115.424425018787858, 0.324699967967998, 0.0 ], [ 115.424811299720034, 0.324724797022394, 0.0 ], [ 115.424931608174376, 0.324742242530412, 0.0 ], [ 115.425051127132292, 0.324781972011082, 0.0 ], [ 115.425166092740483, 0.324848347640847, 0.0 ], [ 115.425306238771242, 0.324980223848456, 0.0 ], [ 115.42543724222628, 0.325147518960258, 0.0 ], [ 115.425890402730431, 0.325780164770824, 0.0 ], [ 115.426007027407508, 0.325928914149899, 0.0 ], [ 115.426253860937138, 0.326224756446643, 0.0 ], [ 115.426642437796716, 0.326663972926887, 0.0 ], [ 115.426766465720021, 0.326818769400424, 0.0 ], [ 115.426884378819821, 0.326977835445379, 0.0 ], [ 115.42699460063919, 0.327145997530353, 0.0 ], [ 115.427198197520568, 0.327493949517554, 0.0 ], [ 115.427334428035806, 0.32776755926476, 0.0 ], [ 115.427543419792627, 0.328222642412628, 0.0 ], [ 115.427690656915544, 0.328581859757503, 0.0 ], [ 115.427749531182357, 0.3287651632493, 0.0 ], [ 115.427797049245584, 0.328949508613529, 0.0 ], [ 115.427832997825092, 0.329131520636735, 0.0 ], [ 115.427854100342515, 0.32941055669507, 0.0 ], [ 115.427834421030511, 0.329686054638989, 0.0 ], [ 115.427724490775063, 0.330219383805146, 0.0 ], [ 115.427663740963183, 0.330589880247057, 0.0 ], [ 115.427646953895319, 0.33087856278529, 0.0 ], [ 115.427663707074927, 0.331170235156703, 0.0 ], [ 115.42769219871559, 0.331360814188119, 0.0 ], [ 115.427747986188521, 0.331651277315288, 0.0 ], [ 115.427819317568208, 0.331937277981277, 0.0 ], [ 115.427989383516021, 0.332480639978382, 0.0 ], [ 115.428038653479661, 0.332662347626994, 0.0 ], [ 115.42807794989082, 0.332844466084353, 0.0 ], [ 115.428106255792173, 0.333129196492552, 0.0 ], [ 115.428095419067716, 0.333417748891463, 0.0 ], [ 115.428033333836012, 0.333798879793111, 0.0 ], [ 115.427801724107425, 0.334758911177071, 0.0 ], [ 115.427754773441919, 0.335019672170602, 0.0 ], [ 115.427724667773418, 0.335279927609626, 0.0 ], [ 115.427710419449468, 0.335530724802583, 0.0 ], [ 115.427711915674678, 0.335707756313008, 0.0 ], [ 115.427732165557316, 0.335880866721322, 0.0 ], [ 115.427771704063247, 0.336047270603076, 0.0 ], [ 115.427824674878352, 0.336212438561432, 0.0 ], [ 115.428168202422967, 0.337023107483539, 0.0 ], [ 115.428227089045336, 0.337192452923168, 0.0 ], [ 115.428318433423229, 0.337532895851779, 0.0 ], [ 115.428345145953074, 0.337705708930671, 0.0 ], [ 115.428382801828562, 0.338422398587919, 0.0 ], [ 115.428401344326531, 0.33860865227512, 0.0 ], [ 115.428479075875018, 0.339060076909522, 0.0 ], [ 115.428537475534668, 0.339329131183335, 0.0 ], [ 115.428611295052391, 0.339594441114136, 0.0 ], [ 115.428788373085894, 0.340068660946863, 0.0 ], [ 115.428916843659238, 0.34033408932838, 0.0 ], [ 115.429015727143337, 0.34049347059478, 0.0 ], [ 115.429122895156567, 0.340642100052792, 0.0 ], [ 115.429240041084967, 0.340774483818218, 0.0 ], [ 115.429368902357936, 0.340884988737014, 0.0 ], [ 115.429508419561245, 0.340975242532485, 0.0 ], [ 115.429658069865326, 0.341039663226809, 0.0 ], [ 115.429814653143566, 0.341079511911866, 0.0 ], [ 115.429975351571642, 0.341098475313749, 0.0 ], [ 115.430223054712187, 0.34110449853559, 0.0 ], [ 115.43046729655795, 0.341088206281287, 0.0 ], [ 115.430621681516129, 0.341062250333055, 0.0 ], [ 115.430768590208928, 0.341015320359243, 0.0 ], [ 115.430907659188804, 0.340945016951041, 0.0 ], [ 115.431038257714803, 0.340857468145459, 0.0 ], [ 115.431159249435311, 0.340752258639324, 0.0 ], [ 115.431269628218558, 0.340634779333552, 0.0 ], [ 115.431367286837414, 0.340503117098749, 0.0 ], [ 115.431450751220993, 0.340362037828445, 0.0 ], [ 115.431542956226167, 0.34012843095024, 0.0 ], [ 115.431598457128146, 0.339884481776986, 0.0 ], [ 115.431616166058916, 0.339724660898508, 0.0 ], [ 115.431612047054514, 0.339563459970096, 0.0 ], [ 115.431586749037663, 0.339404518367445, 0.0 ], [ 115.431472173548997, 0.338895177174616, 0.0 ], [ 115.43143600515711, 0.338659752288654, 0.0 ], [ 115.431415267488006, 0.338414599593792, 0.0 ], [ 115.4314098837676, 0.338167864006706, 0.0 ], [ 115.431420316258368, 0.337927554872864, 0.0 ], [ 115.431478269700463, 0.337390148748952, 0.0 ], [ 115.431510445884498, 0.336699939045225, 0.0 ], [ 115.431527648005172, 0.336533827127973, 0.0 ], [ 115.431561059901256, 0.336368090439704, 0.0 ], [ 115.431611906410964, 0.336205942471685, 0.0 ], [ 115.431675326447433, 0.336042439038835, 0.0 ], [ 115.431829528307162, 0.335716416014734, 0.0 ], [ 115.432045057950148, 0.335299541478022, 0.0 ], [ 115.432184789123411, 0.335052205177622, 0.0 ], [ 115.43258847155677, 0.334451717084322, 0.0 ], [ 115.432850339095467, 0.334033220880219, 0.0 ], [ 115.432939973792074, 0.333920590730915, 0.0 ], [ 115.433047276596596, 0.333823523444015, 0.0 ], [ 115.433222289974495, 0.333726370236297, 0.0 ], [ 115.433424321530438, 0.333661755889762, 0.0 ], [ 115.433639934527022, 0.333624640799426, 0.0 ], [ 115.434478406464493, 0.3335705162227, 0.0 ], [ 115.434636457079407, 0.333571062467877, 0.0 ], [ 115.434790328221439, 0.333585191997699, 0.0 ], [ 115.434940308743478, 0.333621222548285, 0.0 ], [ 115.435086855592743, 0.333681135719055, 0.0 ], [ 115.435230185369633, 0.33375862070621, 0.0 ], [ 115.435370500215811, 0.333853587106363, 0.0 ], [ 115.435507946560946, 0.333960350845347, 0.0 ], [ 115.435642496352386, 0.334080188017176, 0.0 ], [ 115.435774237545687, 0.334207930039812, 0.0 ], [ 115.436431818199424, 0.334913001755374, 0.0 ], [ 115.436855117724491, 0.335326858985482, 0.0 ], [ 115.437005168919924, 0.335456312486089, 0.0 ], [ 115.437247388851631, 0.335628836234635, 0.0 ], [ 115.437500603360647, 0.335786883368491, 0.0 ], [ 115.437842178713595, 0.335986840743842, 0.0 ], [ 115.438183389917128, 0.336172146952051, 0.0 ], [ 115.438521582202142, 0.336337998327738, 0.0 ], [ 115.438692177663768, 0.336407136802656, 0.0 ], [ 115.43903077305481, 0.336518599008903, 0.0 ], [ 115.439197865479926, 0.336556318324092, 0.0 ], [ 115.439616827141535, 0.336620847361155, 0.0 ], [ 115.439860857971681, 0.336666361386344, 0.0 ], [ 115.440013918637462, 0.336706748222859, 0.0 ], [ 115.440159395161572, 0.336765603366181, 0.0 ], [ 115.440297643589105, 0.336846696389895, 0.0 ], [ 115.440428849814751, 0.336944765565406, 0.0 ], [ 115.440612718989442, 0.3371246085768, 0.0 ], [ 115.441042891066374, 0.337598343409605, 0.0 ], [ 115.4414390294762, 0.338012536652659, 0.0 ], [ 115.441856241921641, 0.338424365740462, 0.0 ], [ 115.442143191601616, 0.33869174571282, 0.0 ], [ 115.442420242161063, 0.33897134613446, 0.0 ], [ 115.442684705953198, 0.339261642666465, 0.0 ], [ 115.442938657755363, 0.339559624010671, 0.0 ], [ 115.443198428982825, 0.339841604001879, 0.0 ], [ 115.443535567670338, 0.340162362607402, 0.0 ], [ 115.443758401500602, 0.340319115091826, 0.0 ], [ 115.443968564684084, 0.340410127771259, 0.0 ], [ 115.444197110073347, 0.340467498137499, 0.0 ], [ 115.444435619360078, 0.340495648209897, 0.0 ], [ 115.444676117326779, 0.340497715839395, 0.0 ], [ 115.444867882904063, 0.340483755989021, 0.0 ], [ 115.445156494859859, 0.340453969559019, 0.0 ], [ 115.445622815998746, 0.340392753450374, 0.0 ], [ 115.445801352128115, 0.340375150320104, 0.0 ], [ 115.445974557643225, 0.340367357207148, 0.0 ], [ 115.446140982159733, 0.340372086163095, 0.0 ], [ 115.446301402265149, 0.340398016807568, 0.0 ], [ 115.446457004372192, 0.340447129965784, 0.0 ], [ 115.446608412020794, 0.340513307502783, 0.0 ], [ 115.446756428384646, 0.340596279137788, 0.0 ], [ 115.446901556543025, 0.340690430462589, 0.0 ], [ 115.447185141172113, 0.340909921082051, 0.0 ], [ 115.447465215165948, 0.34115667693388, 0.0 ], [ 115.447762000206126, 0.341399351303568, 0.0 ], [ 115.448241853580427, 0.34174373595908, 0.0 ], [ 115.448571702156897, 0.341968064734765, 0.0 ], [ 115.449389476306024, 0.342546814140513, 0.0 ], [ 115.449707638325066, 0.34278757231649, 0.0 ], [ 115.4501698393276, 0.343159612924733, 0.0 ], [ 115.450453929339659, 0.343428243763134, 0.0 ], [ 115.450713660890912, 0.343715740048859, 0.0 ], [ 115.451228633916571, 0.344397090223862, 0.0 ], [ 115.451397560741043, 0.344608327443952, 0.0 ], [ 115.4515175527238, 0.34473211853434, 0.0 ], [ 115.451642664502785, 0.344844566605448, 0.0 ], [ 115.451772473631209, 0.344941472464265, 0.0 ], [ 115.452112558675935, 0.345164962580404, 0.0 ], [ 115.452312124264395, 0.345325375937852, 0.0 ], [ 115.45249095886011, 0.345521738489501, 0.0 ], [ 115.452657244438015, 0.345739157941057, 0.0 ], [ 115.452765990429114, 0.345887253934545, 0.0 ], [ 115.452972245136635, 0.346198032978822, 0.0 ], [ 115.45306631023243, 0.346361939115669, 0.0 ], [ 115.453152187010247, 0.346529833224445, 0.0 ], [ 115.453226806717595, 0.346706926851549, 0.0 ], [ 115.453290764668594, 0.346889508439067, 0.0 ], [ 115.45334462293637, 0.347073885415438, 0.0 ], [ 115.453393627168182, 0.347331184216684, 0.0 ], [ 115.453417390134973, 0.347593828389007, 0.0 ], [ 115.453419634378989, 0.347852401932547, 0.0 ], [ 115.453398402185684, 0.348405623064835, 0.0 ], [ 115.453415232558356, 0.348650574244402, 0.0 ], [ 115.453463563906013, 0.348890347529316, 0.0 ], [ 115.453548525817922, 0.34911433246187, 0.0 ], [ 115.453688864525063, 0.349338391704243, 0.0 ], [ 115.454217981668123, 0.349981615096813, 0.0 ], [ 115.454523617824321, 0.350404870617384, 0.0 ], [ 115.454684915351919, 0.350612173180361, 0.0 ], [ 115.454816625818964, 0.350756129400358, 0.0 ], [ 115.454957266181665, 0.350893580868466, 0.0 ], [ 115.455109807265615, 0.351019437211554, 0.0 ], [ 115.455365995172471, 0.351178076325462, 0.0 ], [ 115.455645416007343, 0.351312782577268, 0.0 ], [ 115.456212515127277, 0.351568307659689, 0.0 ], [ 115.456390666496986, 0.351663383480863, 0.0 ], [ 115.456562408539412, 0.351761000517334, 0.0 ], [ 115.456725955687901, 0.351864301264095, 0.0 ], [ 115.456879068652654, 0.351976724784612, 0.0 ], [ 115.45702190895426, 0.352093909181575, 0.0 ], [ 115.457154492315652, 0.352218557711475, 0.0 ], [ 115.457276672090046, 0.352346487495773, 0.0 ], [ 115.457387588019117, 0.352480867410894, 0.0 ], [ 115.457486778102776, 0.352617684551946, 0.0 ], [ 115.457572450412457, 0.352760512811096, 0.0 ], [ 115.457982059794432, 0.353532504773089, 0.0 ], [ 115.458176532925634, 0.353855168882099, 0.0 ], [ 115.458281564741284, 0.354015595600008, 0.0 ], [ 115.45839442867387, 0.354169499292755, 0.0 ], [ 115.458513854626631, 0.354321178367952, 0.0 ], [ 115.458770650976817, 0.354610584657702, 0.0 ], [ 115.459048978423169, 0.354883821207503, 0.0 ], [ 115.459199017391356, 0.355011796607056, 0.0 ], [ 115.459416424423367, 0.355163437053419, 0.0 ], [ 115.45987955143984, 0.355439477668076, 0.0 ], [ 115.46022163333528, 0.355652716255613, 0.0 ], [ 115.460388480344037, 0.355761676815315, 0.0 ], [ 115.460706959186098, 0.35599339569536, 0.0 ], [ 115.460857040603599, 0.356115148060403, 0.0 ], [ 115.461267569494339, 0.356510182348342, 0.0 ], [ 115.461405392766807, 0.356631746402755, 0.0 ], [ 115.461546441382666, 0.356746674506764, 0.0 ], [ 115.46169106022937, 0.356850081133688, 0.0 ], [ 115.461839688351361, 0.35694352192829, 0.0 ], [ 115.461992760528318, 0.357021779461714, 0.0 ], [ 115.462148066442992, 0.357086890074123, 0.0 ], [ 115.462303530650885, 0.357140172937134, 0.0 ], [ 115.462459717389677, 0.357175842676533, 0.0 ], [ 115.462941463378996, 0.357226547790091, 0.0 ], [ 115.463194563299979, 0.357267438699163, 0.0 ], [ 115.463448435121848, 0.35733973153581, 0.0 ], [ 115.463613567895194, 0.357407785871425, 0.0 ], [ 115.463776095514746, 0.357486064963638, 0.0 ], [ 115.46393443749642, 0.357576104225927, 0.0 ], [ 115.464392069931804, 0.357901964794204, 0.0 ], [ 115.464555582491613, 0.358005604497517, 0.0 ], [ 115.464729360791836, 0.358103337473333, 0.0 ], [ 115.465011612328738, 0.358229052030094, 0.0 ], [ 115.465314392813809, 0.358336711833527, 0.0 ], [ 115.46552554874421, 0.358401590532922, 0.0 ], [ 115.465860395506994, 0.35847773185464, 0.0 ], [ 115.466215196002793, 0.358532140995783, 0.0 ], [ 115.466582388606113, 0.358570632896997, 0.0 ], [ 115.466955198839671, 0.358597925592244, 0.0 ], [ 115.468576471817357, 0.358676879422363, 0.0 ], [ 115.468773088995505, 0.358681648920655, 0.0 ], [ 115.469312136409172, 0.358666774509958, 0.0 ], [ 115.469570191615205, 0.358691576080669, 0.0 ], [ 115.469819033149534, 0.358759787598051, 0.0 ], [ 115.469975289962235, 0.358831394049547, 0.0 ], [ 115.470124428277131, 0.358918177961948, 0.0 ], [ 115.470267282585851, 0.359020687548776, 0.0 ], [ 115.470404408972584, 0.359133542592074, 0.0 ], [ 115.470798872149587, 0.359518968583519, 0.0 ], [ 115.471229830391607, 0.359879635487223, 0.0 ], [ 115.471674427986173, 0.360217357300023, 0.0 ], [ 115.47182265652269, 0.360324688421101, 0.0 ], [ 115.471975733685511, 0.360420573292526, 0.0 ], [ 115.472134606159742, 0.360506211316091, 0.0 ], [ 115.472300008803316, 0.360576282890509, 0.0 ], [ 115.47247029729499, 0.360632616446221, 0.0 ], [ 115.473004018720431, 0.360783030912696, 0.0 ], [ 115.473565947249554, 0.360971774470931, 0.0 ], [ 115.474252695339445, 0.361211155295988, 0.0 ], [ 115.474497531032313, 0.361304333543587, 0.0 ], [ 115.474731263269092, 0.361411313912532, 0.0 ], [ 115.47490823053613, 0.361510271640683, 0.0 ], [ 115.475425613530675, 0.361824389687149, 0.0 ], [ 115.475955903409641, 0.362128645653644, 0.0 ], [ 115.476849635746746, 0.362630638199669, 0.0 ], [ 115.477309239783153, 0.36286730684056, 0.0 ], [ 115.477532286777929, 0.362992153150146, 0.0 ], [ 115.477739168509132, 0.363132838377543, 0.0 ], [ 115.477889518429663, 0.363262065117558, 0.0 ], [ 115.478026636176651, 0.363402244743096, 0.0 ], [ 115.478189217625868, 0.363610994723414, 0.0 ], [ 115.478479446678435, 0.364058746772223, 0.0 ], [ 115.478699525215163, 0.364383735051522, 0.0 ], [ 115.47881297611201, 0.364540536533264, 0.0 ], [ 115.479393499081226, 0.365247256431975, 0.0 ], [ 115.479750265482977, 0.365795230743691, 0.0 ], [ 115.479850409246055, 0.365911715091602, 0.0 ], [ 115.47996843021393, 0.366014873298, 0.0 ], [ 115.480103426116941, 0.366106524882669, 0.0 ], [ 115.480295759000711, 0.366198172698419, 0.0 ], [ 115.480508311554146, 0.3662689076711, 0.0 ], [ 115.480731321039045, 0.366324683673895, 0.0 ], [ 115.481132592536738, 0.366406473840694, 0.0 ], [ 115.481395114402318, 0.366478420238686, 0.0 ], [ 115.481645128650186, 0.366585152688818, 0.0 ], [ 115.481799521840998, 0.366680021040906, 0.0 ], [ 115.481944135597061, 0.366789274205012, 0.0 ], [ 115.48207922291563, 0.366914934490126, 0.0 ], [ 115.482204875295707, 0.36705245091534, 0.0 ], [ 115.482357306612343, 0.367258316501829, 0.0 ], [ 115.482644042281677, 0.367699185699773, 0.0 ], [ 115.482876963146936, 0.36801400877594, 0.0 ], [ 115.483002776267526, 0.368162590810574, 0.0 ], [ 115.483138467397282, 0.368298406971537, 0.0 ], [ 115.48328402165869, 0.368424458998399, 0.0 ], [ 115.4834397425969, 0.368536084698723, 0.0 ], [ 115.483603362163748, 0.368636535947244, 0.0 ], [ 115.483773051727169, 0.368728406282418, 0.0 ], [ 115.484039891871234, 0.368840781845241, 0.0 ], [ 115.484313531365572, 0.368929554336556, 0.0 ], [ 115.484495615989687, 0.36897837499804, 0.0 ], [ 115.484769523245618, 0.369024774926025, 0.0 ], [ 115.485037099364277, 0.369041158124761, 0.0 ], [ 115.485533579304487, 0.369036473378982, 0.0 ], [ 115.485690884926342, 0.369048519992453, 0.0 ], [ 115.485845715149907, 0.369073439594953, 0.0 ], [ 115.486302163339602, 0.369171073256037, 0.0 ], [ 115.486454030450574, 0.369197822888226, 0.0 ], [ 115.486606785400042, 0.36921258738862, 0.0 ], [ 115.487229990946929, 0.369223597789148, 0.0 ], [ 115.487383843665768, 0.36923898470792, 0.0 ], [ 115.487537300807602, 0.369266788254002, 0.0 ], [ 115.487653018304343, 0.369292746663095, 0.0 ], [ 115.48777114965857, 0.369319245421984, 0.0 ], [ 115.488160711246877, 0.369406632411842, 0.0 ], [ 115.48832281370828, 0.369449403690498, 0.0 ], [ 115.488748480535577, 0.369594102379152, 0.0 ], [ 115.489010525694667, 0.369701751771656, 0.0 ], [ 115.489182331699496, 0.369786521218137, 0.0 ], [ 115.48943646701052, 0.369924124399285, 0.0 ], [ 115.48967772320313, 0.370082881463567, 0.0 ], [ 115.489826140626363, 0.370206181338004, 0.0 ], [ 115.490105594700751, 0.370473120245115, 0.0 ], [ 115.490371618889739, 0.370756155491528, 0.0 ], [ 115.490563727841774, 0.370976605248726, 0.0 ], [ 115.49076217184097, 0.371188407208415, 0.0 ], [ 115.490979021624156, 0.371375068721579, 0.0 ], [ 115.4913532085409, 0.371660834206668, 0.0 ], [ 115.491504691493205, 0.37176719146665, 0.0 ], [ 115.491662155400533, 0.371860433031227, 0.0 ], [ 115.49182675539042, 0.371941688711572, 0.0 ], [ 115.491999357517358, 0.372005589139325, 0.0 ], [ 115.492086718677342, 0.372029071662273, 0.0 ] ] ], [ [ [ 115.521105615608022, 0.423594407959618, 0.0 ], [ 115.515687022843721, 0.418175814461884, 0.0 ], [ 115.515789256993401, 0.418740304224537, 0.0 ], [ 115.515955690207036, 0.419593788840092, 0.0 ], [ 115.516060004581689, 0.420189797997059, 0.0 ], [ 115.516226271724634, 0.421044821214794, 0.0 ], [ 115.516346271163812, 0.421710360328234, 0.0 ], [ 115.51641478244224, 0.422034845198585, 0.0 ], [ 115.516496959050897, 0.422345795272033, 0.0 ], [ 115.51663763838809, 0.422764985620914, 0.0 ], [ 115.516714321741802, 0.422969154576424, 0.0 ], [ 115.51696097092325, 0.423560520150859, 0.0 ], [ 115.517265563371822, 0.424371609217775, 0.0 ], [ 115.517587933237508, 0.425139599699929, 0.0 ], [ 115.517846384494277, 0.42565945050682, 0.0 ], [ 115.517998001443502, 0.425993831750347, 0.0 ], [ 115.51805806834551, 0.426162602084765, 0.0 ], [ 115.518103645860066, 0.426331548696441, 0.0 ], [ 115.518129294907737, 0.426506322287728, 0.0 ], [ 115.51813383115541, 0.426683495753394, 0.0 ], [ 115.518119884869677, 0.426859617403648, 0.0 ], [ 115.518079149721586, 0.42713187436282, 0.0 ], [ 115.518017032032219, 0.427402874526962, 0.0 ], [ 115.517856686376405, 0.427921482939152, 0.0 ], [ 115.517810093568471, 0.428095361558697, 0.0 ], [ 115.517773983192953, 0.428269495450845, 0.0 ], [ 115.517754934877402, 0.428449766478554, 0.0 ], [ 115.517754967950609, 0.428632891068204, 0.0 ], [ 115.517772260197162, 0.428815585802488, 0.0 ], [ 115.517817494649975, 0.429099549158255, 0.0 ], [ 115.517885772616708, 0.429385285176496, 0.0 ], [ 115.518171296339077, 0.43024021639175, 0.0 ], [ 115.518330199888453, 0.430731428754355, 0.0 ], [ 115.518418443095285, 0.431029503361804, 0.0 ], [ 115.51855208159391, 0.431517038905035, 0.0 ], [ 115.518597384662073, 0.431709618269946, 0.0 ], [ 115.518711848715611, 0.432275069181587, 0.0 ], [ 115.519145884053842, 0.433837379668726, 0.0 ], [ 115.519230557385185, 0.434095048531908, 0.0 ], [ 115.519306444293505, 0.434293054265828, 0.0 ], [ 115.519469984378063, 0.434684573093443, 0.0 ], [ 115.519559300735651, 0.4348722258311, 0.0 ], [ 115.519746121994558, 0.435244648749321, 0.0 ], [ 115.520250598658166, 0.436134655882157, 0.0 ], [ 115.520523659685693, 0.436696342967096, 0.0 ], [ 115.520666599593284, 0.436966780583645, 0.0 ], [ 115.5208314754545, 0.437210948969011, 0.0 ], [ 115.520991035645693, 0.437385460949217, 0.0 ], [ 115.521331012828256, 0.437695554413359, 0.0 ], [ 115.521484789575553, 0.437854101256694, 0.0 ], [ 115.521589918406292, 0.437992160404971, 0.0 ], [ 115.521677344686864, 0.438137260635397, 0.0 ], [ 115.521769158474939, 0.438375385759661, 0.0 ], [ 115.521816775828881, 0.438625394434057, 0.0 ], [ 115.521853947086726, 0.439316376510687, 0.0 ], [ 115.521943621044613, 0.440046371627839, 0.0 ], [ 115.522067060437095, 0.440880255228783, 0.0 ], [ 115.52219570899527, 0.442125148183381, 0.0 ], [ 115.522211078567921, 0.442417145817263, 0.0 ], [ 115.522209539881317, 0.442706245892727, 0.0 ], [ 115.522191437407713, 0.442985968246193, 0.0 ], [ 115.522126282437938, 0.443580900485784, 0.0 ], [ 115.522117022486867, 0.443780777184785, 0.0 ], [ 115.52212009276019, 0.443982193890906, 0.0 ], [ 115.522133547821696, 0.444182639524078, 0.0 ], [ 115.522208982071675, 0.445022787749531, 0.0 ], [ 115.522226395238562, 0.445350347017018, 0.0 ], [ 115.522224565056462, 0.445684691942376, 0.0 ], [ 115.5222029560218, 0.446017071164052, 0.0 ], [ 115.522159859344939, 0.446338634500355, 0.0 ], [ 115.522035695544432, 0.446947216958512, 0.0 ], [ 115.521985460732424, 0.447256289559417, 0.0 ], [ 115.521897606526721, 0.448084090873219, 0.0 ], [ 115.521843499235388, 0.448398655229553, 0.0 ], [ 115.521704817677545, 0.449029052933883, 0.0 ], [ 115.521648609522643, 0.44938511737746, 0.0 ], [ 115.521612885712926, 0.449759228407067, 0.0 ], [ 115.521595659803481, 0.450142826123751, 0.0 ], [ 115.521596512983308, 0.45052775884502, 0.0 ], [ 115.521616671449337, 0.450905730516264, 0.0 ], [ 115.521659132298694, 0.451267726425311, 0.0 ], [ 115.521728846028054, 0.451603404560433, 0.0 ], [ 115.521788208016147, 0.451798445701227, 0.0 ], [ 115.521925596406206, 0.452161096022245, 0.0 ], [ 115.52219890236168, 0.452806708252048, 0.0 ], [ 115.522314096795128, 0.453030632074708, 0.0 ], [ 115.522466385317344, 0.453232480120106, 0.0 ], [ 115.52259296696306, 0.453345712474057, 0.0 ], [ 115.522736010214047, 0.453444765884009, 0.0 ], [ 115.522892671947133, 0.453532520367853, 0.0 ], [ 115.523107697640455, 0.453619542509754, 0.0 ], [ 115.523339153990435, 0.453685623286837, 0.0 ], [ 115.523578263390093, 0.453736283328858, 0.0 ], [ 115.524191819441185, 0.453842056596354, 0.0 ], [ 115.525034909743496, 0.454057710877113, 0.0 ], [ 115.52611723860015, 0.454306126669175, 0.0 ], [ 115.526639890300032, 0.454412538852056, 0.0 ], [ 115.526951340761414, 0.454461733241221, 0.0 ], [ 115.527459280739009, 0.454517731298102, 0.0 ], [ 115.527755938794243, 0.454563989581197, 0.0 ], [ 115.528042601890618, 0.454638113118635, 0.0 ], [ 115.528224777454753, 0.454705541424647, 0.0 ], [ 115.528400766622198, 0.454781839120762, 0.0 ], [ 115.528572344567749, 0.454867354779064, 0.0 ], [ 115.529069506820392, 0.455144929831981, 0.0 ], [ 115.529382695576174, 0.455342865513382, 0.0 ], [ 115.529600330797976, 0.455497023429386, 0.0 ], [ 115.529790364346766, 0.45566442922922, 0.0 ], [ 115.529893458686743, 0.455790222400348, 0.0 ], [ 115.529978514369844, 0.455922796010863, 0.0 ], [ 115.53004693394206, 0.45605703488512, 0.0 ], [ 115.530095165281324, 0.45619650174865, 0.0 ], [ 115.530178390730214, 0.456644054006609, 0.0 ], [ 115.530216855277487, 0.45681102715254, 0.0 ], [ 115.530486599713029, 0.45773445004329, 0.0 ], [ 115.530540200960047, 0.457939052503625, 0.0 ], [ 115.530601478047259, 0.458258899196029, 0.0 ], [ 115.530643665692523, 0.458601142010734, 0.0 ], [ 115.530669988780346, 0.458958834670356, 0.0 ], [ 115.530682480707881, 0.459326039092644, 0.0 ], [ 115.530682042748353, 0.459697485336292, 0.0 ], [ 115.530668458493537, 0.460068236059199, 0.0 ], [ 115.530640369662493, 0.460433363631014, 0.0 ], [ 115.53059520339508, 0.460787635375292, 0.0 ], [ 115.530529067204171, 0.461125193378136, 0.0 ], [ 115.530384101578321, 0.461636002277387, 0.0 ], [ 115.530285939130721, 0.461915429376646, 0.0 ], [ 115.530169362065607, 0.462177128475712, 0.0 ], [ 115.530067869725102, 0.462357695082155, 0.0 ], [ 115.529956986955753, 0.46253085784846, 0.0 ], [ 115.529473099603848, 0.463178693882291, 0.0 ], [ 115.529026233514415, 0.463752937493042, 0.0 ], [ 115.528862043870433, 0.463973270362647, 0.0 ], [ 115.528752051499197, 0.464141134966596, 0.0 ], [ 115.528632919688377, 0.464369561920581, 0.0 ], [ 115.528531575045434, 0.464612676006061, 0.0 ], [ 115.52844196288693, 0.464863348141112, 0.0 ], [ 115.528295705477831, 0.465312679151144, 0.0 ], [ 115.528240596777451, 0.465514392621104, 0.0 ], [ 115.528155839079687, 0.46591858641493, 0.0 ], [ 115.528127104402913, 0.466230458683246, 0.0 ], [ 115.528134319525847, 0.466546005979974, 0.0 ], [ 115.528194916202366, 0.467020819331518, 0.0 ], [ 115.528242568049819, 0.467290921215674, 0.0 ], [ 115.528302388373788, 0.467558657880555, 0.0 ], [ 115.528377592851058, 0.46781838274585, 0.0 ], [ 115.528495432340065, 0.46813284010276, 0.0 ], [ 115.528845403040606, 0.469006404945063, 0.0 ], [ 115.529063710448924, 0.469629828165325, 0.0 ], [ 115.529149405129701, 0.469938363910958, 0.0 ], [ 115.529363486835081, 0.470906360959982, 0.0 ], [ 115.529442165295791, 0.471221206418855, 0.0 ], [ 115.529600559381564, 0.471762913681241, 0.0 ], [ 115.529702944183668, 0.472081266204216, 0.0 ], [ 115.529930413714609, 0.47269252819646, 0.0 ], [ 115.530227161821713, 0.473420050715899, 0.0 ], [ 115.530348440571345, 0.47367165950455, 0.0 ], [ 115.530557897512566, 0.474019496933513, 0.0 ], [ 115.530789619921379, 0.474344915614701, 0.0 ], [ 115.531404826096932, 0.475121295411565, 0.0 ], [ 115.531644482265833, 0.475438636712886, 0.0 ], [ 115.531758873181261, 0.475603692866202, 0.0 ], [ 115.531868412952178, 0.475771757039756, 0.0 ], [ 115.532020767047314, 0.476038647722428, 0.0 ], [ 115.53210017682467, 0.476186142869512, 0.0 ], [ 115.532146314675202, 0.47613290690951, 0.0 ], [ 115.535192024762537, 0.469660772981046, 0.0 ], [ 115.538618448611146, 0.466615062896825, 0.0 ], [ 115.543567727503159, 0.463188639052492, 0.0 ], [ 115.545471296307696, 0.455574363842202, 0.0 ], [ 115.545471296307696, 0.451767226237028, 0.0 ], [ 115.543948441264149, 0.445295092308408, 0.0 ], [ 115.539379876133054, 0.440726527182535, 0.0 ], [ 115.527577749543951, 0.429685828127792, 0.0 ], [ 115.521105615608022, 0.423594407959618, 0.0 ] ] ] ] } },
{ "type": "Feature", "properties": { "Toponim": "Muyuo", "subws_id": 23, "Ibis": 2, "Kls_Pr": "Prioritas Dipulihkan" }, "geometry": { "type": "MultiPolygon", "coordinates": [ [ [ [ 115.592558647256027, 0.127480226246217, 0.0 ], [ 115.592496645082022, 0.125806164896859, 0.0 ], [ 115.593067715477432, 0.124307104993704, 0.0 ], [ 115.594281240311176, 0.123236346994565, 0.0 ], [ 115.595708916628396, 0.122950812239973, 0.0 ], [ 115.596922442490964, 0.122736660068502, 0.0 ], [ 115.598264457905998, 0.122698588992094, 0.0 ], [ 115.599275728926941, 0.122996021257373, 0.0 ], [ 115.600405972874867, 0.123412427228231, 0.0 ], [ 115.602250055516691, 0.123769346215449, 0.0 ], [ 115.603082866964542, 0.123769346076105, 0.0 ], [ 115.604598429135777, 0.123731457310615, 0.0 ], [ 115.610097457225947, 0.120432040467651, 0.0 ], [ 115.614666022357198, 0.117576687263858, 0.0 ], [ 115.617521375564152, 0.114435798739909, 0.0 ], [ 115.623517617298944, 0.109867233613689, 0.0 ], [ 115.627800647109453, 0.107297415730238, 0.0 ], [ 115.632940282882046, 0.103014385924369, 0.0 ], [ 115.634939030127029, 0.099873497400304, 0.0 ], [ 115.637508848013226, 0.094448326313039, 0.0 ], [ 115.638079918654483, 0.089023155225859, 0.0 ], [ 115.638079918654483, 0.083883519459013, 0.0 ], [ 115.637223312692569, 0.078972311948571, 0.0 ], [ 115.636366706730286, 0.072976070220558, 0.0 ], [ 115.635510100768357, 0.070406252337036, 0.0 ], [ 115.6352245654478, 0.069264111055561, 0.0 ], [ 115.632654747561361, 0.064981081250013, 0.0 ], [ 115.630084929675178, 0.059555910162594, 0.0 ], [ 115.62865725307141, 0.053845203754911, 0.0 ], [ 115.62865725307141, 0.046706820745425, 0.0 ], [ 115.628942788392152, 0.04071057901764, 0.0 ], [ 115.630084929675178, 0.036713084532225, 0.0 ], [ 115.631512606278534, 0.033572196008108, 0.0 ], [ 115.63351135352346, 0.028660988497454, 0.0 ], [ 115.634843851686696, 0.026186349054297, 0.0 ], [ 115.635985992969481, 0.021808140808391, 0.0 ], [ 115.635985992969481, 0.019904572005872, 0.0 ], [ 115.635985992969481, 0.018572073843984, 0.0 ], [ 115.635985992969481, 0.016287791280962, 0.0 ], [ 115.635985992969481, 0.009815657352399, 0.0 ], [ 115.633248446464336, 0.004731642415768, 0.0 ], [ 115.632687198534398, 0.005327967925216, 0.0 ], [ 115.628975239854867, 0.007136359069621, 0.0 ], [ 115.625072923811913, 0.009039927437387, 0.0 ], [ 115.619647752455208, 0.01237117283593, 0.0 ], [ 115.615840614820002, 0.013894027816818, 0.0 ], [ 115.610510622208693, 0.015987953328657, 0.0 ], [ 115.60698901965668, 0.016654202273864, 0.0 ], [ 115.598422960352337, 0.016939737583046, 0.0 ], [ 115.596424212851673, 0.016368667175246, 0.0 ], [ 115.593473681601878, 0.016178310634385, 0.0 ], [ 115.589190651267486, 0.01627348908182, 0.0 ], [ 115.585478692135894, 0.016559024298403, 0.0 ], [ 115.58110048404086, 0.017415630115636, 0.0 ], [ 115.57786441672647, 0.019128842513255, 0.0 ], [ 115.577198168313529, 0.02036616147924, 0.0 ], [ 115.576531919355759, 0.022555266221271, 0.0 ], [ 115.57653191914612, 0.025029905509257, 0.0 ], [ 115.576912632889758, 0.028265972723171, 0.0 ], [ 115.577198167893542, 0.030835790677873, 0.0 ], [ 115.577388525348894, 0.03350078684037, 0.0 ], [ 115.577388524910901, 0.036165783153277, 0.0 ], [ 115.576912633026751, 0.03978256348016, 0.0 ], [ 115.576151205472001, 0.042828273406134, 0.0 ], [ 115.57424763670528, 0.045302913475501, 0.0 ], [ 115.572153710787333, 0.046349876070252, 0.0 ], [ 115.569583892959344, 0.046825768566215, 0.0 ], [ 115.566538182675174, 0.046635411323702, 0.0 ], [ 115.563968365214293, 0.04615951905782, 0.0 ], [ 115.561017833479866, 0.044827021073924, 0.0 ], [ 115.559019085712009, 0.042733095720304, 0.0 ], [ 115.557401052777635, 0.040258455715939, 0.0 ], [ 115.556163732508494, 0.03702238928767, 0.0 ], [ 115.554926412875901, 0.031977931413865, 0.0 ], [ 115.554450520612733, 0.029122578447237, 0.0 ], [ 115.554355342474807, 0.027028652342723, 0.0 ], [ 115.554069807147656, 0.0253154407526, 0.0 ], [ 115.55349873637401, 0.023602228414354, 0.0 ], [ 115.552261416777412, 0.022079373510312, 0.0 ], [ 115.550357848164808, 0.021222767989203, 0.0 ], [ 115.548549457783693, 0.02131794584419, 0.0 ], [ 115.546122407402393, 0.023007363503796, 0.0 ], [ 115.544694730468649, 0.025077494296671, 0.0 ], [ 115.543909508211996, 0.026933473955688, 0.0 ], [ 115.54340982192042, 0.029431908368435, 0.0 ], [ 115.542767367655514, 0.032358645615722, 0.0 ], [ 115.542053528835623, 0.035856453014594, 0.0 ], [ 115.541910761077588, 0.038354886758222, 0.0 ], [ 115.541339690244399, 0.040068098923252, 0.0 ], [ 115.539302913895625, 0.04053364763183, 0.0 ], [ 115.53884125652263, 0.040639169649786, 0.0 ], [ 115.537199428101857, 0.040710552974778, 0.0 ], [ 115.535557600199297, 0.040068099069154, 0.0 ], [ 115.534486842762959, 0.039140109382215, 0.0 ], [ 115.533701620495805, 0.037855199998711, 0.0 ], [ 115.532630863742654, 0.035999220787645, 0.0 ], [ 115.531917025070214, 0.034214624835692, 0.0 ], [ 115.531845640933966, 0.031502039352747, 0.0 ], [ 115.531988408886065, 0.028575302598163, 0.0 ], [ 115.532273944427516, 0.024577807628263, 0.0 ], [ 115.532773631227954, 0.021793838046601, 0.0 ], [ 115.532488095494074, 0.020223393816452, 0.0 ], [ 115.531274570395524, 0.019295404650925, 0.0 ], [ 115.528490601575683, 0.019295403942498, 0.0 ], [ 115.526206319082505, 0.019795091588786, 0.0 ], [ 115.524493107017875, 0.020865848254386, 0.0 ], [ 115.522779894534352, 0.022150757475429, 0.0 ], [ 115.520495612696422, 0.023863969348292, 0.0 ], [ 115.518853784332478, 0.025862716333378, 0.0 ], [ 115.518399102553673, 0.027090357395957, 0.0 ], [ 115.518139945866665, 0.0277900802406, 0.0 ], [ 115.518211330080987, 0.029503292475138, 0.0 ], [ 115.519067935591522, 0.031145120480235, 0.0 ], [ 115.520067309526524, 0.032430029499853, 0.0 ], [ 115.521697240298224, 0.03327473787861, 0.0 ], [ 115.523184403210934, 0.034761900858034, 0.0 ], [ 115.524493106934244, 0.036011118379133, 0.0 ], [ 115.525147458936985, 0.036903415793148, 0.0 ], [ 115.525373507732567, 0.039913434014788, 0.0 ], [ 115.525444890743685, 0.041983564647842, 0.0 ], [ 115.525087971787698, 0.044125079837594, 0.0 ], [ 115.523945830721971, 0.047337352336741, 0.0 ], [ 115.523017840564563, 0.050406856892132, 0.0 ], [ 115.521947083167618, 0.05347636172022, 0.0 ], [ 115.521304628761669, 0.055475108604752, 0.0 ], [ 115.52016248810736, 0.060043673653707, 0.0 ], [ 115.520091104033753, 0.063398714421757, 0.0 ], [ 115.520019720406211, 0.066539602812631, 0.0 ], [ 115.520519406906715, 0.069537723436444, 0.0 ], [ 115.520804942148089, 0.071679238482167, 0.0 ], [ 115.521304628669952, 0.073392450359434, 0.0 ], [ 115.52230400296564, 0.075890883996596, 0.0 ], [ 115.522946456920053, 0.078389318049586, 0.0 ], [ 115.523374760513093, 0.0797456111973, 0.0 ], [ 115.523588911792203, 0.08138743969822, 0.0 ], [ 115.52342386163609, 0.083574348130316, 0.0 ], [ 115.525752763459082, 0.084266724814438, 0.0 ], [ 115.527180440128319, 0.084837794967264, 0.0 ], [ 115.528608116716569, 0.085408865803483, 0.0 ], [ 115.529750258111704, 0.08607511495221, 0.0 ], [ 115.531558648302891, 0.086646185731146, 0.0 ], [ 115.532795967613183, 0.087597970369961, 0.0 ], [ 115.533176681495362, 0.088549754468448, 0.0 ], [ 115.533652574397976, 0.08969189603655, 0.0 ], [ 115.534318822998543, 0.090738858773246, 0.0 ], [ 115.535651321006554, 0.092071356765739, 0.0 ], [ 115.538506674379505, 0.093118319411284, 0.0 ], [ 115.539839173044555, 0.093689390417466, 0.0 ], [ 115.542789704077919, 0.09454599583559, 0.0 ], [ 115.544598094845028, 0.094545996238451, 0.0 ], [ 115.5462161279535, 0.094165282460978, 0.0 ], [ 115.548881124607533, 0.092927963111271, 0.0 ], [ 115.550594336096921, 0.092642427180137, 0.0 ], [ 115.552212369708954, 0.093118319973245, 0.0 ], [ 115.553449689562768, 0.093784568846129, 0.0 ], [ 115.554306295323144, 0.094260460957578, 0.0 ], [ 115.555733972023674, 0.094926709962165, 0.0 ], [ 115.556971291464251, 0.096068851242104, 0.0 ], [ 115.557637540831124, 0.097210992686709, 0.0 ], [ 115.558494146652308, 0.098924204819746, 0.0 ], [ 115.559255574040805, 0.100542237606348, 0.0 ], [ 115.55963628801365, 0.102540985218538, 0.0 ], [ 115.560492893878688, 0.10444455370316, 0.0 ], [ 115.561444678461697, 0.106157766066049, 0.0 ], [ 115.562206105725508, 0.108061334656433, 0.0 ], [ 115.563157890429594, 0.109584189438226, 0.0 ], [ 115.564871102069915, 0.110821509435917, 0.0 ], [ 115.566181525455477, 0.112497142133229, 0.0 ], [ 115.566965027660132, 0.115390074599386, 0.0 ], [ 115.56696502775911, 0.115961144807459, 0.0 ], [ 115.566584313881933, 0.117484000436609, 0.0 ], [ 115.566584314438913, 0.11929239017813, 0.0 ], [ 115.566679492571083, 0.121671851501377, 0.0 ], [ 115.566393957483797, 0.123956134562337, 0.0 ], [ 115.56629877930429, 0.125954881287557, 0.0 ], [ 115.566393957116844, 0.12776327161646, 0.0 ], [ 115.566774670831322, 0.129286126550731, 0.0 ], [ 115.567654650088784, 0.130441099694245, 0.0 ], [ 115.569265906365928, 0.12842702943836, 0.0 ], [ 115.572692330214551, 0.125000605593858, 0.0 ], [ 115.576118754062747, 0.124715070273315, 0.0 ], [ 115.579259642590443, 0.12642828219588, 0.0 ], [ 115.586112490287192, 0.127284888156859, 0.0 ], [ 115.592558647256027, 0.127480226246217, 0.0 ] ] ] ] } },
{ "type": "Feature", "properties": { "Toponim": "Ratah", "subws_id": 28, "Ibis": 2, "Kls_Pr": "Prioritas Dipulihkan" }, "geometry": { "type": "MultiPolygon", "coordinates": [ [ [ [ 115.399968427982301, 0.309192133285426, 0.0 ], [ 115.400072757844711, 0.309186624283982, 0.0 ], [ 115.400275177238285, 0.309161015933895, 0.0 ], [ 115.400382597123652, 0.309121265904959, 0.0 ], [ 115.400388493363096, 0.309088140404274, 0.0 ], [ 115.401628420523849, 0.308910259315897, 0.0 ], [ 115.40298471387068, 0.308910259354768, 0.0 ], [ 115.404626541504257, 0.309231486828427, 0.0 ], [ 115.4066609806911, 0.30990963286093, 0.0 ], [ 115.408552652264234, 0.310409319547465, 0.0 ], [ 115.410158788214815, 0.310801930997946, 0.0 ], [ 115.41158646513756, 0.310837622548494, 0.0 ], [ 115.412907065976071, 0.310730547427339, 0.0 ], [ 115.414299050529593, 0.310088092974694, 0.0 ], [ 115.415262732042564, 0.309338562864174, 0.0 ], [ 115.416083646613998, 0.308374880673621, 0.0 ], [ 115.416511949442892, 0.30741119872164, 0.0 ], [ 115.416868868315859, 0.305947830248758, 0.0 ], [ 115.417011635735136, 0.30448446215074, 0.0 ], [ 115.416690408935125, 0.302342946942403, 0.0 ], [ 115.415726726827089, 0.300201431828739, 0.0 ], [ 115.414441818524324, 0.298773755359772, 0.0 ], [ 115.412657222812683, 0.297845765851985, 0.0 ], [ 115.410337247948391, 0.297203311695317, 0.0 ], [ 115.407553278474978, 0.297274694802991, 0.0 ], [ 115.404590849297776, 0.29734607907718, 0.0 ], [ 115.402485026408783, 0.297310386878786, 0.0 ], [ 115.401164425667446, 0.297060543968115, 0.0 ], [ 115.400450587702608, 0.2967036246374, 0.0 ], [ 115.399593981241338, 0.295739942603198, 0.0 ], [ 115.398558916195967, 0.294526418048754, 0.0 ], [ 115.398166305387235, 0.292991665437752, 0.0 ], [ 115.398094920794179, 0.291599680667377, 0.0 ], [ 115.398526322271906, 0.29055199284722, 0.0 ], [ 115.397854511395437, 0.289900540681193, 0.0 ], [ 115.397426209041015, 0.289650697637132, 0.0 ], [ 115.396926521983815, 0.289258086268484, 0.0 ], [ 115.396462527113911, 0.288579940183105, 0.0 ], [ 115.395855764650932, 0.288044561282934, 0.0 ], [ 115.395391769912123, 0.287937485455854, 0.0 ], [ 115.394606547293051, 0.287901793370531, 0.0 ], [ 115.393928401102556, 0.287509182896899, 0.0 ], [ 115.393214562975388, 0.286831036230438, 0.0 ], [ 115.392857643959601, 0.286224273665516, 0.0 ], [ 115.39278625994632, 0.285546126859367, 0.0 ], [ 115.392786260174987, 0.284618137233832, 0.0 ], [ 115.392750568087095, 0.283939990980547, 0.0 ], [ 115.392357957309514, 0.283297536609928, 0.0 ], [ 115.391608426761479, 0.282655082446275, 0.0 ], [ 115.391037355977346, 0.282298162903002, 0.0 ], [ 115.39060905308726, 0.281548633071962, 0.0 ], [ 115.39064474521706, 0.280763410814344, 0.0 ], [ 115.390859303443676, 0.279891111373871, 0.0 ], [ 115.390832516383242, 0.279738024629859, 0.0 ], [ 115.390810986194936, 0.279493564489878, 0.0 ], [ 115.390804772045144, 0.278921861281924, 0.0 ], [ 115.390779363081236, 0.278277781265693, 0.0 ], [ 115.390760699202602, 0.278113556514536, 0.0 ], [ 115.3907096029005, 0.277790474389097, 0.0 ], [ 115.390691281383752, 0.277532227573541, 0.0 ], [ 115.390698491040425, 0.277268701820802, 0.0 ], [ 115.39073189102767, 0.276921558705809, 0.0 ], [ 115.390739124997822, 0.276736996375176, 0.0 ], [ 115.390734943831376, 0.276546223067162, 0.0 ], [ 115.390633548588539, 0.275350115908286, 0.0 ], [ 115.390594737472185, 0.275033244051816, 0.0 ], [ 115.390548403546674, 0.274751156041326, 0.0 ], [ 115.390503665896702, 0.274529664789878, 0.0 ], [ 115.390489182353917, 0.274333292955217, 0.0 ], [ 115.390514382862776, 0.274207698112338, 0.0 ], [ 115.390570189328997, 0.274089369513607, 0.0 ], [ 115.390649311501946, 0.273973982365891, 0.0 ], [ 115.390745748205148, 0.273857403778318, 0.0 ], [ 115.391001039110577, 0.273611739392229, 0.0 ], [ 115.391677913591977, 0.272988846647895, 0.0 ], [ 115.391855597742406, 0.272825332909315, 0.0 ], [ 115.392092525812018, 0.272607299773226, 0.0 ], [ 115.392233386644435, 0.272470296314262, 0.0 ], [ 115.392367230015751, 0.272324358498953, 0.0 ], [ 115.392621640586185, 0.27202385240462, 0.0 ], [ 115.392857867434941, 0.271714455616804, 0.0 ], [ 115.392965249697355, 0.271554181655001, 0.0 ], [ 115.393160591254244, 0.271234903533602, 0.0 ], [ 115.39324625537941, 0.271075425179466, 0.0 ], [ 115.393320652398444, 0.270917860769018, 0.0 ], [ 115.393379441306337, 0.270757503368372, 0.0 ], [ 115.393419810786668, 0.270597722300616, 0.0 ], [ 115.393435292632702, 0.27037883169832, 0.0 ], [ 115.393403989087673, 0.270162915677481, 0.0 ], [ 115.393324101005476, 0.269962126978863, 0.0 ], [ 115.393205968267054, 0.269796222113675, 0.0 ], [ 115.393058861837474, 0.269643160034018, 0.0 ], [ 115.392739058066056, 0.269331949057859, 0.0 ], [ 115.392619666210479, 0.269190870041488, 0.0 ], [ 115.392509196759718, 0.269041358044122, 0.0 ], [ 115.392364546110883, 0.268794150289581, 0.0 ], [ 115.392163529495889, 0.268356990634686, 0.0 ], [ 115.392067708053531, 0.268084410017473, 0.0 ], [ 115.391940022120821, 0.267638419932052, 0.0 ], [ 115.39188185548629, 0.267465070280089, 0.0 ], [ 115.391812453841837, 0.267295618810279, 0.0 ], [ 115.391735367168735, 0.267124800736536, 0.0 ], [ 115.39164951605963, 0.266956588826445, 0.0 ], [ 115.391450645547167, 0.266635081806582, 0.0 ], [ 115.39133836375467, 0.266481183579946, 0.0 ], [ 115.391215245893946, 0.266337574795899, 0.0 ], [ 115.391082536688685, 0.266200122637578, 0.0 ], [ 115.390793490849077, 0.265950062889044, 0.0 ], [ 115.390196348891138, 0.265474010036728, 0.0 ], [ 115.390062144886571, 0.265343601043448, 0.0 ], [ 115.389938548134182, 0.265207773556377, 0.0 ], [ 115.389826700891788, 0.265062755590551, 0.0 ], [ 115.38972735997524, 0.264912184626551, 0.0 ], [ 115.389605429985764, 0.264669081766694, 0.0 ], [ 115.389452031015338, 0.264256140210434, 0.0 ], [ 115.389351142759168, 0.264010904944183, 0.0 ], [ 115.389218588606312, 0.263778548343306, 0.0 ], [ 115.389108690940446, 0.263638591616533, 0.0 ], [ 115.388854029228014, 0.263376779177138, 0.0 ], [ 115.388423628052266, 0.263009078281517, 0.0 ], [ 115.388147599670404, 0.262740370105731, 0.0 ], [ 115.387892402328774, 0.262445603450928, 0.0 ], [ 115.387774486894216, 0.262286285069824, 0.0 ], [ 115.38766404632841, 0.262120714856999, 0.0 ], [ 115.387515110411982, 0.261851971798548, 0.0 ], [ 115.387289462499794, 0.261381868014091, 0.0 ], [ 115.386830604626383, 0.26030541549611, 0.0 ], [ 115.386698597174941, 0.26001810993966, 0.0 ], [ 115.386503949132745, 0.259655617892345, 0.0 ], [ 115.386399140316641, 0.259480963337626, 0.0 ], [ 115.386287016164346, 0.259315520677958, 0.0 ], [ 115.386046071488579, 0.258999552659397, 0.0 ], [ 115.385918953510668, 0.258847323686514, 0.0 ], [ 115.385654651205996, 0.258554877247987, 0.0 ], [ 115.385380431936497, 0.258272434652302, 0.0 ], [ 115.384953898893315, 0.257863167413763, 0.0 ], [ 115.384542913801141, 0.257534608223364, 0.0 ], [ 115.384346332870777, 0.257361432626787, 0.0 ], [ 115.384211657241252, 0.257216928024552, 0.0 ], [ 115.384088811995866, 0.257062461514583, 0.0 ], [ 115.38397912099704, 0.256892971511936, 0.0 ], [ 115.383883580136285, 0.256711195667481, 0.0 ], [ 115.383767879180795, 0.256392598931081, 0.0 ], [ 115.383686370877356, 0.256039787064382, 0.0 ], [ 115.383628848970417, 0.255662951901044, 0.0 ], [ 115.383586890608953, 0.255270502088988, 0.0 ], [ 115.383485362737773, 0.254068387870301, 0.0 ], [ 115.383438038667833, 0.253680991959684, 0.0 ], [ 115.383372116042594, 0.253312100731102, 0.0 ], [ 115.383244227883154, 0.252812777329523, 0.0 ], [ 115.383160731089163, 0.252546730565961, 0.0 ], [ 115.383061356243687, 0.252296545365363, 0.0 ], [ 115.382938902402998, 0.252069457587111, 0.0 ], [ 115.382821576937786, 0.251909062220854, 0.0 ], [ 115.382688315273597, 0.251762812820492, 0.0 ], [ 115.382500149650781, 0.251604103432525, 0.0 ], [ 115.382294616383902, 0.251463071398076, 0.0 ], [ 115.381872574439768, 0.251193596648545, 0.0 ], [ 115.381550624464936, 0.250961303081616, 0.0 ], [ 115.381224510460171, 0.250739111754119, 0.0 ], [ 115.380718579348709, 0.250436611084219, 0.0 ], [ 115.38054890683955, 0.250342697648395, 0.0 ], [ 115.380377137167102, 0.250252798451991, 0.0 ], [ 115.380202484577765, 0.250171980566187, 0.0 ], [ 115.379850100411446, 0.250028930095196, 0.0 ], [ 115.379672831939487, 0.249970207412766, 0.0 ], [ 115.379145782465685, 0.249822247203388, 0.0 ], [ 115.378703309849371, 0.249661307231002, 0.0 ], [ 115.378440302776966, 0.249545995884243, 0.0 ], [ 115.37776271103705, 0.249179649797685, 0.0 ], [ 115.377231091702356, 0.248933765455578, 0.0 ], [ 115.376982045493179, 0.248804654461656, 0.0 ], [ 115.376767430072945, 0.248653906286996, 0.0 ], [ 115.376650597371182, 0.248535300544483, 0.0 ], [ 115.376553284531383, 0.248407165216008, 0.0 ], [ 115.376300339291063, 0.247993948319747, 0.0 ], [ 115.375831736011634, 0.247309095992725, 0.0 ], [ 115.375749721426828, 0.247174443084633, 0.0 ], [ 115.375683129015485, 0.247033809709397, 0.0 ], [ 115.375634352349877, 0.246890870594889, 0.0 ], [ 115.375608641702101, 0.246741541365593, 0.0 ], [ 115.375607189503157, 0.246590228230439, 0.0 ], [ 115.375627401774523, 0.246441296236274, 0.0 ], [ 115.375773071995695, 0.245798390911423, 0.0 ], [ 115.375884739760281, 0.245207321366588, 0.0 ], [ 115.375947810614207, 0.244955097055969, 0.0 ], [ 115.376030302808175, 0.244705334970395, 0.0 ], [ 115.376146687974412, 0.244438083850299, 0.0 ], [ 115.376452322961299, 0.243796529760001, 0.0 ], [ 115.376613691956678, 0.243404263571552, 0.0 ], [ 115.376706420892859, 0.243097054552827, 0.0 ], [ 115.376780116821124, 0.242769443426581, 0.0 ], [ 115.376840938670199, 0.242428473239602, 0.0 ], [ 115.376998613532749, 0.241385393119266, 0.0 ], [ 115.377232836642818, 0.240142057391011, 0.0 ], [ 115.377275441148186, 0.239792339651163, 0.0 ], [ 115.377297319655952, 0.239434159986769, 0.0 ], [ 115.3773012247335, 0.23907415226066, 0.0 ], [ 115.377258057415034, 0.238134373449674, 0.0 ], [ 115.377253590309735, 0.23777875995498, 0.0 ], [ 115.377262067315328, 0.237428398740125, 0.0 ], [ 115.377285668617375, 0.237091330773407, 0.0 ], [ 115.377404341083405, 0.236071121346497, 0.0 ], [ 115.377444134619438, 0.235887016995402, 0.0 ], [ 115.377501129128731, 0.235710959895125, 0.0 ], [ 115.377575392464934, 0.235546596453628, 0.0 ], [ 115.377696368276574, 0.235328974923182, 0.0 ], [ 115.377849216052837, 0.235075891468899, 0.0 ], [ 115.377954810435867, 0.23493146658098, 0.0 ], [ 115.378124777267118, 0.234726785841485, 0.0 ], [ 115.37831772752854, 0.234553949583845, 0.0 ], [ 115.37851630680899, 0.234442305193368, 0.0 ], [ 115.378732158584739, 0.234365498088238, 0.0 ], [ 115.378952222962909, 0.234316805501814, 0.0 ], [ 115.379437406165081, 0.234250496866786, 0.0 ], [ 115.379597060984551, 0.23423547402547, 0.0 ], [ 115.379756485702302, 0.234229524667924, 0.0 ], [ 115.379915823255232, 0.234239568125941, 0.0 ], [ 115.38007565758565, 0.234265312360718, 0.0 ], [ 115.380315940683701, 0.234317642604981, 0.0 ], [ 115.380545844815543, 0.23438383741054, 0.0 ], [ 115.380753950168113, 0.23445914752218, 0.0 ], [ 115.380950427598492, 0.234511663515139, 0.0 ], [ 115.381080703358521, 0.23451653242883, 0.0 ], [ 115.381206934534575, 0.234493178267532, 0.0 ], [ 115.381325040069541, 0.234441439573609, 0.0 ], [ 115.381434007767012, 0.234367259730453, 0.0 ], [ 115.381531697849056, 0.234270397924937, 0.0 ], [ 115.381616656229852, 0.2341560577195, 0.0 ], [ 115.381714003134917, 0.233949591884787, 0.0 ], [ 115.381778407818814, 0.233718351568314, 0.0 ], [ 115.381804307534352, 0.233559488770409, 0.0 ], [ 115.381810482726905, 0.233393363416904, 0.0 ], [ 115.381797641754702, 0.2332236174845, 0.0 ], [ 115.381740169750159, 0.232862466860306, 0.0 ], [ 115.381533943390309, 0.231920311462932, 0.0 ], [ 115.381501253997953, 0.231733847847868, 0.0 ], [ 115.381478008316577, 0.231550232274403, 0.0 ], [ 115.381465957663153, 0.231373075177462, 0.0 ], [ 115.381472732116222, 0.231196754974932, 0.0 ], [ 115.381500974104483, 0.231025085684209, 0.0 ], [ 115.381549477652328, 0.230861870932949, 0.0 ], [ 115.381612821968716, 0.230702030261215, 0.0 ], [ 115.381771704692525, 0.230397442852503, 0.0 ], [ 115.382123428052509, 0.229822947040911, 0.0 ], [ 115.382192620855591, 0.229674731703203, 0.0 ], [ 115.382245613637494, 0.229523710968361, 0.0 ], [ 115.382284374312349, 0.229284609472425, 0.0 ], [ 115.382272949528954, 0.229043828277519, 0.0 ], [ 115.38224013495234, 0.228889785322824, 0.0 ], [ 115.382194455381224, 0.228736863233569, 0.0 ], [ 115.382083916193722, 0.228438705838676, 0.0 ], [ 115.382035629145705, 0.228282415608686, 0.0 ], [ 115.381998429556873, 0.22812263668496, 0.0 ], [ 115.381976765316892, 0.227868113403617, 0.0 ], [ 115.38200047227501, 0.227607985458056, 0.0 ], [ 115.3820405167925, 0.227438146939148, 0.0 ], [ 115.382093995019559, 0.227266240734289, 0.0 ], [ 115.382331952603096, 0.226664482862106, 0.0 ], [ 115.38284152855789, 0.225401292072573, 0.0 ], [ 115.383059137070518, 0.224805631440364, 0.0 ], [ 115.383142339059063, 0.224532736640169, 0.0 ], [ 115.383338128759661, 0.223790685950704, 0.0 ], [ 115.38346439731302, 0.22321940480114, 0.0 ], [ 115.383541832088554, 0.222944469888636, 0.0 ], [ 115.383652619056434, 0.222683765262782, 0.0 ], [ 115.383747712953877, 0.222524504646468, 0.0 ], [ 115.383857212432972, 0.222372522154853, 0.0 ], [ 115.383979971776654, 0.222231136693563, 0.0 ], [ 115.384248349724857, 0.221959575172679, 0.0 ], [ 115.384533985234015, 0.221697129703472, 0.0 ], [ 115.38483168236391, 0.221444322437481, 0.0 ], [ 115.385134305661254, 0.221201983707519, 0.0 ], [ 115.385420064668111, 0.220952200995443, 0.0 ], [ 115.385553265551408, 0.22082403925591, 0.0 ], [ 115.385736739884479, 0.220631618476753, 0.0 ], [ 115.385882947115491, 0.220424295004202, 0.0 ], [ 115.385963751295805, 0.220214877083662, 0.0 ], [ 115.385996849821552, 0.2199908112969, 0.0 ], [ 115.385984349734429, 0.219764354813576, 0.0 ], [ 115.385947127479511, 0.219599432588646, 0.0 ], [ 115.385892414881212, 0.219434472294604, 0.0 ], [ 115.385820604028822, 0.219273950608667, 0.0 ], [ 115.385731944177621, 0.219122366800815, 0.0 ], [ 115.385630012889635, 0.218975621753324, 0.0 ], [ 115.385513867296893, 0.218838684877266, 0.0 ], [ 115.385382458528866, 0.218716545467034, 0.0 ], [ 115.385240224736449, 0.218605135244127, 0.0 ], [ 115.385090937448979, 0.218500989072119, 0.0 ], [ 115.384935410958221, 0.218408685860755, 0.0 ], [ 115.384773963440836, 0.21832665023093, 0.0 ], [ 115.384607159422558, 0.218259766740207, 0.0 ], [ 115.384059297663114, 0.218096977125201, 0.0 ], [ 115.383857871592042, 0.218020801153687, 0.0 ], [ 115.383676942022191, 0.217924166968694, 0.0 ], [ 115.383529746508501, 0.217799560698688, 0.0 ], [ 115.383421511550679, 0.217629359475041, 0.0 ], [ 115.38336232687513, 0.217432311042878, 0.0 ], [ 115.38334781075983, 0.217222481469452, 0.0 ], [ 115.383362841250161, 0.217063883948508, 0.0 ], [ 115.38339216813425, 0.21690033925728, 0.0 ], [ 115.38343425121694, 0.216736296720624, 0.0 ], [ 115.383487650921651, 0.2165761586479, 0.0 ], [ 115.383720471448171, 0.215939824495452, 0.0 ], [ 115.383763039183606, 0.215779233034487, 0.0 ], [ 115.383794043541272, 0.215620302560534, 0.0 ], [ 115.383840216949437, 0.21531631021365, 0.0 ], [ 115.383869531035671, 0.215170596897978, 0.0 ], [ 115.383914273631262, 0.215026275237637, 0.0 ], [ 115.383978179450736, 0.21488815777457, 0.0 ], [ 115.384061122227109, 0.214761049404315, 0.0 ], [ 115.384156790823141, 0.214640531609958, 0.0 ], [ 115.384259537024235, 0.214522534128439, 0.0 ], [ 115.384577725558728, 0.214192919936687, 0.0 ], [ 115.384672733296298, 0.214086484849817, 0.0 ], [ 115.38475717800651, 0.213976823651353, 0.0 ], [ 115.384829008195737, 0.213852719232184, 0.0 ], [ 115.384905093499455, 0.213627598096578, 0.0 ], [ 115.384944728232014, 0.213370441229426, 0.0 ], [ 115.384952712985012, 0.213098747793806, 0.0 ], [ 115.384932006879424, 0.212829263418381, 0.0 ], [ 115.384848152987075, 0.212328586645592, 0.0 ], [ 115.384829813239392, 0.21216905667261, 0.0 ], [ 115.384825235142188, 0.212015524116952, 0.0 ], [ 115.384842883087117, 0.211864063092056, 0.0 ], [ 115.384886198009511, 0.211719837903173, 0.0 ], [ 115.384954787700266, 0.211588103794639, 0.0 ], [ 115.385042052598976, 0.21146496133428, 0.0 ], [ 115.385142433340761, 0.211347088188238, 0.0 ], [ 115.38525443549652, 0.211239550476739, 0.0 ], [ 115.385494355905408, 0.211045412836629, 0.0 ], [ 115.38561967567432, 0.21096407064291, 0.0 ], [ 115.385751043537454, 0.21090316782672, 0.0 ], [ 115.385887442471031, 0.210863937845652, 0.0 ], [ 115.386028259088377, 0.210853504361447, 0.0 ], [ 115.386170027524642, 0.210873238042958, 0.0 ], [ 115.386309359388079, 0.210922373445737, 0.0 ], [ 115.386445763086556, 0.210994212759498, 0.0 ], [ 115.386578566723145, 0.21108826574973, 0.0 ], [ 115.386707231000059, 0.211198742586018, 0.0 ], [ 115.386830792767611, 0.211327049465953, 0.0 ], [ 115.386948602154177, 0.21146817159044, 0.0 ], [ 115.387059262858003, 0.21162506429689, 0.0 ], [ 115.387266271187229, 0.211965816585262, 0.0 ], [ 115.387451649865042, 0.212339444155762, 0.0 ], [ 115.387568436832169, 0.212646142960672, 0.0 ], [ 115.387770505462029, 0.213286608783036, 0.0 ], [ 115.387878916515874, 0.213591782034451, 0.0 ], [ 115.388043846899222, 0.213961223171965, 0.0 ], [ 115.38813354656186, 0.214130242389769, 0.0 ], [ 115.38823002671505, 0.214282493495367, 0.0 ], [ 115.38838392968178, 0.214484283099654, 0.0 ], [ 115.388557905668847, 0.214634664987353, 0.0 ], [ 115.388760636478409, 0.214712753619304, 0.0 ], [ 115.388979168077583, 0.214720686439288, 0.0 ], [ 115.389126967934189, 0.214690195869403, 0.0 ], [ 115.389276163228573, 0.214639367034156, 0.0 ], [ 115.389579970238628, 0.214490909590503, 0.0 ], [ 115.389732449508486, 0.214400172059993, 0.0 ], [ 115.39018994811326, 0.214088016900268, 0.0 ], [ 115.390357784157146, 0.213998189822289, 0.0 ], [ 115.390534346231235, 0.213919840128724, 0.0 ], [ 115.390718349775483, 0.213852587849475, 0.0 ], [ 115.391009911435816, 0.213785856066639, 0.0 ], [ 115.391313790285707, 0.213760107187351, 0.0 ], [ 115.391617089122562, 0.213775022433824, 0.0 ], [ 115.391906847554978, 0.213833125465378, 0.0 ], [ 115.392088869335808, 0.213897033162855, 0.0 ], [ 115.392262751745506, 0.213974986727339, 0.0 ], [ 115.392430088398768, 0.214067085811109, 0.0 ], [ 115.392591497017946, 0.214167798433468, 0.0 ], [ 115.392747996170385, 0.214278379973075, 0.0 ], [ 115.392899968167697, 0.214393786783791, 0.0 ], [ 115.393192035541304, 0.214640701559278, 0.0 ], [ 115.393468698006942, 0.214900477669225, 0.0 ], [ 115.393597946637286, 0.215035504339844, 0.0 ], [ 115.393716430556708, 0.215179860304981, 0.0 ], [ 115.39382354199833, 0.215329691060399, 0.0 ], [ 115.393917521599406, 0.215489177336196, 0.0 ], [ 115.393999786468584, 0.215653993663178, 0.0 ], [ 115.394071721369713, 0.215819881491732, 0.0 ], [ 115.394130043289422, 0.215991881448404, 0.0 ], [ 115.394274442892268, 0.216538721777477, 0.0 ], [ 115.394498586795663, 0.21733212106195, 0.0 ], [ 115.394723705178478, 0.218243658969332, 0.0 ], [ 115.394813825256534, 0.218540040999313, 0.0 ], [ 115.394925538628598, 0.21881707449384, 0.0 ], [ 115.395021395056574, 0.2189980473278, 0.0 ], [ 115.395128345823636, 0.219170420778895, 0.0 ], [ 115.395245474958415, 0.219331214837105, 0.0 ], [ 115.395748111145195, 0.219946031050108, 0.0 ], [ 115.395878869998882, 0.220095450548946, 0.0 ], [ 115.396157291857151, 0.220374387057127, 0.0 ], [ 115.396307588881712, 0.220502779309579, 0.0 ], [ 115.396511158036304, 0.220643937181631, 0.0 ], [ 115.397154487148484, 0.221019946572777, 0.0 ], [ 115.397464542864824, 0.221239719873959, 0.0 ], [ 115.397605124859709, 0.221356754964719, 0.0 ], [ 115.397732246185228, 0.221483387642526, 0.0 ], [ 115.39795634562671, 0.221743398205615, 0.0 ], [ 115.398246665352943, 0.222128192712146, 0.0 ], [ 115.398357395450319, 0.222249642515967, 0.0 ], [ 115.398478016473192, 0.222368004970509, 0.0 ], [ 115.398608402297057, 0.222478297858257, 0.0 ], [ 115.39888605315889, 0.222685822717222, 0.0 ], [ 115.399179696270096, 0.222866702850513, 0.0 ], [ 115.399336436967857, 0.222938327576853, 0.0 ], [ 115.399504375087929, 0.222987357706588, 0.0 ], [ 115.399681758857739, 0.223014122235615, 0.0 ], [ 115.399867359048542, 0.223021560245788, 0.0 ], [ 115.40014259528165, 0.223013504345172, 0.0 ], [ 115.400431253702109, 0.222986792622502, 0.0 ], [ 115.400723258862584, 0.222939497644734, 0.0 ], [ 115.401008689104188, 0.222868016186173, 0.0 ], [ 115.401277295064318, 0.222766951606596, 0.0 ], [ 115.401455832783455, 0.222673884513628, 0.0 ], [ 115.401624096712681, 0.222568805252092, 0.0 ], [ 115.401780581510309, 0.222449267317287, 0.0 ], [ 115.40192315309568, 0.222311962264743, 0.0 ], [ 115.40205498555612, 0.222162502099114, 0.0 ], [ 115.40217926017452, 0.222006439137806, 0.0 ], [ 115.402518358822874, 0.22149695079851, 0.0 ], [ 115.40274918782535, 0.221165284607207, 0.0 ], [ 115.402870637520707, 0.221005729419023, 0.0 ], [ 115.402999862898142, 0.220856973318835, 0.0 ], [ 115.403136761031675, 0.220715472040221, 0.0 ], [ 115.403281700665275, 0.22058565978592, 0.0 ], [ 115.403435257024299, 0.220464814442122, 0.0 ], [ 115.403598074603934, 0.220357721141076, 0.0 ], [ 115.403771510968369, 0.220262664426078, 0.0 ], [ 115.404053229269991, 0.220151831638891, 0.0 ], [ 115.404354522518759, 0.220072021995751, 0.0 ], [ 115.404663291130305, 0.220014613671188, 0.0 ], [ 115.405363482129857, 0.219916580253911, 0.0 ], [ 115.405968730012773, 0.219789478841926, 0.0 ], [ 115.406316309602943, 0.219730701717512, 0.0 ], [ 115.406680876357598, 0.219683606444649, 0.0 ], [ 115.407418400893647, 0.219602397279556, 0.0 ], [ 115.408185100901619, 0.219503409231897, 0.0 ], [ 115.40857747239717, 0.219471980668638, 0.0 ], [ 115.408765997176332, 0.219473427073017, 0.0 ], [ 115.409137166523351, 0.219508223064859, 0.0 ], [ 115.409674057983196, 0.219574121268668, 0.0 ], [ 115.409844664811715, 0.219583166163754, 0.0 ], [ 115.410008116755165, 0.219580655926149, 0.0 ], [ 115.410239080020062, 0.219537688211742, 0.0 ], [ 115.410440387171249, 0.219438601389305, 0.0 ], [ 115.410549605468105, 0.219337906655955, 0.0 ], [ 115.410639236105837, 0.21921545584091, 0.0 ], [ 115.410710168673546, 0.219077444953454, 0.0 ], [ 115.41077328212036, 0.218837234563054, 0.0 ], [ 115.410784348620666, 0.218573142955645, 0.0 ], [ 115.410744567285505, 0.218303772488923, 0.0 ], [ 115.41065113343582, 0.218047078461916, 0.0 ], [ 115.410558447203201, 0.217891074677726, 0.0 ], [ 115.410445005865753, 0.21774376342007, 0.0 ], [ 115.410312454758383, 0.217609125949926, 0.0 ], [ 115.41016530668314, 0.217482675210092, 0.0 ], [ 115.41000715091009, 0.217360343677816, 0.0 ], [ 115.409716070409388, 0.217171534254889, 0.0 ], [ 115.409662712166806, 0.217136923390222, 0.0 ], [ 115.409481682523534, 0.21702847172539, 0.0 ], [ 115.408920003567872, 0.216720466302771, 0.0 ], [ 115.408471614895646, 0.216441226851593, 0.0 ], [ 115.408226449957709, 0.216253884901119, 0.0 ], [ 115.408081262929656, 0.216111228089231, 0.0 ], [ 115.407951812230195, 0.215957572081784, 0.0 ], [ 115.407805660266689, 0.215729785050739, 0.0 ], [ 115.407685466380812, 0.215485711098875, 0.0 ], [ 115.407583285391866, 0.215237137067482, 0.0 ], [ 115.407516808072685, 0.215054049308905, 0.0 ], [ 115.407442284211243, 0.214777209128332, 0.0 ], [ 115.407397612489731, 0.214511797120724, 0.0 ], [ 115.40738485141668, 0.214349310458026, 0.0 ], [ 115.407406493159016, 0.214122762968304, 0.0 ], [ 115.407483297441317, 0.213934754132756, 0.0 ], [ 115.407565569081726, 0.213841400018958, 0.0 ], [ 115.407666148917386, 0.213772273423114, 0.0 ], [ 115.407779756654506, 0.21372645856317, 0.0 ], [ 115.407904999222708, 0.213710367348128, 0.0 ], [ 115.408040307366832, 0.213722767853968, 0.0 ], [ 115.408184859041299, 0.213755657143916, 0.0 ], [ 115.40833516886525, 0.213807624930514, 0.0 ], [ 115.408488193318945, 0.213878394160282, 0.0 ], [ 115.408899613368177, 0.214086312489802, 0.0 ], [ 115.409160379717093, 0.214223105532761, 0.0 ], [ 115.409678793067997, 0.214526887740994, 0.0 ], [ 115.410198096624654, 0.214814731373812, 0.0 ], [ 115.410536591130665, 0.214979900432351, 0.0 ], [ 115.410705374978832, 0.215043993507218, 0.0 ], [ 115.410875132482943, 0.215092173205778, 0.0 ], [ 115.411046242587346, 0.215117237073406, 0.0 ], [ 115.411216746138606, 0.215118112302991, 0.0 ], [ 115.4113845831086, 0.215096238447407, 0.0 ], [ 115.411549908181115, 0.215058635324616, 0.0 ], [ 115.411710390143725, 0.215005643638621, 0.0 ], [ 115.411863346634647, 0.214936635464772, 0.0 ], [ 115.412077288453091, 0.214813996605592, 0.0 ], [ 115.412258958921882, 0.214661572154547, 0.0 ], [ 115.412353081084333, 0.21453816917782, 0.0 ], [ 115.41242583313057, 0.214402654287817, 0.0 ], [ 115.412532234157766, 0.214109029850754, 0.0 ], [ 115.412578364499566, 0.213951735552258, 0.0 ], [ 115.412615108240999, 0.213784711835298, 0.0 ], [ 115.412641692347123, 0.213612492286863, 0.0 ], [ 115.412657200056955, 0.213439553503675, 0.0 ], [ 115.412649554543535, 0.213200880040918, 0.0 ], [ 115.412606164267942, 0.212962558295302, 0.0 ], [ 115.412525010378843, 0.212736307951866, 0.0 ], [ 115.412439629764677, 0.212580882931687, 0.0 ], [ 115.412337595894712, 0.212433686073619, 0.0 ], [ 115.412180260217099, 0.212255120464767, 0.0 ], [ 115.412012579288174, 0.212085801113251, 0.0 ], [ 115.411853619779194, 0.211912590230452, 0.0 ], [ 115.411749223396228, 0.211773120233892, 0.0 ], [ 115.411657965541508, 0.211629649718377, 0.0 ], [ 115.411579747815509, 0.211486884167377, 0.0 ], [ 115.411519121577413, 0.211340835725773, 0.0 ], [ 115.411479171327514, 0.211195177399862, 0.0 ], [ 115.411466123827836, 0.211045800317563, 0.0 ], [ 115.411479987691408, 0.210896335564523, 0.0 ], [ 115.411537932923096, 0.210665350793718, 0.0 ], [ 115.411641376255218, 0.210440800825435, 0.0 ], [ 115.411736751870478, 0.210302801109272, 0.0 ], [ 115.411967517342802, 0.21003765830774, 0.0 ], [ 115.412096305446568, 0.209909593882471, 0.0 ], [ 115.412653108015789, 0.209407881729907, 0.0 ], [ 115.412781317788685, 0.209268867807341, 0.0 ], [ 115.412899100401219, 0.209122885447015, 0.0 ], [ 115.413004518587499, 0.208965521973913, 0.0 ], [ 115.413096172416672, 0.208799994133625, 0.0 ], [ 115.413192338036808, 0.208559036757903, 0.0 ], [ 115.413261276640611, 0.208303025873098, 0.0 ], [ 115.413308945015586, 0.208041518696165, 0.0 ], [ 115.413372800787613, 0.207596310539819, 0.0 ], [ 115.413420444781238, 0.207344189910788, 0.0 ], [ 115.413482452569852, 0.207097409285004, 0.0 ], [ 115.41356327198713, 0.206863196023014, 0.0 ], [ 115.413642338147923, 0.206689167390501, 0.0 ], [ 115.413898512346108, 0.206182322154912, 0.0 ], [ 115.413975576009818, 0.20600889829708, 0.0 ], [ 115.414056550407949, 0.205759685767432, 0.0 ], [ 115.41411395653131, 0.205496861715457, 0.0 ], [ 115.414152459499803, 0.205228757785621, 0.0 ], [ 115.414225663413333, 0.204611956380943, 0.0 ], [ 115.414418436214987, 0.203380193015987, 0.0 ], [ 115.414486295285798, 0.203041184696274, 0.0 ], [ 115.414572297315772, 0.202717959618351, 0.0 ], [ 115.414684111293454, 0.202420774229375, 0.0 ], [ 115.414774779531101, 0.202242064476552, 0.0 ], [ 115.414874803856407, 0.202073122960049, 0.0 ], [ 115.415160780378756, 0.201665665087188, 0.0 ], [ 115.415281222377857, 0.201455723500978, 0.0 ], [ 115.415371678657081, 0.201192032382405, 0.0 ], [ 115.41541375698128, 0.200908933883473, 0.0 ], [ 115.415410524778707, 0.200619660349292, 0.0 ], [ 115.415361997877071, 0.200337125484457, 0.0 ], [ 115.41530548737731, 0.200158246607758, 0.0 ], [ 115.415235267193822, 0.199981388608033, 0.0 ], [ 115.415068619889709, 0.199635010975564, 0.0 ], [ 115.414736547719073, 0.198886655450168, 0.0 ], [ 115.4144705977412, 0.19834051742402, 0.0 ], [ 115.414388825713203, 0.198154871460341, 0.0 ], [ 115.414314945724783, 0.197967224872542, 0.0 ], [ 115.414239800131895, 0.197721099902982, 0.0 ], [ 115.414183440251847, 0.197467755261962, 0.0 ], [ 115.414142621548848, 0.197214042233202, 0.0 ], [ 115.414114850498081, 0.196966811268663, 0.0 ], [ 115.414102759725893, 0.196777756208038, 0.0 ], [ 115.414106746268047, 0.196590214814497, 0.0 ], [ 115.414126575422472, 0.196406701244286, 0.0 ], [ 115.41422742053426, 0.195795930773047, 0.0 ], [ 115.414319468730994, 0.195091929328962, 0.0 ], [ 115.414337911717908, 0.194926606342724, 0.0 ], [ 115.414345793172345, 0.194768888209673, 0.0 ], [ 115.414339185287233, 0.194621934473046, 0.0 ], [ 115.414309933416121, 0.194481226069487, 0.0 ], [ 115.414225082410624, 0.19428671974647, 0.0 ], [ 115.41404598673094, 0.193962673472376, 0.0 ], [ 115.413979582005126, 0.193826789187235, 0.0 ], [ 115.413923034379437, 0.193684520900397, 0.0 ], [ 115.413879500272571, 0.193539332691792, 0.0 ], [ 115.413855012392986, 0.193386884996072, 0.0 ], [ 115.4138493206909, 0.193230524000263, 0.0 ], [ 115.413854559802047, 0.193065475631579, 0.0 ], [ 115.413869137510162, 0.19289570907173, 0.0 ], [ 115.413964430262283, 0.192193067210232, 0.0 ], [ 115.413994218558642, 0.192022398577885, 0.0 ], [ 115.414038143851386, 0.191852368849545, 0.0 ], [ 115.414099978778012, 0.191686916958714, 0.0 ], [ 115.414179712200621, 0.191529962493691, 0.0 ], [ 115.414368817482341, 0.191218703410057, 0.0 ], [ 115.414473819085828, 0.191062943229257, 0.0 ], [ 115.414880081877172, 0.19052768588175, 0.0 ], [ 115.415063141201884, 0.190295866114523, 0.0 ], [ 115.41546159717376, 0.189861305346986, 0.0 ], [ 115.415587334011192, 0.189706005441169, 0.0 ], [ 115.415705892771868, 0.189545042511671, 0.0 ], [ 115.415850860767023, 0.189314549398389, 0.0 ], [ 115.416123260962209, 0.188836579856738, 0.0 ], [ 115.416559844248113, 0.188158902064271, 0.0 ], [ 115.416787110502, 0.187836548073918, 0.0 ], [ 115.417143472585593, 0.187385978620776, 0.0 ], [ 115.417498533152468, 0.186973040299568, 0.0 ], [ 115.41774163156424, 0.186740869007147, 0.0 ], [ 115.41798757618399, 0.186555771106536, 0.0 ], [ 115.418109491916113, 0.186484904652855, 0.0 ], [ 115.418346236181492, 0.186366083652112, 0.0 ], [ 115.418458913088656, 0.186299272501011, 0.0 ], [ 115.418566481903682, 0.186214135340158, 0.0 ], [ 115.418667087148876, 0.186105220370855, 0.0 ], [ 115.418762258210492, 0.185977844604898, 0.0 ], [ 115.418853510997849, 0.185837358515988, 0.0 ], [ 115.418938290074465, 0.185680049374719, 0.0 ], [ 115.419093112116386, 0.185332712710624, 0.0 ], [ 115.419186305968353, 0.1850626673146, 0.0 ], [ 115.419350433063045, 0.184489372684847, 0.0 ], [ 115.419438473021827, 0.184209573870092, 0.0 ], [ 115.419542292176402, 0.183950480518768, 0.0 ], [ 115.419628926940163, 0.183784597840979, 0.0 ], [ 115.419844065914063, 0.183433845890924, 0.0 ], [ 115.419973429569936, 0.18326220964628, 0.0 ], [ 115.420119428642096, 0.183131041563774, 0.0 ], [ 115.420243885012539, 0.183068523423515, 0.0 ], [ 115.420377692261255, 0.183035670841317, 0.0 ], [ 115.420517797300263, 0.183028474412032, 0.0 ], [ 115.421360538057115, 0.18308647502096, 0.0 ], [ 115.42164269836492, 0.183084650565851, 0.0 ], [ 115.421929565889542, 0.183053184372975, 0.0 ], [ 115.422311183643984, 0.182970717380263, 0.0 ], [ 115.423043439709545, 0.182790862687121, 0.0 ], [ 115.424093845789415, 0.182506297986787, 0.0 ], [ 115.424285216107023, 0.182462093064903, 0.0 ], [ 115.424662843836373, 0.182389944522953, 0.0 ], [ 115.424942771476211, 0.182324274509989, 0.0 ], [ 115.425214507739426, 0.182231819420364, 0.0 ], [ 115.425387325150524, 0.182152327227903, 0.0 ], [ 115.425554354447016, 0.182064032108788, 0.0 ], [ 115.425717158790249, 0.181966286657736, 0.0 ], [ 115.426033728668898, 0.181757548346228, 0.0 ], [ 115.426341553904393, 0.181541210532899, 0.0 ], [ 115.426901398179581, 0.181083932275555, 0.0 ], [ 115.427038304565173, 0.180983946953933, 0.0 ], [ 115.427177171110998, 0.180894590158427, 0.0 ], [ 115.427321312054659, 0.180823216664637, 0.0 ], [ 115.427474026362475, 0.180777198432041, 0.0 ], [ 115.427633131119364, 0.180756029722085, 0.0 ], [ 115.427796774217697, 0.180756644501979, 0.0 ], [ 115.427965640909107, 0.180770718845013, 0.0 ], [ 115.42813810629049, 0.180796040478402, 0.0 ], [ 115.428849645467565, 0.180942741005108, 0.0 ], [ 115.429030955647661, 0.180971814831727, 0.0 ], [ 115.429212525371639, 0.180991520118458, 0.0 ], [ 115.42992998660111, 0.181046276521351, 0.0 ], [ 115.430191426236291, 0.181052625519632, 0.0 ], [ 115.43043996515776, 0.1810344725739, 0.0 ], [ 115.430593235275012, 0.181004613943334, 0.0 ], [ 115.430736614942717, 0.180950798971649, 0.0 ], [ 115.430870286798125, 0.180869784529188, 0.0 ], [ 115.430994262039476, 0.180767100956634, 0.0 ], [ 115.431134874977317, 0.180606943033644, 0.0 ], [ 115.431530982833394, 0.180029180758732, 0.0 ], [ 115.431650236885886, 0.179878580295042, 0.0 ], [ 115.431776984675651, 0.179730459394501, 0.0 ], [ 115.432456761986387, 0.179018320640856, 0.0 ], [ 115.43266961976741, 0.178748102552605, 0.0 ], [ 115.432703992182397, 0.178704467758678, 0.0 ], [ 115.432821558028294, 0.178545372040481, 0.0 ], [ 115.433150753066428, 0.178058197771109, 0.0 ], [ 115.433631279961588, 0.177313360804443, 0.0 ], [ 115.433703872621237, 0.177180062472751, 0.0 ], [ 115.433756076671557, 0.177045035010405, 0.0 ], [ 115.433784915590749, 0.176912053096495, 0.0 ], [ 115.433783903661023, 0.17677748505502, 0.0 ], [ 115.433753011818382, 0.176645122096257, 0.0 ], [ 115.433698614096244, 0.176511355341918, 0.0 ], [ 115.43362362978857, 0.176379965397909, 0.0 ], [ 115.433334492315566, 0.175962715565484, 0.0 ], [ 115.432987455589526, 0.175527159709365, 0.0 ], [ 115.432762823453032, 0.175206594894467, 0.0 ], [ 115.43265771831237, 0.175036032459551, 0.0 ], [ 115.432513457800781, 0.174760776318633, 0.0 ], [ 115.432236967917319, 0.174191740528558, 0.0 ], [ 115.432076436539404, 0.173928111787542, 0.0 ], [ 115.431953535097847, 0.173770002339754, 0.0 ], [ 115.431818607637936, 0.173622043684988, 0.0 ], [ 115.431671863177442, 0.173487878724335, 0.0 ], [ 115.431354072299229, 0.173242379059591, 0.0 ], [ 115.430495832573158, 0.172698244813206, 0.0 ], [ 115.430328367061449, 0.172586086589776, 0.0 ], [ 115.430007322956953, 0.172346359646145, 0.0 ], [ 115.429699883513365, 0.172093394545001, 0.0 ], [ 115.429400669037179, 0.171832449865219, 0.0 ], [ 115.429255490446678, 0.171698554805609, 0.0 ], [ 115.428887384096953, 0.171317655442323, 0.0 ], [ 115.428690011062741, 0.171140676485493, 0.0 ], [ 115.428526556077813, 0.171025357056817, 0.0 ], [ 115.428348060038545, 0.170923342675735, 0.0 ], [ 115.42806172590717, 0.170807587193103, 0.0 ], [ 115.427746191598914, 0.170721723892401, 0.0 ], [ 115.427410868851211, 0.170656726837959, 0.0 ], [ 115.426367324756527, 0.170512362110443, 0.0 ], [ 115.426033100895424, 0.170458489167219, 0.0 ], [ 115.425720073638459, 0.17039006186302, 0.0 ], [ 115.425438786518725, 0.170298953341269, 0.0 ], [ 115.425266175745577, 0.170219003966682, 0.0 ], [ 115.425111333018094, 0.17013011438763, 0.0 ], [ 115.424976580736157, 0.170029765172478, 0.0 ], [ 115.424865428056606, 0.169914759600496, 0.0 ], [ 115.424778522311769, 0.169789571726629, 0.0 ], [ 115.424718406027708, 0.1696512552634, 0.0 ], [ 115.424682700974898, 0.169503855335322, 0.0 ], [ 115.424660701991115, 0.169343408037764, 0.0 ], [ 115.424630403555042, 0.168755612777157, 0.0 ], [ 115.424605842685153, 0.168502934086123, 0.0 ], [ 115.424565710671104, 0.168253322720035, 0.0 ], [ 115.424394352173849, 0.167545177442903, 0.0 ], [ 115.424320656428165, 0.1672052006857, 0.0 ], [ 115.424274739496724, 0.167039400251598, 0.0 ], [ 115.424217986488074, 0.166877773600376, 0.0 ], [ 115.423957295837738, 0.166229872524584, 0.0 ], [ 115.423849622577293, 0.165895678520449, 0.0 ], [ 115.423806165051019, 0.165731814640807, 0.0 ], [ 115.423774708507054, 0.165566419697659, 0.0 ], [ 115.423755709874655, 0.165403582456812, 0.0 ], [ 115.423733657805627, 0.165092280864669, 0.0 ], [ 115.423689376124358, 0.164852587744654, 0.0 ], [ 115.423604204427306, 0.164618354779342, 0.0 ], [ 115.423522920917648, 0.164473049566532, 0.0 ], [ 115.423425391484756, 0.164332976758426, 0.0 ], [ 115.42325272413234, 0.164138188948051, 0.0 ], [ 115.423065664281211, 0.16394673630849, 0.0 ], [ 115.422820454107978, 0.163676854337931, 0.0 ], [ 115.422361727802482, 0.163115737814391, 0.0 ], [ 115.422260553236185, 0.162971388014264, 0.0 ], [ 115.422169738384667, 0.162825554946794, 0.0 ], [ 115.422091849192498, 0.16267436532733, 0.0 ], [ 115.421902740215614, 0.162228293775523, 0.0 ], [ 115.421729655614342, 0.161899152498127, 0.0 ], [ 115.421615673723565, 0.161727918025663, 0.0 ], [ 115.421479786167282, 0.16158850447582, 0.0 ], [ 115.421359848040836, 0.161513893227404, 0.0 ], [ 115.421228245876861, 0.161463385662899, 0.0 ], [ 115.421088222141407, 0.161432158944051, 0.0 ], [ 115.420560218075948, 0.16135933453836, 0.0 ], [ 115.420328443682209, 0.161307534037125, 0.0 ], [ 115.420098876538106, 0.161232220610498, 0.0 ], [ 115.41993183249447, 0.161158084164726, 0.0 ], [ 115.419768617893482, 0.16107447007474, 0.0 ], [ 115.419446173688428, 0.160884491538368, 0.0 ], [ 115.41910628865152, 0.160702531779825, 0.0 ], [ 115.418925730628644, 0.160622081747558, 0.0 ], [ 115.418738902590036, 0.160548903394894, 0.0 ], [ 115.418546587081991, 0.160481755965899, 0.0 ], [ 115.418296727927654, 0.160414732491595, 0.0 ], [ 115.418038610029313, 0.16036454892504, 0.0 ], [ 115.417779099623004, 0.16032767869675, 0.0 ], [ 115.41732714047069, 0.1602877683354, 0.0 ], [ 115.417132754641187, 0.160288148423664, 0.0 ], [ 115.416942451503957, 0.160303471054686, 0.0 ], [ 115.416396028729338, 0.160399031788106, 0.0 ], [ 115.416041583550125, 0.160445175646792, 0.0 ], [ 115.415869704123097, 0.160452563718978, 0.0 ], [ 115.415646369589666, 0.160430614110228, 0.0 ], [ 115.4154361342638, 0.160365825806667, 0.0 ], [ 115.415251988497104, 0.160252021992863, 0.0 ], [ 115.415086621238416, 0.160059447913619, 0.0 ], [ 115.414957565805494, 0.159815479707919, 0.0 ], [ 115.414851628702621, 0.159539262132677, 0.0 ], [ 115.414757492357907, 0.159247386112624, 0.0 ], [ 115.414698624396308, 0.159050932452758, 0.0 ], [ 115.414624120389888, 0.158743969271622, 0.0 ], [ 115.414563430315582, 0.158432742108307, 0.0 ], [ 115.414529410734858, 0.15822850999828, 0.0 ], [ 115.414498948643782, 0.15791611039276, 0.0 ], [ 115.414493202130132, 0.157606070416273, 0.0 ], [ 115.414506976362219, 0.157104921422, 0.0 ], [ 115.414506406372965, 0.156812678281866, 0.0 ], [ 115.414498516711745, 0.156628363603247, 0.0 ], [ 115.414475394716973, 0.156446781715602, 0.0 ], [ 115.414436096041129, 0.15627063213296, 0.0 ], [ 115.41438615215317, 0.156094063924005, 0.0 ], [ 115.414325819711408, 0.155920625003558, 0.0 ], [ 115.414181680363328, 0.155587492029358, 0.0 ], [ 115.41404669154052, 0.155240161892697, 0.0 ], [ 115.413976752325112, 0.154993776627273, 0.0 ], [ 115.41392475775119, 0.154740696682524, 0.0 ], [ 115.413886782270396, 0.154490822935033, 0.0 ], [ 115.413867534487423, 0.154310853024605, 0.0 ], [ 115.413862632064891, 0.154131929659248, 0.0 ], [ 115.413873339570358, 0.153957880275913, 0.0 ], [ 115.413873855629703, 0.153954295499141, 0.0 ], [ 115.410460075572246, 0.155913942300394, 0.0 ], [ 115.404636940142709, 0.161417380427487, 0.0 ], [ 115.396840267133157, 0.164352230649755, 0.0 ], [ 115.393105694650529, 0.167166275924796, 0.0 ], [ 115.387132066229285, 0.171490613659251, 0.0 ], [ 115.384044290012142, 0.17619165972039, 0.0 ], [ 115.383044920187018, 0.178333168541688, 0.0 ], [ 115.379955611835669, 0.180375521045222, 0.0 ], [ 115.374482851522302, 0.184420604750683, 0.0 ], [ 115.365825687305787, 0.190571987394134, 0.0 ], [ 115.360050626000231, 0.193670643783458, 0.0 ], [ 115.357169388000372, 0.197833989778918, 0.0 ], [ 115.352115918067639, 0.198459424669433, 0.0 ], [ 115.346881103854457, 0.198697370769707, 0.0 ], [ 115.340044606660754, 0.199274557171386, 0.0 ], [ 115.335221744926045, 0.202742454475087, 0.0 ], [ 115.333004087268534, 0.204750719561671, 0.0 ], [ 115.332237252401555, 0.207075972434944, 0.0 ], [ 115.331481232224874, 0.212974136788847, 0.0 ], [ 115.33269951625968, 0.216172132377007, 0.0 ], [ 115.334526942312209, 0.219065556956747, 0.0 ], [ 115.335745226347299, 0.219826984477861, 0.0 ], [ 115.340313791478579, 0.221045268511558, 0.0 ], [ 115.342598074044176, 0.221806696032438, 0.0 ], [ 115.346252926149091, 0.22439554960382, 0.0 ], [ 115.347471210183954, 0.226070690150256, 0.0 ], [ 115.348080352201492, 0.229085943133515, 0.0 ], [ 115.34777578119278, 0.232436224225752, 0.0 ], [ 115.34838492321029, 0.238375358889799, 0.0 ], [ 115.350364634767104, 0.24218249649485, 0.0 ], [ 115.35249663182833, 0.246141919604247, 0.0 ], [ 115.35310577384594, 0.24842620216733, 0.0 ], [ 115.353714915863421, 0.252385625276382, 0.0 ], [ 115.355085485402668, 0.257258761410931, 0.0 ], [ 115.354476343385272, 0.259543043973879, 0.0 ], [ 115.352648917332615, 0.261979612041319, 0.0 ], [ 115.351430633297809, 0.265329893133744, 0.0 ], [ 115.349755492749551, 0.268832459730273, 0.0 ], [ 115.348994065227771, 0.271116742293326, 0.0 ], [ 115.350009335359431, 0.273349150346534, 0.0 ], [ 115.349831615734999, 0.274948626750435, 0.0 ], [ 115.351342232161656, 0.275837225560634, 0.0 ], [ 115.351608812409637, 0.276636964218808, 0.0 ], [ 115.351075653181184, 0.277703282168457, 0.0 ], [ 115.351435370000232, 0.278537330688688, 0.0 ], [ 115.349831615843954, 0.279302758463578, 0.0 ], [ 115.348943017114408, 0.279569338263027, 0.0 ], [ 115.346632661791688, 0.278591880308184, 0.0 ], [ 115.345744063153802, 0.278591880424995, 0.0 ], [ 115.343700287346707, 0.279213899397918, 0.0 ], [ 115.34059019326159, 0.281613114898279, 0.0 ], [ 115.340234753914416, 0.283923470409349, 0.0 ], [ 115.340323613241509, 0.285789526151493, 0.0 ], [ 115.339523874734155, 0.287211283748638, 0.0 ], [ 115.338812996552065, 0.285878386381582, 0.0 ], [ 115.337391238746704, 0.285078648079741, 0.0 ], [ 115.336591500732339, 0.283123731637972, 0.0 ], [ 115.335347462979954, 0.282857152091856, 0.0 ], [ 115.33410342523166, 0.283301451258918, 0.0 ], [ 115.332326228601673, 0.284989788414937, 0.0 ], [ 115.332148508455049, 0.286322685161815, 0.0 ], [ 115.328760381218373, 0.288555635159428, 0.0 ], [ 115.328381996711329, 0.289037218077394, 0.0 ], [ 115.327172357963448, 0.292098574306393, 0.0 ], [ 115.326106040066335, 0.29405349072003, 0.0 ], [ 115.324773142996023, 0.296897005909736, 0.0 ], [ 115.323529104745859, 0.298585342371745, 0.0 ], [ 115.321307609403689, 0.30098455751417, 0.0 ], [ 115.320419010791099, 0.302850614495744, 0.0 ], [ 115.318908393444644, 0.304005792172872, 0.0 ], [ 115.317930935668201, 0.305605269274663, 0.0 ], [ 115.316953477569896, 0.306049568381669, 0.0 ], [ 115.315176281040976, 0.305605269532672, 0.0 ], [ 115.314021103212895, 0.305199383428618, 0.0 ], [ 115.313271348293299, 0.307248713069499, 0.0 ], [ 115.314970792687518, 0.310297716538344, 0.0 ], [ 115.316670236390621, 0.312846882961776, 0.0 ], [ 115.31982672548763, 0.314969794961645, 0.0 ], [ 115.321893237643948, 0.316825438078396, 0.0 ], [ 115.32116876596173, 0.319894577989174, 0.0 ], [ 115.32146866746281, 0.323093532160316, 0.0 ], [ 115.321418683529018, 0.326792322478916, 0.0 ], [ 115.3188195334113, 0.330191211092947, 0.0 ], [ 115.319769223345503, 0.332990296178411, 0.0 ], [ 115.321418684304007, 0.334889674629073, 0.0 ], [ 115.321718585809322, 0.338838383853354, 0.0 ], [ 115.321768569448466, 0.342837076459952, 0.0 ], [ 115.322418357150795, 0.347035703048186, 0.0 ], [ 115.327266771466526, 0.348235311279255, 0.0 ], [ 115.332615022569513, 0.348485228977023, 0.0 ], [ 115.337659692254064, 0.349883751517109, 0.0 ], [ 115.337677781093618, 0.349793836722537, 0.0 ], [ 115.33773220662475, 0.349418279847299, 0.0 ], [ 115.337859903755131, 0.348294637766133, 0.0 ], [ 115.337913167879464, 0.347952705163626, 0.0 ], [ 115.337993327669551, 0.347557634209277, 0.0 ], [ 115.338076338896116, 0.347202108148076, 0.0 ], [ 115.338133976999302, 0.347038615857414, 0.0 ], [ 115.338207957066146, 0.346885933404838, 0.0 ], [ 115.338294842072415, 0.346739434439708, 0.0 ], [ 115.33839326507848, 0.346602628492989, 0.0 ], [ 115.338500848028573, 0.346471684324782, 0.0 ], [ 115.338616598517135, 0.346350466038557, 0.0 ], [ 115.338738955816297, 0.346235912140068, 0.0 ], [ 115.338867248159517, 0.346132221399704, 0.0 ], [ 115.339000549784515, 0.346037133688805, 0.0 ], [ 115.339138453873602, 0.345955155304528, 0.0 ], [ 115.339426610684868, 0.345804188924308, 0.0 ], [ 115.33957374561048, 0.345718317999897, 0.0 ], [ 115.339719122809015, 0.345620587122233, 0.0 ], [ 115.340004683663551, 0.345401628516563, 0.0 ], [ 115.340571530888766, 0.344908583026134, 0.0 ], [ 115.340729603490516, 0.344797864180222, 0.0 ], [ 115.341068626153657, 0.344596346923241, 0.0 ], [ 115.341340422186633, 0.344465775774562, 0.0 ], [ 115.341889891910213, 0.344225797965791, 0.0 ], [ 115.342136595186631, 0.344091590427893, 0.0 ], [ 115.342282232827003, 0.343989393628534, 0.0 ], [ 115.34241268367748, 0.343881556438847, 0.0 ], [ 115.342527629146176, 0.343766265583448, 0.0 ], [ 115.342826458033926, 0.3434281125681, 0.0 ], [ 115.342938860697927, 0.34332655467481, 0.0 ], [ 115.343060647835131, 0.343231355987771, 0.0 ], [ 115.343191657746445, 0.343147768944774, 0.0 ], [ 115.343331488107864, 0.343075116117953, 0.0 ], [ 115.34348014964641, 0.343018946604416, 0.0 ], [ 115.343634900944096, 0.342977932342392, 0.0 ], [ 115.344608585650604, 0.342786228544679, 0.0 ], [ 115.344772177536342, 0.342743978608791, 0.0 ], [ 115.344933866563764, 0.342687439584742, 0.0 ], [ 115.34509109819912, 0.342615027506165, 0.0 ], [ 115.345243744872334, 0.342532014715385, 0.0 ], [ 115.345391773515729, 0.342437393757722, 0.0 ], [ 115.345534742219428, 0.342336034486673, 0.0 ], [ 115.345669165154547, 0.342224853362469, 0.0 ], [ 115.345790937661789, 0.34210012826596, 0.0 ], [ 115.345898857971491, 0.341966060606263, 0.0 ], [ 115.345990394334322, 0.341819139253178, 0.0 ], [ 115.346063642576595, 0.341663118746892, 0.0 ], [ 115.346130868050992, 0.341404681170343, 0.0 ], [ 115.346146930131539, 0.341129881329953, 0.0 ], [ 115.346132337222528, 0.340944552735489, 0.0 ], [ 115.346093915367788, 0.340687019303479, 0.0 ], [ 115.346034991053941, 0.340425490532182, 0.0 ], [ 115.345951989126803, 0.340169742757344, 0.0 ], [ 115.3458733971502, 0.339986980549303, 0.0 ], [ 115.345785026667428, 0.339806298486175, 0.0 ], [ 115.345688946017205, 0.339630514885703, 0.0 ], [ 115.344970811220506, 0.338376022634866, 0.0 ], [ 115.344876078803196, 0.338184788561612, 0.0 ], [ 115.344696182283187, 0.33777332318963, 0.0 ], [ 115.344563627350908, 0.337395712237415, 0.0 ], [ 115.344304628058509, 0.336536883668916, 0.0 ], [ 115.344168630894202, 0.336109637894519, 0.0 ], [ 115.343902325019627, 0.33535341241533, 0.0 ], [ 115.343660816522075, 0.334700801882609, 0.0 ], [ 115.343622572984685, 0.334613354633412, 0.0 ], [ 115.343622708336397, 0.334593683224329, 0.0 ], [ 115.34378363511496, 0.334510516658948, 0.0 ], [ 115.34387727846844, 0.334442576954353, 0.0 ], [ 115.343974676761135, 0.334347873622342, 0.0 ], [ 115.344007714634472, 0.334306474442147, 0.0 ], [ 115.344069069656243, 0.334229593346747, 0.0 ], [ 115.344153339199011, 0.334086088094244, 0.0 ], [ 115.344223197625226, 0.333923402721806, 0.0 ], [ 115.344275257045084, 0.333748993029309, 0.0 ], [ 115.344301856849413, 0.333561657649551, 0.0 ], [ 115.344299654010086, 0.333369199666626, 0.0 ], [ 115.344270305453648, 0.33317975219608, 0.0 ], [ 115.344221183902519, 0.332991687756596, 0.0 ], [ 115.344156979134183, 0.332812267274053, 0.0 ], [ 115.343862070926548, 0.332092760380879, 0.0 ], [ 115.34372276506835, 0.331726560817553, 0.0 ], [ 115.343662674622777, 0.331540920083799, 0.0 ], [ 115.343613496128143, 0.331354241195021, 0.0 ], [ 115.34357403062252, 0.331094458065176, 0.0 ], [ 115.343565598945446, 0.330829926896234, 0.0 ], [ 115.343587188058962, 0.330569906245985, 0.0 ], [ 115.343621186042768, 0.330382639053346, 0.0 ], [ 115.343713854139367, 0.330013194852309, 0.0 ], [ 115.343888484535114, 0.329494396365033, 0.0 ], [ 115.344047523511762, 0.32898216528453, 0.0 ], [ 115.344115324136823, 0.32880987338172, 0.0 ], [ 115.344194709590624, 0.328641722613723, 0.0 ], [ 115.344282149477095, 0.328472457206337, 0.0 ], [ 115.344378665409394, 0.328306124297507, 0.0 ], [ 115.344599817132703, 0.327989606680169, 0.0 ], [ 115.344963802400954, 0.327529585894066, 0.0 ], [ 115.345109101049957, 0.32730328621889, 0.0 ], [ 115.345380404027978, 0.32683611084372, 0.0 ], [ 115.34563067339846, 0.326459505357916, 0.0 ], [ 115.345784715744841, 0.326268473960221, 0.0 ], [ 115.345960164186039, 0.326114587791552, 0.0 ], [ 115.34616360283222, 0.326012132179339, 0.0 ], [ 115.346387114477238, 0.325958037358885, 0.0 ], [ 115.34661803802463, 0.3259485915991, 0.0 ], [ 115.346791755883359, 0.325968328857948, 0.0 ], [ 115.347023835831592, 0.326018091209675, 0.0 ], [ 115.347249740054892, 0.326094484814146, 0.0 ], [ 115.347456632693124, 0.326202174919807, 0.0 ], [ 115.347593831220735, 0.326306262333539, 0.0 ], [ 115.347714821788841, 0.326425041900454, 0.0 ], [ 115.347818218880988, 0.326560423383998, 0.0 ], [ 115.347902962363506, 0.326707628914045, 0.0 ], [ 115.347989641450738, 0.326955321906499, 0.0 ], [ 115.348031694069036, 0.327219717242431, 0.0 ], [ 115.348040467628294, 0.327397000734392, 0.0 ], [ 115.348046110711905, 0.327814536717701, 0.0 ], [ 115.348047834326906, 0.327942083269258, 0.0 ], [ 115.348060532756278, 0.328123611544733, 0.0 ], [ 115.348132043666155, 0.328579177481831, 0.0 ], [ 115.348194973892902, 0.328848397452466, 0.0 ], [ 115.348303423858198, 0.329180557123053, 0.0 ], [ 115.348364256526466, 0.329334780201625, 0.0 ], [ 115.348434350444776, 0.329474801975812, 0.0 ], [ 115.348525897858977, 0.329604085439667, 0.0 ], [ 115.348707671126277, 0.329770835044582, 0.0 ], [ 115.348927867841681, 0.329916658944323, 0.0 ], [ 115.349089381353124, 0.330007770557701, 0.0 ], [ 115.349353132739779, 0.330127131368195, 0.0 ], [ 115.349826322544118, 0.330301026263259, 0.0 ], [ 115.350091067328123, 0.330378260710232, 0.0 ], [ 115.350825718917321, 0.330547364744782, 0.0 ], [ 115.351479560779595, 0.330652770719659, 0.0 ], [ 115.351744218722644, 0.330707827740549, 0.0 ], [ 115.352001182613478, 0.330779324644631, 0.0 ], [ 115.352186695483738, 0.330844988282296, 0.0 ], [ 115.352725089710788, 0.331054728518317, 0.0 ], [ 115.352958225008607, 0.331120761900984, 0.0 ], [ 115.353197910548687, 0.331166883399152, 0.0 ], [ 115.353436613647588, 0.331194942055835, 0.0 ], [ 115.3536667020648, 0.331205816525423, 0.0 ], [ 115.353842273531626, 0.331200099617589, 0.0 ], [ 115.354011261159428, 0.331173171760629, 0.0 ], [ 115.35417527588416, 0.331123467779898, 0.0 ], [ 115.35433512511716, 0.331057473842305, 0.0 ], [ 115.354492018789188, 0.330975787021344, 0.0 ], [ 115.354646626969156, 0.330884295684622, 0.0 ], [ 115.354799894789863, 0.330782356991243, 0.0 ], [ 115.355104902446826, 0.330561850905654, 0.0 ], [ 115.355646307378919, 0.330151507355595, 0.0 ], [ 115.35587343448249, 0.329964284677106, 0.0 ], [ 115.356015028299424, 0.329826431, 0.0 ], [ 115.356285708933513, 0.329538049661798, 0.0 ], [ 115.356934635259051, 0.328781957986042, 0.0 ], [ 115.357222655016002, 0.328510836151362, 0.0 ], [ 115.357823292896484, 0.327992102331666, 0.0 ], [ 115.357961516094491, 0.32784922408979, 0.0 ], [ 115.35809101144234, 0.327699532767609, 0.0 ], [ 115.358211076281378, 0.327538559821339, 0.0 ], [ 115.358321234865926, 0.327369569902787, 0.0 ], [ 115.358450553505577, 0.327124183016618, 0.0 ], [ 115.3585651654505, 0.326864060790669, 0.0 ], [ 115.358756876865101, 0.32640174954909, 0.0 ], [ 115.358967569485017, 0.325862682174164, 0.0 ], [ 115.35908195943972, 0.325602218821982, 0.0 ], [ 115.359277506768407, 0.325237669019805, 0.0 ], [ 115.359385788243372, 0.325065256473733, 0.0 ], [ 115.359503611543843, 0.324904593979552, 0.0 ], [ 115.359629782684436, 0.324750884627632, 0.0 ], [ 115.359763900450332, 0.324607651729967, 0.0 ], [ 115.35990545344886, 0.324470891610428, 0.0 ], [ 115.360057231960653, 0.324345559701478, 0.0 ], [ 115.36030866088349, 0.324187159887915, 0.0 ], [ 115.360848135412638, 0.323924547100091, 0.0 ], [ 115.361101948986075, 0.323791200077907, 0.0 ], [ 115.361256052494909, 0.323693077838257, 0.0 ], [ 115.361537344141311, 0.323496502456642, 0.0 ], [ 115.361895885947462, 0.323226521899629, 0.0 ], [ 115.361993484177262, 0.323129122017259, 0.0 ], [ 115.362073917382148, 0.32301450486587, 0.0 ], [ 115.362141358520716, 0.322841693713788, 0.0 ], [ 115.362172360441235, 0.322645031408799, 0.0 ], [ 115.362169457410559, 0.322435039683925, 0.0 ], [ 115.362133562339153, 0.322221588871566, 0.0 ], [ 115.362083046077814, 0.322053943291056, 0.0 ], [ 115.362019416471213, 0.321884235468349, 0.0 ], [ 115.361787569767714, 0.321368626621383, 0.0 ], [ 115.361638675978085, 0.321002711683056, 0.0 ], [ 115.3615516579016, 0.320707375688, 0.0 ], [ 115.361489107271908, 0.320400908289597, 0.0 ], [ 115.361447483601737, 0.320095910242281, 0.0 ], [ 115.361424735811283, 0.319805069358811, 0.0 ], [ 115.361421634640394, 0.319624875397328, 0.0 ], [ 115.361436466598363, 0.319450295861273, 0.0 ], [ 115.361469785487557, 0.319284244678525, 0.0 ], [ 115.36151562012688, 0.31912141682315, 0.0 ], [ 115.361631604632365, 0.318809806058937, 0.0 ], [ 115.361815695968929, 0.318361999768185, 0.0 ], [ 115.36188697307071, 0.318214011032503, 0.0 ], [ 115.362064685182887, 0.317920971979735, 0.0 ], [ 115.362169104348993, 0.317776044328181, 0.0 ], [ 115.362285527545453, 0.317638076714313, 0.0 ], [ 115.362412146191318, 0.317503065250228, 0.0 ], [ 115.362829308987344, 0.317117145798638, 0.0 ], [ 115.363094396480022, 0.3168324676302, 0.0 ], [ 115.363217532745168, 0.316677564109403, 0.0 ], [ 115.363333187036005, 0.316516069311059, 0.0 ], [ 115.363489852018418, 0.316253100101242, 0.0 ], [ 115.363727237654203, 0.315792368320365, 0.0 ], [ 115.363858449826949, 0.315504751160799, 0.0 ], [ 115.364400285442201, 0.314278611575639, 0.0 ], [ 115.364474099404063, 0.314094178076739, 0.0 ], [ 115.364594884620544, 0.313713535660474, 0.0 ], [ 115.364642387556302, 0.313523896103437, 0.0 ], [ 115.364676578110888, 0.313329521927989, 0.0 ], [ 115.364697095549843, 0.313133685056349, 0.0 ], [ 115.364735664055971, 0.312442834097635, 0.0 ], [ 115.364758854530962, 0.312202269783148, 0.0 ], [ 115.364792349750303, 0.311978188135725, 0.0 ], [ 115.364830738396748, 0.311816160826658, 0.0 ], [ 115.364890301420076, 0.311665137459167, 0.0 ], [ 115.364973075626793, 0.311528918469194, 0.0 ], [ 115.365073285531153, 0.31140293412288, 0.0 ], [ 115.365186112256765, 0.311283259646105, 0.0 ], [ 115.36537592763132, 0.311123026651838, 0.0 ], [ 115.36570507735513, 0.31087811021696, 0.0 ], [ 115.366014850062413, 0.310664144229547, 0.0 ], [ 115.366199772227105, 0.310580393938404, 0.0 ], [ 115.366330071216197, 0.310560554453583, 0.0 ], [ 115.366465883269669, 0.310569541423758, 0.0 ], [ 115.366607228475161, 0.310599402811298, 0.0 ], [ 115.366754208804707, 0.310647138870807, 0.0 ], [ 115.366831548434121, 0.310678754711184, 0.0 ], [ 115.367318392302522, 0.310877770978417, 0.0 ], [ 115.36757678132868, 0.310991074339511, 0.0 ], [ 115.36809221447659, 0.311236615541837, 0.0 ], [ 115.368447777093877, 0.311377180730549, 0.0 ], [ 115.368633557092636, 0.311429846258543, 0.0 ], [ 115.368824232317721, 0.311469165981139, 0.0 ], [ 115.369565202600228, 0.311582340294104, 0.0 ], [ 115.369841967299223, 0.311635872843367, 0.0 ], [ 115.370598529866953, 0.311803468762129, 0.0 ], [ 115.371242120823396, 0.311963721803559, 0.0 ], [ 115.371596577623464, 0.312043668496659, 0.0 ], [ 115.371764847354584, 0.31207014463854, 0.0 ], [ 115.372251171675757, 0.31211562038472, 0.0 ], [ 115.372411013861566, 0.312121549883935, 0.0 ], [ 115.372900468610709, 0.312116963244028, 0.0 ], [ 115.373070732738171, 0.312108334099181, 0.0 ], [ 115.373243899004436, 0.31209034342562, 0.0 ], [ 115.373778567718531, 0.312014021463205, 0.0 ], [ 115.374014581287383, 0.311998501318958, 0.0 ], [ 115.374256761807402, 0.312000984404616, 0.0 ], [ 115.374497502244949, 0.31202166578992, 0.0 ], [ 115.374729093955054, 0.312061369967158, 0.0 ], [ 115.374905428089889, 0.312106202343424, 0.0 ], [ 115.375397487892982, 0.312252442359053, 0.0 ], [ 115.375552761855232, 0.312290871286904, 0.0 ], [ 115.375704854486941, 0.312314195921128, 0.0 ], [ 115.375851583073413, 0.312321017770183, 0.0 ], [ 115.37599045421959, 0.312309018554493, 0.0 ], [ 115.376121723420425, 0.312269911610819, 0.0 ], [ 115.376285035647342, 0.312173717056068, 0.0 ], [ 115.376607741949684, 0.311903018270731, 0.0 ], [ 115.376741346842763, 0.311799266685736, 0.0 ], [ 115.377022540882948, 0.311591597426421, 0.0 ], [ 115.377455354513415, 0.311294086567054, 0.0 ], [ 115.377734047984106, 0.311113549547053, 0.0 ], [ 115.377870227817809, 0.31103707482166, 0.0 ], [ 115.378004297534375, 0.310972075260027, 0.0 ], [ 115.378139201516319, 0.310926595657821, 0.0 ], [ 115.378277891334889, 0.310908676291807, 0.0 ], [ 115.378420454318587, 0.310917082720791, 0.0 ], [ 115.378567129763553, 0.310943700107408, 0.0 ], [ 115.379289482603696, 0.31116112570168, 0.0 ], [ 115.379715699594186, 0.311267825532228, 0.0 ], [ 115.379882563900907, 0.311295890340776, 0.0 ], [ 115.380045571953247, 0.311310570826214, 0.0 ], [ 115.380202598672966, 0.311309486362237, 0.0 ], [ 115.380353936420335, 0.31128408710291, 0.0 ], [ 115.380500027465047, 0.311232431434947, 0.0 ], [ 115.380640974189376, 0.311160559638754, 0.0 ], [ 115.380776737971019, 0.311068408399038, 0.0 ], [ 115.380907218278921, 0.310961308039115, 0.0 ], [ 115.381031881762524, 0.310837556454985, 0.0 ], [ 115.381150411492271, 0.310701844550658, 0.0 ], [ 115.381261727246368, 0.310551089169547, 0.0 ], [ 115.381367888133724, 0.310390222145418, 0.0 ], [ 115.381470926331318, 0.310224070401545, 0.0 ], [ 115.38156904408882, 0.310048011437631, 0.0 ], [ 115.381757388849749, 0.309682788856401, 0.0 ], [ 115.382023565404623, 0.309104647423767, 0.0 ], [ 115.382392033536746, 0.308341285189676, 0.0 ], [ 115.382803191872242, 0.307427608689197, 0.0 ], [ 115.382931025418827, 0.30717822960786, 0.0 ], [ 115.383037485287176, 0.307004910051453, 0.0 ], [ 115.383151452292239, 0.306838721659262, 0.0 ], [ 115.383272348262224, 0.306683331556905, 0.0 ], [ 115.383399120084462, 0.306534593958727, 0.0 ], [ 115.383668664863279, 0.306266143227896, 0.0 ], [ 115.383810731535135, 0.306147801916863, 0.0 ], [ 115.383957512036957, 0.306039427447109, 0.0 ], [ 115.384109002906143, 0.305946169296019, 0.0 ], [ 115.384262549930256, 0.305865738105855, 0.0 ], [ 115.384415629025909, 0.305796692836746, 0.0 ], [ 115.38456837402704, 0.305745166943141, 0.0 ], [ 115.384721209648518, 0.30571247363744, 0.0 ], [ 115.384874289373798, 0.305705509667172, 0.0 ], [ 115.385025113878939, 0.305725456670408, 0.0 ], [ 115.385171071898711, 0.305771144003611, 0.0 ], [ 115.385312239063225, 0.305835408173272, 0.0 ], [ 115.385448600289095, 0.305916976732786, 0.0 ], [ 115.385580126, 0.306009366255195, 0.0 ], [ 115.38582734939142, 0.306220842637909, 0.0 ], [ 115.38605044300509, 0.306448924157221, 0.0 ], [ 115.386247671257024, 0.306675612683397, 0.0 ], [ 115.386353858164597, 0.306783834856012, 0.0 ], [ 115.386473285043849, 0.306883399707457, 0.0 ], [ 115.386605249292629, 0.306975057758108, 0.0 ], [ 115.386749819168614, 0.307052943273464, 0.0 ], [ 115.386904274324877, 0.307118461229461, 0.0 ], [ 115.38706643620776, 0.307172334788858, 0.0 ], [ 115.387295230504478, 0.307216035271453, 0.0 ], [ 115.387532732550866, 0.307228336435837, 0.0 ], [ 115.38776826181514, 0.307211203653859, 0.0 ], [ 115.387940317074353, 0.307181171226059, 0.0 ], [ 115.388445983595801, 0.307070795402286, 0.0 ], [ 115.388621749019933, 0.307052684922314, 0.0 ], [ 115.388802448156326, 0.307052106417182, 0.0 ], [ 115.388987051695096, 0.307067896713959, 0.0 ], [ 115.389240916219052, 0.307103563842033, 0.0 ], [ 115.389499763971443, 0.307156176934726, 0.0 ], [ 115.389754346001766, 0.307230022220132, 0.0 ], [ 115.390122009265411, 0.307380123205948, 0.0 ], [ 115.390122225746182, 0.307380236285265, 0.0 ], [ 115.390299455847838, 0.307468433095064, 0.0 ], [ 115.390299708258951, 0.307468565171668, 0.0 ], [ 115.390637664418179, 0.307674633284139, 0.0 ], [ 115.390797304786616, 0.307789850094008, 0.0 ], [ 115.390948172917916, 0.307917349671102, 0.0 ], [ 115.391090751025686, 0.308052385041255, 0.0 ], [ 115.391225411487227, 0.30819780051169, 0.0 ], [ 115.391735427306614, 0.308802192320058, 0.0 ], [ 115.391865536244083, 0.308945524414881, 0.0 ], [ 115.392135861228709, 0.309214440077047, 0.0 ], [ 115.392541580350795, 0.309577071285125, 0.0 ], [ 115.392737780536947, 0.309737902329456, 0.0 ], [ 115.392938365153739, 0.309859268143616, 0.0 ], [ 115.392942233018488, 0.309861608347027, 0.0 ], [ 115.393167006873938, 0.309924483938524, 0.0 ], [ 115.393402198917912, 0.309926398246406, 0.0 ], [ 115.393559351400256, 0.309896306622706, 0.0 ], [ 115.393717113749219, 0.30984906726467, 0.0 ], [ 115.394038224611364, 0.309716768478155, 0.0 ], [ 115.394200467162662, 0.309638422038442, 0.0 ], [ 115.394850762729192, 0.309281560373441, 0.0 ], [ 115.395117586305901, 0.309174808018143, 0.0 ], [ 115.395397716783563, 0.30909285739507, 0.0 ], [ 115.395588714992414, 0.309050755282048, 0.0 ], [ 115.395784585928979, 0.3090255946348, 0.0 ], [ 115.395988353582737, 0.309016062766203, 0.0 ], [ 115.39631225410578, 0.309015001436447, 0.0 ], [ 115.39665528387178, 0.309025405950709, 0.0 ], [ 115.39700876230593, 0.309047189982919, 0.0 ], [ 115.397980608159031, 0.30914653310124, 0.0 ], [ 115.39875084661027, 0.309192273115054, 0.0 ], [ 115.399479950007134, 0.309206038082759, 0.0 ], [ 115.399800960848879, 0.309200975276426, 0.0 ], [ 115.399968427982301, 0.309192133285426, 0.0 ] ] ] ] } }
]
}
