{
"type": "FeatureCollection",
"name": "habitat_buaya",
"crs": { "type": "name", "properties": { "name": "urn:ogc:def:crs:OGC:1.3:CRS84" } },
"features": [
{ "type": "Feature", "properties": { "Toponim": "Telen - Kedang Rantau", "subws_id": 12, "prioritas": 2, "Kls_pr": "Prioritas Dipulihkan" }, "geometry": { "type": "MultiPolygon", "coordinates": [ [ [ [ 116.723924243135883, 0.469296826722802, 0.0 ], [ 116.724101408238539, 0.464474796289434, 0.0 ], [ 116.72299465951275, 0.464762547801106, 0.0 ], [ 116.71851922224127, 0.463397512134679, 0.0 ], [ 116.714757918628464, 0.460868505039148, 0.0 ], [ 116.713976123970994, 0.459889716386485, 0.0 ], [ 116.714645536185941, 0.457147655687308, 0.0 ], [ 116.714217601300916, 0.455424144525917, 0.0 ], [ 116.712553216186251, 0.453652709304491, 0.0 ], [ 116.713028836799765, 0.452072858919374, 0.0 ], [ 116.713029743500257, 0.449914940053455, 0.0 ], [ 116.712077800980268, 0.450014203547898, 0.0 ], [ 116.70984074592846, 0.451217244597277, 0.0 ], [ 116.708482941653074, 0.450925277019934, 0.0 ], [ 116.706984929899733, 0.451020966089912, 0.0 ], [ 116.70672345708725, 0.448914464169407, 0.0 ], [ 116.70546323730693, 0.448698976572971, 0.0 ], [ 116.704630985198264, 0.44934525253493, 0.0 ], [ 116.703822484787892, 0.450637838929266, 0.0 ], [ 116.703941292885858, 0.452648584985397, 0.0 ], [ 116.705249026255387, 0.453917320702367, 0.0 ], [ 116.705163573413813, 0.45456309429484, 0.0 ], [ 116.699685687613425, 0.454589746184365, 0.0 ], [ 116.695678620056825, 0.451028187678414, 0.0 ], [ 116.692432437059125, 0.445880509258113, 0.0 ], [ 116.697216169653302, 0.440999115169948, 0.0 ], [ 116.700459632563962, 0.445122216180608, 0.0 ], [ 116.708519595007274, 0.444396898231251, 0.0 ], [ 116.707415952695996, 0.439839684917398, 0.0 ], [ 116.703510393708243, 0.440956495071027, 0.0 ], [ 116.701424540210141, 0.439794767430802, 0.0 ], [ 116.702158808310244, 0.436481975323524, 0.0 ], [ 116.701115663197001, 0.432010712203757, 0.0 ], [ 116.699605242951989, 0.431797224943428, 0.0 ], [ 116.697563612116525, 0.43470125179366, 0.0 ], [ 116.694368109391903, 0.436845693935607, 0.0 ], [ 116.690950607701879, 0.441268730776326, 0.0 ], [ 116.689663527524317, 0.442162247960532, 0.0 ], [ 116.687368027811658, 0.439815877180132, 0.0 ], [ 116.687110939266674, 0.439611367224245, 0.0 ], [ 116.687110971721324, 0.43883267327063, 0.0 ], [ 116.687111018246455, 0.437711424662367, 0.0 ], [ 116.687013032510222, 0.437051190652857, 0.0 ], [ 116.686943123433991, 0.436580526573941, 0.0 ], [ 116.686172545974699, 0.435371670820967, 0.0 ], [ 116.685254505160586, 0.434844528012813, 0.0 ], [ 116.684966935517295, 0.434679440963328, 0.0 ], [ 116.683677607953314, 0.43441811379193, 0.0 ], [ 116.682481471263202, 0.434651972137048, 0.0 ], [ 116.682045071696791, 0.434852306685097, 0.0 ], [ 116.680923357605337, 0.435802213807112, 0.0 ], [ 116.680494093064269, 0.436166890683159, 0.0 ], [ 116.681444384499216, 0.437242419671607, 0.0 ], [ 116.682220171130197, 0.438391003838243, 0.0 ], [ 116.682950323253493, 0.439861191821812, 0.0 ], [ 116.68340317300013, 0.442070710505864, 0.0 ], [ 116.683418599000277, 0.443012681504854, 0.0 ], [ 116.683889655000044, 0.444573764503037, 0.0 ], [ 116.683889655000044, 0.448367502498879, 0.0 ], [ 116.683118222000175, 0.449151976497939, 0.0 ], [ 116.682947543000239, 0.449454368497586, 0.0 ], [ 116.682947543000239, 0.456093409490215, 0.0 ], [ 116.683183071000073, 0.456804736489417, 0.0 ], [ 116.683183071000073, 0.461546908484161, 0.0 ], [ 116.683418599000277, 0.46239666448315, 0.0 ], [ 116.683418599000277, 0.462870882482672, 0.0 ], [ 116.683654127000253, 0.463107991482373, 0.0 ], [ 116.683654127000253, 0.46358220848186, 0.0 ], [ 116.683889655000044, 0.463819318481573, 0.0 ], [ 116.683889655000044, 0.465241970480008, 0.0 ], [ 116.6842003470001, 0.465403411479813, 0.0 ], [ 116.68565439400021, 0.466932622478093, 0.0 ], [ 116.686076522000093, 0.467052107477985, 0.0 ], [ 116.686540574000077, 0.467082163477902, 0.0 ], [ 116.687200837000148, 0.46752316347745, 0.0 ], [ 116.687599460000158, 0.467700048477202, 0.0 ], [ 116.688517561000111, 0.467758691477206, 0.0 ], [ 116.688904478000183, 0.467896160477051, 0.0 ], [ 116.689171354000294, 0.468229748476684, 0.0 ], [ 116.690084392, 0.468300756476587, 0.0 ], [ 116.690418592000015, 0.468634956476198, 0.0 ], [ 116.691302634000252, 0.468895025475937, 0.0 ], [ 116.691767076000048, 0.468936332475829, 0.0 ], [ 116.692004175000122, 0.469171860475606, 0.0 ], [ 116.692475234000057, 0.469171860475606, 0.0 ], [ 116.69291058300017, 0.469325055475443, 0.0 ], [ 116.693128491000039, 0.469642916475052, 0.0 ], [ 116.695483783000213, 0.469642916475052, 0.0 ], [ 116.695870940000134, 0.469847799474818, 0.0 ], [ 116.696780431000178, 0.469964575474709, 0.0 ], [ 116.697216666000188, 0.47011397247453, 0.0 ], [ 116.698158783000054, 0.47011397247453, 0.0 ], [ 116.698395882000113, 0.470349500474256, 0.0 ], [ 116.698866941000063, 0.470349500474256, 0.0 ], [ 116.69919897800014, 0.470489454474149, 0.0 ], [ 116.69919897800014, 0.470820556473699, 0.0 ], [ 116.70193699100011, 0.474000185470231, 0.0 ], [ 116.701946795000225, 0.475472235468524, 0.0 ], [ 116.702673016000105, 0.475482104468544, 0.0 ], [ 116.702692624000179, 0.476944285466897, 0.0 ], [ 116.703041029000104, 0.477334504466493, 0.0 ], [ 116.703067989000232, 0.478048323465708, 0.0 ], [ 116.703409041000185, 0.478445944465209, 0.0 ], [ 116.703436863000178, 0.479916208463609, 0.0 ], [ 116.704033577000033, 0.480256398463232, 0.0 ], [ 116.704328800000141, 0.480808144462582, 0.0 ], [ 116.704628700000058, 0.482096461461226, 0.0 ], [ 116.705553867000191, 0.483720893459374, 0.0 ], [ 116.706239630000084, 0.483936524459106, 0.0 ], [ 116.706353142000012, 0.484563211458468, 0.0 ], [ 116.706614995000237, 0.485040562457875, 0.0 ], [ 116.707457179000059, 0.485890949456913, 0.0 ], [ 116.70754125300013, 0.486596685456095, 0.0 ], [ 116.708161002000111, 0.486880624455828, 0.0 ], [ 116.708193205000086, 0.487589166455065, 0.0 ], [ 116.708866366000052, 0.487769224454811, 0.0 ], [ 116.709713218000076, 0.488816613453647, 0.0 ], [ 116.710033267000213, 0.489481057452861, 0.0 ], [ 116.710401280000085, 0.489851538452454, 0.0 ], [ 116.710423654, 0.490583124451672, 0.0 ], [ 116.710945839000033, 0.49110530945106, 0.0 ], [ 116.711431911000204, 0.493211224448712, 0.0 ], [ 116.711814119000067, 0.493813652448138, 0.0 ], [ 116.711873330000145, 0.496011724445658, 0.0 ], [ 116.7121435480001, 0.496584060444951, 0.0 ], [ 116.712609355000154, 0.497034341444494, 0.0 ], [ 116.712609355000154, 0.499257220441995, 0.0 ], [ 116.712241343000102, 0.499843998441325, 0.0 ], [ 116.712154060000159, 0.500497089440606, 0.0 ], [ 116.711873330000145, 0.500955439440104, 0.0 ], [ 116.711873330000145, 0.509105997431017, 0.0 ], [ 116.712006381000023, 0.509763929430192, 0.0 ], [ 116.712609355000154, 0.510128614429807, 0.0 ], [ 116.712657372000052, 0.510849457429032, 0.0 ], [ 116.713267259000162, 0.511905479427854, 0.0 ], [ 116.713556266000069, 0.513220402426367, 0.0 ], [ 116.714188850000255, 0.51422099942522, 0.0 ], [ 116.7144494180001, 0.514852792424585, 0.0 ], [ 116.714457511000106, 0.515585605423785, 0.0 ], [ 116.71518544300018, 0.51559375642374, 0.0 ], [ 116.715564006000236, 0.515953617423317, 0.0 ], [ 116.716296968999984, 0.515961105423276, 0.0 ], [ 116.718500638860121, 0.517217788969305, 0.0 ], [ 116.718520040022383, 0.516811776823583, 0.0 ], [ 116.718503633577413, 0.516377764891122, 0.0 ], [ 116.718571354483757, 0.515737895892765, 0.0 ], [ 116.71863199959877, 0.514468747910076, 0.0 ], [ 116.718766037776078, 0.513898405010055, 0.0 ], [ 116.718977125990293, 0.51190390914881, 0.0 ], [ 116.719985883345231, 0.507504465062477, 0.0 ], [ 116.720378753529317, 0.507036167531563, 0.0 ], [ 116.720666354525747, 0.505812398981705, 0.0 ], [ 116.719309580244371, 0.504446416816071, 0.0 ], [ 116.719359678302013, 0.498407565758264, 0.0 ], [ 116.719889451323567, 0.488877560385743, 0.0 ], [ 116.720793941184752, 0.487211609092174, 0.0 ], [ 116.720952436230746, 0.484317706204786, 0.0 ], [ 116.719775867991245, 0.481884862096473, 0.0 ], [ 116.720486632425562, 0.47721904923924, 0.0 ], [ 116.723736245127057, 0.476981220992757, 0.0 ], [ 116.723746329920886, 0.47550040259139, 0.0 ], [ 116.724953812037981, 0.473224700612296, 0.0 ], [ 116.723924243135883, 0.469296826722802, 0.0 ] ] ], [ [ [ 116.738414907497472, 0.532514183404818, 0.0 ], [ 116.735380578180184, 0.526485715663045, 0.0 ], [ 116.733216935612688, 0.524884005584049, 0.0 ], [ 116.727298593165528, 0.523986843376479, 0.0 ], [ 116.72271657250235, 0.52513980436266, 0.0 ], [ 116.721532410623979, 0.525047392039242, 0.0 ], [ 116.721537509000157, 0.525201857413027, 0.0 ], [ 116.722177682000236, 0.525543331412589, 0.0 ], [ 116.722177682000236, 0.526284291411826, 0.0 ], [ 116.722459064000105, 0.526907364411104, 0.0 ], [ 116.723088172000161, 0.527168459410843, 0.0 ], [ 116.723379377000128, 0.527730019410204, 0.0 ], [ 116.723980112000106, 0.528060399409848, 0.0 ], [ 116.724325810000067, 0.528543061409256, 0.0 ], [ 116.725762517000049, 0.5288340574089, 0.0 ], [ 116.727234579000026, 0.5288340574089, 0.0 ], [ 116.727605045000104, 0.529202070408511, 0.0 ], [ 116.727841038141705, 0.529303691712284, 0.0 ], [ 116.733216818581582, 0.527638787295426, 0.0 ], [ 116.735571317752843, 0.530649929484231, 0.0 ], [ 116.735108269478161, 0.532514183404818, 0.0 ], [ 116.738414907497472, 0.532514183404818, 0.0 ] ] ] ] } },
{ "type": "Feature", "properties": { "Toponim": "Kelinjau Hulu", "subws_id": 14, "prioritas": 3, "Kls_pr": "Sangat Prioritas Dipulihkan" }, "geometry": { "type": "MultiPolygon", "coordinates": [ [ [ [ 116.666154842865538, 0.438123479743142, 0.0 ], [ 116.666164623031875, 0.438044741295153, 0.0 ], [ 116.665578275000087, 0.438060035510376, 0.0 ], [ 116.665215210000099, 0.438496687509873, 0.0 ], [ 116.664975464, 0.43864742550969, 0.0 ], [ 116.664945415226356, 0.438680627207378, 0.0 ], [ 116.66498641871712, 0.438772713957918, 0.0 ], [ 116.666017376694185, 0.438279151544578, 0.0 ], [ 116.666154842865538, 0.438123479743142, 0.0 ] ] ], [ [ [ 116.657710504393677, 0.44507913149358, 0.0 ], [ 116.658389572520392, 0.444663056301421, 0.0 ], [ 116.659470532982837, 0.444668366223707, 0.0 ], [ 116.659813685225799, 0.444701918552748, 0.0 ], [ 116.659970629167589, 0.444479307683708, 0.0 ], [ 116.659763793386389, 0.443804269004393, 0.0 ], [ 116.660968209222688, 0.442684418082351, 0.0 ], [ 116.661595943834584, 0.442655721805641, 0.0 ], [ 116.663003223794021, 0.442124378306513, 0.0 ], [ 116.663179586033934, 0.441707877268899, 0.0 ], [ 116.66316533349746, 0.44137754351508, 0.0 ], [ 116.662793874463759, 0.441079719445099, 0.0 ], [ 116.662594908000116, 0.441126686506923, 0.0 ], [ 116.662044927000053, 0.441291907506751, 0.0 ], [ 116.661619886999972, 0.441511446506485, 0.0 ], [ 116.661019714000105, 0.441528774506539, 0.0 ], [ 116.660733519999965, 0.441624172506389, 0.0 ], [ 116.660143170000083, 0.442265136505689, 0.0 ], [ 116.659865794000098, 0.442289396505658, 0.0 ], [ 116.659741042000178, 0.442540626505327, 0.0 ], [ 116.659450210000074, 0.442566612505318, 0.0 ], [ 116.659262843000121, 0.442681485505156, 0.0 ], [ 116.659195100387819, 0.44277854258378, 0.0 ], [ 116.655884643304333, 0.44552867637778, 0.0 ], [ 116.655224386712433, 0.446636553036459, 0.0 ], [ 116.657211126366192, 0.446012661546088, 0.0 ], [ 116.657710504393677, 0.44507913149358, 0.0 ] ] ], [ [ [ 116.654252942662865, 0.44813726881167, 0.0 ], [ 116.654250019225373, 0.447892231618362, 0.0 ], [ 116.652319447390283, 0.449835872581183, 0.0 ], [ 116.649704970386409, 0.451032316409108, 0.0 ], [ 116.647396211068155, 0.453787148659247, 0.0 ], [ 116.647483736840542, 0.453884614617567, 0.0 ], [ 116.650411780299592, 0.453937060906285, 0.0 ], [ 116.651788292808646, 0.451551498482597, 0.0 ], [ 116.654054216272172, 0.449403921107592, 0.0 ], [ 116.654252942662865, 0.44813726881167, 0.0 ] ] ], [ [ [ 116.738414907497472, 0.532514183404818, 0.0 ], [ 116.735108269478161, 0.532514183404818, 0.0 ], [ 116.734743873716155, 0.533981258100271, 0.0 ], [ 116.736207485549684, 0.535775133214922, 0.0 ], [ 116.740153074415019, 0.535967497111711, 0.0 ], [ 116.738414907497472, 0.532514183404818, 0.0 ] ] ], [ [ [ 116.674246745516072, 0.590603276384452, 0.0 ], [ 116.674268128123373, 0.590122964512212, 0.0 ], [ 116.674423808607457, 0.589924214160045, 0.0 ], [ 116.674614051527328, 0.589646552472387, 0.0 ], [ 116.674804297200936, 0.58932101613126, 0.0 ], [ 116.674823339306243, 0.58898589479041, 0.0 ], [ 116.674823367040162, 0.588507148420298, 0.0 ], [ 116.674908976838765, 0.588373104458054, 0.0 ], [ 116.675184814488517, 0.588219921785896, 0.0 ], [ 116.67561284181977, 0.587923124072604, 0.0 ], [ 116.675765033159664, 0.587750784260631, 0.0 ], [ 116.675945750776535, 0.587712495104361, 0.0 ], [ 116.676151649101456, 0.587584178868284, 0.0 ], [ 116.676984834356006, 0.5877391500752, 0.0 ], [ 116.678005795051206, 0.587598099527367, 0.0 ], [ 116.678528958532752, 0.587213439150326, 0.0 ], [ 116.678865718026188, 0.587716915808822, 0.0 ], [ 116.678858709797396, 0.588014117367498, 0.0 ], [ 116.679080969348206, 0.588632924074947, 0.0 ], [ 116.679345824331989, 0.589406402010168, 0.0 ], [ 116.679812604052074, 0.589816733644692, 0.0 ], [ 116.680193527856829, 0.590085564056316, 0.0 ], [ 116.680189197522395, 0.590093536846201, 0.0 ], [ 116.679897636957364, 0.590391426381387, 0.0 ], [ 116.679821537976423, 0.590535045952666, 0.0 ], [ 116.679843087374735, 0.590730784393918, 0.0 ], [ 116.68280756977866, 0.59075336964257, 0.0 ], [ 116.683549972132425, 0.590784209196438, 0.0 ], [ 116.684234794196527, 0.590698073988638, 0.0 ], [ 116.684596239002119, 0.590458721236496, 0.0 ], [ 116.684768719465865, 0.590067304523278, 0.0 ], [ 116.685771133940193, 0.588721975040466, 0.0 ], [ 116.687298522062065, 0.587761095214198, 0.0 ], [ 116.687171549298924, 0.582251548298535, 0.0 ], [ 116.686344371155684, 0.579945183242199, 0.0 ], [ 116.688217099168796, 0.575422313309281, 0.0 ], [ 116.689629608926538, 0.576385687419159, 0.0 ], [ 116.690449726993776, 0.577853612951369, 0.0 ], [ 116.694770215347361, 0.578569223578877, 0.0 ], [ 116.697283338220146, 0.580466882377193, 0.0 ], [ 116.699138334389346, 0.580527220877169, 0.0 ], [ 116.699033828522744, 0.576506272413132, 0.0 ], [ 116.69840564129872, 0.574247282408638, 0.0 ], [ 116.697298669533396, 0.573433999237091, 0.0 ], [ 116.697847625668032, 0.569546832349868, 0.0 ], [ 116.698690204903926, 0.567907159215762, 0.0 ], [ 116.698291760892275, 0.565920179316696, 0.0 ], [ 116.697338028494585, 0.564570742364592, 0.0 ], [ 116.696767382857274, 0.563924403411162, 0.0 ], [ 116.696767432358655, 0.562966908560992, 0.0 ], [ 116.696767517552132, 0.561315229936662, 0.0 ], [ 116.695126819940825, 0.561243331965214, 0.0 ], [ 116.695174409935149, 0.560597025526679, 0.0 ], [ 116.695221978859621, 0.560357654337944, 0.0 ], [ 116.695388465085514, 0.559615604630357, 0.0 ], [ 116.695198268547088, 0.559041097849233, 0.0 ], [ 116.695626293421384, 0.558729934400093, 0.0 ], [ 116.697005429433418, 0.558801818276053, 0.0 ], [ 116.698693685683025, 0.558825843063418, 0.0 ], [ 116.699906380264707, 0.558778030796107, 0.0 ], [ 116.701023960628291, 0.558754150775504, 0.0 ], [ 116.701836565626024, 0.5587690550817, 0.0 ], [ 116.701174075164403, 0.556702861161577, 0.0 ], [ 116.705564500114164, 0.556626733820907, 0.0 ], [ 116.705672015400424, 0.551096966501861, 0.0 ], [ 116.70790562207759, 0.553317632872837, 0.0 ], [ 116.712931315036741, 0.556831418800794, 0.0 ], [ 116.713573453414838, 0.557983891108223, 0.0 ], [ 116.71429938362914, 0.558574201241245, 0.0 ], [ 116.71629570097862, 0.560021877077897, 0.0 ], [ 116.716854122970133, 0.560190554195101, 0.0 ], [ 116.717021584483447, 0.561595978394601, 0.0 ], [ 116.717775423560312, 0.562467373103386, 0.0 ], [ 116.718612978793331, 0.564350671624687, 0.0 ], [ 116.718724623033523, 0.565222035144543, 0.0 ], [ 116.719031730182891, 0.565840433282154, 0.0 ], [ 116.719715793695187, 0.566135604022628, 0.0 ], [ 116.720246273348437, 0.56675401304692, 0.0 ], [ 116.72077677465667, 0.566922688771156, 0.0 ], [ 116.720888419065503, 0.567794052427627, 0.0 ], [ 116.72125138039533, 0.568187586714074, 0.0 ], [ 116.721027968857499, 0.56900271743928, 0.0 ], [ 116.721289057417764, 0.569780395020653, 0.0 ], [ 116.721697990442294, 0.570998441581262, 0.0 ], [ 116.72214471533384, 0.571420088334389, 0.0 ], [ 116.723010281410225, 0.571476347050042, 0.0 ], [ 116.723652470910736, 0.571616919894464, 0.0 ], [ 116.724518055887202, 0.571279661675233, 0.0 ], [ 116.725327789654287, 0.571111050677116, 0.0 ], [ 116.725439437269927, 0.571926197924293, 0.0 ], [ 116.725941980394992, 0.572881905710803, 0.0 ], [ 116.726053642717645, 0.573387861237478, 0.0 ], [ 116.72665391090041, 0.574357627962239, 0.0 ], [ 116.72668179239696, 0.575200879620501, 0.0 ], [ 116.727128512674454, 0.575734959660713, 0.0 ], [ 116.727100565648897, 0.576269016868239, 0.0 ], [ 116.727631040147116, 0.577027967744322, 0.0 ], [ 116.726849208190998, 0.577590096878488, 0.0 ], [ 116.726374422255759, 0.580063608011258, 0.0 ], [ 116.726765295316994, 0.580682010569534, 0.0 ], [ 116.727351638731022, 0.580906905800819, 0.0 ], [ 116.728021764608016, 0.580766396586979, 0.0 ], [ 116.728496453813619, 0.580316686015023, 0.0 ], [ 116.729417854296145, 0.580597813931579, 0.0 ], [ 116.728286991246264, 0.581370738869818, 0.0 ], [ 116.728203195425323, 0.582017226794037, 0.0 ], [ 116.728398614600991, 0.582691836560059, 0.0 ], [ 116.728789496067634, 0.583141589101971, 0.0 ], [ 116.730855676590068, 0.583591422554593, 0.0 ], [ 116.730716037579981, 0.58423790790622, 0.0 ], [ 116.73091145705024, 0.584912517790021, 0.0 ], [ 116.729990014125434, 0.585502748574868, 0.0 ], [ 116.728928942482213, 0.586514597569067, 0.0 ], [ 116.728370468577154, 0.587357820677173, 0.0 ], [ 116.728426243994264, 0.588763240725187, 0.0 ], [ 116.728970694196505, 0.589227055125381, 0.0 ], [ 116.728876861026833, 0.589935247196232, 0.0 ], [ 116.728880464550457, 0.590411402525038, 0.0 ], [ 116.728973143383357, 0.590568484975824, 0.0 ], [ 116.730997973878601, 0.590589209708058, 0.0 ], [ 116.731137045105825, 0.590337306763267, 0.0 ], [ 116.731148945261509, 0.59010990165053, 0.0 ], [ 116.73106466924834, 0.589926086169998, 0.0 ], [ 116.731218383227272, 0.589353652309074, 0.0 ], [ 116.730897320990636, 0.588580657027814, 0.0 ], [ 116.730227238550626, 0.587793590655479, 0.0 ], [ 116.731700529414951, 0.586480188354673, 0.0 ], [ 116.732680304013428, 0.585314332348898, 0.0 ], [ 116.732796228243572, 0.583661786555943, 0.0 ], [ 116.732707951520297, 0.582980277817591, 0.0 ], [ 116.731819046070342, 0.582059563555478, 0.0 ], [ 116.731260630442137, 0.581694128200168, 0.0 ], [ 116.731246708842036, 0.580864931102812, 0.0 ], [ 116.731079221479021, 0.579965455800525, 0.0 ], [ 116.73071626678302, 0.579403271385509, 0.0 ], [ 116.72962735253904, 0.57878483548297, 0.0 ], [ 116.72901308746124, 0.578559939171908, 0.0 ], [ 116.729459910535411, 0.576929676369675, 0.0 ], [ 116.729376204066625, 0.575692904980316, 0.0 ], [ 116.729655441322194, 0.575243184718316, 0.0 ], [ 116.729097050227153, 0.574371799242663, 0.0 ], [ 116.728496749712278, 0.574076632926212, 0.0 ], [ 116.727715015298386, 0.572586853173571, 0.0 ], [ 116.727687144070373, 0.571518734699873, 0.0 ], [ 116.72746383488861, 0.57016952344042, 0.0 ], [ 116.726347004952686, 0.569466761547221, 0.0 ], [ 116.725146397364156, 0.569045078935693, 0.0 ], [ 116.724029522682585, 0.569298000295686, 0.0 ], [ 116.723526926468779, 0.569466626088397, 0.0 ], [ 116.723052263868809, 0.569382278123639, 0.0 ], [ 116.723108151215627, 0.568454705753235, 0.0 ], [ 116.722968599621723, 0.567274148970722, 0.0 ], [ 116.722759258098279, 0.565798451272614, 0.0 ], [ 116.722172935013873, 0.565180039699382, 0.0 ], [ 116.721223614685442, 0.564927018930908, 0.0 ], [ 116.720860673549936, 0.564111859811202, 0.0 ], [ 116.720441898782667, 0.563099939719018, 0.0 ], [ 116.719995207935426, 0.561975584998218, 0.0 ], [ 116.719380986729192, 0.560879330552657, 0.0 ], [ 116.718794642990375, 0.560710652292335, 0.0 ], [ 116.719143748154607, 0.558897682071429, 0.0 ], [ 116.718864559804032, 0.558335502102337, 0.0 ], [ 116.718054855019332, 0.557941946542486, 0.0 ], [ 116.717356802841024, 0.558251104376697, 0.0 ], [ 116.717021770368277, 0.557717030027504, 0.0 ], [ 116.716239994133232, 0.557182934081099, 0.0 ], [ 116.715234829987935, 0.556986127009127, 0.0 ], [ 116.714676423237037, 0.556508258470511, 0.0 ], [ 116.714676451582662, 0.555917983813179, 0.0 ], [ 116.713475891569516, 0.554596834574559, 0.0 ], [ 116.713573670030968, 0.553486560958154, 0.0 ], [ 116.712568568917305, 0.551996771505519, 0.0 ], [ 116.711507592864194, 0.551181578836475, 0.0 ], [ 116.710139485329961, 0.55028204617205, 0.0 ], [ 116.709497317962857, 0.549747956972031, 0.0 ], [ 116.708743454125155, 0.549438728680206, 0.0 ], [ 116.705899068943467, 0.547384137192459, 0.0 ], [ 116.70604778331608, 0.545319544382246, 0.0 ], [ 116.708871459553649, 0.545110230273527, 0.0 ], [ 116.709376814571044, 0.543703932575176, 0.0 ], [ 116.709495757198965, 0.542626755305939, 0.0 ], [ 116.708812185833523, 0.541519617505174, 0.0 ], [ 116.710476667700959, 0.541400010745755, 0.0 ], [ 116.711398105354746, 0.540741776331438, 0.0 ], [ 116.710714492534677, 0.540502369542695, 0.0 ], [ 116.71157648442383, 0.539844132165078, 0.0 ], [ 116.711903456188551, 0.539395321403975, 0.0 ], [ 116.711398211107465, 0.538497644616138, 0.0 ], [ 116.711160451399479, 0.538018885187599, 0.0 ], [ 116.714638018127829, 0.537989128146759, 0.0 ], [ 116.714935458902119, 0.533381190183783, 0.0 ], [ 116.713640398300342, 0.53314308650561, 0.0 ], [ 116.713107020946026, 0.528342596883633, 0.0 ], [ 116.715843439694368, 0.529111498617285, 0.0 ], [ 116.719152634987381, 0.529239779552678, 0.0 ], [ 116.720498182595392, 0.529043818297059, 0.0 ], [ 116.721639558918, 0.52854118397601, 0.0 ], [ 116.72659832137937, 0.529688566984255, 0.0 ], [ 116.727841038141705, 0.529303691712284, 0.0 ], [ 116.727605045000104, 0.529202070408511, 0.0 ], [ 116.727234579000026, 0.5288340574089, 0.0 ], [ 116.725762517000049, 0.5288340574089, 0.0 ], [ 116.724325810000067, 0.528543061409256, 0.0 ], [ 116.723980112000106, 0.528060399409848, 0.0 ], [ 116.723379377000128, 0.527730019410204, 0.0 ], [ 116.723088172000161, 0.527168459410843, 0.0 ], [ 116.722459064000105, 0.526907364411104, 0.0 ], [ 116.722177682000236, 0.526284291411826, 0.0 ], [ 116.722177682000236, 0.525543331412589, 0.0 ], [ 116.721537509000157, 0.525201857413027, 0.0 ], [ 116.721532410623979, 0.525047392039242, 0.0 ], [ 116.71961278218464, 0.524897583703044, 0.0 ], [ 116.718970259952954, 0.524847440920397, 0.0 ], [ 116.7186743435919, 0.520893739421004, 0.0 ], [ 116.718601715673202, 0.518972421061314, 0.0 ], [ 116.718496750311147, 0.517299165442956, 0.0 ], [ 116.718500638860121, 0.517217788969305, 0.0 ], [ 116.716296968999984, 0.515961105423276, 0.0 ], [ 116.715564006000236, 0.515953617423317, 0.0 ], [ 116.71518544300018, 0.51559375642374, 0.0 ], [ 116.714457511000106, 0.515585605423785, 0.0 ], [ 116.7144494180001, 0.514852792424585, 0.0 ], [ 116.714188850000255, 0.51422099942522, 0.0 ], [ 116.713556266000069, 0.513220402426367, 0.0 ], [ 116.713267259000162, 0.511905479427854, 0.0 ], [ 116.712657372000052, 0.510849457429032, 0.0 ], [ 116.712609355000154, 0.510128614429807, 0.0 ], [ 116.712006381000023, 0.509763929430192, 0.0 ], [ 116.711873330000145, 0.509105997431017, 0.0 ], [ 116.711873330000145, 0.500955439440104, 0.0 ], [ 116.712154060000159, 0.500497089440606, 0.0 ], [ 116.712241343000102, 0.499843998441325, 0.0 ], [ 116.712609355000154, 0.499257220441995, 0.0 ], [ 116.712609355000154, 0.497034341444494, 0.0 ], [ 116.7121435480001, 0.496584060444951, 0.0 ], [ 116.711873330000145, 0.496011724445658, 0.0 ], [ 116.711814119000067, 0.493813652448138, 0.0 ], [ 116.711431911000204, 0.493211224448712, 0.0 ], [ 116.710945839000033, 0.49110530945106, 0.0 ], [ 116.710423654, 0.490583124451672, 0.0 ], [ 116.710401280000085, 0.489851538452454, 0.0 ], [ 116.710033267000213, 0.489481057452861, 0.0 ], [ 116.709713218000076, 0.488816613453647, 0.0 ], [ 116.708866366000052, 0.487769224454811, 0.0 ], [ 116.708193205000086, 0.487589166455065, 0.0 ], [ 116.708161002000111, 0.486880624455828, 0.0 ], [ 116.70754125300013, 0.486596685456095, 0.0 ], [ 116.707457179000059, 0.485890949456913, 0.0 ], [ 116.706614995000237, 0.485040562457875, 0.0 ], [ 116.706353142000012, 0.484563211458468, 0.0 ], [ 116.706239630000084, 0.483936524459106, 0.0 ], [ 116.705553867000191, 0.483720893459374, 0.0 ], [ 116.704628700000058, 0.482096461461226, 0.0 ], [ 116.704328800000141, 0.480808144462582, 0.0 ], [ 116.704033577000033, 0.480256398463232, 0.0 ], [ 116.703436863000178, 0.479916208463609, 0.0 ], [ 116.703409041000185, 0.478445944465209, 0.0 ], [ 116.703067989000232, 0.478048323465708, 0.0 ], [ 116.703041029000104, 0.477334504466493, 0.0 ], [ 116.702692624000179, 0.476944285466897, 0.0 ], [ 116.702673016000105, 0.475482104468544, 0.0 ], [ 116.701946795000225, 0.475472235468524, 0.0 ], [ 116.70193699100011, 0.474000185470231, 0.0 ], [ 116.69919897800014, 0.470820556473699, 0.0 ], [ 116.69919897800014, 0.470489454474149, 0.0 ], [ 116.698866941000063, 0.470349500474256, 0.0 ], [ 116.698395882000113, 0.470349500474256, 0.0 ], [ 116.698158783000054, 0.47011397247453, 0.0 ], [ 116.697216666000188, 0.47011397247453, 0.0 ], [ 116.696780431000178, 0.469964575474709, 0.0 ], [ 116.695870940000134, 0.469847799474818, 0.0 ], [ 116.695483783000213, 0.469642916475052, 0.0 ], [ 116.693128491000039, 0.469642916475052, 0.0 ], [ 116.69291058300017, 0.469325055475443, 0.0 ], [ 116.692475234000057, 0.469171860475606, 0.0 ], [ 116.692004175000122, 0.469171860475606, 0.0 ], [ 116.691767076000048, 0.468936332475829, 0.0 ], [ 116.691302634000252, 0.468895025475937, 0.0 ], [ 116.690418592000015, 0.468634956476198, 0.0 ], [ 116.690084392, 0.468300756476587, 0.0 ], [ 116.689171354000294, 0.468229748476684, 0.0 ], [ 116.688904478000183, 0.467896160477051, 0.0 ], [ 116.688517561000111, 0.467758691477206, 0.0 ], [ 116.687599460000158, 0.467700048477202, 0.0 ], [ 116.687200837000148, 0.46752316347745, 0.0 ], [ 116.686540574000077, 0.467082163477902, 0.0 ], [ 116.686076522000093, 0.467052107477985, 0.0 ], [ 116.68565439400021, 0.466932622478093, 0.0 ], [ 116.6842003470001, 0.465403411479813, 0.0 ], [ 116.683889655000044, 0.465241970480008, 0.0 ], [ 116.683889655000044, 0.463819318481573, 0.0 ], [ 116.683654127000253, 0.46358220848186, 0.0 ], [ 116.683654127000253, 0.463107991482373, 0.0 ], [ 116.683418599000277, 0.462870882482672, 0.0 ], [ 116.683418599000277, 0.46239666448315, 0.0 ], [ 116.683183071000073, 0.461546908484161, 0.0 ], [ 116.683183071000073, 0.456804736489417, 0.0 ], [ 116.682947543000239, 0.456093409490215, 0.0 ], [ 116.682947543000239, 0.449454368497586, 0.0 ], [ 116.683118222000175, 0.449151976497939, 0.0 ], [ 116.683889655000044, 0.448367502498879, 0.0 ], [ 116.683889655000044, 0.444573764503037, 0.0 ], [ 116.683418599000277, 0.443012681504854, 0.0 ], [ 116.68340317300013, 0.442070710505864, 0.0 ], [ 116.682950323253493, 0.439861191821812, 0.0 ], [ 116.682220171130197, 0.438391003838243, 0.0 ], [ 116.681444384499216, 0.437242419671607, 0.0 ], [ 116.680494093064269, 0.436166890683159, 0.0 ], [ 116.680412209688498, 0.43623645378856, 0.0 ], [ 116.679633991684227, 0.436498786635116, 0.0 ], [ 116.678863654347836, 0.436408285772775, 0.0 ], [ 116.678436226660523, 0.436236369046978, 0.0 ], [ 116.678176747216497, 0.435802096180365, 0.0 ], [ 116.678137891192605, 0.43564224175481, 0.0 ], [ 116.676491041874286, 0.436650328674699, 0.0 ], [ 116.675766561908063, 0.438676002454347, 0.0 ], [ 116.676107234506901, 0.441701905623827, 0.0 ], [ 116.678583440113798, 0.443510808500862, 0.0 ], [ 116.680555332640225, 0.445144964372171, 0.0 ], [ 116.681065042806253, 0.446279382281625, 0.0 ], [ 116.681145458637346, 0.447953969269401, 0.0 ], [ 116.680769812729949, 0.448737225736418, 0.0 ], [ 116.679428313244003, 0.449385392449335, 0.0 ], [ 116.67490127079823, 0.450018496212869, 0.0 ], [ 116.674048960173451, 0.450560062245631, 0.0 ], [ 116.673887924577897, 0.451883515314237, 0.0 ], [ 116.674236646723131, 0.453234000936861, 0.0 ], [ 116.67392371974816, 0.45575328368536, 0.0 ], [ 116.673860897922808, 0.456259036602217, 0.0 ], [ 116.672975474876154, 0.457393390761991, 0.0 ], [ 116.672130266778154, 0.459162467231798, 0.0 ], [ 116.670439928227424, 0.460972018011332, 0.0 ], [ 116.670037422878806, 0.462349478011537, 0.0 ], [ 116.670422220309405, 0.46417509015636, 0.0 ], [ 116.671861749394921, 0.464024145434086, 0.0 ], [ 116.673149512068818, 0.465158600059575, 0.0 ], [ 116.673377514786068, 0.466198472436012, 0.0 ], [ 116.673028654115129, 0.467873038659571, 0.0 ], [ 116.672196853274841, 0.469736647675989, 0.0 ], [ 116.671901673356075, 0.470925046977745, 0.0 ], [ 116.67203574117616, 0.472626645024195, 0.0 ], [ 116.672290524432015, 0.474692875639156, 0.0 ], [ 116.671700215186107, 0.475962288845702, 0.0 ], [ 116.67035868161031, 0.477177646828394, 0.0 ], [ 116.669473253337188, 0.47831199824565, 0.0 ], [ 116.669124407409555, 0.479608431726508, 0.0 ], [ 116.669204858332151, 0.480391707771026, 0.0 ], [ 116.669486543064011, 0.480918404462113, 0.0 ], [ 116.669942633437103, 0.481161511158183, 0.0 ], [ 116.67039874459708, 0.48097246764827, 0.0 ], [ 116.671123197549022, 0.479811099103932, 0.0 ], [ 116.671552539509761, 0.478352612810628, 0.0 ], [ 116.672116005683407, 0.477380301827948, 0.0 ], [ 116.673028246511521, 0.476597073115697, 0.0 ], [ 116.673859975732185, 0.476300009464719, 0.0 ], [ 116.674450217695792, 0.47646209394032, 0.0 ], [ 116.674906289277629, 0.477110341183607, 0.0 ], [ 116.674798920356224, 0.478190712060486, 0.0 ], [ 116.6742354631929, 0.478973957697194, 0.0 ], [ 116.673832981851263, 0.479784220290191, 0.0 ], [ 116.67369875980549, 0.481350758814097, 0.0 ], [ 116.673967023176274, 0.4820260066606, 0.0 ], [ 116.67431579317622, 0.482323126815771, 0.0 ], [ 116.674906057379118, 0.48202605185063, 0.0 ], [ 116.675415852052566, 0.481323831895747, 0.0 ], [ 116.675872029504845, 0.47973029905735, 0.0 ], [ 116.677159920965664, 0.478163814833181, 0.0 ], [ 116.678984348708809, 0.477758759798074, 0.0 ], [ 116.680486778325118, 0.47829901857323, 0.0 ], [ 116.681989181007097, 0.479433484375523, 0.0 ], [ 116.684307596734882, 0.479574121062488, 0.0 ], [ 116.685329458513138, 0.479501163291216, 0.0 ], [ 116.686429454852956, 0.47985233671386, 0.0 ], [ 116.687211822568315, 0.480799928118934, 0.0 ], [ 116.687636681255796, 0.482148194054918, 0.0 ], [ 116.687663459091837, 0.48328259149345, 0.0 ], [ 116.687448792735324, 0.48393080790039, 0.0 ], [ 116.686778036903974, 0.484281899342669, 0.0 ], [ 116.68353165451542, 0.484335766403503, 0.0 ], [ 116.679936454417543, 0.485118869413358, 0.0 ], [ 116.678487637054275, 0.4855509508149, 0.0 ], [ 116.678058340873577, 0.486037099562657, 0.0 ], [ 116.677950977740608, 0.486982423645698, 0.0 ], [ 116.679144820494983, 0.488535522045797, 0.0 ], [ 116.680888669746167, 0.490102151648326, 0.0 ], [ 116.681371559100953, 0.49102049494681, 0.0 ], [ 116.681344630820362, 0.493100218633216, 0.0 ], [ 116.680861641194468, 0.494288609564034, 0.0 ], [ 116.680190882745933, 0.49466670885134, 0.0 ], [ 116.6794396483958, 0.494774709989265, 0.0 ], [ 116.678259175409295, 0.49415343609908, 0.0 ], [ 116.677132377576982, 0.493208051925925, 0.0 ], [ 116.676488480251138, 0.492937926447855, 0.0 ], [ 116.675576276568194, 0.49288386296595, 0.0 ], [ 116.673993310921162, 0.493288926093549, 0.0 ], [ 116.672651782525094, 0.494288207310264, 0.0 ], [ 116.670827818477306, 0.496277205809352, 0.0 ], [ 116.669606458834494, 0.497623714361927, 0.0 ], [ 116.668613697635266, 0.49894712387954, 0.0 ], [ 116.668452690278286, 0.499541322078747, 0.0 ], [ 116.668694106615391, 0.500540681393337, 0.0 ], [ 116.670652638475573, 0.501134987192265, 0.0 ], [ 116.671859955058935, 0.50145916088084, 0.0 ], [ 116.673308759986355, 0.5013511962345, 0.0 ], [ 116.674730751394279, 0.50091911714011, 0.0 ], [ 116.676233287252998, 0.499352646804818, 0.0 ], [ 116.677145518193072, 0.498866522683947, 0.0 ], [ 116.677923578571594, 0.498839551656201, 0.0 ], [ 116.678701604958221, 0.499514825155231, 0.0 ], [ 116.678873211451005, 0.501038427820903, 0.0 ], [ 116.67878197950688, 0.50186464756995, 0.0 ], [ 116.677963615368739, 0.503093535011535, 0.0 ], [ 116.676944061088506, 0.503660681767503, 0.0 ], [ 116.674797671202441, 0.504038705871153, 0.0 ], [ 116.673214736179688, 0.50376853216919, 0.0 ], [ 116.671551307228654, 0.503606391656698, 0.0 ], [ 116.670209821880576, 0.503687351605812, 0.0 ], [ 116.669512224435337, 0.504227503713197, 0.0 ], [ 116.669270686874199, 0.505631979198509, 0.0 ], [ 116.669995019978614, 0.506955476101569, 0.0 ], [ 116.671443765950059, 0.508035925788487, 0.0 ], [ 116.675333986970756, 0.509602668791473, 0.0 ], [ 116.677493659893955, 0.511912082028762, 0.0 ], [ 116.679022866882661, 0.513613751933932, 0.0 ], [ 116.679827699689099, 0.514775197182503, 0.0 ], [ 116.680069119808067, 0.515720538730379, 0.0 ], [ 116.67972029589194, 0.516476784523705, 0.0 ], [ 116.678861722414396, 0.516935900841592, 0.0 ], [ 116.677815370876417, 0.516800800443715, 0.0 ], [ 116.67631298976471, 0.515180159571757, 0.0 ], [ 116.675025233159744, 0.51382962375336, 0.0 ], [ 116.673522800035613, 0.513262349396879, 0.0 ], [ 116.671403571365289, 0.512797737378958, 0.0 ], [ 116.670410581997558, 0.512803029162999, 0.0 ], [ 116.669256867749951, 0.513559231931495, 0.0 ], [ 116.66858607053625, 0.514639572146144, 0.0 ], [ 116.668451873336423, 0.515584893379352, 0.0 ], [ 116.669122556465609, 0.516719322479227, 0.0 ], [ 116.669833507308795, 0.517408098967727, 0.0 ], [ 116.671194553416214, 0.518085790856964, 0.0 ], [ 116.672274947421883, 0.518596639478842, 0.0 ], [ 116.672570043468411, 0.519190861427912, 0.0 ], [ 116.672328542819201, 0.51983907418178, 0.0 ], [ 116.671335832940173, 0.520055097343179, 0.0 ], [ 116.670048021655646, 0.519784935869306, 0.0 ], [ 116.669135834709436, 0.519352737735643, 0.0 ], [ 116.668384603528438, 0.519352698105118, 0.0 ], [ 116.667043038739877, 0.520892161452707, 0.0 ], [ 116.665218590268907, 0.521459260907948, 0.0 ], [ 116.662830717010877, 0.522053338599039, 0.0 ], [ 116.662267215822538, 0.523511813669339, 0.0 ], [ 116.663326893923553, 0.525280984351831, 0.0 ], [ 116.66378292216497, 0.526712505387751, 0.0 ], [ 116.663809503316457, 0.531331108200886, 0.0 ], [ 116.663795994114153, 0.5330732114851, 0.0 ], [ 116.66336663622144, 0.534585712200353, 0.0 ], [ 116.662588526710209, 0.535449968738417, 0.0 ], [ 116.661032397630947, 0.535530910409821, 0.0 ], [ 116.660442173226429, 0.534990690436449, 0.0 ], [ 116.658778771922101, 0.534234335745191, 0.0 ], [ 116.656398391447297, 0.533473067836642, 0.0 ], [ 116.653788523594727, 0.532829569261919, 0.0 ], [ 116.652393351979256, 0.533315658139415, 0.0 ], [ 116.65201767850921, 0.534341991357151, 0.0 ], [ 116.652500439684488, 0.537421082726334, 0.0 ], [ 116.653573540041066, 0.538987685521645, 0.0 ], [ 116.654364911012365, 0.540864879720789, 0.0 ], [ 116.654955142373964, 0.541270053577567, 0.0 ], [ 116.655813697189146, 0.54121608402986, 0.0 ], [ 116.656564967981765, 0.540540893297865, 0.0 ], [ 116.657584528498944, 0.540000764334842, 0.0 ], [ 116.658899187494455, 0.539973829380789, 0.0 ], [ 116.661260160576177, 0.540784242976204, 0.0 ], [ 116.662145482820335, 0.541864666991107, 0.0 ], [ 116.662681998828802, 0.543296193202988, 0.0 ], [ 116.662520964710694, 0.544295530471421, 0.0 ], [ 116.661125762150732, 0.545267788496337, 0.0 ], [ 116.655424326437895, 0.547198630516565, 0.0 ], [ 116.653304723780948, 0.548089815572472, 0.0 ], [ 116.652078700526701, 0.549459168053394, 0.0 ], [ 116.650062929744536, 0.552174354162549, 0.0 ], [ 116.648716486771633, 0.554031596797491, 0.0 ], [ 116.648273697327085, 0.555692643426656, 0.0 ], [ 116.648166222804491, 0.558312540784183, 0.0 ], [ 116.648461262261179, 0.559798071082607, 0.0 ], [ 116.64974295661321, 0.561287265391098, 0.0 ], [ 116.650790911614209, 0.562137736359194, 0.0 ], [ 116.651936625726933, 0.562918404565448, 0.0 ], [ 116.652579434965119, 0.563242007703117, 0.0 ], [ 116.653062488366245, 0.561270355472632, 0.0 ], [ 116.654323548838846, 0.560271085267234, 0.0 ], [ 116.655208926786088, 0.560379175118214, 0.0 ], [ 116.655960124138502, 0.561027443745657, 0.0 ], [ 116.657006388409357, 0.562729094160567, 0.0 ], [ 116.658294150158099, 0.563944590791488, 0.0 ], [ 116.660091709682604, 0.564646939888092, 0.0 ], [ 116.661701554463477, 0.563728716292261, 0.0 ], [ 116.66183442433011, 0.562937474927175, 0.0 ], [ 116.662931524311517, 0.563599324738587, 0.0 ], [ 116.663375228996657, 0.564553674134848, 0.0 ], [ 116.663429682436387, 0.565709514902414, 0.0 ], [ 116.66258991484564, 0.566930641514787, 0.0 ], [ 116.661989470107855, 0.567786152387916, 0.0 ], [ 116.662293535170392, 0.568637512668711, 0.0 ], [ 116.663892429848062, 0.568058799556052, 0.0 ], [ 116.665545860037312, 0.56746034684316, 0.0 ], [ 116.666718673989962, 0.567265222953052, 0.0 ], [ 116.667525892301512, 0.567267864001014, 0.0 ], [ 116.669273577463102, 0.567074987323337, 0.0 ], [ 116.670228621680408, 0.566589427699694, 0.0 ], [ 116.670497724486751, 0.566241660149087, 0.0 ], [ 116.671022316055854, 0.56468830144356, 0.0 ], [ 116.671239190405089, 0.563301450918864, 0.0 ], [ 116.670867198588525, 0.562402925378463, 0.0 ], [ 116.670271608212659, 0.561412482245716, 0.0 ], [ 116.670007109825434, 0.560376200121492, 0.0 ], [ 116.669944999467944, 0.559532382358648, 0.0 ], [ 116.67023184729085, 0.55810796087521, 0.0 ], [ 116.67011527133721, 0.557264345363879, 0.0 ], [ 116.669815174289823, 0.556485936709907, 0.0 ], [ 116.669257962863071, 0.555923418205166, 0.0 ], [ 116.668808739903724, 0.555498209120426, 0.0 ], [ 116.668420603899932, 0.555282074581354, 0.0 ], [ 116.668763362799552, 0.555093746950463, 0.0 ], [ 116.669084390344807, 0.554698799467098, 0.0 ], [ 116.669357868097592, 0.554184162726095, 0.0 ], [ 116.669024979421465, 0.554076426127743, 0.0 ], [ 116.668692108044553, 0.553657504531418, 0.0 ], [ 116.668490011404941, 0.553334339525602, 0.0 ], [ 116.667966903999513, 0.553106905679072, 0.0 ], [ 116.667515107887539, 0.553298378648969, 0.0 ], [ 116.667110882136811, 0.55323851257433, 0.0 ], [ 116.666742330355888, 0.553058961983343, 0.0 ], [ 116.666361881501018, 0.553023034516339, 0.0 ], [ 116.666017098593684, 0.553011046348112, 0.0 ], [ 116.665921990568336, 0.552927260410632, 0.0 ], [ 116.665613004233734, 0.552794165850729, 0.0 ], [ 116.665663442322057, 0.550666614033815, 0.0 ], [ 116.66712717163449, 0.549833860635697, 0.0 ], [ 116.668579073646526, 0.545910559501218, 0.0 ], [ 116.670812058116894, 0.538409359362268, 0.0 ], [ 116.672213211440621, 0.53359189253461, 0.0 ], [ 116.673422500414972, 0.529434083395478, 0.0 ], [ 116.674558517726723, 0.529331322304968, 0.0 ], [ 116.675146613232528, 0.530999386317271, 0.0 ], [ 116.677867711833812, 0.531447887201405, 0.0 ], [ 116.679267647036113, 0.53359564885267, 0.0 ], [ 116.679753666434507, 0.535634860388653, 0.0 ], [ 116.681423256953195, 0.536059671489062, 0.0 ], [ 116.682782880973747, 0.537342161084982, 0.0 ], [ 116.685264744658866, 0.537982934420666, 0.0 ], [ 116.686664674622932, 0.540225261778714, 0.0 ], [ 116.686823498777258, 0.545510584892736, 0.0 ], [ 116.685232477084369, 0.546663660774791, 0.0 ], [ 116.685359707305523, 0.547560569248061, 0.0 ], [ 116.685168694773566, 0.549418427091668, 0.0 ], [ 116.685423191790235, 0.550507535614514, 0.0 ], [ 116.683832090306126, 0.553134091403652, 0.0 ], [ 116.682241174698703, 0.552237104362852, 0.0 ], [ 116.681541191906959, 0.55146829400332, 0.0 ], [ 116.680586587071133, 0.551980757592439, 0.0 ], [ 116.680204653225559, 0.553902668299172, 0.0 ], [ 116.680459138588276, 0.555183969744529, 0.0 ], [ 116.679854481077498, 0.556881642797144, 0.0 ], [ 116.678899840403759, 0.558034749218242, 0.0 ], [ 116.678836153156936, 0.55893164687501, 0.0 ], [ 116.679918022732778, 0.558675448813483, 0.0 ], [ 116.68163621941828, 0.559508379817571, 0.0 ], [ 116.683036247870177, 0.559892842529426, 0.0 ], [ 116.683227077603348, 0.561494462827356, 0.0 ], [ 116.68150872731573, 0.563480364796725, 0.0 ], [ 116.680337361728405, 0.565327230404286, 0.0 ], [ 116.678979984714232, 0.565537377466279, 0.0 ], [ 116.678423014503494, 0.56739431129888, 0.0 ], [ 116.678840568795351, 0.569146188377286, 0.0 ], [ 116.678109634575307, 0.569952000006404, 0.0 ], [ 116.676995925497266, 0.569461418299908, 0.0 ], [ 116.676299842289623, 0.569426341924876, 0.0 ], [ 116.676125756436733, 0.570582555191371, 0.0 ], [ 116.676856565708704, 0.572019116318127, 0.0 ], [ 116.677761441668821, 0.572649834809709, 0.0 ], [ 116.682780929986123, 0.573922930620378, 0.0 ], [ 116.682653429273799, 0.577958980055931, 0.0 ], [ 116.683035169604736, 0.579624675701169, 0.0 ], [ 116.682462316611918, 0.581482510643981, 0.0 ], [ 116.681189449972351, 0.583084047905783, 0.0 ], [ 116.680599435450631, 0.583085678558212, 0.0 ], [ 116.680180938926455, 0.583047354911133, 0.0 ], [ 116.679762440261229, 0.583047330965269, 0.0 ], [ 116.679248822867308, 0.583143050851771, 0.0 ], [ 116.678792282159748, 0.583085575059097, 0.0 ], [ 116.678012339886536, 0.583315328545927, 0.0 ], [ 116.67772697159937, 0.583813208482064, 0.0 ], [ 116.677574770641598, 0.584157897186265, 0.0 ], [ 116.677498654861012, 0.584598339575255, 0.0 ], [ 116.677346460406056, 0.584828129093678, 0.0 ], [ 116.676870886059646, 0.584962150567783, 0.0 ], [ 116.67664261734329, 0.584904687756196, 0.0 ], [ 116.676490446974483, 0.584713180345391, 0.0 ], [ 116.676376338382454, 0.584234427272158, 0.0 ], [ 116.676148078476913, 0.584023765598133, 0.0 ], [ 116.675577378843585, 0.584368429887765, 0.0 ], [ 116.675463207683009, 0.58498121865329, 0.0 ], [ 116.675824629525408, 0.585134438539219, 0.0 ], [ 116.675919728567109, 0.585383392213108, 0.0 ], [ 116.675938734741294, 0.585670641177346, 0.0 ], [ 116.675938717140639, 0.585977038891282, 0.0 ], [ 116.675824572320863, 0.586130231099261, 0.0 ], [ 116.675501181438875, 0.586225961528802, 0.0 ], [ 116.675444104610861, 0.586379157048627, 0.0 ], [ 116.6751587623679, 0.586417440099958, 0.0 ], [ 116.674827293818012, 0.586392286543032, 0.0 ], [ 116.674275632028895, 0.586468853674574, 0.0 ], [ 116.673819063626595, 0.586890123678513, 0.0 ], [ 116.673476642281699, 0.587119901795628, 0.0 ], [ 116.673001056673741, 0.587445421291948, 0.0 ], [ 116.672506445007954, 0.587828389144585, 0.0 ], [ 116.671992817323144, 0.588096456692424, 0.0 ], [ 116.671597362758973, 0.588453099218358, 0.0 ], [ 116.671543847149579, 0.58869845348157, 0.0 ], [ 116.671496274222591, 0.588976123463506, 0.0 ], [ 116.671401151336354, 0.589138891529476, 0.0 ], [ 116.671163355602033, 0.589349525733395, 0.0 ], [ 116.671011176480789, 0.589311216992334, 0.0 ], [ 116.670849484341929, 0.589301632453266, 0.0 ], [ 116.670744854033472, 0.589397375463865, 0.0 ], [ 116.670630704509463, 0.589627166831074, 0.0 ], [ 116.670402416125839, 0.589904826002196, 0.0 ], [ 116.670354853248881, 0.59001014732048, 0.0 ], [ 116.670288266005954, 0.590144192270559, 0.0 ], [ 116.669605243995264, 0.590066804946727, 0.0 ], [ 116.668768243125527, 0.590124204373982, 0.0 ], [ 116.668026354512975, 0.590200759221604, 0.0 ], [ 116.667512728841231, 0.590430526425598, 0.0 ], [ 116.666860807414366, 0.590846078391778, 0.0 ], [ 116.673958765412792, 0.59084457300681, 0.0 ], [ 116.674246745516072, 0.590603276384452, 0.0 ] ], [ [ 116.687610712426519, 0.572386647523387, 0.0 ], [ 116.687658746614389, 0.563339847242862, 0.0 ], [ 116.688525412308138, 0.562510887139831, 0.0 ], [ 116.689941507529042, 0.562454287791627, 0.0 ], [ 116.690107994540583, 0.56171223864265, 0.0 ], [ 116.689751339445309, 0.561353159258309, 0.0 ], [ 116.691344475884222, 0.561496868279948, 0.0 ], [ 116.69122553174131, 0.562502231034986, 0.0 ], [ 116.690940129424831, 0.563699083739933, 0.0 ], [ 116.691510793007893, 0.563986362512834, 0.0 ], [ 116.691677210732294, 0.564560868025026, 0.0 ], [ 116.691534498112802, 0.565374730626795, 0.0 ], [ 116.691724697885462, 0.565877425351919, 0.0 ], [ 116.691415540895164, 0.566619466936879, 0.0 ], [ 116.690654614002199, 0.567026361161065, 0.0 ], [ 116.690131509414542, 0.566691210014361, 0.0 ], [ 116.689846141930346, 0.567217816460562, 0.0 ], [ 116.690083901909375, 0.567648701689793, 0.0 ], [ 116.6897272109358, 0.567959868052508, 0.0 ], [ 116.690345432561116, 0.568223212348547, 0.0 ], [ 116.690916130748334, 0.567864182746206, 0.0 ], [ 116.691272769610478, 0.56853444797125, 0.0 ], [ 116.690773403686833, 0.568941356147408, 0.0 ], [ 116.69022650281066, 0.56894132661605, 0.0 ], [ 116.689917365763122, 0.569300370231509, 0.0 ], [ 116.68996490317835, 0.569659433137634, 0.0 ], [ 116.689964886543535, 0.569970618757872, 0.0 ], [ 116.690630684128251, 0.569874905370025, 0.0 ], [ 116.691177609323816, 0.569420125105883, 0.0 ], [ 116.691629389447471, 0.569563773605735, 0.0 ], [ 116.691581815020811, 0.569898894071505, 0.0 ], [ 116.690963526753123, 0.570880292378675, 0.0 ], [ 116.690059906200375, 0.571718050866153, 0.0 ], [ 116.689465418891913, 0.572268577677382, 0.0 ], [ 116.687610712426519, 0.572386647523387, 0.0 ] ] ], [ [ [ 116.681436139343376, 0.614082230967696, 0.0 ], [ 116.681493642853837, 0.614078515250004, 0.0 ], [ 116.681611585337407, 0.614063202761543, 0.0 ], [ 116.68162736169262, 0.614058970218942, 0.0 ], [ 116.681649854940815, 0.614056530500336, 0.0 ], [ 116.681662296871835, 0.614053799002622, 0.0 ], [ 116.681697828056528, 0.61404259009441, 0.0 ], [ 116.681709596704081, 0.614040654391043, 0.0 ], [ 116.681914847768667, 0.613971269520496, 0.0 ], [ 116.681928138544492, 0.613962980474931, 0.0 ], [ 116.68194637604185, 0.613959268953953, 0.0 ], [ 116.682068848977451, 0.613907287206711, 0.0 ], [ 116.682230011200986, 0.613847810847283, 0.0 ], [ 116.68224166118739, 0.613840320770832, 0.0 ], [ 116.68225596084983, 0.61383730080733, 0.0 ], [ 116.682333955814471, 0.613802834874777, 0.0 ], [ 116.682338182525442, 0.613799927092479, 0.0 ], [ 116.682388817213933, 0.6137738990734, 0.0 ], [ 116.682438278741458, 0.613743262906422, 0.0 ], [ 116.682457016652563, 0.613728365759007, 0.0 ], [ 116.682474677473493, 0.613718157329858, 0.0 ], [ 116.682522236765465, 0.613681775194363, 0.0 ], [ 116.682568083678689, 0.613641493251288, 0.0 ], [ 116.68257801965116, 0.613626525592924, 0.0 ], [ 116.682589916702227, 0.613617891180629, 0.0 ], [ 116.682628880550567, 0.613572637678908, 0.0 ], [ 116.682663003883093, 0.613538290442965, 0.0 ], [ 116.68271569636704, 0.613490224597148, 0.0 ], [ 116.682731852331202, 0.613467135853418, 0.0 ], [ 116.68275322731462, 0.613451639071863, 0.0 ], [ 116.682796227215249, 0.613401798778067, 0.0 ], [ 116.682821141109713, 0.613379730692934, 0.0 ], [ 116.682832021320607, 0.613364420268198, 0.0 ], [ 116.682849327398245, 0.61335248579299, 0.0 ], [ 116.682889277628263, 0.613310359153235, 0.0 ], [ 116.682895984398812, 0.613299997306963, 0.0 ], [ 116.682947361317062, 0.613234403695576, 0.0 ], [ 116.682983508311423, 0.613175041075206, 0.0 ], [ 116.683015541691873, 0.613111767190531, 0.0 ], [ 116.683034577390444, 0.613055215220499, 0.0 ], [ 116.683058958888836, 0.612963196525178, 0.0 ], [ 116.683100023835621, 0.612855096357856, 0.0 ], [ 116.683100640227636, 0.612851737109248, 0.0 ], [ 116.683112055538473, 0.612818920062282, 0.0 ], [ 116.683114599463323, 0.612810044148775, 0.0 ], [ 116.68313207785846, 0.612793754153974, 0.0 ], [ 116.683136844905249, 0.612786863467184, 0.0 ], [ 116.683144524130611, 0.612781698753238, 0.0 ], [ 116.683173220369127, 0.612749932530163, 0.0 ], [ 116.683209366456069, 0.612705889468019, 0.0 ], [ 116.683211156051726, 0.612702895106362, 0.0 ], [ 116.68321763167576, 0.612695511464546, 0.0 ], [ 116.683244265231437, 0.612661043354718, 0.0 ], [ 116.683288159905558, 0.612585092581871, 0.0 ], [ 116.683299609347387, 0.612568370017056, 0.0 ], [ 116.683324342464118, 0.612512837280341, 0.0 ], [ 116.683325665663034, 0.612506611330153, 0.0 ], [ 116.683329453638933, 0.612500905077161, 0.0 ], [ 116.683362672121262, 0.612357885121042, 0.0 ], [ 116.683366479739846, 0.612300435854319, 0.0 ], [ 116.683364239659696, 0.61228672472628, 0.0 ], [ 116.683367476601035, 0.61227034785202, 0.0 ], [ 116.683360484211121, 0.612190829957492, 0.0 ], [ 116.68335097628831, 0.612137209563967, 0.0 ], [ 116.683323773647672, 0.612043615432249, 0.0 ], [ 116.683304724024552, 0.612003111993457, 0.0 ], [ 116.683276193068295, 0.611949490469244, 0.0 ], [ 116.683275325199389, 0.611948313468013, 0.0 ], [ 116.683273539230285, 0.611944576050324, 0.0 ], [ 116.683262621046552, 0.611924652148421, 0.0 ], [ 116.683263264932037, 0.61191429250846, 0.0 ], [ 116.683269784035403, 0.611853617167811, 0.0 ], [ 116.683270374765144, 0.611842594939101, 0.0 ], [ 116.683271064034344, 0.611839694197748, 0.0 ], [ 116.683276775233281, 0.611765009292066, 0.0 ], [ 116.683276051758682, 0.611760435371603, 0.0 ], [ 116.683277478139075, 0.611754094712321, 0.0 ], [ 116.683281287551011, 0.611681325882868, 0.0 ], [ 116.68327645928693, 0.611653009639459, 0.0 ], [ 116.683280822442597, 0.611626063372629, 0.0 ], [ 116.68327999122242, 0.61161405937257, 0.0 ], [ 116.68328421272048, 0.611608269839939, 0.0 ], [ 116.68330704258139, 0.611564226886474, 0.0 ], [ 116.683323803869456, 0.611528091217399, 0.0 ], [ 116.683336092875578, 0.611494536049885, 0.0 ], [ 116.68335892430612, 0.611423682729198, 0.0 ], [ 116.683361444702186, 0.611407641348829, 0.0 ], [ 116.683372658334946, 0.611370086996818, 0.0 ], [ 116.6833840754514, 0.61131072289635, 0.0 ], [ 116.683386516467735, 0.611285110674381, 0.0 ], [ 116.683389796320952, 0.611272117214903, 0.0 ], [ 116.683397409075738, 0.611199348609828, 0.0 ], [ 116.683399190017809, 0.61116522641623, 0.0 ], [ 116.683399758372985, 0.611162515952557, 0.0 ], [ 116.683401665766482, 0.61108017149031, 0.0 ], [ 116.683400718196268, 0.611075064709286, 0.0 ], [ 116.683401787883454, 0.611069652765529, 0.0 ], [ 116.683394855857657, 0.610990476098164, 0.0 ], [ 116.683379643016679, 0.610904300955673, 0.0 ], [ 116.683374436855473, 0.610886363007759, 0.0 ], [ 116.683372562249929, 0.610871364757616, 0.0 ], [ 116.683351641466956, 0.610789018941491, 0.0 ], [ 116.683346672204877, 0.610773999765604, 0.0 ], [ 116.683345791085131, 0.610768098478795, 0.0 ], [ 116.683322968179979, 0.610693412783984, 0.0 ], [ 116.683316911569875, 0.610676475635475, 0.0 ], [ 116.683316416324843, 0.610673610171415, 0.0 ], [ 116.683289789173045, 0.61059892425141, 0.0 ], [ 116.683280475008146, 0.610584132264531, 0.0 ], [ 116.68327663756898, 0.610566128443446, 0.0 ], [ 116.683259519353598, 0.610527827163219, 0.0 ], [ 116.68325833507464, 0.610526099649415, 0.0 ], [ 116.683249348548784, 0.610506570095552, 0.0 ], [ 116.683215111559207, 0.610439543958848, 0.0 ], [ 116.683194483313045, 0.610411071501678, 0.0 ], [ 116.683168846257871, 0.610366950428826, 0.0 ], [ 116.683106075961959, 0.610286517417216, 0.0 ], [ 116.683070484154442, 0.610246126400189, 0.0 ], [ 116.683044352017674, 0.610221821826839, 0.0 ], [ 116.682979677695357, 0.610166282878957, 0.0 ], [ 116.68294847713139, 0.610147047024716, 0.0 ], [ 116.68290629819839, 0.61011501488865, 0.0 ], [ 116.682902984358137, 0.610113161308412, 0.0 ], [ 116.682899761102092, 0.610099412522376, 0.0 ], [ 116.682895263581003, 0.610090356044421, 0.0 ], [ 116.68287123037473, 0.610041961338711, 0.0 ], [ 116.682829439457066, 0.609983584869616, 0.0 ], [ 116.682802532422031, 0.609940763474823, 0.0 ], [ 116.682766391297378, 0.609900546687476, 0.0 ], [ 116.682761376581794, 0.609896987608562, 0.0 ], [ 116.682757340267017, 0.609890769253043, 0.0 ], [ 116.682711688528315, 0.609842891667841, 0.0 ], [ 116.682710023399494, 0.60984174657303, 0.0 ], [ 116.682708819416831, 0.609839910171257, 0.0 ], [ 116.682625123871858, 0.609753730970035, 0.0 ], [ 116.682614828475053, 0.60974672044167, 0.0 ], [ 116.682608263394684, 0.609737254868361, 0.0 ], [ 116.682535981264721, 0.60967022557132, 0.0 ], [ 116.682530293226051, 0.609666566862028, 0.0 ], [ 116.68249968413302, 0.60963995014896, 0.0 ], [ 116.682442550675873, 0.609597177395351, 0.0 ], [ 116.682361318135662, 0.609523410951018, 0.0 ], [ 116.682353755374876, 0.609518602135068, 0.0 ], [ 116.682323142576124, 0.609492376340328, 0.0 ], [ 116.682242489536961, 0.609433834607758, 0.0 ], [ 116.682241348246436, 0.609427320259239, 0.0 ], [ 116.682243397889465, 0.609416950351698, 0.0 ], [ 116.682237669246632, 0.609344922484895, 0.0 ], [ 116.682228161663033, 0.609285557148278, 0.0 ], [ 116.682222727688725, 0.609266261099197, 0.0 ], [ 116.682220479665304, 0.609247869505533, 0.0 ], [ 116.682207166600421, 0.6091942488925, 0.0 ], [ 116.682186382221701, 0.60913085239529, 0.0 ], [ 116.682183030460578, 0.60912580196823, 0.0 ], [ 116.682181858737366, 0.609120242050896, 0.0 ], [ 116.682159034500089, 0.609068536157576, 0.0 ], [ 116.682066158524691, 0.608932385169961, 0.0 ], [ 116.6820224091461, 0.60888833826766, 0.0 ], [ 116.681876633440908, 0.608790270689046, 0.0 ], [ 116.681840905906256, 0.608777124897496, 0.0 ], [ 116.681830419285433, 0.608773765634027, 0.0 ], [ 116.681715373175706, 0.608736907562004, 0.0 ], [ 116.681707427982658, 0.60873566528447, 0.0 ], [ 116.681685828864772, 0.608728549343031, 0.0 ], [ 116.681632808747437, 0.608715498693809, 0.0 ], [ 116.681632808806967, 0.608714481983908, 0.0 ], [ 116.681634551096025, 0.608649737958133, 0.0 ], [ 116.681630558267088, 0.608627992216631, 0.0 ], [ 116.681633785041953, 0.60860838634077, 0.0 ], [ 116.681629983379622, 0.608549021346723, 0.0 ], [ 116.681629228698043, 0.608545754714031, 0.0 ], [ 116.681629592679471, 0.608543455305321, 0.0 ], [ 116.68162389024252, 0.608468770637042, 0.0 ], [ 116.681623644635252, 0.608467736481059, 0.0 ], [ 116.68162346060177, 0.608463540820847, 0.0 ], [ 116.681610171441534, 0.608312452508672, 0.0 ], [ 116.681600682986286, 0.608203494361245, 0.0 ], [ 116.681596876137846, 0.60818783704642, 0.0 ], [ 116.681593362751755, 0.608152733675799, 0.0 ], [ 116.681572444121485, 0.60804932336253, 0.0 ], [ 116.68156963355743, 0.608040070990675, 0.0 ], [ 116.68156875621294, 0.60803269948342, 0.0 ], [ 116.681551639918112, 0.607961843802049, 0.0 ], [ 116.681543973253767, 0.607938206076119, 0.0 ], [ 116.681542673528853, 0.607929884823845, 0.0 ], [ 116.681504635350493, 0.607811153029813, 0.0 ], [ 116.681492131681367, 0.607776915898843, 0.0 ], [ 116.68148606132506, 0.60776776909466, 0.0 ], [ 116.681483958541406, 0.607758250968459, 0.0 ], [ 116.681442113538424, 0.607668244595333, 0.0 ], [ 116.681432413331109, 0.607654318636919, 0.0 ], [ 116.681401826737385, 0.607598545968139, 0.0 ], [ 116.681369490214408, 0.607552583557582, 0.0 ], [ 116.681353465379757, 0.607533461686766, 0.0 ], [ 116.681353925358309, 0.607531646567276, 0.0 ], [ 116.681374876157278, 0.607485521844447, 0.0 ], [ 116.681393170620908, 0.607452571092288, 0.0 ], [ 116.681429319474219, 0.607387459366265, 0.0 ], [ 116.68144990542919, 0.607344689558301, 0.0 ], [ 116.681450725180696, 0.607343466011943, 0.0 ], [ 116.681477361279647, 0.607280273160159, 0.0 ], [ 116.681477746746822, 0.607278365520511, 0.0 ], [ 116.681478844769373, 0.607276711442863, 0.0 ], [ 116.681498502389744, 0.607217786279498, 0.0 ], [ 116.68150991859568, 0.607173741749237, 0.0 ], [ 116.681524476252122, 0.607059558976104, 0.0 ], [ 116.681521241233071, 0.607043181720429, 0.0 ], [ 116.681523482917171, 0.607029470860299, 0.0 ], [ 116.681519682034534, 0.606972021151138, 0.0 ], [ 116.681515800834902, 0.60695530199347, 0.0 ], [ 116.681510899820026, 0.606908240449249, 0.0 ], [ 116.681497587317807, 0.606845045227895, 0.0 ], [ 116.68149626288178, 0.606840747325008, 0.0 ], [ 116.681495861361327, 0.60683719633585, 0.0 ], [ 116.681492917101806, 0.606824349169295, 0.0 ], [ 116.681495787825668, 0.606814236664313, 0.0 ], [ 116.681499058869818, 0.606790735040133, 0.0 ], [ 116.681507693736449, 0.606759796821162, 0.0 ], [ 116.681517208376349, 0.606698517332236, 0.0 ], [ 116.681520971159955, 0.606649772882759, 0.0 ], [ 116.681522364341632, 0.60664327364947, 0.0 ], [ 116.681524270382639, 0.606583908994052, 0.0 ], [ 116.681523004582658, 0.606576912947956, 0.0 ], [ 116.68152450492002, 0.606569322175635, 0.0 ], [ 116.68152086049146, 0.606511799928619, 0.0 ], [ 116.681511353800062, 0.606437115036409, 0.0 ], [ 116.681507383994088, 0.606422095071983, 0.0 ], [ 116.681580343096257, 0.606378698870904, 0.0 ], [ 116.681599367002306, 0.606363379531792, 0.0 ], [ 116.68163639706404, 0.606330018125995, 0.0 ], [ 116.681733813636697, 0.60618326834518, 0.0 ], [ 116.681759297526341, 0.606098874614997, 0.0 ], [ 116.681765006016235, 0.60607015020978, 0.0 ], [ 116.681768958334771, 0.60602999299812, 0.0 ], [ 116.681780988190667, 0.606017884176657, 0.0 ], [ 116.68187840475035, 0.605871134388097, 0.0 ], [ 116.681878957966703, 0.605868335456466, 0.0 ], [ 116.681880470806433, 0.605866026139973, 0.0 ], [ 116.68188494464799, 0.605854768711432, 0.0 ], [ 116.68188990335652, 0.60584478615027, 0.0 ], [ 116.681891331388954, 0.605838697896556, 0.0 ], [ 116.681891886107564, 0.60583730207156, 0.0 ], [ 116.681892893285521, 0.605832038932188, 0.0 ], [ 116.681893258224392, 0.605830483055821, 0.0 ], [ 116.68190313691305, 0.605815601648092, 0.0 ], [ 116.68191848532885, 0.605722930199227, 0.0 ], [ 116.681937352144772, 0.605642493695806, 0.0 ], [ 116.681934336153162, 0.605627225277367, 0.0 ], [ 116.681936479271386, 0.605614285447122, 0.0 ], [ 116.68193457938537, 0.605583645307287, 0.0 ], [ 116.681929813104489, 0.605562918810276, 0.0 ], [ 116.681923512044335, 0.605508240264547, 0.0 ], [ 116.681921126056665, 0.605498029861703, 0.0 ], [ 116.681918369639092, 0.605476746082705, 0.0 ], [ 116.681917764120854, 0.60547446515233, 0.0 ], [ 116.68191744071251, 0.605469973037061, 0.0 ], [ 116.681904129873544, 0.605378053072419, 0.0 ], [ 116.681899059673512, 0.605359516885537, 0.0 ], [ 116.6818966168602, 0.605338560154919, 0.0 ], [ 116.681893355622776, 0.605324767400562, 0.0 ], [ 116.681891717001236, 0.605310326577119, 0.0 ], [ 116.68189171907035, 0.605274813383418, 0.0 ], [ 116.681891720580296, 0.60524889066385, 0.0 ], [ 116.68190732149526, 0.605202008396857, 0.0 ], [ 116.681915645438082, 0.605169694230651, 0.0 ], [ 116.681919756528771, 0.605137254818352, 0.0 ], [ 116.681926827803281, 0.605110072188503, 0.0 ], [ 116.681930396528145, 0.605080150716196, 0.0 ], [ 116.681933600879859, 0.605026251379082, 0.0 ], [ 116.681922431795684, 0.604925995329537, 0.0 ], [ 116.681916488358581, 0.604899663210634, 0.0 ], [ 116.681894374661283, 0.604829693771644, 0.0 ], [ 116.681894128727023, 0.604828435933305, 0.0 ], [ 116.681869623498102, 0.604768207522275, 0.0 ], [ 116.681869131948446, 0.604767463725451, 0.0 ], [ 116.681868957159409, 0.604766578857108, 0.0 ], [ 116.681827697737361, 0.604688763236265, 0.0 ], [ 116.681820421692336, 0.604677774837728, 0.0 ], [ 116.681814465651257, 0.604666484558476, 0.0 ], [ 116.681872523761172, 0.604572390242949, 0.0 ], [ 116.681874105773161, 0.604564386233414, 0.0 ], [ 116.681878119994863, 0.604558111230028, 0.0 ], [ 116.681888821713613, 0.604529387117854, 0.0 ], [ 116.6818998669264, 0.604468088634495, 0.0 ], [ 116.68191701536449, 0.604390208621571, 0.0 ], [ 116.681918205959661, 0.604362680887916, 0.0 ], [ 116.681916580833217, 0.604353404438135, 0.0 ], [ 116.681918631278876, 0.604343030441299, 0.0 ], [ 116.681918632021322, 0.604330262564278, 0.0 ], [ 116.681920307812845, 0.604313824846478, 0.0 ], [ 116.681921811851936, 0.604302624511469, 0.0 ], [ 116.681932438106898, 0.604266508244301, 0.0 ], [ 116.681946017664146, 0.604260281578732, 0.0 ], [ 116.682015387370825, 0.604211849717946, 0.0 ], [ 116.68206900265173, 0.604176808961876, 0.0 ], [ 116.682087551267529, 0.604159096613201, 0.0 ], [ 116.682090846303552, 0.604154271626798, 0.0 ], [ 116.682096025784972, 0.604150788121194, 0.0 ], [ 116.682180214957114, 0.604033210281303, 0.0 ], [ 116.682188299802888, 0.604016933100548, 0.0 ], [ 116.682190216153046, 0.604008762384883, 0.0 ], [ 116.682193442279726, 0.604004038303755, 0.0 ], [ 116.682193758636075, 0.604002437733181, 0.0 ], [ 116.682197885465101, 0.603996357915451, 0.0 ], [ 116.682209776988742, 0.603969070560845, 0.0 ], [ 116.682210721594302, 0.603964536657555, 0.0 ], [ 116.682213418649454, 0.603960473768321, 0.0 ], [ 116.68223863639399, 0.603877408710821, 0.0 ], [ 116.682244820402261, 0.603846769045822, 0.0 ], [ 116.682253280994146, 0.603762098659805, 0.0 ], [ 116.682253809431415, 0.603759466771471, 0.0 ], [ 116.682254289434425, 0.603680473300553, 0.0 ], [ 116.682253900052928, 0.603678470362424, 0.0 ], [ 116.682254296112745, 0.60367645160766, 0.0 ], [ 116.682254019631955, 0.603576100184943, 0.0 ], [ 116.682289231368927, 0.603558463247399, 0.0 ], [ 116.68231110762818, 0.603545537946562, 0.0 ], [ 116.682324666819497, 0.603534987045418, 0.0 ], [ 116.682343110475628, 0.603524745156009, 0.0 ], [ 116.682362609701187, 0.60351086342981, 0.0 ], [ 116.682420878623105, 0.603461412464215, 0.0 ], [ 116.682429836880502, 0.603447917591977, 0.0 ], [ 116.682440802456, 0.603440013261469, 0.0 ], [ 116.682457924026494, 0.603420385540994, 0.0 ], [ 116.682467850780768, 0.603404328209168, 0.0 ], [ 116.682499366893495, 0.603364781771614, 0.0 ], [ 116.682512684305891, 0.603343717137777, 0.0 ], [ 116.682548734072014, 0.603273970274296, 0.0 ], [ 116.682562657009441, 0.603235238654854, 0.0 ], [ 116.682569315904033, 0.603213695939048, 0.0 ], [ 116.682574377811775, 0.603180175664293, 0.0 ], [ 116.682586134083977, 0.603135434030772, 0.0 ], [ 116.682588037541123, 0.603120113675014, 0.0 ], [ 116.682591511577797, 0.603063999225861, 0.0 ], [ 116.682584407282548, 0.602983853070971, 0.0 ], [ 116.682580128111923, 0.602959915833722, 0.0 ], [ 116.682558882470886, 0.60288700847815, 0.0 ], [ 116.682557024908732, 0.602876980008519, 0.0 ], [ 116.68249974079292, 0.602727751778426, 0.0 ], [ 116.682454597960842, 0.602597756650423, 0.0 ], [ 116.682453819651556, 0.60259650921429, 0.0 ], [ 116.682453492280814, 0.602594610002852, 0.0 ], [ 116.682394016957716, 0.602427315274053, 0.0 ], [ 116.682361503428794, 0.602334170820099, 0.0 ], [ 116.682363170735997, 0.602330624432913, 0.0 ], [ 116.682364929075518, 0.60232807635608, 0.0 ], [ 116.682387759223758, 0.602277808939603, 0.0 ], [ 116.682392049299622, 0.602257979475872, 0.0 ], [ 116.682399940219128, 0.602246092454363, 0.0 ], [ 116.682400852385541, 0.602241768255964, 0.0 ], [ 116.682404150025519, 0.602236448551314, 0.0 ], [ 116.682409857804714, 0.602219692634286, 0.0 ], [ 116.682425747535532, 0.602123750736591, 0.0 ], [ 116.682434006566567, 0.602084598113848, 0.0 ], [ 116.68243448396322, 0.602065927510135, 0.0 ], [ 116.682433448126943, 0.602060307358808, 0.0 ], [ 116.682434632751551, 0.602054313872789, 0.0 ], [ 116.682431163862006, 0.601998188141384, 0.0 ], [ 116.682429737375102, 0.601986698159862, 0.0 ], [ 116.682428074250453, 0.601980366017568, 0.0 ], [ 116.68242709472139, 0.601968444909959, 0.0 ], [ 116.682425192816922, 0.601956954900773, 0.0 ], [ 116.682424280867053, 0.601953748771084, 0.0 ], [ 116.682441674268262, 0.601900715892581, 0.0 ], [ 116.682444528336916, 0.601889226161954, 0.0 ], [ 116.682457951300307, 0.601779513972241, 0.0 ], [ 116.682457951964253, 0.601768024074464, 0.0 ], [ 116.682451840419432, 0.601693645092814, 0.0 ], [ 116.682449938514324, 0.601682155083426, 0.0 ], [ 116.68243511343357, 0.601630034742792, 0.0 ], [ 116.682431767068863, 0.601609815970626, 0.0 ], [ 116.682426061228441, 0.601593060288824, 0.0 ], [ 116.682423353851505, 0.601588691735009, 0.0 ], [ 116.682421854952537, 0.601583422076263, 0.0 ], [ 116.68241844350699, 0.601578281717572, 0.0 ], [ 116.682416149112115, 0.601566666394699, 0.0 ], [ 116.682389604560981, 0.601512638339959, 0.0 ], [ 116.682388521432543, 0.601510760138198, 0.0 ], [ 116.682423645477371, 0.601436230553792, 0.0 ], [ 116.682426059473599, 0.601425440292182, 0.0 ], [ 116.682433019767174, 0.601414940830242, 0.0 ], [ 116.682515453302216, 0.601213913823064, 0.0 ], [ 116.68257259011466, 0.601078192195311, 0.0 ], [ 116.68262573125638, 0.600957729007162, 0.0 ], [ 116.682628697386562, 0.600943650255998, 0.0 ], [ 116.682636187435165, 0.600931909060431, 0.0 ], [ 116.682681849027986, 0.600808395323096, 0.0 ], [ 116.682682415417304, 0.600805229049221, 0.0 ], [ 116.682690990030963, 0.600781027066998, 0.0 ], [ 116.682720960634029, 0.600680814455628, 0.0 ], [ 116.682721741177758, 0.600679117701021, 0.0 ], [ 116.682722914273342, 0.600677406959981, 0.0 ], [ 116.682729335485007, 0.600663044962382, 0.0 ], [ 116.682730726799335, 0.600656521450334, 0.0 ], [ 116.682734712021627, 0.60065051803617, 0.0 ], [ 116.682747853502761, 0.600613372132634, 0.0 ], [ 116.682748079195022, 0.600612815614485, 0.0 ], [ 116.682748114570245, 0.600612634195859, 0.0 ], [ 116.682749968053244, 0.600607395113817, 0.0 ], [ 116.682750958625547, 0.600604071894188, 0.0 ], [ 116.682752329079278, 0.600601936500307, 0.0 ], [ 116.682757323077595, 0.60058865103184, 0.0 ], [ 116.682757739961602, 0.600586356596605, 0.0 ], [ 116.682765536701368, 0.600564812080788, 0.0 ], [ 116.682769818043425, 0.600551168302919, 0.0 ], [ 116.682773413682753, 0.600527697541664, 0.0 ], [ 116.682786524947417, 0.600480513692103, 0.0 ], [ 116.682787239660598, 0.600475839271834, 0.0 ], [ 116.682787954629106, 0.60047116498094, 0.0 ], [ 116.682790268682709, 0.600440732136861, 0.0 ], [ 116.682792188168349, 0.600432468375844, 0.0 ], [ 116.682792545266111, 0.600427082619792, 0.0 ], [ 116.682792198002218, 0.600424956903842, 0.0 ], [ 116.682792849236634, 0.600422081473843, 0.0 ], [ 116.682793206397378, 0.600415618200362, 0.0 ], [ 116.682792497303254, 0.600411422846473, 0.0 ], [ 116.682793185819548, 0.600402367948671, 0.0 ], [ 116.682792372205341, 0.600398249047477, 0.0 ], [ 116.68279390007811, 0.600390518919477, 0.0 ], [ 116.68279151584764, 0.600343955498847, 0.0 ], [ 116.682790446084169, 0.600333543054997, 0.0 ], [ 116.682776185148612, 0.600276810902283, 0.0 ], [ 116.682769779143413, 0.600237056904102, 0.0 ], [ 116.682766926236752, 0.600228439313987, 0.0 ], [ 116.682762014447349, 0.600220437718217, 0.0 ], [ 116.682758635181514, 0.600206994487444, 0.0 ], [ 116.682756996905582, 0.6002045259375, 0.0 ], [ 116.682755782273986, 0.600198376897294, 0.0 ], [ 116.682687558450297, 0.600084311300618, 0.0 ], [ 116.682706759590502, 0.600044539736254, 0.0 ], [ 116.682709566159588, 0.600032264592313, 0.0 ], [ 116.682717748368745, 0.600019938754745, 0.0 ], [ 116.682732058413464, 0.599972092963562, 0.0 ], [ 116.68273217345164, 0.599972019278223, 0.0 ], [ 116.682757664825374, 0.599951436656993, 0.0 ], [ 116.682774300149063, 0.599941455888752, 0.0 ], [ 116.682789518719744, 0.599929008783621, 0.0 ], [ 116.682823890898547, 0.599897804320193, 0.0 ], [ 116.682838158743721, 0.599883442779419, 0.0 ], [ 116.682871306219496, 0.599846165088642, 0.0 ], [ 116.682882720660757, 0.599831803381245, 0.0 ], [ 116.682886809280063, 0.599824839043523, 0.0 ], [ 116.682897476347549, 0.599812164977631, 0.0 ], [ 116.682906989063895, 0.599798761254063, 0.0 ], [ 116.682936176878556, 0.599745804610132, 0.0 ], [ 116.68294705838187, 0.599730295912381, 0.0 ], [ 116.682956570584665, 0.599710189144179, 0.0 ], [ 116.682958993229477, 0.59969939759833, 0.0 ], [ 116.682966014448766, 0.599688820695268, 0.0 ], [ 116.682994727039869, 0.599586261043379, 0.0 ], [ 116.682997581489914, 0.599568068267075, 0.0 ], [ 116.683003083960344, 0.599497519917984, 0.0 ], [ 116.682990681830219, 0.599391949764876, 0.0 ], [ 116.682984976399609, 0.599368012444686, 0.0 ], [ 116.682963183380153, 0.599300470610235, 0.0 ], [ 116.682957744979063, 0.599292276042229, 0.0 ], [ 116.682956526563913, 0.599286107848818, 0.0 ], [ 116.682955801672719, 0.59928486032421, 0.0 ], [ 116.682955235741289, 0.59928229149518, 0.0 ], [ 116.682948578925576, 0.599267928734052, 0.0 ], [ 116.68293270310086, 0.599245108097803, 0.0 ], [ 116.682894718060439, 0.599179736527103, 0.0 ], [ 116.682884256053143, 0.599166330734295, 0.0 ], [ 116.682874310247925, 0.599155043868192, 0.0 ], [ 116.682872100666188, 0.599151420735187, 0.0 ], [ 116.68286068782389, 0.599138014886674, 0.0 ], [ 116.682856809016187, 0.599135182824819, 0.0 ], [ 116.682848665105112, 0.59912594081397, 0.0 ], [ 116.682844119922805, 0.599122883139329, 0.0 ], [ 116.682837252262829, 0.59911253496584, 0.0 ], [ 116.682806203237618, 0.59908406878344, 0.0 ], [ 116.682772914830252, 0.599056300192044, 0.0 ], [ 116.682766423536322, 0.599052362113411, 0.0 ], [ 116.682763386810052, 0.599042796648599, 0.0 ], [ 116.682762628850753, 0.599036983752213, 0.0 ], [ 116.682712462754154, 0.598847976761292, 0.0 ], [ 116.682701933277244, 0.598763350615565, 0.0 ], [ 116.682700829171154, 0.598759149168091, 0.0 ], [ 116.682700196914638, 0.598750819136695, 0.0 ], [ 116.682696394108092, 0.598725923833458, 0.0 ], [ 116.6826779819921, 0.59865962484689, 0.0 ], [ 116.682674566579436, 0.598640103163, 0.0 ], [ 116.682666958415908, 0.598619038208076, 0.0 ], [ 116.682659417881652, 0.598607117655907, 0.0 ], [ 116.682656774969459, 0.598594393826806, 0.0 ], [ 116.68272662569079, 0.598492023608357, 0.0 ], [ 116.682734236054756, 0.598474789203798, 0.0 ], [ 116.682735409107622, 0.598469226367237, 0.0 ], [ 116.682738763428318, 0.598464173350478, 0.0 ], [ 116.682764249769249, 0.59837976668987, 0.0 ], [ 116.682769006216205, 0.598355829074718, 0.0 ], [ 116.682777734915405, 0.598267127734919, 0.0 ], [ 116.682775891860175, 0.598226173039661, 0.0 ], [ 116.682773040271442, 0.598194575652823, 0.0 ], [ 116.682771959007297, 0.598190158723777, 0.0 ], [ 116.682771112393638, 0.598177023274794, 0.0 ], [ 116.682768260255173, 0.598155000501513, 0.0 ], [ 116.682744361703044, 0.598064977116903, 0.0 ], [ 116.682741489053171, 0.598049556663911, 0.0 ], [ 116.682734832402517, 0.598032321428825, 0.0 ], [ 116.682732180813517, 0.598028230070446, 0.0 ], [ 116.682731179383154, 0.598023160357457, 0.0 ], [ 116.682708842042459, 0.597976589771049, 0.0 ], [ 116.682699331989426, 0.597959354369995, 0.0 ], [ 116.682663145705376, 0.597911053999854, 0.0 ], [ 116.682654035702726, 0.597896286037389, 0.0 ], [ 116.682672139506181, 0.597809365003131, 0.0 ], [ 116.682673648176007, 0.597794724588207, 0.0 ], [ 116.682676764859934, 0.597783412980767, 0.0 ], [ 116.682689134085436, 0.597700111936414, 0.0 ], [ 116.68269407178974, 0.59763326226033, 0.0 ], [ 116.68269234079456, 0.597624499145967, 0.0 ], [ 116.682693765061131, 0.59761652498001, 0.0 ], [ 116.68269281571024, 0.597590672653187, 0.0 ], [ 116.682692199227247, 0.597587827955129, 0.0 ], [ 116.682691100136068, 0.597564515451395, 0.0 ], [ 116.682689198721832, 0.597544408018392, 0.0 ], [ 116.682672271669162, 0.597475896897045, 0.0 ], [ 116.682665612969345, 0.597436749580302, 0.0 ], [ 116.682662958118797, 0.597429175690301, 0.0 ], [ 116.682661850377102, 0.597425550524317, 0.0 ], [ 116.682647516471903, 0.597385465222055, 0.0 ], [ 116.682588530521386, 0.597282749005007, 0.0 ], [ 116.682579019295375, 0.597270301363797, 0.0 ], [ 116.682540623734397, 0.597226275854858, 0.0 ], [ 116.682531102328653, 0.597216688340709, 0.0 ], [ 116.682511529152876, 0.597199970878248, 0.0 ], [ 116.682510423351417, 0.597194403116413, 0.0 ], [ 116.682519410335317, 0.597169591517801, 0.0 ], [ 116.682531301530858, 0.597131771444818, 0.0 ], [ 116.682536733749401, 0.5970963789723, 0.0 ], [ 116.682549094695588, 0.597048770947357, 0.0 ], [ 116.682551473833669, 0.597028663763264, 0.0 ], [ 116.682554072072193, 0.596984612230769, 0.0 ], [ 116.682554574070593, 0.596982171043399, 0.0 ], [ 116.682555178456568, 0.596942919957402, 0.0 ], [ 116.68255479485839, 0.596940896452645, 0.0 ], [ 116.68256809653532, 0.596919219454048, 0.0 ], [ 116.682578789294396, 0.5968981880509, 0.0 ], [ 116.682584100408391, 0.596890907039025, 0.0 ], [ 116.682617149601242, 0.596827207876714, 0.0 ], [ 116.682623853988858, 0.596812760967687, 0.0 ], [ 116.68262529258547, 0.596810702164333, 0.0 ], [ 116.682631516861676, 0.596797412794051, 0.0 ], [ 116.682644761099937, 0.596769718004355, 0.0 ], [ 116.682647387246888, 0.596758133333768, 0.0 ], [ 116.682655021374003, 0.596746633123379, 0.0 ], [ 116.682674050856164, 0.596690104043837, 0.0 ], [ 116.682675953835101, 0.596682923420121, 0.0 ], [ 116.682681845235464, 0.596637695265744, 0.0 ], [ 116.682689292864325, 0.596607285019447, 0.0 ], [ 116.682689768583018, 0.596602018692921, 0.0 ], [ 116.682691615074845, 0.596561078167586, 0.0 ], [ 116.682691615349043, 0.596556290408288, 0.0 ], [ 116.682689773547295, 0.596515349669208, 0.0 ], [ 116.682689298431796, 0.596510083287357, 0.0 ], [ 116.68268623968531, 0.596497587575937, 0.0 ], [ 116.68268449521409, 0.596474599532265, 0.0 ], [ 116.682683544736193, 0.596468375932881, 0.0 ], [ 116.682683495294114, 0.596468197890356, 0.0 ], [ 116.682683442640965, 0.596467627440557, 0.0 ], [ 116.682682015929601, 0.596459968028708, 0.0 ], [ 116.682672461560188, 0.596427618884349, 0.0 ], [ 116.682669679835058, 0.59640750283999, 0.0 ], [ 116.682661607470052, 0.596378887096028, 0.0 ], [ 116.682657164152999, 0.596366024354561, 0.0 ], [ 116.68265656813476, 0.596362247547452, 0.0 ], [ 116.68263573137807, 0.596297907841682, 0.0 ], [ 116.68263598724154, 0.596293020039216, 0.0 ], [ 116.682678053285585, 0.596197388553797, 0.0 ], [ 116.682684760285568, 0.596183886836157, 0.0 ], [ 116.682688115788125, 0.59616958137455, 0.0 ], [ 116.682697996501872, 0.596154696854852, 0.0 ], [ 116.682723481318959, 0.596070297711331, 0.0 ], [ 116.68272633554227, 0.596055934598954, 0.0 ], [ 116.682735065713658, 0.595967225733874, 0.0 ], [ 116.682733107078775, 0.595957310208356, 0.0 ], [ 116.682734677478066, 0.595948399713343, 0.0 ], [ 116.682733727958478, 0.595925419861044, 0.0 ], [ 116.682733548668693, 0.595924601631039, 0.0 ], [ 116.682733664351986, 0.595923938929402, 0.0 ], [ 116.682732929142645, 0.595907447327764, 0.0 ], [ 116.682733931268871, 0.595887390311628, 0.0 ], [ 116.682735102978157, 0.595868457363778, 0.0 ], [ 116.682736358760948, 0.595860674641201, 0.0 ], [ 116.68273635922624, 0.595852535812296, 0.0 ], [ 116.682734619040971, 0.595834843622834, 0.0 ], [ 116.682736719168147, 0.595827663255284, 0.0 ], [ 116.682738622337666, 0.595817130657046, 0.0 ], [ 116.682738739560691, 0.595815822954239, 0.0 ], [ 116.682739039303115, 0.595814788090359, 0.0 ], [ 116.682740466019567, 0.595806649344374, 0.0 ], [ 116.682741243349142, 0.595797715194938, 0.0 ], [ 116.68274277772727, 0.595792077105286, 0.0 ], [ 116.68274372984321, 0.595785375021219, 0.0 ], [ 116.682746411151186, 0.595747450185482, 0.0 ], [ 116.682747830787278, 0.595741002572609, 0.0 ], [ 116.682748306834341, 0.595729991296194, 0.0 ], [ 116.682747835649508, 0.595727301853198, 0.0 ], [ 116.682748255752188, 0.595721359857565, 0.0 ], [ 116.68274740583638, 0.595717057186242, 0.0 ], [ 116.682748731799165, 0.595710348581671, 0.0 ], [ 116.682745531981794, 0.595656434673445, 0.0 ], [ 116.68274410551615, 0.595644466097431, 0.0 ], [ 116.682743701207727, 0.595642911258496, 0.0 ], [ 116.682744605415465, 0.595631691565936, 0.0 ], [ 116.682745695268238, 0.595620364957569, 0.0 ], [ 116.682746657742328, 0.595600324528651, 0.0 ], [ 116.682747324254791, 0.595597311462123, 0.0 ], [ 116.682747778191469, 0.595587267406203, 0.0 ], [ 116.682748231050269, 0.59557770280115, 0.0 ], [ 116.682746484026666, 0.595567609166094, 0.0 ], [ 116.682748740613576, 0.595556192140746, 0.0 ], [ 116.682748581906495, 0.595552344521702, 0.0 ], [ 116.682752891224411, 0.59553832912513, 0.0 ], [ 116.682754794311947, 0.595529233216373, 0.0 ], [ 116.682755586342779, 0.595521581186111, 0.0 ], [ 116.682757604026705, 0.595514615112005, 0.0 ], [ 116.682759030743455, 0.595506476365445, 0.0 ], [ 116.682765868356753, 0.595427888963291, 0.0 ], [ 116.682747614829168, 0.595300242428007, 0.0 ], [ 116.682745237310002, 0.595292103460879, 0.0 ], [ 116.682729295653488, 0.59524663802201, 0.0 ], [ 116.682726303620981, 0.595242129635749, 0.0 ], [ 116.682725491910602, 0.595238020377789, 0.0 ], [ 116.68272505667403, 0.595237364564375, 0.0 ], [ 116.682724777498066, 0.595236039763168, 0.0 ], [ 116.682720973754968, 0.595227422119003, 0.0 ], [ 116.682628092481806, 0.595091259171423, 0.0 ], [ 116.682598011493369, 0.59506360281225, 0.0 ], [ 116.682589451700295, 0.595056421582492, 0.0 ], [ 116.682573998806859, 0.595047017039138, 0.0 ], [ 116.682549115427037, 0.595026763977024, 0.0 ], [ 116.682550505930124, 0.59502239114782, 0.0 ], [ 116.682556214155369, 0.594997496397084, 0.0 ], [ 116.68255976366251, 0.594966137098301, 0.0 ], [ 116.682564975905322, 0.594945735638363, 0.0 ], [ 116.682567830783768, 0.594919883532068, 0.0 ], [ 116.682570582009504, 0.594869929084559, 0.0 ], [ 116.682570583103939, 0.59485077895195, 0.0 ], [ 116.68256178064739, 0.594761655019627, 0.0 ], [ 116.682557787029168, 0.594741643366271, 0.0 ], [ 116.682543670467012, 0.594694951950122, 0.0 ], [ 116.682541372605996, 0.594681335102823, 0.0 ], [ 116.682531387793276, 0.594652609778595, 0.0 ], [ 116.682525095578342, 0.594642528239647, 0.0 ], [ 116.682522409489252, 0.594628930003341, 0.0 ], [ 116.682485436873463, 0.594557852368429, 0.0 ], [ 116.682483899462156, 0.594527174952929, 0.0 ], [ 116.682484147695945, 0.594522916388486, 0.0 ], [ 116.682488043278582, 0.594505929342114, 0.0 ], [ 116.682499559379721, 0.594404200486653, 0.0 ], [ 116.68249956069215, 0.59438122069003, 0.0 ], [ 116.682491867418832, 0.594297847359293, 0.0 ], [ 116.682487588180877, 0.594274867314901, 0.0 ], [ 116.682461086267722, 0.594185128676815, 0.0 ], [ 116.682450344771354, 0.594168943416532, 0.0 ], [ 116.68244671858865, 0.594153668004896, 0.0 ], [ 116.68239536320003, 0.594051691733706, 0.0 ], [ 116.682390879131475, 0.594045465012476, 0.0 ], [ 116.682379908878517, 0.59402353387666, 0.0 ], [ 116.682367070255339, 0.59400198912227, 0.0 ], [ 116.682299487992452, 0.593914842177617, 0.0 ], [ 116.68228741129883, 0.593902683447089, 0.0 ], [ 116.682260916920271, 0.593795304133001, 0.0 ], [ 116.682245330824244, 0.593747646158794, 0.0 ], [ 116.682244348613608, 0.593742307922315, 0.0 ], [ 116.682228194046758, 0.593699921929542, 0.0 ], [ 116.682225031543311, 0.593695018367314, 0.0 ], [ 116.682223818624706, 0.593688878005726, 0.0 ], [ 116.682178963457545, 0.593605715179242, 0.0 ], [ 116.682165886541327, 0.593586564290565, 0.0 ], [ 116.682113342303026, 0.593522965923197, 0.0 ], [ 116.68211056376947, 0.593520168494433, 0.0 ], [ 116.682111547680563, 0.593499346742362, 0.0 ], [ 116.68211154882826, 0.59347923942085, 0.0 ], [ 116.682111549976241, 0.593459132099529, 0.0 ], [ 116.682104715734155, 0.593380511893653, 0.0 ], [ 116.682100436578153, 0.593356095160635, 0.0 ], [ 116.682073075638073, 0.593261603404105, 0.0 ], [ 116.682053622758588, 0.593222109513921, 0.0 ], [ 116.682064546008476, 0.593204663477455, 0.0 ], [ 116.682081669195227, 0.593155832401434, 0.0 ], [ 116.682083844090627, 0.59314305498338, 0.0 ], [ 116.682098124668343, 0.593096177471631, 0.0 ], [ 116.682109541464186, 0.593040164426344, 0.0 ], [ 116.682113012445697, 0.593005760830658, 0.0 ], [ 116.68211689473371, 0.59298988408437, 0.0 ], [ 116.68212201074337, 0.592932794062124, 0.0 ], [ 116.682123828129434, 0.592892176909825, 0.0 ], [ 116.682123829903702, 0.592861058285206, 0.0 ], [ 116.682123831151145, 0.592839181286128, 0.0 ], [ 116.682124143783739, 0.592835407354373, 0.0 ], [ 116.68212988294971, 0.592783433841389, 0.0 ], [ 116.682148014188897, 0.592653440989858, 0.0 ], [ 116.682148494160884, 0.592646527714587, 0.0 ], [ 116.682149298674005, 0.592643420299397, 0.0 ], [ 116.682158814345613, 0.592562034372364, 0.0 ], [ 116.682161894993655, 0.592509181903677, 0.0 ], [ 116.682161896493881, 0.592482850133341, 0.0 ], [ 116.682155787537155, 0.592408487109742, 0.0 ], [ 116.682148656942545, 0.592365399580006, 0.0 ], [ 116.682120570704996, 0.592266650643763, 0.0 ], [ 116.682118000215354, 0.592262777436201, 0.0 ], [ 116.682117100054242, 0.592258444178075, 0.0 ], [ 116.682100457255345, 0.592220143858693, 0.0 ], [ 116.682006528509504, 0.592081589142424, 0.0 ], [ 116.681969499966343, 0.59204822145001, 0.0 ], [ 116.681921945192357, 0.592009918441001, 0.0 ], [ 116.681899656222058, 0.59199665747477, 0.0 ], [ 116.681872425604467, 0.59197525187044, 0.0 ], [ 116.681836759789633, 0.591953706705032, 0.0 ], [ 116.681821926919397, 0.591946185225324, 0.0 ], [ 116.681816666621799, 0.591942264907558, 0.0 ], [ 116.681575854676154, 0.591813242043183, 0.0 ], [ 116.681568176565648, 0.591808517914523, 0.0 ], [ 116.68156186003489, 0.591801760779655, 0.0 ], [ 116.681546878429998, 0.591791348209194, 0.0 ], [ 116.681536902025371, 0.591777063737949, 0.0 ], [ 116.681484591838867, 0.591729186745395, 0.0 ], [ 116.681474500051479, 0.591722742026908, 0.0 ], [ 116.681435008855033, 0.591689840394446, 0.0 ], [ 116.681375565212903, 0.59164914281812, 0.0 ], [ 116.681315315872112, 0.591616401192263, 0.0 ], [ 116.681306700351797, 0.59161042334073, 0.0 ], [ 116.681237745135107, 0.591579300731118, 0.0 ], [ 116.681225677164448, 0.591576701578888, 0.0 ], [ 116.681215239917975, 0.591569872534206, 0.0 ], [ 116.681156215315852, 0.591547015480019, 0.0 ], [ 116.681144345418247, 0.591542234923458, 0.0 ], [ 116.681168447041017, 0.59153052346225, 0.0 ], [ 116.681185134733184, 0.591518593018296, 0.0 ], [ 116.681235650591276, 0.591490260825074, 0.0 ], [ 116.681295099009773, 0.591447177147804, 0.0 ], [ 116.681318111059994, 0.591427479814742, 0.0 ], [ 116.681326246536287, 0.591422430704227, 0.0 ], [ 116.681378562042198, 0.591376952733542, 0.0 ], [ 116.681387332911868, 0.591364730955869, 0.0 ], [ 116.681402599258988, 0.591354463391442, 0.0 ], [ 116.68146591536555, 0.591274348699176, 0.0 ], [ 116.681501585675733, 0.591216901272192, 0.0 ], [ 116.681512861560989, 0.591194866920316, 0.0 ], [ 116.681518632722003, 0.591186963677783, 0.0 ], [ 116.681529860434523, 0.591165377039402, 0.0 ], [ 116.681549245529908, 0.591135358165892, 0.0 ], [ 116.681551328611846, 0.591131374974984, 0.0 ], [ 116.681553539697816, 0.591128577268734, 0.0 ], [ 116.681577319903312, 0.591090279284456, 0.0 ], [ 116.681608803190102, 0.591028757653205, 0.0 ], [ 116.681610097368377, 0.591026824069222, 0.0 ], [ 116.681698192402834, 0.59081728936677, 0.0 ], [ 116.680468896842569, 0.590817218338306, 0.0 ], [ 116.680390665757912, 0.59084626806747, 0.0 ], [ 116.680376699662006, 0.590855267081212, 0.0 ], [ 116.680360251815188, 0.590858852716834, 0.0 ], [ 116.680281781756989, 0.590894754548884, 0.0 ], [ 116.680268761967909, 0.590903836538865, 0.0 ], [ 116.68020417888377, 0.590940174029502, 0.0 ], [ 116.68016969850828, 0.5909653059526, 0.0 ], [ 116.680162975488059, 0.590971076397877, 0.0 ], [ 116.680158776644163, 0.590973523760607, 0.0 ], [ 116.680117162810816, 0.591005836906676, 0.0 ], [ 116.680073887841488, 0.591044136859001, 0.0 ], [ 116.680017741468774, 0.591113073767932, 0.0 ], [ 116.679993960494556, 0.591148978764998, 0.0 ], [ 116.679952690747527, 0.591226791735254, 0.0 ], [ 116.679952428817884, 0.591228116946859, 0.0 ], [ 116.679951697169855, 0.591229226089351, 0.0 ], [ 116.679938617318129, 0.591261539983559, 0.0 ], [ 116.679936672670038, 0.591271530540945, 0.0 ], [ 116.679931966056216, 0.591278995830668, 0.0 ], [ 116.67992126432317, 0.591308916888062, 0.0 ], [ 116.679918167083727, 0.591326777257452, 0.0 ], [ 116.679900813014129, 0.591387764145488, 0.0 ], [ 116.67989486600294, 0.591423670176395, 0.0 ], [ 116.679888747192251, 0.591498040680167, 0.0 ], [ 116.679888744175003, 0.591550702399896, 0.0 ], [ 116.679891344791741, 0.591599325777727, 0.0 ], [ 116.679896098217938, 0.591643610101841, 0.0 ], [ 116.679914465161445, 0.591715979459397, 0.0 ], [ 116.679920050164256, 0.591748207569071, 0.0 ], [ 116.67993074846963, 0.591778129869121, 0.0 ], [ 116.679934698784265, 0.591784397168286, 0.0 ], [ 116.679936329051586, 0.591792921226723, 0.0 ], [ 116.679948217246988, 0.591822843595777, 0.0 ], [ 116.67994972729548, 0.591825149189716, 0.0 ], [ 116.679950279226901, 0.591827943327313, 0.0 ], [ 116.680018985415416, 0.591942934070811, 0.0 ], [ 116.680064161224195, 0.591997993199179, 0.0 ], [ 116.680092854358037, 0.592029763641617, 0.0 ], [ 116.680122926763119, 0.592057412820673, 0.0 ], [ 116.68015145938034, 0.592081351459682, 0.0 ], [ 116.680158229781625, 0.592085472006264, 0.0 ], [ 116.680173996167127, 0.592099067434986, 0.0 ], [ 116.680204906835968, 0.59212181017684, 0.0 ], [ 116.680225693567593, 0.592133568810932, 0.0 ], [ 116.680242574749855, 0.592146707375484, 0.0 ], [ 116.680297262896431, 0.592179025204598, 0.0 ], [ 116.680311157203832, 0.592185986351386, 0.0 ], [ 116.68031564639351, 0.592189314240895, 0.0 ], [ 116.680501111711934, 0.592287468622254, 0.0 ], [ 116.680538226476415, 0.592304984607531, 0.0 ], [ 116.68054408665941, 0.592306158416228, 0.0 ], [ 116.680548777331609, 0.5923092283286, 0.0 ], [ 116.68086278159457, 0.59243091446813, 0.0 ], [ 116.680872831720166, 0.592435753883451, 0.0 ], [ 116.680873252718769, 0.592436353502204, 0.0 ], [ 116.680900136615733, 0.592460714053757, 0.0 ], [ 116.680915560369542, 0.592476242703356, 0.0 ], [ 116.680952592678494, 0.592509613440935, 0.0 ], [ 116.680961318238161, 0.592516641293764, 0.0 ], [ 116.680973999898967, 0.592527990434251, 0.0 ], [ 116.680987352669703, 0.59253641277521, 0.0 ], [ 116.681026270501448, 0.592568273806078, 0.0 ], [ 116.681060748151538, 0.592591016752936, 0.0 ], [ 116.681078479562359, 0.59260045557579, 0.0 ], [ 116.681087628071509, 0.592607424531078, 0.0 ], [ 116.681200170264489, 0.592670810941857, 0.0 ], [ 116.681192799742234, 0.592699673489365, 0.0 ], [ 116.681191699026328, 0.592708432297408, 0.0 ], [ 116.681187974798036, 0.592720620319849, 0.0 ], [ 116.681180838865245, 0.59275532934733, 0.0 ], [ 116.681177427263819, 0.592788859413671, 0.0 ], [ 116.681170765912142, 0.592792294910066, 0.0 ], [ 116.681155784805668, 0.592801629809594, 0.0 ], [ 116.681074560922411, 0.592866382970321, 0.0 ], [ 116.681014309823951, 0.592941630617425, 0.0 ], [ 116.681007888874561, 0.592951684356857, 0.0 ], [ 116.680970723813516, 0.59302318660304, 0.0 ], [ 116.680956968782482, 0.593061376393112, 0.0 ], [ 116.680949834417248, 0.5930843557723, 0.0 ], [ 116.680944493459961, 0.593119575438427, 0.0 ], [ 116.680932577961883, 0.593165381408002, 0.0 ], [ 116.680930437108415, 0.593183333568764, 0.0 ], [ 116.680927233624487, 0.593237226122815, 0.0 ], [ 116.680928783321107, 0.593245071420839, 0.0 ], [ 116.68092748171388, 0.593252281832236, 0.0 ], [ 116.680928193155651, 0.59327382588208, 0.0 ], [ 116.680930465098911, 0.593284403964082, 0.0 ], [ 116.680936666995038, 0.5933474897073, 0.0 ], [ 116.680940232940543, 0.593365443104161, 0.0 ], [ 116.680965706154907, 0.593449835519761, 0.0 ], [ 116.680966453240458, 0.593450961226829, 0.0 ], [ 116.680966715470888, 0.593452268826882, 0.0 ], [ 116.680972421489258, 0.593465913184365, 0.0 ], [ 116.680974420638492, 0.593468906574231, 0.0 ], [ 116.68102227261744, 0.593555222407752, 0.0 ], [ 116.68103154565118, 0.593568149532604, 0.0 ], [ 116.681041301846378, 0.593579683380986, 0.0 ], [ 116.681044946595392, 0.593585893169448, 0.0 ], [ 116.681059212566481, 0.593603846282807, 0.0 ], [ 116.681092350542201, 0.593641121312921, 0.0 ], [ 116.681101980966446, 0.593649653728864, 0.0 ], [ 116.6811019804029, 0.593659490877949, 0.0 ], [ 116.681104860575303, 0.593685927072118, 0.0 ], [ 116.681108212959401, 0.593731967722506, 0.0 ], [ 116.681111976177604, 0.59375766007412, 0.0 ], [ 116.681141364646606, 0.593864758558433, 0.0 ], [ 116.681142872424402, 0.593867030476241, 0.0 ], [ 116.68114330649999, 0.593869227969986, 0.0 ], [ 116.681144642711871, 0.593872059866031, 0.0 ], [ 116.681144826530129, 0.59387294485149, 0.0 ], [ 116.681146768383513, 0.593877414262808, 0.0 ], [ 116.681148086931486, 0.593879359361798, 0.0 ], [ 116.68116288826792, 0.593910728522922, 0.0 ], [ 116.681172702015161, 0.593929062263899, 0.0 ], [ 116.681191168203014, 0.593954040711115, 0.0 ], [ 116.681211308822313, 0.593989231253907, 0.0 ], [ 116.681216474210444, 0.593996032306245, 0.0 ], [ 116.681218126991126, 0.593997932972155, 0.0 ], [ 116.681218731412827, 0.593998979073536, 0.0 ], [ 116.681228718022197, 0.594011906239397, 0.0 ], [ 116.681242783130642, 0.59402794723571, 0.0 ], [ 116.681268910857597, 0.59407651774703, 0.0 ], [ 116.681272614123799, 0.594081967068033, 0.0 ], [ 116.681307105668864, 0.59412380956025, 0.0 ], [ 116.681312897061218, 0.594132937975186, 0.0 ], [ 116.681324351285156, 0.594145462628193, 0.0 ], [ 116.681331655460554, 0.594150598753033, 0.0 ], [ 116.681337178559502, 0.5941589209485, 0.0 ], [ 116.681389787723745, 0.594204286067861, 0.0 ], [ 116.681398831889325, 0.59421094037582, 0.0 ], [ 116.681400358177029, 0.594212111058553, 0.0 ], [ 116.681400662433489, 0.594212287211302, 0.0 ], [ 116.68140244909759, 0.594213601762084, 0.0 ], [ 116.681415302798612, 0.594220872839113, 0.0 ], [ 116.681434647268716, 0.594286023415456, 0.0 ], [ 116.681450021105448, 0.594329560909951, 0.0 ], [ 116.681469542973687, 0.594370949519736, 0.0 ], [ 116.681474536563769, 0.594380284672632, 0.0 ], [ 116.681497700898618, 0.594411627301176, 0.0 ], [ 116.68151926229767, 0.594448364868251, 0.0 ], [ 116.681527821882327, 0.594459137822216, 0.0 ], [ 116.681560973663991, 0.594496430221093, 0.0 ], [ 116.681564368612825, 0.594499533465868, 0.0 ], [ 116.681564841930026, 0.59450192961983, 0.0 ], [ 116.681564275392446, 0.594504795971191, 0.0 ], [ 116.681565047336264, 0.594520384614911, 0.0 ], [ 116.681564573822442, 0.594523211719072, 0.0 ], [ 116.681565048773251, 0.594531350574518, 0.0 ], [ 116.681565740593228, 0.594534384264588, 0.0 ], [ 116.681565849459361, 0.594536582708535, 0.0 ], [ 116.681565785607489, 0.594536953972753, 0.0 ], [ 116.681566260476004, 0.594546528613084, 0.0 ], [ 116.681566365180203, 0.594546997186443, 0.0 ], [ 116.681566505801726, 0.594549836897331, 0.0 ], [ 116.681567456985746, 0.594559411565529, 0.0 ], [ 116.681568692301397, 0.594564361024267, 0.0 ], [ 116.681570665405644, 0.594591023780697, 0.0 ], [ 116.681571863212056, 0.594599068738154, 0.0 ], [ 116.681572461171626, 0.594603281326772, 0.0 ], [ 116.681572134079133, 0.594606133047242, 0.0 ], [ 116.681569168173368, 0.594657994584949, 0.0 ], [ 116.68156916753118, 0.59466919497299, 0.0 ], [ 116.681575808432001, 0.594746703968382, 0.0 ], [ 116.681578660885975, 0.594763220635166, 0.0 ], [ 116.681589427649413, 0.594800577287956, 0.0 ], [ 116.681592469280929, 0.594820647698638, 0.0 ], [ 116.681596035598261, 0.594832137803213, 0.0 ], [ 116.681600132554436, 0.594843516143854, 0.0 ], [ 116.681547002895016, 0.59493557318899, 0.0 ], [ 116.681544976291789, 0.594945826623972, 0.0 ], [ 116.681541295187998, 0.59495137191851, 0.0 ], [ 116.68154107446837, 0.59495216023239, 0.0 ], [ 116.681539849443325, 0.594954096393141, 0.0 ], [ 116.681534141735526, 0.594969895122551, 0.0 ], [ 116.681530859852927, 0.594988642357048, 0.0 ], [ 116.681512586583096, 0.595053906459543, 0.0 ], [ 116.681510445076398, 0.595067550361739, 0.0 ], [ 116.681504938682465, 0.595138123806061, 0.0 ], [ 116.681506670839454, 0.5951468928025, 0.0 ], [ 116.681505245805752, 0.595154871811709, 0.0 ], [ 116.68150595826819, 0.595174260828453, 0.0 ], [ 116.681507254365471, 0.595180241199774, 0.0 ], [ 116.681510163715856, 0.595221486189575, 0.0 ], [ 116.681513015963233, 0.595241593675645, 0.0 ], [ 116.681518240667984, 0.595260804171102, 0.0 ], [ 116.681520818155349, 0.595282823203473, 0.0 ], [ 116.68152866288834, 0.595315857566571, 0.0 ], [ 116.681550543268372, 0.595383766633725, 0.0 ], [ 116.681555229892666, 0.595390828429884, 0.0 ], [ 116.681556861887941, 0.595398390913613, 0.0 ], [ 116.681575407095281, 0.595439324976742, 0.0 ], [ 116.681585335966503, 0.595453729450663, 0.0 ], [ 116.681622105032062, 0.595519423294984, 0.0 ], [ 116.68164778362295, 0.595554612824873, 0.0 ], [ 116.681663107721747, 0.595572580240853, 0.0 ], [ 116.681667276828534, 0.595579454870677, 0.0 ], [ 116.681685404965108, 0.595600964889907, 0.0 ], [ 116.681714260078508, 0.595636097082477, 0.0 ], [ 116.681742810604248, 0.59566769378606, 0.0 ], [ 116.681784076705085, 0.595704432777559, 0.0 ], [ 116.681797569957965, 0.595715035672591, 0.0 ], [ 116.681795237984687, 0.595747106147578, 0.0 ], [ 116.681796905513252, 0.595755547966123, 0.0 ], [ 116.681795523542903, 0.595763256598619, 0.0 ], [ 116.68179594994254, 0.595775291301989, 0.0 ], [ 116.681795949664718, 0.595780140096983, 0.0 ], [ 116.681796159350895, 0.595781201627433, 0.0 ], [ 116.681796235964228, 0.595783363960742, 0.0 ], [ 116.681798621284727, 0.595794405189344, 0.0 ], [ 116.681796679586085, 0.595805939208162, 0.0 ], [ 116.68179810439571, 0.595831073215671, 0.0 ], [ 116.681800710734706, 0.595842546238125, 0.0 ], [ 116.681804617555784, 0.595886192572731, 0.0 ], [ 116.681805823829109, 0.595892873808949, 0.0 ], [ 116.681789097305966, 0.595921820230975, 0.0 ], [ 116.681762375439362, 0.595976141577724, 0.0 ], [ 116.681747481167804, 0.596018057052377, 0.0 ], [ 116.68174034585472, 0.596041754777133, 0.0 ], [ 116.681728591028005, 0.596121572886529, 0.0 ], [ 116.681722869863975, 0.596144150245318, 0.0 ], [ 116.681721830735896, 0.596153909298079, 0.0 ], [ 116.681721334155441, 0.596156199318602, 0.0 ], [ 116.681721200334792, 0.5961598297622, 0.0 ], [ 116.681720728882979, 0.596164257441195, 0.0 ], [ 116.681719884058268, 0.596180162751323, 0.0 ], [ 116.68171908346973, 0.596183631777172, 0.0 ], [ 116.681716941705034, 0.596217383904635, 0.0 ], [ 116.681717953606181, 0.596223523325135, 0.0 ], [ 116.681716270016324, 0.596231367217646, 0.0 ], [ 116.681714861583288, 0.59627452113309, 0.0 ], [ 116.681714170844231, 0.596293978824745, 0.0 ], [ 116.681715550404846, 0.596301678077612, 0.0 ], [ 116.681713884179644, 0.596310108202385, 0.0 ], [ 116.681713883231083, 0.596326624703915, 0.0 ], [ 116.681715587046284, 0.596335250223937, 0.0 ], [ 116.68171459512385, 0.59634026877223, 0.0 ], [ 116.681715057057403, 0.596347124572243, 0.0 ], [ 116.681714501801338, 0.596350378146932, 0.0 ], [ 116.681715213693792, 0.596364022215305, 0.0 ], [ 116.68171661585076, 0.596370259424795, 0.0 ], [ 116.681718714445324, 0.596401405753918, 0.0 ], [ 116.681720293108313, 0.596413061690528, 0.0 ], [ 116.681721233683774, 0.596421116127069, 0.0 ], [ 116.681726819562655, 0.596442702837573, 0.0 ], [ 116.681728703331885, 0.59646312185893, 0.0 ], [ 116.681730842498538, 0.596474611880643, 0.0 ], [ 116.681731380806681, 0.596476434785306, 0.0 ], [ 116.681731570794426, 0.596477989130445, 0.0 ], [ 116.681732495707607, 0.596481714428386, 0.0 ], [ 116.681723856477035, 0.596494275920581, 0.0 ], [ 116.681705850681126, 0.596527521498278, 0.0 ], [ 116.681694926827419, 0.596542502947141, 0.0 ], [ 116.681686365674196, 0.596559018949611, 0.0 ], [ 116.681669603891464, 0.596595155760398, 0.0 ], [ 116.681650192924792, 0.596653133916273, 0.0 ], [ 116.681646625163992, 0.596666777735446, 0.0 ], [ 116.68164619279402, 0.596670140237118, 0.0 ], [ 116.681644370843983, 0.596675772334072, 0.0 ], [ 116.681639376418886, 0.596696597708376, 0.0 ], [ 116.681638170003907, 0.596706800555052, 0.0 ], [ 116.681634669708075, 0.596718611543997, 0.0 ], [ 116.681586860835353, 0.596972823188352, 0.0 ], [ 116.681585356471402, 0.596988958412331, 0.0 ], [ 116.681582750567259, 0.596998785280325, 0.0 ], [ 116.681577754209513, 0.597037563844403, 0.0 ], [ 116.681574021438252, 0.597095723142977, 0.0 ], [ 116.681574554784703, 0.597098423194748, 0.0 ], [ 116.681574052245281, 0.597101046293457, 0.0 ], [ 116.681574762308486, 0.597162086640159, 0.0 ], [ 116.681575206393234, 0.597164267642616, 0.0 ], [ 116.68157836753042, 0.597214219346661, 0.0 ], [ 116.681593341338285, 0.597331991666934, 0.0 ], [ 116.681618660364677, 0.597427815845135, 0.0 ], [ 116.681621080577557, 0.597440627782756, 0.0 ], [ 116.681628092952977, 0.597458514318893, 0.0 ], [ 116.681663342614499, 0.597561702902863, 0.0 ], [ 116.68167085090441, 0.59757380506925, 0.0 ], [ 116.68167412103341, 0.597590111910187, 0.0 ], [ 116.681696945108925, 0.597644691158473, 0.0 ], [ 116.681698517595649, 0.597647045722642, 0.0 ], [ 116.681740792166863, 0.597725424391838, 0.0 ], [ 116.681748638136966, 0.597736914746609, 0.0 ], [ 116.681751222375937, 0.597740042662962, 0.0 ], [ 116.681724930833738, 0.597856676621716, 0.0 ], [ 116.681713789479502, 0.597956757059036, 0.0 ], [ 116.681713788321574, 0.597976864379469, 0.0 ], [ 116.681724035224022, 0.598072943177486, 0.0 ], [ 116.681725603962164, 0.598080210910669, 0.0 ], [ 116.681726846070447, 0.598087403537434, 0.0 ], [ 116.681731045233178, 0.598101973324989, 0.0 ], [ 116.681732659236701, 0.598115683471649, 0.0 ], [ 116.681737249609156, 0.598134901196035, 0.0 ], [ 116.681736684591229, 0.598135306892092, 0.0 ], [ 116.681703867862325, 0.59817264804751, 0.0 ], [ 116.681699362765059, 0.598179905502018, 0.0 ], [ 116.681677790054351, 0.598205243085074, 0.0 ], [ 116.681656388288218, 0.598234684018827, 0.0 ], [ 116.681645430736623, 0.59825430056051, 0.0 ], [ 116.681632654051128, 0.598270850140389, 0.0 ], [ 116.681619098391181, 0.598293829143308, 0.0 ], [ 116.681590320206382, 0.598351672351475, 0.0 ], [ 116.681556568906259, 0.598504259780645, 0.0 ], [ 116.681555855318649, 0.598520058799928, 0.0 ], [ 116.681556409533499, 0.598523240234514, 0.0 ], [ 116.681556105132074, 0.598524780324503, 0.0 ], [ 116.681557309323793, 0.598530876518334, 0.0 ], [ 116.681555391544251, 0.598540579343481, 0.0 ], [ 116.681560358149667, 0.5986076757577, 0.0 ], [ 116.681562497148832, 0.598622038254338, 0.0 ], [ 116.681565647974153, 0.598633466704683, 0.0 ], [ 116.681567164233243, 0.598648134404085, 0.0 ], [ 116.681570016848568, 0.598661778597363, 0.0 ], [ 116.681594578267621, 0.59874169800461, 0.0 ], [ 116.681618081803876, 0.598790368973273, 0.0 ], [ 116.681624501522123, 0.598801859245349, 0.0 ], [ 116.681637665973199, 0.598819333898785, 0.0 ], [ 116.681651846345119, 0.598844913962771, 0.0 ], [ 116.681661118484186, 0.598857841091703, 0.0 ], [ 116.681676686770615, 0.598876246893379, 0.0 ], [ 116.681681340210503, 0.59888396318562, 0.0 ], [ 116.681696319764001, 0.598901917251975, 0.0 ], [ 116.681714919574901, 0.598922342578046, 0.0 ], [ 116.681715968822047, 0.598923960541519, 0.0 ], [ 116.68173237556816, 0.598941196346795, 0.0 ], [ 116.681741017646388, 0.598947144819333, 0.0 ], [ 116.681746890038923, 0.598955764147781, 0.0 ], [ 116.681761868901845, 0.598970127395096, 0.0 ], [ 116.681772145304279, 0.59897685979853, 0.0 ], [ 116.681774007519607, 0.598979665781297, 0.0 ], [ 116.681775659137145, 0.598980912877605, 0.0 ], [ 116.681779338930824, 0.598986021644176, 0.0 ], [ 116.68179931175689, 0.599003257657803, 0.0 ], [ 116.68180900766302, 0.599009251684006, 0.0 ], [ 116.681810412697246, 0.599015539771628, 0.0 ], [ 116.681810678196896, 0.599017478275372, 0.0 ], [ 116.681811661032896, 0.599021126570272, 0.0 ], [ 116.681814568828017, 0.599034140113103, 0.0 ], [ 116.681818710193994, 0.599047293110902, 0.0 ], [ 116.681820306541852, 0.599053218766874, 0.0 ], [ 116.681821459731339, 0.59906134736364, 0.0 ], [ 116.681822958898309, 0.599074607375744, 0.0 ], [ 116.681823961845737, 0.599078984255738, 0.0 ], [ 116.681824438501323, 0.599082344103938, 0.0 ], [ 116.68182807062712, 0.599094881354996, 0.0 ], [ 116.681828390288302, 0.599097369594851, 0.0 ], [ 116.681831956479925, 0.599111013830503, 0.0 ], [ 116.681834042773545, 0.599117247716557, 0.0 ], [ 116.681834446430301, 0.599120150462999, 0.0 ], [ 116.68183729925336, 0.599130204742241, 0.0 ], [ 116.681854213602051, 0.599179048531155, 0.0 ], [ 116.681856926912516, 0.599184706040353, 0.0 ], [ 116.68186378860716, 0.599203762801342, 0.0 ], [ 116.681863841058558, 0.599204029788984, 0.0 ], [ 116.681866825211273, 0.599211326505261, 0.0 ], [ 116.681904657598807, 0.599360133346093, 0.0 ], [ 116.681913978977434, 0.599388298516849, 0.0 ], [ 116.681915161104925, 0.599395403125125, 0.0 ], [ 116.681921542381374, 0.599414037401134, 0.0 ], [ 116.681925807417002, 0.599426918974027, 0.0 ], [ 116.681928815056182, 0.599431818401423, 0.0 ], [ 116.681928258313519, 0.599432786356917, 0.0 ], [ 116.681925810159314, 0.599437775674789, 0.0 ], [ 116.681924344855659, 0.599439730934944, 0.0 ], [ 116.681917210152321, 0.599452656200242, 0.0 ], [ 116.681896419246002, 0.599495986784407, 0.0 ], [ 116.681895860910814, 0.59949682260891, 0.0 ], [ 116.681890153317227, 0.599510467207207, 0.0 ], [ 116.681888029285943, 0.599521052899096, 0.0 ], [ 116.681884867454315, 0.599525815942814, 0.0 ], [ 116.681880673976863, 0.599538601431882, 0.0 ], [ 116.681877997444175, 0.599542960634074, 0.0 ], [ 116.681873717042848, 0.59955588606584, 0.0 ], [ 116.681872471647111, 0.599563609507875, 0.0 ], [ 116.681864077999961, 0.599589200891716, 0.0 ], [ 116.681859796450581, 0.599606435487324, 0.0 ], [ 116.681849687189754, 0.599689054923491, 0.0 ], [ 116.681846535232154, 0.599703948732847, 0.0 ], [ 116.681845821021355, 0.59973051930492, 0.0 ], [ 116.681846290056328, 0.599733073540623, 0.0 ], [ 116.681827399950976, 0.59977182293339, 0.0 ], [ 116.681824407714871, 0.5997847965041, 0.0 ], [ 116.681815656487885, 0.59979797951813, 0.0 ], [ 116.681800298286532, 0.599841445691409, 0.0 ], [ 116.681775326378329, 0.599925464330317, 0.0 ], [ 116.681771764137949, 0.599949954847828, 0.0 ], [ 116.681761772206244, 0.599985842940311, 0.0 ], [ 116.681753921726227, 0.600036828674056, 0.0 ], [ 116.681752402055167, 0.600056678313679, 0.0 ], [ 116.681750553012648, 0.60006419395143, 0.0 ], [ 116.681747697825031, 0.600095073561715, 0.0 ], [ 116.681745763808195, 0.600136971472876, 0.0 ], [ 116.681748423040531, 0.600150433780789, 0.0 ], [ 116.681746454640191, 0.600162071707844, 0.0 ], [ 116.681747188739493, 0.600175383597522, 0.0 ], [ 116.681747188344588, 0.600182212800589, 0.0 ], [ 116.681747711355328, 0.600184860532478, 0.0 ], [ 116.681747880296854, 0.600187924060473, 0.0 ], [ 116.681748922492488, 0.600192528166381, 0.0 ], [ 116.681747546569369, 0.600200298147893, 0.0 ], [ 116.681748259107053, 0.600218251380131, 0.0 ], [ 116.681751175628804, 0.600231613680391, 0.0 ], [ 116.68175767502693, 0.600294027929115, 0.0 ], [ 116.681762666888773, 0.600317726361109, 0.0 ], [ 116.681773882943645, 0.600354124336751, 0.0 ], [ 116.681775943886365, 0.600366914025894, 0.0 ], [ 116.681781649697314, 0.600384149206642, 0.0 ], [ 116.681784632454111, 0.600389008296275, 0.0 ], [ 116.681787077714503, 0.600396943576964, 0.0 ], [ 116.681788026705433, 0.60040213665238, 0.0 ], [ 116.681793732640756, 0.60041721770303, 0.0 ], [ 116.68179717001334, 0.600422561724713, 0.0 ], [ 116.681798499588581, 0.600429292673482, 0.0 ], [ 116.681823363839584, 0.600479414994043, 0.0 ], [ 116.68180980166494, 0.60051546569616, 0.0 ], [ 116.681727320776545, 0.600718169954399, 0.0 ], [ 116.681680898333639, 0.600829070604697, 0.0 ], [ 116.681649769931042, 0.600872543910473, 0.0 ], [ 116.681644776117182, 0.600882597730048, 0.0 ], [ 116.681642464150855, 0.600892455054232, 0.0 ], [ 116.681636540919754, 0.600901719316281, 0.0 ], [ 116.681635828546675, 0.600905323495677, 0.0 ], [ 116.681631547106051, 0.600911773136111, 0.0 ], [ 116.681620800535015, 0.600942151137888, 0.0 ], [ 116.681594704847285, 0.601006922427315, 0.0 ], [ 116.681574151156511, 0.601023536906087, 0.0 ], [ 116.681559169687347, 0.601038616742758, 0.0 ], [ 116.681470809074852, 0.601164820567385, 0.0 ], [ 116.681466894025419, 0.601173139227132, 0.0 ], [ 116.681439573334728, 0.601227484518293, 0.0 ], [ 116.681435985097849, 0.601242619728035, 0.0 ], [ 116.681425368355406, 0.601258612977804, 0.0 ], [ 116.681406610147974, 0.601314123002956, 0.0 ], [ 116.681401615833892, 0.601332793339466, 0.0 ], [ 116.681399457100824, 0.601349217194864, 0.0 ], [ 116.681393161912965, 0.601370866502306, 0.0 ], [ 116.681389593767236, 0.601390973612174, 0.0 ], [ 116.681386909866987, 0.601421451411546, 0.0 ], [ 116.681384146081555, 0.601432920423723, 0.0 ], [ 116.681383432005987, 0.60144153780479, 0.0 ], [ 116.681381876673441, 0.601479115762757, 0.0 ], [ 116.68138365188355, 0.601488102733945, 0.0 ], [ 116.681382589415961, 0.60149347817583, 0.0 ], [ 116.681382913361503, 0.60149893883194, 0.0 ], [ 116.681382436358177, 0.601501712580599, 0.0 ], [ 116.681383149101094, 0.601516074993246, 0.0 ], [ 116.681384212140046, 0.601520831992686, 0.0 ], [ 116.681385786374207, 0.601547368426751, 0.0 ], [ 116.681387925161786, 0.601565321742691, 0.0 ], [ 116.681390112338335, 0.601573733833364, 0.0 ], [ 116.681391483510311, 0.601589600312502, 0.0 ], [ 116.681412877368913, 0.601712400521517, 0.0 ], [ 116.681413547426388, 0.601714718959329, 0.0 ], [ 116.681413812120709, 0.601717588116544, 0.0 ], [ 116.681415951282631, 0.601729078139163, 0.0 ], [ 116.681426470616003, 0.60176470040664, 0.0 ], [ 116.681429107749807, 0.601781931223314, 0.0 ], [ 116.68143338661514, 0.6017955755013, 0.0 ], [ 116.681444344919868, 0.601825870080572, 0.0 ], [ 116.681442813520462, 0.601841431085851, 0.0 ], [ 116.681439537429625, 0.601853900467184, 0.0 ], [ 116.681438110510115, 0.60186539028019, 0.0 ], [ 116.681437970548117, 0.601867651986915, 0.0 ], [ 116.681437722125395, 0.601868611435864, 0.0 ], [ 116.681436294265254, 0.601880819593618, 0.0 ], [ 116.681433211581265, 0.601933688955934, 0.0 ], [ 116.68143321112737, 0.601941506950168, 0.0 ], [ 116.681432829160357, 0.601951486386161, 0.0 ], [ 116.681434298921928, 0.601959755074583, 0.0 ], [ 116.681432495963747, 0.601968876949369, 0.0 ], [ 116.681454372005177, 0.602072683663956, 0.0 ], [ 116.681455783176162, 0.602080622728816, 0.0 ], [ 116.681455280920119, 0.602081579959213, 0.0 ], [ 116.681453761519407, 0.60208926720451, 0.0 ], [ 116.681451714213608, 0.602092351301828, 0.0 ], [ 116.681445755122638, 0.602109009813836, 0.0 ], [ 116.681444126317032, 0.602111662692277, 0.0 ], [ 116.681440559610436, 0.602122434034548, 0.0 ], [ 116.681440236796888, 0.602124436173961, 0.0 ], [ 116.681437376797518, 0.602132431241062, 0.0 ], [ 116.681434522851063, 0.602141766840555, 0.0 ], [ 116.681433525087428, 0.602148444183899, 0.0 ], [ 116.681428068090327, 0.602165082680405, 0.0 ], [ 116.681425214019171, 0.602176572409304, 0.0 ], [ 116.681421954451906, 0.602203214336003, 0.0 ], [ 116.681415738251388, 0.602226484681636, 0.0 ], [ 116.681414310474182, 0.602237257055115, 0.0 ], [ 116.681410363254201, 0.602297056957691, 0.0 ], [ 116.681410362504124, 0.60230998263909, 0.0 ], [ 116.681410361878577, 0.602320754191031, 0.0 ], [ 116.681413132130345, 0.602334778549379, 0.0 ], [ 116.681411787821034, 0.602341579939416, 0.0 ], [ 116.681412152703658, 0.602348955665505, 0.0 ], [ 116.68141150256713, 0.602352992097697, 0.0 ], [ 116.681412139785607, 0.602361977742932, 0.0 ], [ 116.681412781990261, 0.602371680478522, 0.0 ], [ 116.681413410943733, 0.602374389668017, 0.0 ], [ 116.681414013877557, 0.60238657735098, 0.0 ], [ 116.681415439295961, 0.602400939806537, 0.0 ], [ 116.681434325995113, 0.602476627523946, 0.0 ], [ 116.681440256979897, 0.602510530334462, 0.0 ], [ 116.681445962871976, 0.602526329730995, 0.0 ], [ 116.681446620681541, 0.60252736966928, 0.0 ], [ 116.681446886711427, 0.602528864228226, 0.0 ], [ 116.681454019546209, 0.602548253622896, 0.0 ], [ 116.681459764291191, 0.602557276010088, 0.0 ], [ 116.681462058426476, 0.60256858222243, 0.0 ], [ 116.68147784154533, 0.602605845498194, 0.0 ], [ 116.681506396513086, 0.602685222907267, 0.0 ], [ 116.681506431713245, 0.602685278632347, 0.0 ], [ 116.681506445959158, 0.602685360288772, 0.0 ], [ 116.681574237596706, 0.602873618250392, 0.0 ], [ 116.681533380742039, 0.602905727110373, 0.0 ], [ 116.681511741230906, 0.602927508690361, 0.0 ], [ 116.681430690056928, 0.603048008815942, 0.0 ], [ 116.681425041426195, 0.60305535653451, 0.0 ], [ 116.681420642642991, 0.603062883390831, 0.0 ], [ 116.681418995412429, 0.603065183841625, 0.0 ], [ 116.681418593491941, 0.603065992978882, 0.0 ], [ 116.681416452527046, 0.603069175986248, 0.0 ], [ 116.681414649571025, 0.603073410314474, 0.0 ], [ 116.681387690161372, 0.603127876747159, 0.0 ], [ 116.681387428441411, 0.603129200888074, 0.0 ], [ 116.681386697370513, 0.60313030914509, 0.0 ], [ 116.681376233082617, 0.603156160796504, 0.0 ], [ 116.681374772746551, 0.603163663077539, 0.0 ], [ 116.681372469119481, 0.60316713329928, 0.0 ], [ 116.681370600969075, 0.603172459700742, 0.0 ], [ 116.681369200041658, 0.603174687919988, 0.0 ], [ 116.68136444328762, 0.603188092820515, 0.0 ], [ 116.681363793124405, 0.603191869978956, 0.0 ], [ 116.681356515712451, 0.603212619067968, 0.0 ], [ 116.681351759689989, 0.603228896442952, 0.0 ], [ 116.681346974021992, 0.6032623410075, 0.0 ], [ 116.681336971145456, 0.603300410706123, 0.0 ], [ 116.681334116403747, 0.603323390330773, 0.0 ], [ 116.681332169740955, 0.603354837393244, 0.0 ], [ 116.681331068984548, 0.603359836199484, 0.0 ], [ 116.681330115969189, 0.603381857842599, 0.0 ], [ 116.681330240998733, 0.603382571582732, 0.0 ], [ 116.681330050009194, 0.603383446184317, 0.0 ], [ 116.681329097780662, 0.603407384016233, 0.0 ], [ 116.681329398244074, 0.603409081783138, 0.0 ], [ 116.681328964980267, 0.603411105519913, 0.0 ], [ 116.681325409085531, 0.603523665714825, 0.0 ], [ 116.681277282030635, 0.603551502282788, 0.0 ], [ 116.681249935753158, 0.603572445756001, 0.0 ], [ 116.681218215049213, 0.603600331732832, 0.0 ], [ 116.681214049371988, 0.603603042501656, 0.0 ], [ 116.681183730606577, 0.603631766358611, 0.0 ], [ 116.681174385766582, 0.603645392517114, 0.0 ], [ 116.681164454516448, 0.603652071864874, 0.0 ], [ 116.681161763450802, 0.603656398864702, 0.0 ], [ 116.681155868266316, 0.603660620823572, 0.0 ], [ 116.681146355689307, 0.603671391814391, 0.0 ], [ 116.681067038015172, 0.603798821652623, 0.0 ], [ 116.681064927592345, 0.603809499096281, 0.0 ], [ 116.681061687086213, 0.603814380646763, 0.0 ], [ 116.681060233756284, 0.603819649776122, 0.0 ], [ 116.681057551043239, 0.603823963345713, 0.0 ], [ 116.681052200114166, 0.603839522339964, 0.0 ], [ 116.681048275887818, 0.603863003710035, 0.0 ], [ 116.681032445564981, 0.603920397446196, 0.0 ], [ 116.681030661825972, 0.603932365831903, 0.0 ], [ 116.681025688132806, 0.603999456971615, 0.0 ], [ 116.681025687574191, 0.604009031583778, 0.0 ], [ 116.681028194804938, 0.604021724409573, 0.0 ], [ 116.681026306387594, 0.604032790056264, 0.0 ], [ 116.68102668672033, 0.604040078043093, 0.0 ], [ 116.681027074541149, 0.60405141865953, 0.0 ], [ 116.681027087224763, 0.604051477546076, 0.0 ], [ 116.681027078270944, 0.60405152734809, 0.0 ], [ 116.681027144663233, 0.604053455302498, 0.0 ], [ 116.681027695908128, 0.604056013077263, 0.0 ], [ 116.681027772356671, 0.604057713041425, 0.0 ], [ 116.681027679470958, 0.60405822382741, 0.0 ], [ 116.681027788499108, 0.604061804832555, 0.0 ], [ 116.68102777101987, 0.604061887724084, 0.0 ], [ 116.681024419024283, 0.604066937224004, 0.0 ], [ 116.681008925168157, 0.60411219706281, 0.0 ], [ 116.681005876535011, 0.604113946316749, 0.0 ], [ 116.680986853594106, 0.604128307562946, 0.0 ], [ 116.680938727591567, 0.604170321617188, 0.0 ], [ 116.680871146743257, 0.604257445057674, 0.0 ], [ 116.68085331098861, 0.604287365683225, 0.0 ], [ 116.680823475314824, 0.604346992017103, 0.0 ], [ 116.680802684494594, 0.604410382209726, 0.0 ], [ 116.680794359581384, 0.604443894215469, 0.0 ], [ 116.68078093516786, 0.604553611954072, 0.0 ], [ 116.68078368096883, 0.604603569821634, 0.0 ], [ 116.680788434428052, 0.604646657213074, 0.0 ], [ 116.680793644356328, 0.604667059122678, 0.0 ], [ 116.680797189993015, 0.604698416424368, 0.0 ], [ 116.680807887312952, 0.604745094081942, 0.0 ], [ 116.680830580965207, 0.604816488982308, 0.0 ], [ 116.680831677743399, 0.604818141605838, 0.0 ], [ 116.680832062618947, 0.604820047506276, 0.0 ], [ 116.680843699306465, 0.604847664657915, 0.0 ], [ 116.680844769825143, 0.604849262915537, 0.0 ], [ 116.680870082760123, 0.604900408865233, 0.0 ], [ 116.680929807363739, 0.605002599132163, 0.0 ], [ 116.680937154572277, 0.60501796260767, 0.0 ], [ 116.680938233641271, 0.605019493873009, 0.0 ], [ 116.680942552799976, 0.605028872115186, 0.0 ], [ 116.680957464701777, 0.605058017653958, 0.0 ], [ 116.680961008185022, 0.605065917458152, 0.0 ], [ 116.68095534234466, 0.605097279142527, 0.0 ], [ 116.68094809028689, 0.605178194507878, 0.0 ], [ 116.680951246240028, 0.605194171491838, 0.0 ], [ 116.680949039394633, 0.605207606474575, 0.0 ], [ 116.680953287365014, 0.605273297669548, 0.0 ], [ 116.680953286196896, 0.605293285577128, 0.0 ], [ 116.680955086968737, 0.605302401969148, 0.0 ], [ 116.680953616974165, 0.605310665832164, 0.0 ], [ 116.680955990426611, 0.605372902307523, 0.0 ], [ 116.680957407037837, 0.605379416888179, 0.0 ], [ 116.680960507790815, 0.605421818448257, 0.0 ], [ 116.680965261878143, 0.605454134289224, 0.0 ], [ 116.680965817880775, 0.605456158005655, 0.0 ], [ 116.6808963047894, 0.605550592509878, 0.0 ], [ 116.680886792685556, 0.60556854513484, 0.0 ], [ 116.680882532344953, 0.605577622655947, 0.0 ], [ 116.68085832947672, 0.605595181119266, 0.0 ], [ 116.680809244229536, 0.60562539170103, 0.0 ], [ 116.680782294144166, 0.605648469414136, 0.0 ], [ 116.680755719862276, 0.60567314757586, 0.0 ], [ 116.68074555655167, 0.605688457736146, 0.0 ], [ 116.680733449608141, 0.605697258280609, 0.0 ], [ 116.680698938565584, 0.605737460917653, 0.0 ], [ 116.680689903520118, 0.60575220614391, 0.0 ], [ 116.680662434229873, 0.605786300842663, 0.0 ], [ 116.680644588716063, 0.605813874629259, 0.0 ], [ 116.680605946731973, 0.605887673752261, 0.0 ], [ 116.68060416605978, 0.605896682842604, 0.0 ], [ 116.680599712521925, 0.605903675757255, 0.0 ], [ 116.680588558646576, 0.605933987611413, 0.0 ], [ 116.680587018807046, 0.605942633383045, 0.0 ], [ 116.680571618392861, 0.605991460694746, 0.0 ], [ 116.680559433175915, 0.606045771388568, 0.0 ], [ 116.680550425020485, 0.606082036419945, 0.0 ], [ 116.680540267362531, 0.606119520804882, 0.0 ], [ 116.680538934485241, 0.606129535616377, 0.0 ], [ 116.680534070091426, 0.60614535734318, 0.0 ], [ 116.680529083546332, 0.606169195413917, 0.0 ], [ 116.680523260555546, 0.606225463180866, 0.0 ], [ 116.680519984623047, 0.606240141576949, 0.0 ], [ 116.680518566557993, 0.606269105981591, 0.0 ], [ 116.680523532653581, 0.606297936189341, 0.0 ], [ 116.680519247479225, 0.606324762464877, 0.0 ], [ 116.680521841786174, 0.606360049264815, 0.0 ], [ 116.680525371058678, 0.60637500341648, 0.0 ], [ 116.680529337466524, 0.606415351269829, 0.0 ], [ 116.68053694460454, 0.606453651977154, 0.0 ], [ 116.680541271578647, 0.606467987350813, 0.0 ], [ 116.680542597953973, 0.606478462734444, 0.0 ], [ 116.680554213154636, 0.606523573546071, 0.0 ], [ 116.6805535588651, 0.606525499417387, 0.0 ], [ 116.680542142769397, 0.60656762775336, 0.0 ], [ 116.680526301794117, 0.606686651687284, 0.0 ], [ 116.680528179087005, 0.60669615547483, 0.0 ], [ 116.680526659895492, 0.606704734303018, 0.0 ], [ 116.680528559658129, 0.606752609282788, 0.0 ], [ 116.680531142160731, 0.606764441452367, 0.0 ], [ 116.680536921890464, 0.606823238682894, 0.0 ], [ 116.680546430137923, 0.606871114115097, 0.0 ], [ 116.680559786531418, 0.606915365124895, 0.0 ], [ 116.680556442268696, 0.606945650704563, 0.0 ], [ 116.68055370170984, 0.606964954661699, 0.0 ], [ 116.68055353023685, 0.606965788748146, 0.0 ], [ 116.680552133462328, 0.606969225272241, 0.0 ], [ 116.680551012893858, 0.606974960167613, 0.0 ], [ 116.680548116516306, 0.606979461862258, 0.0 ], [ 116.680532895388055, 0.607019675591905, 0.0 ], [ 116.680532205527655, 0.607023447971789, 0.0 ], [ 116.680530507450499, 0.607026131778758, 0.0 ], [ 116.680515287107724, 0.607068260792505, 0.0 ], [ 116.680514800975615, 0.607071037715244, 0.0 ], [ 116.680508326040453, 0.607089090547926, 0.0 ], [ 116.680492564017456, 0.60714034294578, 0.0 ], [ 116.680486169854504, 0.607143913305006, 0.0 ], [ 116.680446220472334, 0.607172636571747, 0.0 ], [ 116.680389663357602, 0.607220862735786, 0.0 ], [ 116.68038508671043, 0.607227757059209, 0.0 ], [ 116.680378904757745, 0.607232071676512, 0.0 ], [ 116.680352270674447, 0.607260794830313, 0.0 ], [ 116.680337917452889, 0.6072832445332, 0.0 ], [ 116.680287032600077, 0.607351448070381, 0.0 ], [ 116.68026610566551, 0.60738974617395, 0.0 ], [ 116.680244685709027, 0.607434633718071, 0.0 ], [ 116.680210470388346, 0.607607741623138, 0.0 ], [ 116.680210468136266, 0.607646040972212, 0.0 ], [ 116.680212695485523, 0.607691051714918, 0.0 ], [ 116.680218398921184, 0.607748502435787, 0.0 ], [ 116.680221454117188, 0.607760745275369, 0.0 ], [ 116.680223863441071, 0.607786858145347, 0.0 ], [ 116.680229568452717, 0.607817497602983, 0.0 ], [ 116.680256071550303, 0.607907243132783, 0.0 ], [ 116.680260381115389, 0.607913736782604, 0.0 ], [ 116.68026188363504, 0.607920745335199, 0.0 ], [ 116.680279347798418, 0.607959573175149, 0.0 ], [ 116.680286180260254, 0.607969514377068, 0.0 ], [ 116.68031839084496, 0.608029233858279, 0.0 ], [ 116.680331467760283, 0.608048384764716, 0.0 ], [ 116.68037117818595, 0.608096449413672, 0.0 ], [ 116.680375543683155, 0.608103223724885, 0.0 ], [ 116.680396943349734, 0.608125965946608, 0.0 ], [ 116.680401856795356, 0.60812936892568, 0.0 ], [ 116.680405411685243, 0.608134725430993, 0.0 ], [ 116.680447276975102, 0.608171934467849, 0.0 ], [ 116.680479376554302, 0.608197070300867, 0.0 ], [ 116.680583286911542, 0.60825792885931, 0.0 ], [ 116.680592656866366, 0.608259805693413, 0.0 ], [ 116.680599899329849, 0.608264471271107, 0.0 ], [ 116.680645076547066, 0.608281230211029, 0.0 ], [ 116.680647557155936, 0.608281675749392, 0.0 ], [ 116.680669211249665, 0.608442055199757, 0.0 ], [ 116.680671996969849, 0.608479947142473, 0.0 ], [ 116.68067552601191, 0.608494900422977, 0.0 ], [ 116.680679492341852, 0.608535248473092, 0.0 ], [ 116.680679519286798, 0.608535384139593, 0.0 ], [ 116.680653115492532, 0.608566591087916, 0.0 ], [ 116.680628383633064, 0.608601059301003, 0.0 ], [ 116.680577509541052, 0.608692799820609, 0.0 ], [ 116.680547417620843, 0.608804793524997, 0.0 ], [ 116.680545495341278, 0.608818979360374, 0.0 ], [ 116.68054435570032, 0.608835870259198, 0.0 ], [ 116.680543024048603, 0.608841365641927, 0.0 ], [ 116.680539344886128, 0.608884438055087, 0.0 ], [ 116.680537692758406, 0.608923165977441, 0.0 ], [ 116.68054978257905, 0.609027417632462, 0.0 ], [ 116.680560479956455, 0.609072899257935, 0.0 ], [ 116.680582585100538, 0.609141759591488, 0.0 ], [ 116.680638643594449, 0.60924060171167, 0.0 ], [ 116.680673487476113, 0.60928723286369, 0.0 ], [ 116.680714828388133, 0.609335152083262, 0.0 ], [ 116.680760667254134, 0.609375437001218, 0.0 ], [ 116.680808222810484, 0.609411825877559, 0.0 ], [ 116.680855779530617, 0.609448215110102, 0.0 ], [ 116.680879563635287, 0.609461966749386, 0.0 ], [ 116.680901260262871, 0.609478806166158, 0.0 ], [ 116.680937014699822, 0.609499804903117, 0.0 ], [ 116.68096814948612, 0.609520300498866, 0.0 ], [ 116.680993931633168, 0.609539047922345, 0.0 ], [ 116.681011325894033, 0.609548823128953, 0.0 ], [ 116.681025833055259, 0.609560227094581, 0.0 ], [ 116.681063876847119, 0.609583209155188, 0.0 ], [ 116.68111566734396, 0.609609471447067, 0.0 ], [ 116.681118061618577, 0.60961110347494, 0.0 ], [ 116.681131377485627, 0.609616849216597, 0.0 ], [ 116.681134067489282, 0.609617405205523, 0.0 ], [ 116.68113642289579, 0.609618989756884, 0.0 ], [ 116.681220244444688, 0.609644641556782, 0.0 ], [ 116.681239267241125, 0.609648473259368, 0.0 ], [ 116.681257510997071, 0.609650293168192, 0.0 ], [ 116.681267855363132, 0.609653077438438, 0.0 ], [ 116.681269200852768, 0.609663918492984, 0.0 ], [ 116.681272664658977, 0.609695313031516, 0.0 ], [ 116.681304113343501, 0.609818462496978, 0.0 ], [ 116.68130668269616, 0.609822333994384, 0.0 ], [ 116.681307582455716, 0.609826665437245, 0.0 ], [ 116.681334210364994, 0.609887946170114, 0.0 ], [ 116.681339992537573, 0.609896475563253, 0.0 ], [ 116.681381003180462, 0.609970649444989, 0.0 ], [ 116.681420136266752, 0.610025465904722, 0.0 ], [ 116.68145379078959, 0.610076291910493, 0.0 ], [ 116.68149183256017, 0.610133743660571, 0.0 ], [ 116.681535614794612, 0.61018751292983, 0.0 ], [ 116.681540323348756, 0.610194798475486, 0.0 ], [ 116.681578367032799, 0.610235015380583, 0.0 ], [ 116.681582820707575, 0.610238091203398, 0.0 ], [ 116.681586017175974, 0.610242907637527, 0.0 ], [ 116.681695897078626, 0.610324101960368, 0.0 ], [ 116.681739647696531, 0.610347084360274, 0.0 ], [ 116.681775543515712, 0.610363957641139, 0.0 ], [ 116.681786777337166, 0.61036620781282, 0.0 ], [ 116.681795299371714, 0.610371652778039, 0.0 ], [ 116.681837774981332, 0.610387048928037, 0.0 ], [ 116.681840433805689, 0.610390585290498, 0.0 ], [ 116.681848030914608, 0.61040528800808, 0.0 ], [ 116.681874659955966, 0.610447419517853, 0.0 ], [ 116.681936019083906, 0.61052443186457, 0.0 ], [ 116.681950889453276, 0.610534435597216, 0.0 ], [ 116.681959467558542, 0.610546413413777, 0.0 ], [ 116.681988000186038, 0.610571309286569, 0.0 ], [ 116.682041331125973, 0.610604480475193, 0.0 ], [ 116.682046829732968, 0.610608430273433, 0.0 ], [ 116.682055208264373, 0.610624984669738, 0.0 ], [ 116.682065952218849, 0.610642633428406, 0.0 ], [ 116.682083913022581, 0.610678801005184, 0.0 ], [ 116.68210215452001, 0.610704282190176, 0.0 ], [ 116.682130259063399, 0.61075310101128, 0.0 ], [ 116.682162595825105, 0.61079523286156, 0.0 ], [ 116.682200417741697, 0.610838505400134, 0.0 ], [ 116.682209154685367, 0.610844382997165, 0.0 ], [ 116.68221452105719, 0.610852100587891, 0.0 ], [ 116.682237347094343, 0.610873166456751, 0.0 ], [ 116.682252825998575, 0.610883096708724, 0.0 ], [ 116.682305465388296, 0.610924958500716, 0.0 ], [ 116.682330193436954, 0.610940280439105, 0.0 ], [ 116.682376420996505, 0.610964051253001, 0.0 ], [ 116.682377889384341, 0.610971484958427, 0.0 ], [ 116.68237583738285, 0.610983736259644, 0.0 ], [ 116.682377339624082, 0.611009479542916, 0.0 ], [ 116.682379045034679, 0.611069682643612, 0.0 ], [ 116.68238047880476, 0.611076435372318, 0.0 ], [ 116.6823849725088, 0.611131131732401, 0.0 ], [ 116.682392579200908, 0.611177091775656, 0.0 ], [ 116.68239602462269, 0.611189205259492, 0.0 ], [ 116.682350280386331, 0.611264732423857, 0.0 ], [ 116.682316575070615, 0.611416320528811, 0.0 ], [ 116.682314670134488, 0.611456535056411, 0.0 ], [ 116.682316417735137, 0.61146663269664, 0.0 ], [ 116.682314160100717, 0.611478054890725, 0.0 ], [ 116.682322884303659, 0.611528776913989, 0.0 ], [ 116.6823179292509, 0.611567001963044, 0.0 ], [ 116.682314151432166, 0.611625509177401, 0.0 ], [ 116.68231652765455, 0.611637538789608, 0.0 ], [ 116.682314710932602, 0.61164810262577, 0.0 ], [ 116.682316611253498, 0.611686402095647, 0.0 ], [ 116.682324028611447, 0.611719594707431, 0.0 ], [ 116.682328033191823, 0.61174760069052, 0.0 ], [ 116.682326107642041, 0.611764866077184, 0.0 ], [ 116.682321210989684, 0.611783644048357, 0.0 ], [ 116.682313598779444, 0.611846838030526, 0.0 ], [ 116.682310330968846, 0.611901266488582, 0.0 ], [ 116.682310328039961, 0.611951056647242, 0.0 ], [ 116.682312128803872, 0.611960173005991, 0.0 ], [ 116.68231065880768, 0.61196843684131, 0.0 ], [ 116.682312557552962, 0.612018226208212, 0.0 ], [ 116.682314215775989, 0.612025851897663, 0.0 ], [ 116.682317956475657, 0.612072880515755, 0.0 ], [ 116.682327464948102, 0.612132245854687, 0.0 ], [ 116.682345577427924, 0.61219656150073, 0.0 ], [ 116.682343265613284, 0.612200499264604, 0.0 ], [ 116.682328366317705, 0.612218677249239, 0.0 ], [ 116.682280805014187, 0.612289529081324, 0.0 ], [ 116.682268220690801, 0.61231308010062, 0.0 ], [ 116.682259131877061, 0.612325278055692, 0.0 ], [ 116.682226790034122, 0.61238464089703, 0.0 ], [ 116.682215450489977, 0.612408441826058, 0.0 ], [ 116.682213221216756, 0.612411652091493, 0.0 ], [ 116.682188488205242, 0.612465270437944, 0.0 ], [ 116.682186534273782, 0.612474175402818, 0.0 ], [ 116.682180905824325, 0.612482654164453, 0.0 ], [ 116.682166791327504, 0.612522006869552, 0.0 ], [ 116.682142056734619, 0.6126024346735, 0.0 ], [ 116.682141291287977, 0.612607528107803, 0.0 ], [ 116.682136757114037, 0.612621071606952, 0.0 ], [ 116.682126347512877, 0.612660883867555, 0.0 ], [ 116.682108999574126, 0.612676761575423, 0.0 ], [ 116.682106633266983, 0.612680326207241, 0.0 ], [ 116.682103274673864, 0.612682629781227, 0.0 ], [ 116.68205191013034, 0.612736246534718, 0.0 ], [ 116.682048773151095, 0.612741066399197, 0.0 ], [ 116.682005917040314, 0.612792753981406, 0.0 ], [ 116.681977616707314, 0.612833900134345, 0.0 ], [ 116.681962479255205, 0.612849136912577, 0.0 ], [ 116.681945802222685, 0.612858517421934, 0.0 ], [ 116.68189966796001, 0.61288248436188, 0.0 ], [ 116.681844035737996, 0.612909209224614, 0.0 ], [ 116.681693659821491, 0.612962431501007, 0.0 ], [ 116.681691969574857, 0.612963502337494, 0.0 ], [ 116.68168943413022, 0.612963950999342, 0.0 ], [ 116.68147468849358, 0.613042389732129, 0.0 ], [ 116.681388714599507, 0.613064309457796, 0.0 ], [ 116.681443360971883, 0.613596396395093, 0.0 ], [ 116.68128598608692, 0.614071580917633, 0.0 ], [ 116.681303931310836, 0.614074091382318, 0.0 ], [ 116.681335039756817, 0.614076257887564, 0.0 ], [ 116.681341503668705, 0.614077736303554, 0.0 ], [ 116.681411886973621, 0.614081570190512, 0.0 ], [ 116.681423158103385, 0.614079630777846, 0.0 ], [ 116.681436139343376, 0.614082230967696, 0.0 ] ] ], [ [ [ 116.723095408312446, 0.644456295079836, 0.0 ], [ 116.723179110124249, 0.644449597496799, 0.0 ], [ 116.723220694316964, 0.644439531309324, 0.0 ], [ 116.723273519068059, 0.644431671687934, 0.0 ], [ 116.723314418719767, 0.644419226792134, 0.0 ], [ 116.723356344139333, 0.644404150461744, 0.0 ], [ 116.723433643890246, 0.644362614830503, 0.0 ], [ 116.723476447010768, 0.644333892321735, 0.0 ], [ 116.723544935530953, 0.644277376639376, 0.0 ], [ 116.723598053157062, 0.644212953825381, 0.0 ], [ 116.723622785213465, 0.644176570066309, 0.0 ], [ 116.72366615607865, 0.644095967661147, 0.0 ], [ 116.723666725792583, 0.644095111362896, 0.0 ], [ 116.723685750589084, 0.644049152643999, 0.0 ], [ 116.723685843842659, 0.644048683381411, 0.0 ], [ 116.723686109364166, 0.644048283395155, 0.0 ], [ 116.723716089312163, 0.64393710809382, 0.0 ], [ 116.723717661365129, 0.643925662689052, 0.0 ], [ 116.723722857895595, 0.643920327408289, 0.0 ], [ 116.723811230572224, 0.643838217219203, 0.0 ], [ 116.723866858170155, 0.643817766107019, 0.0 ], [ 116.72393171375964, 0.643804597363408, 0.0 ], [ 116.723933508873714, 0.643804319441181, 0.0 ], [ 116.723957444129056, 0.643820246388339, 0.0 ], [ 116.724033248064856, 0.643860793794635, 0.0 ], [ 116.724067041811693, 0.643873315018586, 0.0 ], [ 116.724136255571011, 0.643895833642735, 0.0 ], [ 116.724140490990237, 0.643896505645996, 0.0 ], [ 116.724154155077741, 0.64390124604472, 0.0 ], [ 116.724205516190537, 0.64391561126621, 0.0 ], [ 116.724271325968672, 0.643924645215947, 0.0 ], [ 116.724300858283826, 0.64393142303995, 0.0 ], [ 116.724352220913715, 0.64393429832092, 0.0 ], [ 116.724355127430414, 0.643933800443661, 0.0 ], [ 116.724358817510691, 0.643934618667204, 0.0 ], [ 116.724405423263789, 0.643936536495333, 0.0 ], [ 116.724424416001142, 0.643933138344447, 0.0 ], [ 116.724443271210276, 0.643936488061442, 0.0 ], [ 116.724508900441137, 0.643933619147124, 0.0 ], [ 116.724520203771903, 0.643931098265469, 0.0 ], [ 116.724574019312087, 0.64392595321574, 0.0 ], [ 116.724643454292263, 0.643912551760029, 0.0 ], [ 116.724678771156718, 0.643901902247808, 0.0 ], [ 116.724695065273693, 0.643899356506988, 0.0 ], [ 116.724757841991618, 0.643879252523912, 0.0 ], [ 116.724793557755063, 0.643866115108148, 0.0 ], [ 116.724844540699223, 0.643840950674484, 0.0 ], [ 116.724891147993134, 0.643814143646551, 0.0 ], [ 116.724985953290926, 0.64374125670617, 0.0 ], [ 116.724994004485509, 0.643729128225481, 0.0 ], [ 116.725004063229022, 0.643721924150093, 0.0 ], [ 116.7250345020487, 0.643687455979962, 0.0 ], [ 116.725050763469142, 0.643661329636068, 0.0 ], [ 116.725089574876492, 0.643609998410291, 0.0 ], [ 116.725172119959439, 0.643463423164522, 0.0 ], [ 116.725186594163375, 0.64345186826607, 0.0 ], [ 116.725224077715765, 0.643437585613327, 0.0 ], [ 116.725284942169807, 0.643424022151427, 0.0 ], [ 116.725344440376219, 0.643446822210034, 0.0 ], [ 116.725432240303292, 0.643463078484306, 0.0 ], [ 116.725494924203204, 0.64347631831375, 0.0 ], [ 116.72554057916193, 0.643477277980164, 0.0 ], [ 116.725545136402062, 0.643476415248645, 0.0 ], [ 116.725549935852996, 0.643477376561488, 0.0 ], [ 116.725631764931691, 0.643469817512853, 0.0 ], [ 116.725636688854493, 0.643468899806357, 0.0 ], [ 116.726212851882764, 0.642447106842344, 0.0 ], [ 116.726208519598273, 0.642445029027854, 0.0 ], [ 116.726206160298204, 0.642443397679512, 0.0 ], [ 116.726163359751894, 0.642424246070952, 0.0 ], [ 116.726148508568869, 0.642421072650914, 0.0 ], [ 116.726136209682295, 0.642413149944185, 0.0 ], [ 116.726091030995249, 0.642396391190759, 0.0 ], [ 116.726029799860314, 0.642385394191535, 0.0 ], [ 116.72595706084951, 0.642369004652937, 0.0 ], [ 116.725907126267685, 0.642366608068299, 0.0 ], [ 116.725897096352867, 0.642368367289516, 0.0 ], [ 116.725885750872763, 0.642366094831651, 0.0 ], [ 116.725822204016055, 0.642370637483264, 0.0 ], [ 116.725755622696596, 0.642380208536695, 0.0 ], [ 116.725729973466485, 0.642387277934569, 0.0 ], [ 116.725704809267455, 0.642390553951463, 0.0 ], [ 116.72552408840248, 0.64243841923996, 0.0 ], [ 116.725467931875784, 0.642457464724395, 0.0 ], [ 116.72538401617318, 0.642445061512714, 0.0 ], [ 116.72536692299154, 0.642448483293033, 0.0 ], [ 116.725352743428274, 0.642446156606943, 0.0 ], [ 116.725250494717869, 0.642453331834282, 0.0 ], [ 116.725237956143914, 0.642456302182572, 0.0 ], [ 116.725199574375466, 0.642459863793104, 0.0 ], [ 116.72509732502634, 0.642479008459025, 0.0 ], [ 116.725079066901543, 0.64248445865133, 0.0 ], [ 116.725065158233434, 0.642486269351361, 0.0 ], [ 116.724839257152183, 0.642546100700916, 0.0 ], [ 116.724781652474505, 0.642565637286454, 0.0 ], [ 116.724740574076719, 0.642585270454519, 0.0 ], [ 116.724616920932846, 0.642652288096063, 0.0 ], [ 116.724610998527666, 0.642656723444543, 0.0 ], [ 116.724595636555719, 0.642664590115534, 0.0 ], [ 116.724552833582749, 0.642690919659073, 0.0 ], [ 116.72446940815577, 0.642757035848868, 0.0 ], [ 116.724395953007402, 0.642854310349384, 0.0 ], [ 116.724367404780352, 0.642905149116918, 0.0 ], [ 116.724309951872158, 0.642874404274102, 0.0 ], [ 116.724268306930185, 0.642859408351342, 0.0 ], [ 116.72418983913316, 0.642835467012342, 0.0 ], [ 116.724059523208311, 0.642816019742559, 0.0 ], [ 116.724052457403644, 0.642817434200937, 0.0 ], [ 116.724045911689743, 0.642816226578494, 0.0 ], [ 116.723974245785939, 0.642818408991928, 0.0 ], [ 116.723933495512327, 0.642818406774248, 0.0 ], [ 116.723859620817393, 0.64282455759581, 0.0 ], [ 116.723775911235265, 0.642838597640149, 0.0 ], [ 116.723687448253074, 0.642852653734347, 0.0 ], [ 116.723662233375563, 0.6428598045004, 0.0 ], [ 116.723640714556396, 0.642862668259517, 0.0 ], [ 116.723578888880425, 0.642879420298576, 0.0 ], [ 116.723559163540372, 0.642886172746454, 0.0 ], [ 116.723553601018878, 0.642887081157877, 0.0 ], [ 116.723489397968933, 0.642908621746758, 0.0 ], [ 116.72348492959199, 0.64291140148033, 0.0 ], [ 116.723477935191497, 0.642912641555626, 0.0 ], [ 116.723425620544816, 0.642931788903601, 0.0 ], [ 116.723417647727274, 0.642936899787301, 0.0 ], [ 116.723407223766955, 0.642938986491579, 0.0 ], [ 116.723360957588426, 0.642961475796777, 0.0 ], [ 116.723351900486051, 0.642966540433439, 0.0 ], [ 116.723260952131696, 0.64269358447513, 0.0 ], [ 116.723253448617783, 0.642681387384395, 0.0 ], [ 116.723250083340702, 0.642664351234933, 0.0 ], [ 116.723227000100636, 0.642616434964416, 0.0 ], [ 116.723193712922352, 0.642556589566112, 0.0 ], [ 116.723167969607331, 0.642522350155243, 0.0 ], [ 116.723149434780098, 0.642491163408543, 0.0 ], [ 116.723106636059626, 0.642438498251269, 0.0 ], [ 116.723100012482774, 0.642431129580385, 0.0 ], [ 116.723098728547399, 0.642429034759169, 0.0 ], [ 116.722995776271517, 0.642309188704656, 0.0 ], [ 116.722992810469933, 0.642291269116364, 0.0 ], [ 116.722992970535586, 0.642285156726544, 0.0 ], [ 116.722999922512628, 0.642252173257823, 0.0 ], [ 116.723008207752912, 0.642217150624853, 0.0 ], [ 116.723015308689241, 0.642192137078786, 0.0 ], [ 116.723028228906657, 0.642163527167091, 0.0 ], [ 116.723106115469108, 0.642027441614937, 0.0 ], [ 116.7231434881665, 0.641962143676154, 0.0 ], [ 116.723169275972054, 0.641909446471187, 0.0 ], [ 116.723169661178261, 0.641907497532342, 0.0 ], [ 116.723170727563996, 0.641905876184267, 0.0 ], [ 116.723215913176446, 0.641793373144798, 0.0 ], [ 116.723216257272156, 0.641791592566148, 0.0 ], [ 116.72323370843884, 0.641739590856072, 0.0 ], [ 116.723255114036533, 0.641658204350774, 0.0 ], [ 116.723265903602353, 0.641574762134014, 0.0 ], [ 116.723269875204323, 0.64155614536993, 0.0 ], [ 116.723272256562751, 0.641477151716081, 0.0 ], [ 116.723271058051211, 0.64147056456212, 0.0 ], [ 116.72327246334207, 0.641463454534072, 0.0 ], [ 116.723262739653762, 0.641369834552897, 0.0 ], [ 116.723241140466783, 0.641267019901243, 0.0 ], [ 116.723220171398268, 0.641076943385685, 0.0 ], [ 116.72322018097644, 0.640898528480652, 0.0 ], [ 116.723216344091071, 0.64083951624053, 0.0 ], [ 116.723205286835523, 0.640754884249779, 0.0 ], [ 116.723415514961985, 0.640849714772296, 0.0 ], [ 116.72380217599013, 0.641024132093168, 0.0 ], [ 116.72382767411878, 0.641029620848309, 0.0 ], [ 116.72384689783668, 0.641041485803102, 0.0 ], [ 116.724009575106848, 0.641094767614698, 0.0 ], [ 116.72403683348432, 0.641108932439931, 0.0 ], [ 116.724046175176895, 0.641114657408367, 0.0 ], [ 116.724070270836222, 0.641135608327317, 0.0 ], [ 116.724071100570015, 0.64113612340721, 0.0 ], [ 116.72407411934033, 0.641138916653359, 0.0 ], [ 116.724257206375256, 0.64129451936906, 0.0 ], [ 116.724264016798557, 0.641298694023396, 0.0 ], [ 116.7242812290079, 0.641313565125195, 0.0 ], [ 116.724647407088966, 0.641584078067101, 0.0 ], [ 116.724688296473502, 0.641607260542909, 0.0 ], [ 116.724708390840618, 0.641621991774915, 0.0 ], [ 116.724805880433138, 0.641672265091612, 0.0 ], [ 116.724838768168908, 0.641687572372168, 0.0 ], [ 116.724932075502579, 0.641715027808544, 0.0 ], [ 116.72503907881773, 0.641734183802032, 0.0 ], [ 116.725117732333658, 0.641741171516631, 0.0 ], [ 116.725121200056265, 0.641740477334155, 0.0 ], [ 116.725124540471356, 0.641741119963619, 0.0 ], [ 116.725281479638952, 0.641738734561667, 0.0 ], [ 116.725285606429622, 0.641737875678245, 0.0 ], [ 116.725348545281946, 0.641732635417684, 0.0 ], [ 116.725419881848325, 0.641720670734804, 0.0 ], [ 116.725517972598581, 0.641692396878511, 0.0 ], [ 116.725532758420087, 0.64168245251233, 0.0 ], [ 116.725546968568352, 0.641679076406142, 0.0 ], [ 116.725618306410055, 0.641643174644056, 0.0 ], [ 116.725735098596274, 0.641558443686704, 0.0 ], [ 116.725787955880335, 0.641494403310313, 0.0 ], [ 116.725845029979396, 0.64141062481115, 0.0 ], [ 116.725889589545758, 0.641327914327331, 0.0 ], [ 116.72589335461987, 0.641308864995195, 0.0 ], [ 116.72590150726846, 0.641295505782756, 0.0 ], [ 116.72594431582435, 0.641163852357897, 0.0 ], [ 116.725954327392969, 0.641100676545997, 0.0 ], [ 116.725965771609779, 0.641050794031091, 0.0 ], [ 116.725972910986556, 0.640933501110458, 0.0 ], [ 116.725970800001875, 0.640920795722322, 0.0 ], [ 116.725973752187215, 0.640905859183295, 0.0 ], [ 116.725968200025207, 0.640834944611039, 0.0 ], [ 116.725944429698473, 0.640684137394583, 0.0 ], [ 116.725936725864443, 0.64065665129293, 0.0 ], [ 116.725933745489158, 0.64063452765385, 0.0 ], [ 116.725852913162242, 0.640340093096023, 0.0 ], [ 116.72583529641328, 0.640288509792785, 0.0 ], [ 116.725835232670534, 0.640288185726274, 0.0 ], [ 116.725516639986807, 0.63951020183179, 0.0 ], [ 116.725516433447083, 0.639509890074607, 0.0 ], [ 116.725516360547417, 0.639509521030768, 0.0 ], [ 116.725498044634222, 0.639470402983591, 0.0 ], [ 116.725457625177611, 0.639393801802666, 0.0 ], [ 116.725434535064252, 0.639362373755981, 0.0 ], [ 116.725411683093014, 0.639323439391753, 0.0 ], [ 116.7253641287097, 0.639263593236796, 0.0 ], [ 116.725340766368888, 0.639237314274852, 0.0 ], [ 116.725339025767084, 0.639234617377584, 0.0 ], [ 116.725293848762163, 0.639186739889019, 0.0 ], [ 116.72528343265688, 0.63917953667186, 0.0 ], [ 116.725276331461501, 0.639169169990051, 0.0 ], [ 116.725193110602589, 0.639090171711858, 0.0 ], [ 116.725191972063897, 0.639089429933163, 0.0 ], [ 116.725191315448214, 0.639088476967265, 0.0 ], [ 116.725145695174191, 0.639045644172641, 0.0 ], [ 116.72498096315762, 0.638890975745921, 0.0 ], [ 116.724657226593635, 0.638582287786149, 0.0 ], [ 116.724664272320098, 0.638557785319765, 0.0 ], [ 116.724676165176746, 0.638488367721489, 0.0 ], [ 116.724682702771801, 0.63841150978204, 0.0 ], [ 116.724678189239555, 0.638347531679996, 0.0 ], [ 116.724671057875881, 0.638297263258405, 0.0 ], [ 116.724641375132322, 0.638188128892388, 0.0 ], [ 116.724631498507222, 0.63817324707052, 0.0 ], [ 116.724628145360001, 0.638158944120291, 0.0 ], [ 116.724606747338399, 0.638115854785549, 0.0 ], [ 116.724578306939861, 0.638076127216846, 0.0 ], [ 116.72454822232099, 0.638026374563481, 0.0 ], [ 116.724329472566566, 0.637765445226303, 0.0 ], [ 116.724303826196135, 0.637737348871043, 0.0 ], [ 116.724235343812794, 0.637680825749746, 0.0 ], [ 116.72418541004123, 0.63764731042984, 0.0 ], [ 116.724108114838529, 0.637605766401209, 0.0 ], [ 116.724007705457311, 0.637577098580064, 0.0 ], [ 116.723933992220665, 0.637565126065366, 0.0 ], [ 116.723932018535265, 0.637564966758629, 0.0 ], [ 116.723930766572181, 0.63756461425401, 0.0 ], [ 116.723876846710951, 0.637556260832144, 0.0 ], [ 116.723834768618829, 0.637548189512299, 0.0 ], [ 116.723789167870422, 0.637543853749783, 0.0 ], [ 116.72377656395264, 0.637540946863062, 0.0 ], [ 116.723544238860228, 0.63752744147938, 0.0 ], [ 116.723456095920326, 0.637516345138985, 0.0 ], [ 116.723427195811865, 0.637508625322157, 0.0 ], [ 116.72337975050327, 0.637495950961266, 0.0 ], [ 116.723125068852966, 0.637414065842787, 0.0 ], [ 116.722857578936569, 0.63730291866925, 0.0 ], [ 116.722817377443988, 0.637282681137274, 0.0 ], [ 116.722805868966589, 0.637261162872106, 0.0 ], [ 116.722755207341166, 0.637147246637274, 0.0 ], [ 116.722734921435716, 0.637073204573767, 0.0 ], [ 116.722707429538829, 0.636851701397328, 0.0 ], [ 116.722708811966797, 0.636792001947882, 0.0 ], [ 116.722710580188078, 0.6367653198059, 0.0 ], [ 116.722771521514517, 0.636494734117622, 0.0 ], [ 116.722783664117358, 0.636440820596122, 0.0 ], [ 116.722784080188433, 0.636437079886062, 0.0 ], [ 116.722785405715612, 0.63643274661476, 0.0 ], [ 116.722791556538866, 0.6364029206729, 0.0 ], [ 116.722875640821101, 0.636309603779051, 0.0 ], [ 116.722912568249711, 0.636250929165819, 0.0 ], [ 116.722949675968096, 0.636197699367344, 0.0 ], [ 116.722985347522155, 0.636121101400242, 0.0 ], [ 116.722987477118153, 0.636111479219642, 0.0 ], [ 116.722993624789041, 0.636102218227734, 0.0 ], [ 116.72301910849049, 0.636017824058638, 0.0 ], [ 116.723031000836713, 0.63595798202236, 0.0 ], [ 116.723039731824201, 0.635869267437233, 0.0 ], [ 116.723033622331982, 0.635794903032133, 0.0 ], [ 116.723024114248943, 0.635737451918323, 0.0 ], [ 116.723009970822773, 0.635687726126369, 0.0 ], [ 116.723006592976276, 0.635667029963578, 0.0 ], [ 116.722961329172875, 0.635532130802933, 0.0 ], [ 116.723277794703066, 0.635457554987216, 0.0 ], [ 116.723292674506439, 0.635452735319937, 0.0 ], [ 116.723300171152147, 0.635451666550277, 0.0 ], [ 116.723437462223714, 0.635411711099731, 0.0 ], [ 116.723497539180045, 0.635394226715844, 0.0 ], [ 116.723544678818342, 0.63537759833908, 0.0 ], [ 116.723548070061128, 0.635375317518089, 0.0 ], [ 116.723551888036809, 0.635374518339542, 0.0 ], [ 116.723661272785378, 0.635326649179719, 0.0 ], [ 116.723664836289473, 0.635324207022042, 0.0 ], [ 116.72371673895087, 0.635297601429429, 0.0 ], [ 116.723798793007361, 0.635247034512152, 0.0 ], [ 116.723833252936259, 0.635225798759011, 0.0 ], [ 116.723916370654692, 0.635159871883311, 0.0 ], [ 116.723918573002152, 0.63515655421358, 0.0 ], [ 116.723921710391849, 0.635154405191359, 0.0 ], [ 116.723990672019113, 0.635082596774004, 0.0 ], [ 116.723993886807349, 0.635077663958429, 0.0 ], [ 116.724039031193954, 0.635022783131724, 0.0 ], [ 116.724081704772615, 0.634959694870704, 0.0 ], [ 116.7241151289073, 0.634910280949905, 0.0 ], [ 116.72415884677892, 0.634828810274168, 0.0 ], [ 116.724162317220163, 0.634811251592447, 0.0 ], [ 116.724169994516544, 0.634798747983775, 0.0 ], [ 116.72420804607674, 0.634683850624296, 0.0 ], [ 116.724211169806708, 0.634664479192125, 0.0 ], [ 116.724224411601085, 0.634618612063687, 0.0 ], [ 116.72425057680303, 0.634467807548965, 0.0 ], [ 116.724257278165567, 0.634389999615151, 0.0 ], [ 116.724256628675917, 0.634386711695746, 0.0 ], [ 116.724257232655418, 0.634383537569573, 0.0 ], [ 116.724254863513053, 0.634215976115067, 0.0 ], [ 116.724253018791899, 0.63420697416649, 0.0 ], [ 116.724241498298056, 0.634112724947954, 0.0 ], [ 116.724223638305418, 0.634040791069849, 0.0 ], [ 116.724271427271177, 0.634014497098109, 0.0 ], [ 116.72437618916959, 0.633941140488689, 0.0 ], [ 116.724572907817048, 0.633810634269831, 0.0 ], [ 116.724685375219678, 0.633736022001156, 0.0 ], [ 116.724703938559287, 0.633720785820675, 0.0 ], [ 116.724716645608652, 0.633713280470178, 0.0 ], [ 116.72495444222892, 0.633524187755263, 0.0 ], [ 116.724987248291825, 0.633494813764971, 0.0 ], [ 116.724989126153389, 0.633493569946007, 0.0 ], [ 116.725160340931538, 0.633326016844009, 0.0 ], [ 116.725164986047545, 0.63331912486187, 0.0 ], [ 116.725171678512396, 0.633314517073019, 0.0 ], [ 116.725278688601506, 0.633202016353361, 0.0 ], [ 116.725280429927949, 0.633199330435555, 0.0 ], [ 116.725307080689262, 0.633169133866767, 0.0 ], [ 116.725368909514003, 0.63309014426884, 0.0 ], [ 116.725381738896814, 0.633068104754788, 0.0 ], [ 116.725401268569655, 0.633042927261627, 0.0 ], [ 116.725479744432747, 0.632911275713403, 0.0 ], [ 116.725503336119289, 0.632864127068334, 0.0 ], [ 116.725505877664659, 0.632860384045493, 0.0 ], [ 116.725548684306176, 0.632762242320432, 0.0 ], [ 116.725549589255237, 0.632757902192466, 0.0 ], [ 116.725552183239699, 0.632753999494828, 0.0 ], [ 116.725628284747131, 0.632569685882577, 0.0 ], [ 116.725628337177753, 0.632569421416809, 0.0 ], [ 116.725628486462227, 0.632569196531187, 0.0 ], [ 116.725642460924419, 0.632530297623866, 0.0 ], [ 116.725718565688624, 0.632283745616495, 0.0 ], [ 116.725719740686714, 0.632275954319696, 0.0 ], [ 116.725726068248832, 0.632256452949855, 0.0 ], [ 116.725740254139637, 0.632197758386287, 0.0 ], [ 116.725748971222771, 0.632175424721105, 0.0 ], [ 116.725774133694685, 0.632123081321826, 0.0 ], [ 116.72581981137958, 0.632035126693832, 0.0 ], [ 116.726013171678886, 0.631708429084988, 0.0 ], [ 116.726042283195838, 0.631650021356636, 0.0 ], [ 116.726061695694284, 0.631592036663358, 0.0 ], [ 116.726085479652511, 0.631501075581236, 0.0 ], [ 116.726100281656983, 0.631385951438953, 0.0 ], [ 116.726100285539601, 0.631311745411634, 0.0 ], [ 116.726092203523734, 0.631226313199113, 0.0 ], [ 116.726080316733572, 0.631164075080694, 0.0 ], [ 116.726054202366598, 0.631076394829282, 0.0 ], [ 116.726029205943149, 0.631025073634467, 0.0 ], [ 116.725991163997477, 0.630958046351741, 0.0 ], [ 116.725918759253446, 0.630862606260796, 0.0 ], [ 116.725878337923348, 0.630821910723372, 0.0 ], [ 116.725813732227166, 0.630768019076288, 0.0 ], [ 116.725761420601586, 0.630732110686011, 0.0 ], [ 116.725736442169591, 0.630718516901503, 0.0 ], [ 116.725723462953013, 0.630708739410282, 0.0 ], [ 116.725671151852012, 0.630680011780554, 0.0 ], [ 116.725627937699301, 0.630659207666214, 0.0 ], [ 116.725620908580424, 0.630657799762863, 0.0 ], [ 116.725615347075674, 0.630654179302323, 0.0 ], [ 116.725546390686546, 0.63062784377216, 0.0 ], [ 116.72554425031521, 0.630627448727764, 0.0 ], [ 116.725523423065198, 0.630619780903239, 0.0 ], [ 116.725254728745412, 0.630533592073609, 0.0 ], [ 116.725246407522562, 0.630532289509827, 0.0 ], [ 116.725223919024742, 0.630524912599266, 0.0 ], [ 116.725030666980771, 0.630477869966493, 0.0 ], [ 116.725028418113652, 0.630477061297117, 0.0 ], [ 116.724903519870054, 0.630395695610925, 0.0 ], [ 116.724888379404121, 0.630387691686809, 0.0 ], [ 116.724880517199381, 0.630381675151884, 0.0 ], [ 116.724830907757379, 0.630353444091728, 0.0 ], [ 116.724800243814968, 0.630334920492753, 0.0 ], [ 116.724741012888074, 0.630304885842055, 0.0 ], [ 116.724611649918387, 0.630272482233755, 0.0 ], [ 116.724561714684341, 0.630267692703431, 0.0 ], [ 116.724519117156703, 0.630265653314565, 0.0 ], [ 116.724449038189732, 0.630271184405659, 0.0 ], [ 116.724403858344786, 0.630278362759876, 0.0 ], [ 116.724371367023849, 0.630287576969206, 0.0 ], [ 116.72434811475452, 0.630290919668619, 0.0 ], [ 116.72429104526195, 0.630307672941894, 0.0 ], [ 116.724244903706378, 0.630324009626193, 0.0 ], [ 116.724238989186119, 0.630326764163392, 0.0 ], [ 116.72426068601375, 0.630260080942559, 0.0 ], [ 116.724452271766481, 0.629747422267478, 0.0 ], [ 116.724452869873858, 0.629744112336838, 0.0 ], [ 116.724462580007867, 0.629716498949264, 0.0 ], [ 116.724581494461617, 0.629311962552373, 0.0 ], [ 116.724581784449583, 0.629309947612694, 0.0 ], [ 116.724583485371397, 0.629304984320751, 0.0 ], [ 116.724635808770174, 0.629115881673154, 0.0 ], [ 116.724637452804885, 0.629103774410677, 0.0 ], [ 116.724643309357731, 0.629084475898758, 0.0 ], [ 116.724674805019788, 0.628928253929922, 0.0 ], [ 116.724718368404794, 0.628749500405799, 0.0 ], [ 116.724734480992112, 0.628683387775151, 0.0 ], [ 116.724734671713179, 0.628681799798236, 0.0 ], [ 116.724735413884247, 0.628679485224064, 0.0 ], [ 116.724789937825392, 0.628446863747989, 0.0 ], [ 116.724844820437369, 0.62821271149027, 0.0 ], [ 116.724845395029718, 0.628207742407258, 0.0 ], [ 116.72484727520299, 0.628201616555903, 0.0 ], [ 116.724857663770166, 0.628151716355601, 0.0 ], [ 116.724960673760592, 0.628285485709766, 0.0 ], [ 116.72499805808404, 0.62832818825397, 0.0 ], [ 116.725004449726185, 0.628332488023242, 0.0 ], [ 116.725008467762947, 0.628338335915465, 0.0 ], [ 116.72504651221449, 0.628374244449733, 0.0 ], [ 116.725181879966783, 0.628462163810262, 0.0 ], [ 116.725268981993722, 0.628488462984448, 0.0 ], [ 116.725330805981258, 0.628500434795916, 0.0 ], [ 116.72541566441123, 0.628508578572927, 0.0 ], [ 116.72550378715782, 0.628499799571635, 0.0 ], [ 116.725539454956902, 0.628492620697403, 0.0 ], [ 116.725623296267173, 0.628466974947201, 0.0 ], [ 116.72571789714415, 0.628413228142978, 0.0 ], [ 116.725763078348393, 0.628379717898224, 0.0 ], [ 116.725814265150376, 0.628335413103179, 0.0 ], [ 116.725858886978287, 0.628283059904835, 0.0 ], [ 116.725910630733381, 0.628212037656019, 0.0 ], [ 116.726115144249761, 0.627933852709545, 0.0 ], [ 116.726174015411118, 0.627853774449725, 0.0 ], [ 116.726227960199651, 0.627757805066836, 0.0 ], [ 116.726251913810785, 0.627680789430783, 0.0 ], [ 116.726263805813375, 0.627625734233234, 0.0 ], [ 116.726274066619283, 0.627529641016715, 0.0 ], [ 116.726274069710954, 0.627470158719652, 0.0 ], [ 116.72628072545146, 0.627317906050838, 0.0 ], [ 116.726282285473431, 0.627312624631359, 0.0 ], [ 116.726320442340551, 0.627228132126673, 0.0 ], [ 116.726335118901957, 0.627195632590176, 0.0 ], [ 116.726366753452609, 0.627135622390403, 0.0 ], [ 116.72637581706843, 0.627125058619768, 0.0 ], [ 116.726442442605858, 0.627050543920713, 0.0 ], [ 116.726648193264282, 0.626864360831218, 0.0 ], [ 116.726934530991144, 0.626640419843902, 0.0 ], [ 116.726965997578588, 0.626615810663325, 0.0 ], [ 116.726971671594598, 0.626610771382617, 0.0 ], [ 116.726974144651734, 0.626609285307336, 0.0 ], [ 116.727166759747575, 0.626451308685959, 0.0 ], [ 116.727184869602524, 0.626434845245202, 0.0 ], [ 116.72718770363349, 0.626433020587034, 0.0 ], [ 116.727311358770123, 0.62631812762944, 0.0 ], [ 116.72731631081399, 0.626310981195801, 0.0 ], [ 116.727324313739928, 0.626305598704758, 0.0 ], [ 116.727367166093075, 0.62625565737005, 0.0 ], [ 116.727436128635304, 0.626162304735297, 0.0 ], [ 116.727446144064871, 0.626144534944221, 0.0 ], [ 116.727459377839409, 0.62612758560757, 0.0 ], [ 116.727525963235919, 0.626017477431186, 0.0 ], [ 116.727557278024861, 0.625955386848778, 0.0 ], [ 116.727557474595116, 0.625954392293083, 0.0 ], [ 116.727558026309609, 0.625953557225223, 0.0 ], [ 116.727600834077577, 0.625848234676248, 0.0 ], [ 116.727601402688421, 0.625845324524896, 0.0 ], [ 116.727629071350947, 0.625745739400279, 0.0 ], [ 116.727643343309566, 0.625652383899002, 0.0 ], [ 116.727648572087162, 0.625583599910347, 0.0 ], [ 116.727647288093706, 0.625577099963658, 0.0 ], [ 116.727648399449151, 0.625571038400004, 0.0 ], [ 116.727646025884781, 0.625484863696243, 0.0 ], [ 116.727644281223846, 0.625476631030867, 0.0 ], [ 116.727645376624864, 0.625470054527616, 0.0 ], [ 116.727644064868798, 0.625448251335071, 0.0 ], [ 116.727640624975564, 0.625391065337062, 0.0 ], [ 116.72763342612825, 0.625359628280913, 0.0 ], [ 116.727624810216895, 0.625296459746482, 0.0 ], [ 116.727608168150837, 0.625236615268351, 0.0 ], [ 116.72759060803044, 0.625185474199974, 0.0 ], [ 116.727566651534659, 0.625135995326527, 0.0 ], [ 116.7275361814973, 0.625081720594923, 0.0 ], [ 116.727503331504934, 0.625022659713112, 0.0 ], [ 116.727429011075429, 0.624923810177118, 0.0 ], [ 116.727288281122568, 0.62482788462446, 0.0 ], [ 116.727254991566525, 0.624813520455271, 0.0 ], [ 116.727252300480473, 0.624812964258005, 0.0 ], [ 116.72724994408776, 0.624811379072561, 0.0 ], [ 116.727077983700923, 0.624776936230392, 0.0 ], [ 116.726995177928771, 0.624784678647873, 0.0 ], [ 116.726957131248909, 0.624791857420221, 0.0 ], [ 116.726932321158998, 0.624799282357246, 0.0 ], [ 116.726916485460947, 0.624801514236129, 0.0 ], [ 116.726849904779357, 0.624820660959396, 0.0 ], [ 116.726801392402322, 0.624837686582071, 0.0 ], [ 116.726791870012619, 0.624844091013267, 0.0 ], [ 116.726782020874609, 0.624846306790089, 0.0 ], [ 116.726701171163256, 0.624884602065722, 0.0 ], [ 116.726698548979599, 0.624886457097725, 0.0 ], [ 116.726696174421122, 0.624887006794692, 0.0 ], [ 116.726620168665988, 0.624924166272815, 0.0 ], [ 116.726503858510313, 0.624975947060337, 0.0 ], [ 116.726498715028441, 0.62497949598543, 0.0 ], [ 116.726446488450435, 0.625006659063636, 0.0 ], [ 116.726196804851028, 0.625164632678342, 0.0 ], [ 116.726192442673764, 0.625168134846322, 0.0 ], [ 116.726186677854599, 0.625171232524549, 0.0 ], [ 116.726084885512918, 0.625239540744418, 0.0 ], [ 116.725994024705045, 0.625296894951242, 0.0 ], [ 116.725875524417688, 0.625337658266233, 0.0 ], [ 116.725870571927572, 0.625338851738137, 0.0 ], [ 116.72573898030133, 0.625370562310987, 0.0 ], [ 116.725653430122819, 0.625386376213385, 0.0 ], [ 116.725572964658227, 0.625394086257163, 0.0 ], [ 116.725570309403352, 0.625394751077397, 0.0 ], [ 116.725562443268558, 0.625395220382279, 0.0 ], [ 116.725489041012025, 0.625404013742857, 0.0 ], [ 116.725466182624757, 0.625404012539517, 0.0 ], [ 116.725292782566854, 0.625381412746116, 0.0 ], [ 116.7252747092421, 0.625380239385003, 0.0 ], [ 116.725269573463052, 0.625379002708168, 0.0 ], [ 116.724966254311184, 0.625355498893823, 0.0 ], [ 116.724579696802664, 0.625315385430043, 0.0 ], [ 116.724564811223601, 0.625314614730926, 0.0 ], [ 116.724561675471961, 0.625313883554075, 0.0 ], [ 116.724409493447453, 0.625304299960088, 0.0 ], [ 116.724385311648817, 0.625308355599771, 0.0 ], [ 116.724360086459498, 0.625303928363996, 0.0 ], [ 116.724310150897338, 0.625306319612998, 0.0 ], [ 116.724262010466646, 0.625317161218311, 0.0 ], [ 116.724189422960336, 0.625329015457497, 0.0 ], [ 116.724183765735603, 0.62533091349096, 0.0 ], [ 116.724167210963145, 0.625316545414323, 0.0 ], [ 116.724153446938701, 0.625299095046397, 0.0 ], [ 116.724114910358892, 0.625227963699666, 0.0 ], [ 116.724104982867658, 0.625214605781079, 0.0 ], [ 116.724091280929954, 0.625189134850863, 0.0 ], [ 116.724080458532441, 0.625173210089192, 0.0 ], [ 116.724095040559348, 0.625171697933968, 0.0 ], [ 116.72414325430492, 0.625161588501598, 0.0 ], [ 116.724205667223487, 0.625151120398692, 0.0 ], [ 116.724248721878425, 0.62513871015245, 0.0 ], [ 116.724270116308844, 0.62513531402792, 0.0 ], [ 116.724350964503401, 0.625108987336913, 0.0 ], [ 116.724384605813512, 0.625096519738352, 0.0 ], [ 116.724478382569217, 0.625043382664464, 0.0 ], [ 116.724519734488183, 0.625012858431562, 0.0 ], [ 116.724549721654711, 0.624990723120542, 0.0 ], [ 116.724592004605213, 0.624954209134093, 0.0 ], [ 116.724595678149242, 0.624951788598899, 0.0 ], [ 116.724659883963767, 0.62488955540933, 0.0 ], [ 116.72466225856607, 0.624886050296115, 0.0 ], [ 116.724665937631627, 0.624883575885444, 0.0 ], [ 116.724710561599437, 0.624831219699646, 0.0 ], [ 116.724762877878021, 0.624759410326167, 0.0 ], [ 116.724815670267034, 0.62466501553894, 0.0 ], [ 116.724819140333182, 0.624647458629232, 0.0 ], [ 116.724826817021693, 0.624634956050088, 0.0 ], [ 116.724848221539276, 0.624570325806272, 0.0 ], [ 116.724871289178793, 0.624427276460533, 0.0 ], [ 116.724869859799938, 0.62439120067709, 0.0 ], [ 116.72486510689825, 0.624331356831348, 0.0 ], [ 116.724863668570592, 0.624325341525091, 0.0 ], [ 116.724862325257163, 0.624305624892861, 0.0 ], [ 116.724852817739887, 0.624236206147354, 0.0 ], [ 116.724825713805586, 0.624135597237326, 0.0 ], [ 116.724824392199594, 0.624128742657573, 0.0 ], [ 116.724769708749761, 0.623992296272533, 0.0 ], [ 116.724767114568635, 0.623988348350068, 0.0 ], [ 116.724766176601989, 0.623983736643165, 0.0 ], [ 116.724711858119477, 0.623855819244481, 0.0 ], [ 116.724625898883801, 0.62365339105082, 0.0 ], [ 116.724621870168605, 0.623647394452175, 0.0 ], [ 116.724620521222093, 0.623641225611673, 0.0 ], [ 116.724487376048813, 0.623351576184203, 0.0 ], [ 116.724483440829218, 0.623345900585442, 0.0 ], [ 116.724464898527543, 0.623308833608261, 0.0 ], [ 116.72439571422828, 0.623192742341587, 0.0 ], [ 116.724458456436551, 0.623166152044287, 0.0 ], [ 116.72446158374737, 0.62316403544043, 0.0 ], [ 116.724548966007333, 0.623114657728806, 0.0 ], [ 116.724621401276252, 0.623061452145765, 0.0 ], [ 116.724636952654734, 0.62305002916355, 0.0 ], [ 116.724648350076905, 0.623040210102151, 0.0 ], [ 116.72465415343234, 0.623036742787655, 0.0 ], [ 116.724727870212106, 0.622976903070163, 0.0 ], [ 116.724763530348227, 0.622944648921385, 0.0 ], [ 116.724825715173836, 0.622866346319008, 0.0 ], [ 116.724882789322464, 0.622775387885229, 0.0 ], [ 116.724918020793169, 0.622706939494708, 0.0 ], [ 116.724919095700145, 0.62270150096102, 0.0 ], [ 116.724921925693835, 0.622697128027961, 0.0 ], [ 116.724950463805811, 0.622622923504111, 0.0 ], [ 116.724954075630805, 0.622603464175074, 0.0 ], [ 116.724977897163029, 0.622510701012016, 0.0 ], [ 116.724989791746495, 0.622405376870602, 0.0 ], [ 116.724992667836503, 0.6223543019856, 0.0 ], [ 116.724991238432622, 0.622318225967897, 0.0 ], [ 116.724989093706924, 0.622291221929606, 0.0 ], [ 116.724981732633609, 0.622198538578731, 0.0 ], [ 116.724968803153715, 0.622144465527043, 0.0 ], [ 116.724960627812649, 0.62209313854901, 0.0 ], [ 116.724896436333282, 0.621896848077385, 0.0 ], [ 116.724879186763417, 0.621868632465356, 0.0 ], [ 116.724871540650057, 0.621836019184404, 0.0 ], [ 116.724759792362121, 0.621611001366267, 0.0 ], [ 116.724758107838213, 0.621608648348385, 0.0 ], [ 116.724753073631177, 0.621598003139008, 0.0 ], [ 116.724643703137929, 0.621394529539527, 0.0 ], [ 116.724641225352627, 0.621391184054258, 0.0 ], [ 116.724636650565103, 0.621381896615141, 0.0 ], [ 116.724570075979585, 0.621266993709813, 0.0 ], [ 116.724555640621261, 0.621248141066055, 0.0 ], [ 116.724542942909906, 0.621225565930218, 0.0 ], [ 116.724393148149687, 0.62102208930657, 0.0 ], [ 116.724382152500539, 0.621009251812914, 0.0 ], [ 116.724378762330943, 0.621003573797815, 0.0 ], [ 116.724300298537315, 0.62090782047204, 0.0 ], [ 116.724271421145772, 0.620875825893483, 0.0 ], [ 116.7242678804961, 0.620873444035897, 0.0 ], [ 116.724265592399206, 0.620870063333759, 0.0 ], [ 116.72419901522079, 0.620805428468465, 0.0 ], [ 116.724175822248384, 0.620790131319136, 0.0 ], [ 116.72408806318937, 0.620726448659301, 0.0 ], [ 116.724011974431448, 0.620688145161963, 0.0 ], [ 116.723997763820279, 0.6206847672959, 0.0 ], [ 116.723982977956126, 0.620674820581367, 0.0 ], [ 116.723931286540008, 0.6206568875132, 0.0 ], [ 116.723845684124569, 0.620632945035853, 0.0 ], [ 116.723807484274474, 0.62062770117764, 0.0 ], [ 116.723774146942134, 0.620619105715813, 0.0 ], [ 116.72364336554827, 0.620604736413654, 0.0 ], [ 116.723627332761197, 0.620603857815791, 0.0 ], [ 116.723623751348882, 0.620603018123682, 0.0 ], [ 116.723440657338529, 0.62059103995356, 0.0 ], [ 116.723418896184398, 0.620594662381923, 0.0 ], [ 116.723395307702333, 0.620590382126917, 0.0 ], [ 116.723220876140147, 0.620596720174471, 0.0 ], [ 116.723350065932834, 0.620493641083882, 0.0 ], [ 116.723388674765388, 0.620459013822225, 0.0 ], [ 116.723464770377319, 0.620382417923926, 0.0 ], [ 116.723562186621876, 0.620235666949637, 0.0 ], [ 116.723575240078048, 0.620199716010628, 0.0 ], [ 116.723591887938497, 0.620147054960923, 0.0 ], [ 116.723594403266347, 0.620130751434075, 0.0 ], [ 116.723604959113629, 0.620095322194206, 0.0 ], [ 116.723616851461671, 0.620033085340864, 0.0 ], [ 116.723624941168154, 0.619947660223248, 0.0 ], [ 116.723622713143271, 0.619902645811139, 0.0 ], [ 116.72361558285462, 0.619830833309589, 0.0 ], [ 116.723609716137645, 0.619807325229159, 0.0 ], [ 116.723605272635055, 0.619769710707836, 0.0 ], [ 116.723588632005004, 0.619700290690179, 0.0 ], [ 116.723566973864465, 0.619633315285963, 0.0 ], [ 116.723469572856843, 0.619486554071747, 0.0 ], [ 116.723352788741948, 0.619401810004629, 0.0 ], [ 116.723309988492545, 0.61938026457002, 0.0 ], [ 116.723295779345918, 0.619376887114574, 0.0 ], [ 116.723280995402405, 0.619366941689148, 0.0 ], [ 116.723218023154743, 0.619346011683673, 0.0 ], [ 116.723189488384051, 0.619338828518606, 0.0 ], [ 116.723080500489246, 0.619325315641024, 0.0 ], [ 116.723032944015827, 0.619325313139822, 0.0 ], [ 116.722941901994773, 0.619334689905757, 0.0 ], [ 116.72291272303687, 0.619340765590963, 0.0 ], [ 116.722718888800586, 0.619309461037227, 0.0 ], [ 116.722670964243662, 0.619305614404065, 0.0 ], [ 116.722663771084498, 0.619304038774349, 0.0 ], [ 116.722597190710189, 0.619301641379031, 0.0 ], [ 116.722589534944689, 0.619303031436854, 0.0 ], [ 116.722581151580542, 0.619301352283976, 0.0 ], [ 116.722493026341581, 0.619310131840131, 0.0 ], [ 116.722445469372389, 0.619319703981016, 0.0 ], [ 116.722361630902824, 0.619345349201887, 0.0 ], [ 116.722354241259922, 0.619350319222397, 0.0 ], [ 116.722346368606452, 0.619352048443227, 0.0 ], [ 116.722289297852754, 0.619378376393313, 0.0 ], [ 116.72228349724287, 0.619382436144277, 0.0 ], [ 116.722242978504056, 0.619403133230447, 0.0 ], [ 116.721973012969443, 0.619568440765483, 0.0 ], [ 116.7216190375336, 0.61915038157399, 0.0 ], [ 116.721349529808307, 0.618673981167518, 0.0 ], [ 116.721339121103171, 0.618643347272471, 0.0 ], [ 116.721322817120097, 0.618575218532547, 0.0 ], [ 116.721326979721155, 0.618567981203443, 0.0 ], [ 116.721353245863185, 0.618514449895083, 0.0 ], [ 116.721367983998206, 0.61847305130091, 0.0 ], [ 116.721384631988983, 0.618417996377276, 0.0 ], [ 116.721404108222231, 0.618286286189203, 0.0 ], [ 116.721404111466072, 0.618224048722305, 0.0 ], [ 116.721402234359815, 0.61821454622822, 0.0 ], [ 116.721403753339104, 0.618205968423315, 0.0 ], [ 116.721402945344735, 0.618185607274744, 0.0 ], [ 116.721450335283109, 0.61816072003783, 0.0 ], [ 116.721451439163815, 0.618159904533229, 0.0 ], [ 116.721455514019212, 0.618157956978555, 0.0 ], [ 116.721517340237611, 0.618124448525654, 0.0 ], [ 116.721622051636658, 0.618046028961668, 0.0 ], [ 116.721632252779983, 0.618030661628595, 0.0 ], [ 116.721644394462601, 0.618021833434696, 0.0 ], [ 116.721689576556329, 0.617969172996522, 0.0 ], [ 116.721696744340235, 0.617957471768281, 0.0 ], [ 116.721721079820753, 0.617927870049494, 0.0 ], [ 116.721761506280984, 0.61786802860009, 0.0 ], [ 116.721805076395, 0.617786776134067, 0.0 ], [ 116.721807017625963, 0.617776954400817, 0.0 ], [ 116.721811816509856, 0.61776939206693, 0.0 ], [ 116.721837976474035, 0.617697581328354, 0.0 ], [ 116.721841982075617, 0.617674877455242, 0.0 ], [ 116.72186139943598, 0.617602439104784, 0.0 ], [ 116.721873294051207, 0.617513871302903, 0.0 ], [ 116.721877345311995, 0.617453288798563, 0.0 ], [ 116.721873877798132, 0.617397176808953, 0.0 ], [ 116.721866746775959, 0.617339726740067, 0.0 ], [ 116.721836017946856, 0.617222726330849, 0.0 ], [ 116.721738617015333, 0.617075965124913, 0.0 ], [ 116.72173820487464, 0.617075583863724, 0.0 ], [ 116.721775361764315, 0.617026616148764, 0.0 ], [ 116.72181341058382, 0.616959592905761, 0.0 ], [ 116.721838412281187, 0.61690827436726, 0.0 ], [ 116.721839993790738, 0.616900272653812, 0.0 ], [ 116.721844006960453, 0.61689399928754, 0.0 ], [ 116.721872545164715, 0.616817401800386, 0.0 ], [ 116.721876381563334, 0.616796110496508, 0.0 ], [ 116.721897433227952, 0.616716720673603, 0.0 ], [ 116.721914085050528, 0.616587458832744, 0.0 ], [ 116.721917816626387, 0.616529306240891, 0.0 ], [ 116.721914929136815, 0.616514688883997, 0.0 ], [ 116.721917011268289, 0.616502211701347, 0.0 ], [ 116.721909883470516, 0.616382524162343, 0.0 ], [ 116.721888697214553, 0.616289877272476, 0.0 ], [ 116.721880975159351, 0.61624783170669, 0.0 ], [ 116.721838179657482, 0.616135323957752, 0.0 ], [ 116.721834941723486, 0.616130299851798, 0.0 ], [ 116.721833696975182, 0.616123998556559, 0.0 ], [ 116.721805537837852, 0.616067194364465, 0.0 ], [ 116.72174599540682, 0.615965616795757, 0.0 ], [ 116.721842864763985, 0.615905059812423, 0.0 ], [ 116.721976030846648, 0.615787773529128, 0.0 ], [ 116.72198407835505, 0.615776482808969, 0.0 ], [ 116.721997871840671, 0.615767205772613, 0.0 ], [ 116.722075103835465, 0.61566306590736, 0.0 ], [ 116.722196385471975, 0.615438060358733, 0.0 ], [ 116.722216569606729, 0.615395449252646, 0.0 ], [ 116.722216863444615, 0.61539396256472, 0.0 ], [ 116.722217682332612, 0.615392720213978, 0.0 ], [ 116.72230567425855, 0.615174894576832, 0.0 ], [ 116.722308718309534, 0.615159226285535, 0.0 ], [ 116.722338107470534, 0.615029153833752, 0.0 ], [ 116.722345248276596, 0.614897498502377, 0.0 ], [ 116.722343308300424, 0.614886056346561, 0.0 ], [ 116.722345916610294, 0.614872859470401, 0.0 ], [ 116.722341240424981, 0.61480774569212, 0.0 ], [ 116.722322224113924, 0.61467608899178, 0.0 ], [ 116.722313718526081, 0.614644971591365, 0.0 ], [ 116.722310123660293, 0.614618727919377, 0.0 ], [ 116.722267330247405, 0.614465525886598, 0.0 ], [ 116.722249910505667, 0.61441488834077, 0.0 ], [ 116.722216292572512, 0.614349016143526, 0.0 ], [ 116.722149718600576, 0.614241294027318, 0.0 ], [ 116.722085935605492, 0.614160405042805, 0.0 ], [ 116.722081376779727, 0.614157338236999, 0.0 ], [ 116.722078459381621, 0.614153051173755, 0.0 ], [ 116.722029521868336, 0.614106022074598, 0.0 ], [ 116.721834233391789, 0.613910391567791, 0.0 ], [ 116.721824794288366, 0.613900935932172, 0.0 ], [ 116.721971122242962, 0.613893611897827, 0.0 ], [ 116.722120747883594, 0.613859745155765, 0.0 ], [ 116.722122821287115, 0.613858350652762, 0.0 ], [ 116.722156089623297, 0.613897392047885, 0.0 ], [ 116.722178227959489, 0.61391588997422, 0.0 ], [ 116.722178435857955, 0.613917057861748, 0.0 ], [ 116.722176657393248, 0.613926056097104, 0.0 ], [ 116.722197158665921, 0.614022234954955, 0.0 ], [ 116.722210853775536, 0.614099168491051, 0.0 ], [ 116.722214836974558, 0.614105170271281, 0.0 ], [ 116.722216227104155, 0.614111691870222, 0.0 ], [ 116.722233345655951, 0.614149992261437, 0.0 ], [ 116.722253857336909, 0.614179912013761, 0.0 ], [ 116.722301942274626, 0.614258755918535, 0.0 ], [ 116.722324768262624, 0.614285566669196, 0.0 ], [ 116.722337426367218, 0.614294808519538, 0.0 ], [ 116.722348199247435, 0.614311040813419, 0.0 ], [ 116.722353314542289, 0.614315650330802, 0.0 ], [ 116.722353351406824, 0.6136009548963, 0.0 ], [ 116.722613879215558, 0.612872550019449, 0.0 ], [ 116.722583073629991, 0.612855138277815, 0.0 ], [ 116.722512156005237, 0.612832285268048, 0.0 ], [ 116.722486172285386, 0.612826247499582, 0.0 ], [ 116.722464004328501, 0.612722523737035, 0.0 ], [ 116.722457450037382, 0.612712647902349, 0.0 ], [ 116.722455184347325, 0.612702473975306, 0.0 ], [ 116.722414765471726, 0.612616297321319, 0.0 ], [ 116.722326184526707, 0.612489585915758, 0.0 ], [ 116.722180407489162, 0.61239151902976, 0.0 ], [ 116.722120760669426, 0.612372297858424, 0.0 ], [ 116.722215993723211, 0.612328305847219, 0.0 ], [ 116.722483406869927, 0.612206825260656, 0.0 ], [ 116.722574722644026, 0.612143309092171, 0.0 ], [ 116.722612255085082, 0.612118410415726, 0.0 ], [ 116.722707373594531, 0.612025060059006, 0.0 ], [ 116.722708972657884, 0.61202268386664, 0.0 ], [ 116.722711421278177, 0.612021037003895, 0.0 ], [ 116.722804809426677, 0.611883766565481, 0.0 ], [ 116.722840481806912, 0.611802380743322, 0.0 ], [ 116.722841526095934, 0.611797394710794, 0.0 ], [ 116.722844509662195, 0.611792900156442, 0.0 ], [ 116.722864637164818, 0.61173214480345, 0.0 ], [ 116.722888420155712, 0.611638790729984, 0.0 ], [ 116.722902506836391, 0.611526437245238, 0.0 ], [ 116.722899039848556, 0.611470329776134, 0.0 ], [ 116.722887155657091, 0.611374579055463, 0.0 ], [ 116.722881282449706, 0.611352216325182, 0.0 ], [ 116.722877896280664, 0.611323767953106, 0.0 ], [ 116.72286171201381, 0.61125677432246, 0.0 ], [ 116.722866199251058, 0.611258048647823, 0.0 ], [ 116.722988179844108, 0.611275040902499, 0.0 ], [ 116.723040492246028, 0.611275043618579, 0.0 ], [ 116.723137973587455, 0.61126427633344, 0.0 ], [ 116.723223577171836, 0.61124513057307, 0.0 ], [ 116.72329805926168, 0.611221472937933, 0.0 ], [ 116.723417708771407, 0.611147725254303, 0.0 ], [ 116.723498559823682, 0.611078311204476, 0.0 ], [ 116.723524697394254, 0.611054007153925, 0.0 ], [ 116.723585629743667, 0.610977688808279, 0.0 ], [ 116.723640324548185, 0.6108915170851, 0.0 ], [ 116.723676808156142, 0.610821084371415, 0.0 ], [ 116.723677499023665, 0.610817588878357, 0.0 ], [ 116.723679369488707, 0.610814724338094, 0.0 ], [ 116.723734066977499, 0.610675889781037, 0.0 ], [ 116.723735321682597, 0.610669279921207, 0.0 ], [ 116.723758203205378, 0.610591510529429, 0.0 ], [ 116.723817666088678, 0.610268358563368, 0.0 ], [ 116.723817838248181, 0.610266471969499, 0.0 ], [ 116.723818280112141, 0.6102649487654, 0.0 ], [ 116.723911043541122, 0.609738329753572, 0.0 ], [ 116.72391157293238, 0.609732273922021, 0.0 ], [ 116.723912717048108, 0.609728156032449, 0.0 ], [ 116.723923923230075, 0.609654856074468, 0.0 ], [ 116.72392616524418, 0.609650884236457, 0.0 ], [ 116.724019915849382, 0.609530218290106, 0.0 ], [ 116.724030289493726, 0.609521694286754, 0.0 ], [ 116.724063990016191, 0.609511094403124, 0.0 ], [ 116.724130544825258, 0.609577101001955, 0.0 ], [ 116.724131281827823, 0.609577592773439, 0.0 ], [ 116.724157559378696, 0.609601799037248, 0.0 ], [ 116.724768641341129, 0.610116484912974, 0.0 ], [ 116.724776144262037, 0.610121061088251, 0.0 ], [ 116.724793666695845, 0.610136093812097, 0.0 ], [ 116.725106883342605, 0.610364118333504, 0.0 ], [ 116.725198223433168, 0.610415482939063, 0.0 ], [ 116.725210056153443, 0.610417852972688, 0.0 ], [ 116.725218978472697, 0.610423538719314, 0.0 ], [ 116.725317117259692, 0.61045884684063, 0.0 ], [ 116.725468322149766, 0.610485233750415, 0.0 ], [ 116.725473337172076, 0.610484229803271, 0.0 ], [ 116.725478087793974, 0.610485127415005, 0.0 ], [ 116.725566401647839, 0.610483199181594, 0.0 ], [ 116.725587476149258, 0.610482739003943, 0.0 ], [ 116.72559480507212, 0.610481188255222, 0.0 ], [ 116.725663469401312, 0.610474534153837, 0.0 ], [ 116.725749072859486, 0.610457783136768, 0.0 ], [ 116.725793125945842, 0.610444437250709, 0.0 ], [ 116.725808305887767, 0.610441904828308, 0.0 ], [ 116.725912933416851, 0.610406003673391, 0.0 ], [ 116.725924271373856, 0.610398896631174, 0.0 ], [ 116.725939898393406, 0.610395768288228, 0.0 ], [ 116.72601719861116, 0.610354231652605, 0.0 ], [ 116.726156809014213, 0.610260545914989, 0.0 ], [ 116.726571552411002, 0.609992013655947, 0.0 ], [ 116.726985508914353, 0.609788207665739, 0.0 ], [ 116.726985624328051, 0.609788124701933, 0.0 ], [ 116.726985724944726, 0.609788101234128, 0.0 ], [ 116.727102242648272, 0.609730657460713, 0.0 ], [ 116.727222333204267, 0.609644282660854, 0.0 ], [ 116.727271989919259, 0.609584877250241, 0.0 ], [ 116.727390891273302, 0.609414927128856, 0.0 ], [ 116.727438650401155, 0.609327581352921, 0.0 ], [ 116.72744212057097, 0.609310023704691, 0.0 ], [ 116.727449797454781, 0.609297520682892, 0.0 ], [ 116.727509252875237, 0.609117993778808, 0.0 ], [ 116.727511658586138, 0.609103074905798, 0.0 ], [ 116.727523693806091, 0.609063131855788, 0.0 ], [ 116.727543059005015, 0.608965077412797, 0.0 ], [ 116.727580095730588, 0.608777540511753, 0.0 ], [ 116.727599805113826, 0.608677740719991, 0.0 ], [ 116.727604652141679, 0.608628186694117, 0.0 ], [ 116.727607744480807, 0.608614523208471, 0.0 ], [ 116.72763392456315, 0.60813816952644, 0.0 ], [ 116.727631847375193, 0.608125891351134, 0.0 ], [ 116.727634608664943, 0.608111806795535, 0.0 ], [ 116.727632269511105, 0.607336233598156, 0.0 ], [ 116.727632113244965, 0.607335448871258, 0.0 ], [ 116.727627493513282, 0.607271815230164, 0.0 ], [ 116.727615608490666, 0.607190426915646, 0.0 ], [ 116.727586189932708, 0.607083129111751, 0.0 ], [ 116.727534994539454, 0.606990921664501, 0.0 ], [ 116.727485062733436, 0.606921500867426, 0.0 ], [ 116.72743885705124, 0.60686694722039, 0.0 ], [ 116.727377727143804, 0.606815465641583, 0.0 ], [ 116.727323038684702, 0.606777163353715, 0.0 ], [ 116.727238391506035, 0.606730578210363, 0.0 ], [ 116.727111147042834, 0.606698383153372, 0.0 ], [ 116.727039811936493, 0.606691197863807, 0.0 ], [ 116.72699509654133, 0.606688950335413, 0.0 ], [ 116.726976074070834, 0.606692758420283, 0.0 ], [ 116.726960630353574, 0.606690281171898, 0.0 ], [ 116.726867893439277, 0.606697458127642, 0.0 ], [ 116.726844782074821, 0.606703020818825, 0.0 ], [ 116.726796920453793, 0.606708751096104, 0.0 ], [ 116.726727962146825, 0.606725503909663, 0.0 ], [ 116.726661438014986, 0.606747305218939, 0.0 ], [ 116.726624025695727, 0.606764973680831, 0.0 ], [ 116.726503105520152, 0.606829067116379, 0.0 ], [ 116.726176976240552, 0.607001931865921, 0.0 ], [ 116.726160723200678, 0.607013987068632, 0.0 ], [ 116.726127680751546, 0.607032288294494, 0.0 ], [ 116.725600469420783, 0.607405869408617, 0.0 ], [ 116.725565870639301, 0.60707264513832, 0.0 ], [ 116.725534108830658, 0.60694658203465, 0.0 ], [ 116.725516604550691, 0.606909009391313, 0.0 ], [ 116.725492828656598, 0.606863527002763, 0.0 ], [ 116.725481904109728, 0.606848597297984, 0.0 ], [ 116.725464643828786, 0.606816721016436, 0.0 ], [ 116.725421845691812, 0.606754481339254, 0.0 ], [ 116.725370133797725, 0.606692098863656, 0.0 ], [ 116.725341415703838, 0.606665590899105, 0.0 ], [ 116.725281971876356, 0.606615318910521, 0.0 ], [ 116.72527805728626, 0.606612925899002, 0.0 ], [ 116.725287350048376, 0.606615745526909, 0.0 ], [ 116.72538484072119, 0.606634899809354, 0.0 ], [ 116.725470894374538, 0.606643276631615, 0.0 ], [ 116.725556496922465, 0.606643281002641, 0.0 ], [ 116.72556813370322, 0.606640951452968, 0.0 ], [ 116.72557838786031, 0.606642745018632, 0.0 ], [ 116.725675880641717, 0.606637963121656, 0.0 ], [ 116.725704650925763, 0.606631466263586, 0.0 ], [ 116.725775653954912, 0.606621609549817, 0.0 ], [ 116.725851746493007, 0.606600069335564, 0.0 ], [ 116.725902045535264, 0.606582533812015, 0.0 ], [ 116.726047832438908, 0.606484481927449, 0.0 ], [ 116.726057768435368, 0.606469513929438, 0.0 ], [ 116.726069665561752, 0.606460879284587, 0.0 ], [ 116.726100579548046, 0.606424974334143, 0.0 ], [ 116.726176162197405, 0.606301825800768, 0.0 ], [ 116.726176178215425, 0.606301744755253, 0.0 ], [ 116.726176223769812, 0.606301676104052, 0.0 ], [ 116.726204761438623, 0.606232259299338, 0.0 ], [ 116.726204822648327, 0.606231949314027, 0.0 ], [ 116.726234969276206, 0.606119083594717, 0.0 ], [ 116.726244483975847, 0.606047271932461, 0.0 ], [ 116.726248428537474, 0.605987488405531, 0.0 ], [ 116.726246453499556, 0.605945099941671, 0.0 ], [ 116.726227440624797, 0.605741631075297, 0.0 ], [ 116.726226643364583, 0.605738396562912, 0.0 ], [ 116.726226062490042, 0.605728837268342, 0.0 ], [ 116.726122006157169, 0.604876183864215, 0.0 ], [ 116.726115617113564, 0.60481397985135, 0.0 ], [ 116.726219072816789, 0.604616124486975, 0.0 ], [ 116.726333637221046, 0.604415389142363, 0.0 ], [ 116.726435198124406, 0.604268551710837, 0.0 ], [ 116.726594509479909, 0.604096012683531, 0.0 ], [ 116.726681140803336, 0.604010396175594, 0.0 ], [ 116.726734577616625, 0.603977598581128, 0.0 ], [ 116.726739916181572, 0.603973371949395, 0.0 ], [ 116.726747778337639, 0.60396917600562, 0.0 ], [ 116.726845274065681, 0.603904550455581, 0.0 ], [ 116.72689363950461, 0.60386486909117, 0.0 ], [ 116.726903903798359, 0.6038582388798, 0.0 ], [ 116.726970486336555, 0.603796004746684, 0.0 ], [ 116.726975081956212, 0.603789351622686, 0.0 ], [ 116.726982463299734, 0.603784387145852, 0.0 ], [ 116.727027084620957, 0.603732034094695, 0.0 ], [ 116.727064121649718, 0.603681197517839, 0.0 ], [ 116.727079402093622, 0.603660223698949, 0.0 ], [ 116.727132195799726, 0.603565826408598, 0.0 ], [ 116.727146211475315, 0.603526793283951, 0.0 ], [ 116.72716761511218, 0.603457376101039, 0.0 ], [ 116.727169834776845, 0.603442641955243, 0.0 ], [ 116.727179082526618, 0.60341201578613, 0.0 ], [ 116.72721475962868, 0.603232486751766, 0.0 ], [ 116.727215567379986, 0.603224279013839, 0.0 ], [ 116.727217458732326, 0.603217617323839, 0.0 ], [ 116.727267019873253, 0.602916185943305, 0.0 ], [ 116.727288197245059, 0.602848244680779, 0.0 ], [ 116.727330505550029, 0.602751459180975, 0.0 ], [ 116.727334068768201, 0.602734404350678, 0.0 ], [ 116.727342594246551, 0.602720822686455, 0.0 ], [ 116.727380644857647, 0.602613106824522, 0.0 ], [ 116.727382352536949, 0.602603143352307, 0.0 ], [ 116.727395556868103, 0.602561293273249, 0.0 ], [ 116.727474043634032, 0.602211810198939, 0.0 ], [ 116.727475200252812, 0.602201382279243, 0.0 ], [ 116.727478207063996, 0.602191016011705, 0.0 ], [ 116.727502388111645, 0.602053694969995, 0.0 ], [ 116.727534493809756, 0.602005709289495, 0.0 ], [ 116.727536167925621, 0.602002570467194, 0.0 ], [ 116.727538304157818, 0.601999918831334, 0.0 ], [ 116.7277071440801, 0.601739009667763, 0.0 ], [ 116.727745775731904, 0.601665225029727, 0.0 ], [ 116.727759789809085, 0.601626197034762, 0.0 ], [ 116.727781194319391, 0.601556779841777, 0.0 ], [ 116.727786045859872, 0.601524576517507, 0.0 ], [ 116.727797696779589, 0.601480585885804, 0.0 ], [ 116.727804287249256, 0.60142918686326, 0.0 ], [ 116.72780873866607, 0.601410044122584, 0.0 ], [ 116.727858877392421, 0.601360672963931, 0.0 ], [ 116.727866971081767, 0.601348624157533, 0.0 ], [ 116.727877615777942, 0.601341077559872, 0.0 ], [ 116.728015538168961, 0.601187884604562, 0.0 ], [ 116.72802123518548, 0.601178828337953, 0.0 ], [ 116.728051224477227, 0.601142773534748, 0.0 ], [ 116.72810591870757, 0.601063782448867, 0.0 ], [ 116.728152421976191, 0.600978240790724, 0.0 ], [ 116.728175332919733, 0.600905929959417, 0.0 ], [ 116.728194360132221, 0.600822150209876, 0.0 ], [ 116.728202800198758, 0.600746882284037, 0.0 ], [ 116.728205479034955, 0.600734272182627, 0.0 ], [ 116.728207861170475, 0.60065049159922, 0.0 ], [ 116.728205015951417, 0.600634929684442, 0.0 ], [ 116.72820769936034, 0.600619806486709, 0.0 ], [ 116.728198082511497, 0.600373167914314, 0.0 ], [ 116.728247102119852, 0.60039018676744, 0.0 ], [ 116.728393585664989, 0.60041490470261, 0.0 ], [ 116.728402831331323, 0.60041305381431, 0.0 ], [ 116.72841119502506, 0.600414558106973, 0.0 ], [ 116.728532465878558, 0.600409776390651, 0.0 ], [ 116.728543573033349, 0.600407324120648, 0.0 ], [ 116.728601104582467, 0.600401716786312, 0.0 ], [ 116.728634472170242, 0.600395149113097, 0.0 ], [ 116.728740337773473, 0.600374311541118, 0.0 ], [ 116.729105426634277, 0.600302452628875, 0.0 ], [ 116.729114333956332, 0.600333358201782, 0.0 ], [ 116.729135746972972, 0.600378244335765, 0.0 ], [ 116.729156669838616, 0.600416545803908, 0.0 ], [ 116.729232657917564, 0.600518420705053, 0.0 ], [ 116.729238293971193, 0.600522212171537, 0.0 ], [ 116.729241863272605, 0.600527427448644, 0.0 ], [ 116.729259656938751, 0.600544346415627, 0.0 ], [ 116.729251320126195, 0.600608363136271, 0.0 ], [ 116.729251318836688, 0.600634577457776, 0.0 ], [ 116.730649014527188, 0.600514044299575, 0.0 ], [ 116.730648047550289, 0.600513654872913, 0.0 ], [ 116.730644321270063, 0.600512932277424, 0.0 ], [ 116.73057920624062, 0.600492196380284, 0.0 ], [ 116.730521918429346, 0.600479299897665, 0.0 ], [ 116.730527465619858, 0.600447664253586, 0.0 ], [ 116.73053101413312, 0.60040688858326, 0.0 ], [ 116.730570597989825, 0.60040903627455, 0.0 ], [ 116.730599404403833, 0.600404076237969, 0.0 ], [ 116.730626774930315, 0.600408543866877, 0.0 ], [ 116.730706670865786, 0.600402802854814, 0.0 ], [ 116.730712457238326, 0.600401426947323, 0.0 ], [ 116.730734044328628, 0.60039998564657, 0.0 ], [ 116.73081964737824, 0.6003884999416, 0.0 ], [ 116.730917943817573, 0.600361903065238, 0.0 ], [ 116.730927146075942, 0.600360119511554, 0.0 ], [ 116.730993726799923, 0.600333313231611, 0.0 ], [ 116.730996021390411, 0.600331790241849, 0.0 ], [ 116.730998802350044, 0.600331233520597, 0.0 ], [ 116.731131040863417, 0.600246260589614, 0.0 ], [ 116.731179905307428, 0.600201021447299, 0.0 ], [ 116.731243753157273, 0.600158079115449, 0.0 ], [ 116.731289424330313, 0.600104278882184, 0.0 ], [ 116.731346496507655, 0.600025287855134, 0.0 ], [ 116.731398240821008, 0.599932336699976, 0.0 ], [ 116.731421900343392, 0.599856670871192, 0.0 ], [ 116.731457576427275, 0.599693898058279, 0.0 ], [ 116.731460154353584, 0.599670096901501, 0.0 ], [ 116.731464548032505, 0.599653440324827, 0.0 ], [ 116.731478030463492, 0.599546599602626, 0.0 ], [ 116.731502608228539, 0.599351828097253, 0.0 ], [ 116.731506190532855, 0.599294844648294, 0.0 ], [ 116.731501853529451, 0.599232125270621, 0.0 ], [ 116.731485214280525, 0.59911243718183, 0.0 ], [ 116.73145535446136, 0.599002044123474, 0.0 ], [ 116.731434334482032, 0.598957879080769, 0.0 ], [ 116.731379649059605, 0.598857339331885, 0.0 ], [ 116.731303267876143, 0.598754743363974, 0.0 ], [ 116.731299108773385, 0.59875194546918, 0.0 ], [ 116.731296436899996, 0.598748010835176, 0.0 ], [ 116.731239371270249, 0.598692952166744, 0.0 ], [ 116.731231281588393, 0.598687634541071, 0.0 ], [ 116.731169711234656, 0.598637909369755, 0.0 ], [ 116.73109124431052, 0.598587636520513, 0.0 ], [ 116.731053228602192, 0.598567724330063, 0.0 ], [ 116.731044446624907, 0.598561459388015, 0.0 ], [ 116.730925556818733, 0.598504003776642, 0.0 ], [ 116.73091425274859, 0.598501413525083, 0.0 ], [ 116.730903068467626, 0.598493889679511, 0.0 ], [ 116.730865837335571, 0.598480265535815, 0.0 ], [ 116.730616166905904, 0.598401259353261, 0.0 ], [ 116.730609279844117, 0.598400195166122, 0.0 ], [ 116.730590866923421, 0.598394064926527, 0.0 ], [ 116.730403554421912, 0.598346709739059, 0.0 ], [ 116.730077566253982, 0.598264296176582, 0.0 ], [ 116.730071302943244, 0.598261549996597, 0.0 ], [ 116.730024750891772, 0.59808864179533, 0.0 ], [ 116.730115301656241, 0.597973811064399, 0.0 ], [ 116.730675952929431, 0.59820718148291, 0.0 ], [ 116.730676519676067, 0.598207294799791, 0.0 ], [ 116.730787684364373, 0.598237460961729, 0.0 ], [ 116.730911332136557, 0.598254223392107, 0.0 ], [ 116.730955832260761, 0.598257227293842, 0.0 ], [ 116.730960054972442, 0.598258128425568, 0.0 ], [ 116.731055169294422, 0.598260526104566, 0.0 ], [ 116.731060607257533, 0.598259508400347, 0.0 ], [ 116.731066396091379, 0.598260667863985, 0.0 ], [ 116.731187551589102, 0.598243921742342, 0.0 ], [ 116.731246998704577, 0.59822716925242, 0.0 ], [ 116.731297806257516, 0.598209489986739, 0.0 ], [ 116.731443592840179, 0.598111437808318, 0.0 ], [ 116.731471061275485, 0.598081160398306, 0.0 ], [ 116.731506730609908, 0.598038073942216, 0.0 ], [ 116.731560920698698, 0.597947837940315, 0.0 ], [ 116.731573325946457, 0.597929530007868, 0.0 ], [ 116.73160472910331, 0.59785715101239, 0.0 ], [ 116.731721358332564, 0.597588337305931, 0.0 ], [ 116.731737416019868, 0.597551327185407, 0.0 ], [ 116.731742082373344, 0.597528838567539, 0.0 ], [ 116.731752316326435, 0.597512117851683, 0.0 ], [ 116.73178201038445, 0.597421600012532, 0.0 ], [ 116.731835552626791, 0.597258386345172, 0.0 ], [ 116.731848510402642, 0.597177301985917, 0.0 ], [ 116.731857867568323, 0.597134398398082, 0.0 ], [ 116.731865010367443, 0.596952473949637, 0.0 ], [ 116.731860599334681, 0.596927587519509, 0.0 ], [ 116.731864367185707, 0.59690454032638, 0.0 ], [ 116.731852486801358, 0.596725008834647, 0.0 ], [ 116.731839052788004, 0.596667141828852, 0.0 ], [ 116.731829618448984, 0.596609626565415, 0.0 ], [ 116.731786823373554, 0.596482756427889, 0.0 ], [ 116.731779657066497, 0.596471155734281, 0.0 ], [ 116.731776488637863, 0.596455116412596, 0.0 ], [ 116.731697908643469, 0.596328499769178, 0.0 ], [ 116.731643220466282, 0.596266259559866, 0.0 ], [ 116.731632803402263, 0.59625877824976, 0.0 ], [ 116.731624399300173, 0.596246115213469, 0.0 ], [ 116.731590504321133, 0.596215295240273, 0.0 ], [ 116.731538857399727, 0.596172927000439, 0.0 ], [ 116.731544444861711, 0.596173346791386, 0.0 ], [ 116.731704928015617, 0.596143522478364, 0.0 ], [ 116.731785776858032, 0.59611240768003, 0.0 ], [ 116.731790865774713, 0.596109085963033, 0.0 ], [ 116.731797256687827, 0.596107806559792, 0.0 ], [ 116.731925266203902, 0.596026699030288, 0.0 ], [ 116.731994226573391, 0.595964464881246, 0.0 ], [ 116.732000891089939, 0.595954994151775, 0.0 ], [ 116.732012003565075, 0.595947520188597, 0.0 ], [ 116.73208990982215, 0.595842123227488, 0.0 ], [ 116.732139849528224, 0.595748770284093, 0.0 ], [ 116.732159358619626, 0.595707415798745, 0.0 ], [ 116.732192575575624, 0.595564396084294, 0.0 ], [ 116.732202093587077, 0.595420771274841, 0.0 ], [ 116.732200277540585, 0.595409656177831, 0.0 ], [ 116.732203058863163, 0.59539600374834, 0.0 ], [ 116.732205446672452, 0.595192535856309, 0.0 ], [ 116.732204944528178, 0.595189913335445, 0.0 ], [ 116.732205478027154, 0.595187214010351, 0.0 ], [ 116.732197134388073, 0.595100424715614, 0.0 ], [ 116.732135325474317, 0.594782054191386, 0.0 ], [ 116.732125284350005, 0.594748527199679, 0.0 ], [ 116.732122888640163, 0.594732848842635, 0.0 ], [ 116.732098326750176, 0.594654393150444, 0.0 ], [ 116.732053941510074, 0.594512618954569, 0.0 ], [ 116.732040525505568, 0.594475502447025, 0.0 ], [ 116.732040258311486, 0.594475099846723, 0.0 ], [ 116.732040164503601, 0.594474627557338, 0.0 ], [ 116.731992612851855, 0.594359725739792, 0.0 ], [ 116.731991853696925, 0.594358584458099, 0.0 ], [ 116.731941630634665, 0.594268187934643, 0.0 ], [ 116.731875711357063, 0.594176647748729, 0.0 ], [ 116.731809694367598, 0.594080387999241, 0.0 ], [ 116.731773430171884, 0.594036585898724, 0.0 ], [ 116.731768428140711, 0.594028760294777, 0.0 ], [ 116.731701852262319, 0.593956944858917, 0.0 ], [ 116.731691355167413, 0.593949616732858, 0.0 ], [ 116.731683899600782, 0.593938650637117, 0.0 ], [ 116.731360411843227, 0.593627232202626, 0.0 ], [ 116.730990839669658, 0.593261389696997, 0.0 ], [ 116.730981006724534, 0.593206382729099, 0.0 ], [ 116.730979837499916, 0.593202370380779, 0.0 ], [ 116.730979389002542, 0.593197808334616, 0.0 ], [ 116.730971716735539, 0.593159179701536, 0.0 ], [ 116.730972110963009, 0.593152437731031, 0.0 ], [ 116.730992031043144, 0.593001187784076, 0.0 ], [ 116.731131182353224, 0.592495182264663, 0.0 ], [ 116.731132433807034, 0.592485911288807, 0.0 ], [ 116.73113725821527, 0.592470385960943, 0.0 ], [ 116.731222879723731, 0.592073027905376, 0.0 ], [ 116.731229111258955, 0.592014529254599, 0.0 ], [ 116.731232566406888, 0.591999016550985, 0.0 ], [ 116.731239706631982, 0.591850604758886, 0.0 ], [ 116.731237937138914, 0.59184035833903, 0.0 ], [ 116.731240232735473, 0.591828743385128, 0.0 ], [ 116.731215013018613, 0.591679306750923, 0.0 ], [ 116.731181728420125, 0.591583555855825, 0.0 ], [ 116.731176288466415, 0.591574840090756, 0.0 ], [ 116.731173966995357, 0.59156286520049, 0.0 ], [ 116.731015705388671, 0.591170283965435, 0.0 ], [ 116.730926542246095, 0.590896689524236, 0.0 ], [ 116.730865894979516, 0.590639338777083, 0.0 ], [ 116.729745565715035, 0.590639284052323, 0.0 ], [ 116.729746433946332, 0.590646116596156, 0.0 ], [ 116.729784950446614, 0.590795159653683, 0.0 ], [ 116.729785703836455, 0.590798076779683, 0.0 ], [ 116.729785718922543, 0.590798122074555, 0.0 ], [ 116.729785722198017, 0.590798147851646, 0.0 ], [ 116.729794934072828, 0.590833792471818, 0.0 ], [ 116.729795040942008, 0.590834113257465, 0.0 ], [ 116.729795064037532, 0.590834294179861, 0.0 ], [ 116.72983310304167, 0.590980793777723, 0.0 ], [ 116.729852693348008, 0.591039485967004, 0.0 ], [ 116.729854268310092, 0.591041859071082, 0.0 ], [ 116.729854820732029, 0.591044569085537, 0.0 ], [ 116.729909029393397, 0.591171918357154, 0.0 ], [ 116.729911824694497, 0.591176075142254, 0.0 ], [ 116.729949153001598, 0.591246140556404, 0.0 ], [ 116.729984952151739, 0.591299742447517, 0.0 ], [ 116.729998456899665, 0.591320420322884, 0.0 ], [ 116.729998734020299, 0.59132122748912, 0.0 ], [ 116.730010416370817, 0.591372854795193, 0.0 ], [ 116.730021315723405, 0.591407308008721, 0.0 ], [ 116.730023028514296, 0.591417755730375, 0.0 ], [ 116.730058367228537, 0.591522583379454, 0.0 ], [ 116.7300585015537, 0.591529499097208, 0.0 ], [ 116.730058982764845, 0.591531816169047, 0.0 ], [ 116.730060754078835, 0.591566744819195, 0.0 ], [ 116.730078552709969, 0.591741689644669, 0.0 ], [ 116.730109552110193, 0.591865266530943, 0.0 ], [ 116.730110053703129, 0.591867819616663, 0.0 ], [ 116.730127650100911, 0.591910844384014, 0.0 ], [ 116.730128509211369, 0.591917419800517, 0.0 ], [ 116.73012469896149, 0.591976549608367, 0.0 ], [ 116.730126896499954, 0.591989922985228, 0.0 ], [ 116.730123756477269, 0.592005810431405, 0.0 ], [ 116.730123755278484, 0.592030612228379, 0.0 ], [ 116.730120069814788, 0.592070165924004, 0.0 ], [ 116.730079197585539, 0.592244094466689, 0.0 ], [ 116.730021825163888, 0.592401662931558, 0.0 ], [ 116.730019845018532, 0.592412891761844, 0.0 ], [ 116.730003590638859, 0.592466202507171, 0.0 ], [ 116.729955070238191, 0.592703659345048, 0.0 ], [ 116.729951048437073, 0.592743426867442, 0.0 ], [ 116.72994722922671, 0.592759450688293, 0.0 ], [ 116.729931050424256, 0.592967227048654, 0.0 ], [ 116.7299338722312, 0.59298514702703, 0.0 ], [ 116.729929695878894, 0.593006809654728, 0.0 ], [ 116.729932534485798, 0.593312251503019, 0.0 ], [ 116.729933136643581, 0.593315226574847, 0.0 ], [ 116.729939207159632, 0.593385799940202, 0.0 ], [ 116.729949666147789, 0.593446122678458, 0.0 ], [ 116.729961965666917, 0.593488743633573, 0.0 ], [ 116.729965076422445, 0.593508468279139, 0.0 ], [ 116.729992655576879, 0.593593687047342, 0.0 ], [ 116.730000916514456, 0.593607246535315, 0.0 ], [ 116.730004749781727, 0.59362665144607, 0.0 ], [ 116.730027091116398, 0.593673228375398, 0.0 ], [ 116.73007178374769, 0.593754221680233, 0.0 ], [ 116.730160360000667, 0.593925148631789, 0.0 ], [ 116.730234949690782, 0.594027467859354, 0.0 ], [ 116.730239273096316, 0.59403402092376, 0.0 ], [ 116.730498921761082, 0.594298303386117, 0.0 ], [ 116.730512983018158, 0.59430781866972, 0.0 ], [ 116.73052137974301, 0.594319642971416, 0.0 ], [ 116.730704941133638, 0.594482426551505, 0.0 ], [ 116.730706879526281, 0.594483643055895, 0.0 ], [ 116.730714863416623, 0.594490971190894, 0.0 ], [ 116.730798739905637, 0.594561103318048, 0.0 ], [ 116.730883207726222, 0.594631730355435, 0.0 ], [ 116.730897312411813, 0.594640298332212, 0.0 ], [ 116.73092342135088, 0.594661708575532, 0.0 ], [ 116.731009112565516, 0.594718436023304, 0.0 ], [ 116.731080288345709, 0.594802181463983, 0.0 ], [ 116.73114175901398, 0.594948618334224, 0.0 ], [ 116.731145148403044, 0.594965816776749, 0.0 ], [ 116.731009550906947, 0.59490845470313, 0.0 ], [ 116.731008420034485, 0.594908225195848, 0.0 ], [ 116.731007448477953, 0.594907571613815, 0.0 ], [ 116.730962663403631, 0.594891630315295, 0.0 ], [ 116.730846625961277, 0.594857154774078, 0.0 ], [ 116.730826296523162, 0.594854197301726, 0.0 ], [ 116.73079485523769, 0.594845071813322, 0.0 ], [ 116.730705448429049, 0.594829746888264, 0.0 ], [ 116.730702273114815, 0.594829476618903, 0.0 ], [ 116.730700127430225, 0.594828867870433, 0.0 ], [ 116.730627841815632, 0.594817374371148, 0.0 ], [ 116.730617233070419, 0.594816535902893, 0.0 ], [ 116.730611953577863, 0.594815139978265, 0.0 ], [ 116.730510182140648, 0.594802687834529, 0.0 ], [ 116.730473603124182, 0.594800457341138, 0.0 ], [ 116.730469597715114, 0.594799591397815, 0.0 ], [ 116.730159121472155, 0.594790105176083, 0.0 ], [ 116.730087283072933, 0.594786813893853, 0.0 ], [ 116.73004720512516, 0.594783450017217, 0.0 ], [ 116.729939243886236, 0.594752936967159, 0.0 ], [ 116.729587898127789, 0.594629659879565, 0.0 ], [ 116.729494270588773, 0.594590594770225, 0.0 ], [ 116.729486829174135, 0.594589103646974, 0.0 ], [ 116.729480960739792, 0.594585289851097, 0.0 ], [ 116.729387750676082, 0.5945498573134, 0.0 ], [ 116.729383644540491, 0.594549102761323, 0.0 ], [ 116.729380775726256, 0.594547272028248, 0.0 ], [ 116.729277545728351, 0.594509982576327, 0.0 ], [ 116.729169495053526, 0.594458045600529, 0.0 ], [ 116.729133851162487, 0.594436607150663, 0.0 ], [ 116.728894520610353, 0.594292658205114, 0.0 ], [ 116.728884829752403, 0.594287755906149, 0.0 ], [ 116.728880926651769, 0.594284802502466, 0.0 ], [ 116.728694508139199, 0.594181383771931, 0.0 ], [ 116.72864960945806, 0.594159649892949, 0.0 ], [ 116.728644158746135, 0.59415855815114, 0.0 ], [ 116.728639778105475, 0.594155685813064, 0.0 ], [ 116.728509474445332, 0.594104931805479, 0.0 ], [ 116.728500915030665, 0.594103322731289, 0.0 ], [ 116.72849496785426, 0.594099568254196, 0.0 ], [ 116.728429340489896, 0.594076585115636, 0.0 ], [ 116.728418096715956, 0.594074672221926, 0.0 ], [ 116.728377744433203, 0.594061924639076, 0.0 ], [ 116.728286436218454, 0.594041812714987, 0.0 ], [ 116.728245157293031, 0.594037318693712, 0.0 ], [ 116.728226725586396, 0.594032839885088, 0.0 ], [ 116.728156341396371, 0.59402709142704, 0.0 ], [ 116.728120026504484, 0.594025609993217, 0.0 ], [ 116.728052495447017, 0.594025606648357, 0.0 ], [ 116.727982963703852, 0.594031051475644, 0.0 ], [ 116.727904018389282, 0.594043494702741, 0.0 ], [ 116.72783884700101, 0.59406193343133, 0.0 ], [ 116.727819981499422, 0.594065278381192, 0.0 ], [ 116.727767668304011, 0.594084425997928, 0.0 ], [ 116.727746286517842, 0.594098132907374, 0.0 ], [ 116.727723014264882, 0.594103578216965, 0.0 ], [ 116.72766689549789, 0.594131343102247, 0.0 ], [ 116.727547368819302, 0.594217439811457, 0.0 ], [ 116.727518238133172, 0.59424973699946, 0.0 ], [ 116.727491604989069, 0.59428229021987, 0.0 ], [ 116.727459405262195, 0.594336261195706, 0.0 ], [ 116.727435198879519, 0.59437031020888, 0.0 ], [ 116.727407612824436, 0.59442680137024, 0.0 ], [ 116.727404587539681, 0.59443989845957, 0.0 ], [ 116.727395734232289, 0.594453235515385, 0.0 ], [ 116.727363667057091, 0.594582204447675, 0.0 ], [ 116.727358908674574, 0.594631036477332, 0.0 ], [ 116.727356762148602, 0.594675176537896, 0.0 ], [ 116.72736526221864, 0.594762768107565, 0.0 ], [ 116.727379525710973, 0.59483553907211, 0.0 ], [ 116.727386829284356, 0.594859846040494, 0.0 ], [ 116.727388838466297, 0.59487407216054, 0.0 ], [ 116.727405956029017, 0.594933437124806, 0.0 ], [ 116.727422339921759, 0.594980424859848, 0.0 ], [ 116.727423914502936, 0.594982797393118, 0.0 ], [ 116.727424466790865, 0.594985506775994, 0.0 ], [ 116.727447291460578, 0.595039127956176, 0.0 ], [ 116.727450604968652, 0.595044055366729, 0.0 ], [ 116.727451713803447, 0.595049178137809, 0.0 ], [ 116.727477392644602, 0.595105671946191, 0.0 ], [ 116.727486796019932, 0.595119295849568, 0.0 ], [ 116.727521851693268, 0.595182486912322, 0.0 ], [ 116.727557903222845, 0.595232684825437, 0.0 ], [ 116.727580492901822, 0.595268931401255, 0.0 ], [ 116.727592142272641, 0.595283647959812, 0.0 ], [ 116.727600230311083, 0.595298020384839, 0.0 ], [ 116.727837999493971, 0.595620708774187, 0.0 ], [ 116.727849734938388, 0.595634404027073, 0.0 ], [ 116.727853229377175, 0.595640234548812, 0.0 ], [ 116.727934797548556, 0.595739100254025, 0.0 ], [ 116.728016305425697, 0.595864606036014, 0.0 ], [ 116.728097435428054, 0.596039960833746, 0.0 ], [ 116.728235848955933, 0.59643162818529, 0.0 ], [ 116.728238005820586, 0.596435064101421, 0.0 ], [ 116.728238903274985, 0.596440008204016, 0.0 ], [ 116.728295013383303, 0.596589381193149, 0.0 ], [ 116.728298717642801, 0.596595155185894, 0.0 ], [ 116.72830016256178, 0.596602469725153, 0.0 ], [ 116.728347441908724, 0.596689145651746, 0.0 ], [ 116.728392142544493, 0.596753299769785, 0.0 ], [ 116.728442264244592, 0.596813384854864, 0.0 ], [ 116.728510742482783, 0.596869905109821, 0.0 ], [ 116.728550688962528, 0.596896717571922, 0.0 ], [ 116.72858374953347, 0.5969144868912, 0.0 ], [ 116.72859586152363, 0.596923348474443, 0.0 ], [ 116.728644368340156, 0.596948245163957, 0.0 ], [ 116.728676494480453, 0.596963160589065, 0.0 ], [ 116.728799592639547, 0.596994918328809, 0.0 ], [ 116.728860464844317, 0.597001624422485, 0.0 ], [ 116.728909326300084, 0.597004309082167, 0.0 ], [ 116.728965693898274, 0.597000738763244, 0.0 ], [ 116.729048444320654, 0.59699021011603, 0.0 ], [ 116.729082305847683, 0.596981171712187, 0.0 ], [ 116.729114515078564, 0.59697667075609, 0.0 ], [ 116.72922199547483, 0.596946035925163, 0.0 ], [ 116.729237026606839, 0.59694078048237, 0.0 ], [ 116.729241145559811, 0.596940110363272, 0.0 ], [ 116.729431062223384, 0.596876646861094, 0.0 ], [ 116.729473449868337, 0.596862482230313, 0.0 ], [ 116.729721574828673, 0.596786641447728, 0.0 ], [ 116.729735410845691, 0.596786170015662, 0.0 ], [ 116.729738712873413, 0.596794139125953, 0.0 ], [ 116.729819926674665, 0.596916175133249, 0.0 ], [ 116.729788892865628, 0.596924323439015, 0.0 ], [ 116.729730358750302, 0.596944105562261, 0.0 ], [ 116.729618153745378, 0.597011600838041, 0.0 ], [ 116.729571545509557, 0.597049898957587, 0.0 ], [ 116.729537963961874, 0.597080455814242, 0.0 ], [ 116.72949081523997, 0.59713631319569, 0.0 ], [ 116.729468938165638, 0.597166952272033, 0.0 ], [ 116.729468132021495, 0.597168409968675, 0.0 ], [ 116.729466673629773, 0.59717015302077, 0.0 ], [ 116.729328184454801, 0.597367707250116, 0.0 ], [ 116.729137381043969, 0.597577148216709, 0.0 ], [ 116.729115584208685, 0.597611573294019, 0.0 ], [ 116.729069261042824, 0.597675398266078, 0.0 ], [ 116.72905404077872, 0.597705079570846, 0.0 ], [ 116.729038191125412, 0.597739447939155, 0.0 ], [ 116.729012706353572, 0.597823850334084, 0.0 ], [ 116.729005095969796, 0.597862150380555, 0.0 ], [ 116.728998634376595, 0.597927815334856, 0.0 ], [ 116.728996562152872, 0.597937549559374, 0.0 ], [ 116.728995608819275, 0.597970104058778, 0.0 ], [ 116.728999983763629, 0.597994090464715, 0.0 ], [ 116.728996539973906, 0.598015441656306, 0.0 ], [ 116.729005262206456, 0.59813922409736, 0.0 ], [ 116.729007029786288, 0.598146764789863, 0.0 ], [ 116.729008983862826, 0.598173484905298, 0.0 ], [ 116.729027999687631, 0.59830274774811, 0.0 ], [ 116.72902996774431, 0.598309910924894, 0.0 ], [ 116.728992611301777, 0.598322412037786, 0.0 ], [ 116.728897476579633, 0.598376556219169, 0.0 ], [ 116.728842784282008, 0.598417246907157, 0.0 ], [ 116.728792132399676, 0.598461154815106, 0.0 ], [ 116.728761368230479, 0.598495460254848, 0.0 ], [ 116.728719753478131, 0.598546924094697, 0.0 ], [ 116.728653102155761, 0.598659369977967, 0.0 ], [ 116.728652968016306, 0.59866004867493, 0.0 ], [ 116.728652589804966, 0.598660620278388, 0.0 ], [ 116.728625241358856, 0.598727643299649, 0.0 ], [ 116.728591539956938, 0.598899502002347, 0.0 ], [ 116.728591537425004, 0.598950967913132, 0.0 ], [ 116.728595780734707, 0.599013009828083, 0.0 ], [ 116.72860647698954, 0.599090806343072, 0.0 ], [ 116.72861202020637, 0.599111361190056, 0.0 ], [ 116.728614845666499, 0.599135207632407, 0.0 ], [ 116.728642185225368, 0.599248912416058, 0.0 ], [ 116.728655357299459, 0.59928959726035, 0.0 ], [ 116.72865670824487, 0.599297305975818, 0.0 ], [ 116.728684679751026, 0.599374615188488, 0.0 ], [ 116.72848003513532, 0.599417890695834, 0.0 ], [ 116.728466263806737, 0.59942217687334, 0.0 ], [ 116.728457070715336, 0.599423384607658, 0.0 ], [ 116.728434799427646, 0.59942933892483, 0.0 ], [ 116.728400474072089, 0.599425965779906, 0.0 ], [ 116.72839239297663, 0.599424703046548, 0.0 ], [ 116.72839133094989, 0.599424008179925, 0.0 ], [ 116.728329507834331, 0.599400068007513, 0.0 ], [ 116.72832216324889, 0.599398694810709, 0.0 ], [ 116.72826294217046, 0.599380082242981, 0.0 ], [ 116.728202307523304, 0.599366913726803, 0.0 ], [ 116.728162120843137, 0.599362598505533, 0.0 ], [ 116.728144279056124, 0.599358254621409, 0.0 ], [ 116.728071754976582, 0.599352266273653, 0.0 ], [ 116.728035043387123, 0.599350752248606, 0.0 ], [ 116.728026813261309, 0.599352399836349, 0.0 ], [ 116.728019285124503, 0.599351029701733, 0.0 ], [ 116.727951516624074, 0.59935342020336, 0.0 ], [ 116.727939552318873, 0.599356035710569, 0.0 ], [ 116.727875059498132, 0.599362765792863, 0.0 ], [ 116.727801345358998, 0.599378321481901, 0.0 ], [ 116.727759126717984, 0.599391451843014, 0.0 ], [ 116.727746570832352, 0.599393576967972, 0.0 ], [ 116.727622920121874, 0.599436658073063, 0.0 ], [ 116.727609167499025, 0.599445323842751, 0.0 ], [ 116.727591241796276, 0.599449064638362, 0.0 ], [ 116.727555572890765, 0.599464622228089, 0.0 ], [ 116.727416491416662, 0.599559814415979, 0.0 ], [ 116.727415073212569, 0.599561950863388, 0.0 ], [ 116.727413017106542, 0.59956335026125, 0.0 ], [ 116.727359961784302, 0.599617942276295, 0.0 ], [ 116.7273597940722, 0.59961811453777, 0.0 ], [ 116.727357201622894, 0.59962206294361, 0.0 ], [ 116.727303747214066, 0.599688540687895, 0.0 ], [ 116.727298801607603, 0.59969621505471, 0.0 ], [ 116.727275194704433, 0.599732848581987, 0.0 ], [ 116.727237035493317, 0.599805901645606, 0.0 ], [ 116.727207341658129, 0.599915033606164, 0.0 ], [ 116.727199015768491, 0.599973679856239, 0.0 ], [ 116.727194495788268, 0.60003765686605, 0.0 ], [ 116.727197264135683, 0.600051670957309, 0.0 ], [ 116.727195240542514, 0.600063712783401, 0.0 ], [ 116.727198804453096, 0.600125950464144, 0.0 ], [ 116.727199223040401, 0.600127790596057, 0.0 ], [ 116.727199642720265, 0.600137854216544, 0.0 ], [ 116.727218654521778, 0.600365261079304, 0.0 ], [ 116.727220347183973, 0.600372275564292, 0.0 ], [ 116.727221880467582, 0.600393327091961, 0.0 ], [ 116.727228734504948, 0.600440109909019, 0.0 ], [ 116.727231522505548, 0.60053569209186, 0.0 ], [ 116.727231568441738, 0.600535907990268, 0.0 ], [ 116.727231534430544, 0.600536094816935, 0.0 ], [ 116.727233629912178, 0.600605818321747, 0.0 ], [ 116.727154509278748, 0.600667555586533, 0.0 ], [ 116.727112070091707, 0.600705205486423, 0.0 ], [ 116.727108189377134, 0.600711051571088, 0.0 ], [ 116.727102865008135, 0.600714747711721, 0.0 ], [ 116.727063628690786, 0.600756636086133, 0.0 ], [ 116.727062426833896, 0.600758505541412, 0.0 ], [ 116.727046859327999, 0.600775576014604, 0.0 ], [ 116.727008810930656, 0.600821055281788, 0.0 ], [ 116.726983666733773, 0.600862680896839, 0.0 ], [ 116.726954130434578, 0.600903189090336, 0.0 ], [ 116.726925593544848, 0.600958243486848, 0.0 ], [ 116.72690883289647, 0.600994378776137, 0.0 ], [ 116.72688459798745, 0.601072707559949, 0.0 ], [ 116.726863192824624, 0.601173243494998, 0.0 ], [ 116.726861158907226, 0.60119256167969, 0.0 ], [ 116.726857375079845, 0.601206626992467, 0.0 ], [ 116.726851088268234, 0.601252807867525, 0.0 ], [ 116.726694185987213, 0.601490261597704, 0.0 ], [ 116.726677926327952, 0.601520959182675, 0.0 ], [ 116.726669213862451, 0.601532952483561, 0.0 ], [ 116.726635254344899, 0.60159903725336, 0.0 ], [ 116.726612051590209, 0.601642411465082, 0.0 ], [ 116.726592544886699, 0.601683761297954, 0.0 ], [ 116.726589075035335, 0.601701317406469, 0.0 ], [ 116.726581398671755, 0.601713819531332, 0.0 ], [ 116.726556426854017, 0.601789221254981, 0.0 ], [ 116.726553882200406, 0.601805001554744, 0.0 ], [ 116.726541564735712, 0.601846241776631, 0.0 ], [ 116.726459817291982, 0.602270941478155, 0.0 ], [ 116.726449459944973, 0.60230065269492, 0.0 ], [ 116.726419977912386, 0.602376817011283, 0.0 ], [ 116.726394025643216, 0.602436375154376, 0.0 ], [ 116.72639345793749, 0.602439100318758, 0.0 ], [ 116.726391794027123, 0.602441585087911, 0.0 ], [ 116.726362067343416, 0.602512199693424, 0.0 ], [ 116.72636170224213, 0.602514008695815, 0.0 ], [ 116.726360662251992, 0.60251557538212, 0.0 ], [ 116.726339870505441, 0.602578971591252, 0.0 ], [ 116.726282790708211, 0.602808767577605, 0.0 ], [ 116.726279693422043, 0.602834084807534, 0.0 ], [ 116.726273560086966, 0.602856861332782, 0.0 ], [ 116.726237532698988, 0.603120533857893, 0.0 ], [ 116.726236647744329, 0.603124145970773, 0.0 ], [ 116.726232113522244, 0.603132187434071, 0.0 ], [ 116.726204463758933, 0.603168859766047, 0.0 ], [ 116.726161541607695, 0.603191312332183, 0.0 ], [ 116.726073558299916, 0.603247560647281, 0.0 ], [ 116.725996728298227, 0.603309541301844, 0.0 ], [ 116.725991022386879, 0.603318136933047, 0.0 ], [ 116.725983507838265, 0.603323427010936, 0.0 ], [ 116.725933305340874, 0.603378451089306, 0.0 ], [ 116.725628737438853, 0.603698044692953, 0.0 ], [ 116.725617847150986, 0.603714825334858, 0.0 ], [ 116.72555804765156, 0.603795458012926, 0.0 ], [ 116.72523225146773, 0.604399861282256, 0.0 ], [ 116.725212063309215, 0.604442480079026, 0.0 ], [ 116.725193688490492, 0.604496567715915, 0.0 ], [ 116.725172284340275, 0.604575559527657, 0.0 ], [ 116.725172107939542, 0.60457688507152, 0.0 ], [ 116.725171246341162, 0.604579458697768, 0.0 ], [ 116.7251534088292, 0.604647680000678, 0.0 ], [ 116.72515112319617, 0.604665457459037, 0.0 ], [ 116.725144982474589, 0.604686898951916, 0.0 ], [ 116.725135468554626, 0.604743151234929, 0.0 ], [ 116.725129093755697, 0.604819054388408, 0.0 ], [ 116.725134518299953, 0.604889153466817, 0.0 ], [ 116.725141055038463, 0.604931119011278, 0.0 ], [ 116.725174163602304, 0.605404971017605, 0.0 ], [ 116.725175325589007, 0.605409934786731, 0.0 ], [ 116.725176523275138, 0.605429316785319, 0.0 ], [ 116.725189183664696, 0.605531319009605, 0.0 ], [ 116.725162432174272, 0.605521699531773, 0.0 ], [ 116.725158508513417, 0.605521015152418, 0.0 ], [ 116.725137117922856, 0.605513439166062, 0.0 ], [ 116.724880314145267, 0.605438023081984, 0.0 ], [ 116.724856897415393, 0.60543465424994, 0.0 ], [ 116.724824301769587, 0.605425417552644, 0.0 ], [ 116.724537264477817, 0.605379961818658, 0.0 ], [ 116.724323892340067, 0.605338376771062, 0.0 ], [ 116.724283079461998, 0.605334435198725, 0.0 ], [ 116.724269421329637, 0.605331203856439, 0.0 ], [ 116.724097027002301, 0.605319226491845, 0.0 ], [ 116.724074725436878, 0.60532289267031, 0.0 ], [ 116.724050213456053, 0.605318435368123, 0.0 ], [ 116.72391887733356, 0.605323109046591, 0.0 ], [ 116.723813699564758, 0.605325429974703, 0.0 ], [ 116.7238080176068, 0.605326632892886, 0.0 ], [ 116.723748762897898, 0.605331629904258, 0.0 ], [ 116.723657214603122, 0.605347184579452, 0.0 ], [ 116.723608592278097, 0.605361255629552, 0.0 ], [ 116.723588435728999, 0.605364583704704, 0.0 ], [ 116.723486186375126, 0.605399288030709, 0.0 ], [ 116.723474317027041, 0.605406700689855, 0.0 ], [ 116.723457809208554, 0.605410005361029, 0.0 ], [ 116.7233720784984, 0.605457339668232, 0.0 ], [ 116.723324519548243, 0.605490849853776, 0.0 ], [ 116.72326446337641, 0.60554156735264, 0.0 ], [ 116.723256411041703, 0.605553697715452, 0.0 ], [ 116.723246351130243, 0.605560902788291, 0.0 ], [ 116.72321781531997, 0.605593217005618, 0.0 ], [ 116.723215309580311, 0.605597242934667, 0.0 ], [ 116.723200704169713, 0.605613791704311, 0.0 ], [ 116.723169789997016, 0.605653286559787, 0.0 ], [ 116.723163835465442, 0.605663515909179, 0.0 ], [ 116.72315091840079, 0.60567924411432, 0.0 ], [ 116.723128327522147, 0.605712755580548, 0.0 ], [ 116.723125043904517, 0.605718886354972, 0.0 ], [ 116.723121060367248, 0.605723884883099, 0.0 ], [ 116.723096090288024, 0.605763380042645, 0.0 ], [ 116.723060036628169, 0.605833134142816, 0.0 ], [ 116.72303718178604, 0.605905197733159, 0.0 ], [ 116.723024100781075, 0.605962646761507, 0.0 ], [ 116.723020504812112, 0.605994634495387, 0.0 ], [ 116.723015374826815, 0.606014814661302, 0.0 ], [ 116.723009427934841, 0.606069870168769, 0.0 ], [ 116.723006794671022, 0.60611874754035, 0.0 ], [ 116.723006792238706, 0.606166622593182, 0.0 ], [ 116.72301728210735, 0.606263817213335, 0.0 ], [ 116.723030357154798, 0.6063236614771, 0.0 ], [ 116.723036969898388, 0.606344838050678, 0.0 ], [ 116.723038492458102, 0.606355376044816, 0.0 ], [ 116.723064644135235, 0.6064439458327, 0.0 ], [ 116.723080215438188, 0.606488149027452, 0.0 ], [ 116.723110601102363, 0.606548709939615, 0.0 ], [ 116.723329344878834, 0.606913767470963, 0.0 ], [ 116.723357767690317, 0.60695032708643, 0.0 ], [ 116.723371070435121, 0.606972296190526, 0.0 ], [ 116.723397225035129, 0.607003416277142, 0.0 ], [ 116.72342251474042, 0.607031087762654, 0.0 ], [ 116.723482137250159, 0.607081509053761, 0.0 ], [ 116.723549904170255, 0.607129386692213, 0.0 ], [ 116.723636058637382, 0.607177032197997, 0.0 ], [ 116.723637226808563, 0.607177266176965, 0.0 ], [ 116.723638205930712, 0.607177921173253, 0.0 ], [ 116.723696462076333, 0.60720186215045, 0.0 ], [ 116.723698144309054, 0.607202194547511, 0.0 ], [ 116.723767849346373, 0.60722442595943, 0.0 ], [ 116.723884362734424, 0.607250762915233, 0.0 ], [ 116.723900669535425, 0.607252583689596, 0.0 ], [ 116.723914665034087, 0.607256520807399, 0.0 ], [ 116.724273341141199, 0.60731191893114, 0.0 ], [ 116.72460236448434, 0.607407966917671, 0.0 ], [ 116.724613336747751, 0.6075401154328, 0.0 ], [ 116.724614256840084, 0.607543933114885, 0.0 ], [ 116.72461501984472, 0.607556698926073, 0.0 ], [ 116.72468038273523, 0.608101278478798, 0.0 ], [ 116.724698324069095, 0.608170156734676, 0.0 ], [ 116.72470330989006, 0.608199141631494, 0.0 ], [ 116.724727085584405, 0.608266168116226, 0.0 ], [ 116.724732749023048, 0.608275178247128, 0.0 ], [ 116.724735110337761, 0.608287131883824, 0.0 ], [ 116.724832511324706, 0.608433893004768, 0.0 ], [ 116.724879090225059, 0.608474742359523, 0.0 ], [ 116.724923078813674, 0.608508257250094, 0.0 ], [ 116.725022276958143, 0.608565474683273, 0.0 ], [ 116.725032213844329, 0.60856746499022, 0.0 ], [ 116.72503985101757, 0.60857237240788, 0.0 ], [ 116.725088595494981, 0.608590327265263, 0.0 ], [ 116.725165124475538, 0.608603981283386, 0.0 ], [ 116.7252274946363, 0.608617602686269, 0.0 ], [ 116.725296452895577, 0.608620000110404, 0.0 ], [ 116.725320160933407, 0.608615680238852, 0.0 ], [ 116.725341824924527, 0.608619269629685, 0.0 ], [ 116.725395326492489, 0.60861568244348, 0.0 ], [ 116.725401339591457, 0.608614267812231, 0.0 ], [ 116.725425268765534, 0.608612658264761, 0.0 ], [ 116.725504927789046, 0.608601889846577, 0.0 ], [ 116.725551820077555, 0.608589176987076, 0.0 ], [ 116.725581838386532, 0.608584469170321, 0.0 ], [ 116.725667442356382, 0.608556945641145, 0.0 ], [ 116.725702667485393, 0.608543965459023, 0.0 ], [ 116.725716209921998, 0.608534857231328, 0.0 ], [ 116.725729453731461, 0.608531749261654, 0.0 ], [ 116.725816247485, 0.608488666416765, 0.0 ], [ 116.725828869851995, 0.608479561857921, 0.0 ], [ 116.7258688791092, 0.608457916140776, 0.0 ], [ 116.726157063197206, 0.608262142908879, 0.0 ], [ 116.726621427102458, 0.607949361598832, 0.0 ], [ 116.726618819171932, 0.608180278788662, 0.0 ], [ 116.726609077110908, 0.608327265082533, 0.0 ], [ 116.726589871612418, 0.608450593703295, 0.0 ], [ 116.726541524965228, 0.608656288840467, 0.0 ], [ 116.726541223263752, 0.608658890939281, 0.0 ], [ 116.726540156478535, 0.608662293377291, 0.0 ], [ 116.726494802357919, 0.608867701925673, 0.0 ], [ 116.72647408008298, 0.608874654329156, 0.0 ], [ 116.726472101122027, 0.608875885427006, 0.0 ], [ 116.726468895769585, 0.608876429090631, 0.0 ], [ 116.726410637351378, 0.608896772362031, 0.0 ], [ 116.726400173966596, 0.608903370585637, 0.0 ], [ 116.726385958751791, 0.608906216306276, 0.0 ], [ 116.726326898978513, 0.60893613974495, 0.0 ], [ 116.72593810848474, 0.609170707405877, 0.0 ], [ 116.725933582062495, 0.609174263128913, 0.0 ], [ 116.725926189642237, 0.609178155356868, 0.0 ], [ 116.725557053612832, 0.609416939471126, 0.0 ], [ 116.725369386843965, 0.609276786432259, 0.0 ], [ 116.724995381859685, 0.608947600501704, 0.0 ], [ 116.724992500012817, 0.608945799397218, 0.0 ], [ 116.724981762088277, 0.608936083605818, 0.0 ], [ 116.72466358718178, 0.608677671935808, 0.0 ], [ 116.724611708708451, 0.60863472655747, 0.0 ], [ 116.72459611996355, 0.60862530963842, 0.0 ], [ 116.724569926159887, 0.608604019750842, 0.0 ], [ 116.724496215113902, 0.608556141807364, 0.0 ], [ 116.724424572472728, 0.608518330212436, 0.0 ], [ 116.724359209374697, 0.608496805398352, 0.0 ], [ 116.724256962989131, 0.608471665213148, 0.0 ], [ 116.72423249457168, 0.608468700018924, 0.0 ], [ 116.724211350843277, 0.60846293578231, 0.0 ], [ 116.724124558986318, 0.608450962777408, 0.0 ], [ 116.724072027875252, 0.608447354916892, 0.0 ], [ 116.724069410097741, 0.608446812776232, 0.0 ], [ 116.723977863494994, 0.608445611117971, 0.0 ], [ 116.72396287179366, 0.608448510530107, 0.0 ], [ 116.723949303289487, 0.608446150307873, 0.0 ], [ 116.723855377485876, 0.608450933246489, 0.0 ], [ 116.723814880597175, 0.608460117933963, 0.0 ], [ 116.723743372131878, 0.608471159909417, 0.0 ], [ 116.723660146227587, 0.608497486582375, 0.0 ], [ 116.723622912730335, 0.608511107263292, 0.0 ], [ 116.723538154820943, 0.608557757994537, 0.0 ], [ 116.723416879746011, 0.60864272934671, 0.0 ], [ 116.723355850665101, 0.608694130386196, 0.0 ], [ 116.723351018554723, 0.608701409663996, 0.0 ], [ 116.723344528784196, 0.608705948094121, 0.0 ], [ 116.723313078914074, 0.608739990757643, 0.0 ], [ 116.723107916695355, 0.60896206927717, 0.0 ], [ 116.723104959680086, 0.608966703786722, 0.0 ], [ 116.723101465678695, 0.60896920325918, 0.0 ], [ 116.723043204942229, 0.60903502855655, 0.0 ], [ 116.723030241054246, 0.609055831308182, 0.0 ], [ 116.722992676944571, 0.609104415440057, 0.0 ], [ 116.722959383885126, 0.609160666473946, 0.0 ], [ 116.722951597378554, 0.60917628890578, 0.0 ], [ 116.722947779489033, 0.609181505391018, 0.0 ], [ 116.722923998974409, 0.609226985324216, 0.0 ], [ 116.722906490877762, 0.60926455615821, 0.0 ], [ 116.722875544640161, 0.609383232198112, 0.0 ], [ 116.72284699833645, 0.609620211185068, 0.0 ], [ 116.72284699145149, 0.609620325869134, 0.0 ], [ 116.722846978620311, 0.609620375112626, 0.0 ], [ 116.722840724312292, 0.609672455114369, 0.0 ], [ 116.722790778961709, 0.610088376085608, 0.0 ], [ 116.722573624416029, 0.609946368611109, 0.0 ], [ 116.722516219077136, 0.609915957343687, 0.0 ], [ 116.722510325228527, 0.609911892909353, 0.0 ], [ 116.722378357369095, 0.60985323941694, 0.0 ], [ 116.72236364013817, 0.609850113971461, 0.0 ], [ 116.72235158324898, 0.609842360334139, 0.0 ], [ 116.722244581605878, 0.609802857432, 0.0 ], [ 116.722240591787738, 0.609802144068937, 0.0 ], [ 116.722214602509794, 0.609792976950675, 0.0 ], [ 116.722161101924172, 0.609777414803334, 0.0 ], [ 116.722132931442289, 0.60977339909201, 0.0 ], [ 116.722098686614146, 0.609764008529026, 0.0 ], [ 116.722039240663534, 0.609755627736118, 0.0 ], [ 116.721976941366194, 0.60975125590117, 0.0 ], [ 116.72196395797728, 0.609753855012115, 0.0 ], [ 116.721952685672505, 0.609751914137886, 0.0 ], [ 116.721908695264887, 0.609754305738819, 0.0 ], [ 116.721760987588624, 0.609788072398187, 0.0 ], [ 116.721746202646756, 0.609798016276249, 0.0 ], [ 116.721731993178949, 0.609801392245814, 0.0 ], [ 116.721689190787714, 0.609822933201288, 0.0 ], [ 116.721572398152617, 0.609907665042648, 0.0 ], [ 116.721479954290359, 0.610042796176378, 0.0 ], [ 116.721459739859284, 0.610088276281237, 0.0 ], [ 116.721458452414424, 0.610094345443322, 0.0 ], [ 116.721454767753471, 0.610099896151825, 0.0 ], [ 116.721420886488488, 0.610255618373659, 0.0 ], [ 116.721418505287744, 0.610317855718532, 0.0 ], [ 116.721419974826077, 0.610326122611805, 0.0 ], [ 116.721418172358028, 0.610335242309358, 0.0 ], [ 116.72142104354883, 0.610386320860317, 0.0 ], [ 116.721426985837326, 0.610438983992156, 0.0 ], [ 116.721458311031569, 0.610561017820138, 0.0 ], [ 116.721460576201054, 0.610564430920021, 0.0 ], [ 116.721461369900211, 0.610568273547076, 0.0 ], [ 116.721485145262022, 0.610623330591895, 0.0 ], [ 116.721491043019711, 0.610632051724911, 0.0 ], [ 116.721492956610732, 0.610640436757627, 0.0 ], [ 116.721590438781661, 0.610842712712676, 0.0 ], [ 116.721594053468522, 0.610847825755393, 0.0 ], [ 116.721606154478508, 0.610872449767835, 0.0 ], [ 116.721799738860597, 0.611207989740866, 0.0 ], [ 116.721864677673395, 0.611368063900379, 0.0 ], [ 116.721367626646398, 0.611586810518002, 0.0 ], [ 116.721359190649139, 0.611592604746578, 0.0 ], [ 116.721285210548587, 0.611634080018622, 0.0 ], [ 116.721032262902767, 0.611817260759616, 0.0 ], [ 116.72091997947534, 0.611889681888958, 0.0 ], [ 116.720844669097815, 0.611950686448067, 0.0 ], [ 116.720836863387021, 0.61196244524683, 0.0 ], [ 116.720827057309677, 0.611969456052565, 0.0 ], [ 116.720748584130973, 0.61205802036289, 0.0 ], [ 116.720668779872369, 0.612186001718824, 0.0 ], [ 116.720668124816129, 0.612189316008025, 0.0 ], [ 116.720666346681227, 0.61219203685288, 0.0 ], [ 116.720629484650715, 0.612285390211396, 0.0 ], [ 116.720626402466849, 0.612301593305658, 0.0 ], [ 116.720619764095161, 0.61231249194943, 0.0 ], [ 116.720571009986472, 0.612463295275773, 0.0 ], [ 116.72056638163734, 0.612492661712507, 0.0 ], [ 116.720553051277534, 0.612542309355912, 0.0 ], [ 116.720532832325546, 0.612691917234697, 0.0 ], [ 116.720528730511731, 0.612752875068779, 0.0 ], [ 116.720529156888389, 0.61275503351858, 0.0 ], [ 116.720528750287727, 0.612757142668001, 0.0 ], [ 116.720529932712921, 0.612884011545433, 0.0 ], [ 116.720532216480336, 0.612895294198643, 0.0 ], [ 116.720530603237179, 0.612904831834044, 0.0 ], [ 116.720534165988681, 0.612969462467983, 0.0 ], [ 116.720537894834578, 0.61298593593558, 0.0 ], [ 116.720543660836469, 0.613040164249022, 0.0 ], [ 116.720559113215955, 0.613111977170925, 0.0 ], [ 116.720583124400818, 0.613189299879627, 0.0 ], [ 116.720613540030627, 0.61324991086279, 0.0 ], [ 116.720655149638844, 0.613319332176258, 0.0 ], [ 116.720710374058797, 0.613390356701824, 0.0 ], [ 116.720693611146544, 0.613411758544416, 0.0 ], [ 116.720671020017164, 0.613448859904388, 0.0 ], [ 116.720657485247017, 0.613475595040939, 0.0 ], [ 116.720652224118524, 0.613482942426254, 0.0 ], [ 116.720632009903397, 0.613523635646878, 0.0 ], [ 116.720625777009118, 0.613550208803453, 0.0 ], [ 116.720610438053328, 0.613574661793627, 0.0 ], [ 116.720597358025202, 0.613611763652668, 0.0 ], [ 116.720591770475664, 0.613644425567, 0.0 ], [ 116.720574230723869, 0.613713079045902, 0.0 ], [ 116.720570662046327, 0.613745394533817, 0.0 ], [ 116.720567910758191, 0.613795351929484, 0.0 ], [ 116.720571849987266, 0.613855141630705, 0.0 ], [ 116.72057898119337, 0.613909000862226, 0.0 ], [ 116.72060923829136, 0.614022323541, 0.0 ], [ 116.720614545400579, 0.614030320160608, 0.0 ], [ 116.720616389425516, 0.614038774349132, 0.0 ], [ 116.720637787210578, 0.614085453572505, 0.0 ], [ 116.720663603932948, 0.614122729990079, 0.0 ], [ 116.720706207848721, 0.614192160955882, 0.0 ], [ 116.720845304416585, 0.614353745748416, 0.0 ], [ 116.720850301832854, 0.614357373511449, 0.0 ], [ 116.720847223002309, 0.614356756834165, 0.0 ], [ 116.72078137246514, 0.614361636919791, 0.0 ], [ 116.72071716954234, 0.614371208188704, 0.0 ], [ 116.720714082459409, 0.614372067715211, 0.0 ], [ 116.720709149695878, 0.614372478407528, 0.0 ], [ 116.720659213941587, 0.614380853482588, 0.0 ], [ 116.72062063191629, 0.614391974411455, 0.0 ], [ 116.720599042448484, 0.614395290273278, 0.0 ], [ 116.720560996510855, 0.614407257709226, 0.0 ], [ 116.72052307486652, 0.614421095400062, 0.0 ], [ 116.720472096837057, 0.614446257284614, 0.0 ], [ 116.720444025166429, 0.614462402928274, 0.0 ], [ 116.720438814738259, 0.614465399584611, 0.0 ], [ 116.720343996443503, 0.614538294524919, 0.0 ], [ 116.720294624193528, 0.614597293526549, 0.0 ], [ 116.720280356029335, 0.614617639915164, 0.0 ], [ 116.720260910019462, 0.614653157960368, 0.0 ], [ 116.720248788875622, 0.614669805499559, 0.0 ], [ 116.720233331211787, 0.614699726471816, 0.0 ], [ 116.720216854483269, 0.614735312809956, 0.0 ], [ 116.720201958150156, 0.614777235757386, 0.0 ], [ 116.720190066988167, 0.614816731563053, 0.0 ], [ 116.720178626942172, 0.614894419330798, 0.0 ], [ 116.720171174180408, 0.61492826719029, 0.0 ], [ 116.720169419364993, 0.614968846558867, 0.0 ], [ 116.720158789305898, 0.615067959677994, 0.0 ], [ 116.720158563919782, 0.615069269223203, 0.0 ], [ 116.72015461512548, 0.615080051615462, 0.0 ], [ 116.720129469373333, 0.615158088511213, 0.0 ], [ 116.720124406314568, 0.615171523212342, 0.0 ], [ 116.72003078552801, 0.615316143216246, 0.0 ], [ 116.720029866790597, 0.615317897599826, 0.0 ], [ 116.720028816496452, 0.615319211881387, 0.0 ], [ 116.71999308344563, 0.615375397118547, 0.0 ], [ 116.719827868998578, 0.615635177053052, 0.0 ], [ 116.719814922469581, 0.615660143268299, 0.0 ], [ 116.719808089109719, 0.615669507373013, 0.0 ], [ 116.719726045212781, 0.615827490566486, 0.0 ], [ 116.719709123876186, 0.615863935251002, 0.0 ], [ 116.719696070421051, 0.615899886174084, 0.0 ], [ 116.719679422560091, 0.615952547200876, 0.0 ], [ 116.719658261647581, 0.616089705032664, 0.0 ], [ 116.719660409382413, 0.616100577547965, 0.0 ], [ 116.719658724115803, 0.616110246709611, 0.0 ], [ 116.719661099364856, 0.616162909648098, 0.0 ], [ 116.719694833171715, 0.616315480348352, 0.0 ], [ 116.719721382100772, 0.616369515224751, 0.0 ], [ 116.719742780376592, 0.616406618901872, 0.0 ], [ 116.719813632302817, 0.616499345237986, 0.0 ], [ 116.719863628448024, 0.616542772646975, 0.0 ], [ 116.719900484236021, 0.616570302496975, 0.0 ], [ 116.719996265134043, 0.616624942068616, 0.0 ], [ 116.720000264261472, 0.616625743078723, 0.0 ], [ 116.720003524606668, 0.616627895248536, 0.0 ], [ 116.720042758124521, 0.616643456690736, 0.0 ], [ 116.720207458650506, 0.616674946445584, 0.0 ], [ 116.720211485665828, 0.61667414029263, 0.0 ], [ 116.72021534143461, 0.616674877254112, 0.0 ], [ 116.720264687904077, 0.616674008296546, 0.0 ], [ 116.720221252467113, 0.616738586351369, 0.0 ], [ 116.720210551045639, 0.616763720700923, 0.0 ], [ 116.720209999186196, 0.616766426676974, 0.0 ], [ 116.720208426370533, 0.616768796017145, 0.0 ], [ 116.720182478791486, 0.616855558229488, 0.0 ], [ 116.720174153534686, 0.616898645052837, 0.0 ], [ 116.72016588674262, 0.616984991602869, 0.0 ], [ 116.720165883803531, 0.617041244343954, 0.0 ], [ 116.720169351192723, 0.617097355456338, 0.0 ], [ 116.720174105195255, 0.617135656101575, 0.0 ], [ 116.72020483409193, 0.617252657373406, 0.0 ], [ 116.720285101785535, 0.617381184348787, 0.0 ], [ 116.720325522747473, 0.617426666736711, 0.0 ], [ 116.720335084896675, 0.617433493131321, 0.0 ], [ 116.720342655931645, 0.617444900977636, 0.0 ], [ 116.720467198725544, 0.617533457457422, 0.0 ], [ 116.720517132823304, 0.617557398073406, 0.0 ], [ 116.720527856303022, 0.617559837760857, 0.0 ], [ 116.720538367105888, 0.617566908575566, 0.0 ], [ 116.720551609852691, 0.617571529853754, 0.0 ], [ 116.720547980115569, 0.617576644753216, 0.0 ], [ 116.720528159286346, 0.617612608558659, 0.0 ], [ 116.720515238534318, 0.617630328849655, 0.0 ], [ 116.720500969982041, 0.617657855993919, 0.0 ], [ 116.720487076249711, 0.617687810028728, 0.0 ], [ 116.720486336372701, 0.617688910031123, 0.0 ], [ 116.720472067507345, 0.617722421894794, 0.0 ], [ 116.720468562958473, 0.617739605400844, 0.0 ], [ 116.720460453453029, 0.617752644921441, 0.0 ], [ 116.720449751715478, 0.617783763085936, 0.0 ], [ 116.720448710373233, 0.617789994374124, 0.0 ], [ 116.720439991039967, 0.617815977181862, 0.0 ], [ 116.720429288801682, 0.617856669992232, 0.0 ], [ 116.720426851121161, 0.617875522909427, 0.0 ], [ 116.720420440462135, 0.617898052015098, 0.0 ], [ 116.72041449357954, 0.617933958206504, 0.0 ], [ 116.720408375088851, 0.61800832901087, 0.0 ], [ 116.720408374025169, 0.618028676151377, 0.0 ], [ 116.720413823993653, 0.618098939059352, 0.0 ], [ 116.72042591108449, 0.618176352939793, 0.0 ], [ 116.720416519280846, 0.618192109158383, 0.0 ], [ 116.720386688237852, 0.618251728416002, 0.0 ], [ 116.720353350530985, 0.61839661780671, 0.0 ], [ 116.720350970523953, 0.618434917169516, 0.0 ], [ 116.72035569936682, 0.618463490938812, 0.0 ], [ 116.720351005051953, 0.618491953818564, 0.0 ], [ 116.720354569111549, 0.618548206750139, 0.0 ], [ 116.720355488478617, 0.618552192327993, 0.0 ], [ 116.720356487984873, 0.618570102814955, 0.0 ], [ 116.720382631998405, 0.618803494682297, 0.0 ], [ 116.720385886711256, 0.618816195421214, 0.0 ], [ 116.720388114387447, 0.618839411622995, 0.0 ], [ 116.72039762293025, 0.618888483206536, 0.0 ], [ 116.720417288415433, 0.618954188884143, 0.0 ], [ 116.720419024314793, 0.618963640602794, 0.0 ], [ 116.720440422494789, 0.61901989538533, 0.0 ], [ 116.720443660243035, 0.619024919195522, 0.0 ], [ 116.720444904910067, 0.619031220094, 0.0 ], [ 116.720463220478479, 0.619070337555369, 0.0 ], [ 116.720558734518704, 0.61925135256689, 0.0 ], [ 116.720612058975874, 0.619381971876201, 0.0 ], [ 116.720612403028795, 0.619382491815644, 0.0 ], [ 116.720612524900957, 0.619383108771754, 0.0 ], [ 116.720653341074751, 0.619460252654191, 0.0 ], [ 116.720757082818068, 0.619617529707432, 0.0 ], [ 116.720857822160639, 0.619770254082891, 0.0 ], [ 116.72086315242133, 0.619776811990645, 0.0 ], [ 116.720866628904361, 0.619783117724033, 0.0 ], [ 116.72093580456179, 0.619880516283291, 0.0 ], [ 116.721024743333871, 0.620005742348962, 0.0 ], [ 116.721072521844931, 0.620062496703276, 0.0 ], [ 116.72107278959156, 0.620062676821458, 0.0 ], [ 116.721072968042719, 0.620062945298667, 0.0 ], [ 116.721100221186504, 0.6200903064747, 0.0 ], [ 116.721498580664488, 0.620490249017056, 0.0 ], [ 116.721499370529401, 0.620490779569442, 0.0 ], [ 116.72158193848297, 0.620556163377299, 0.0 ], [ 116.721630683298415, 0.620586087749539, 0.0 ], [ 116.721645259206539, 0.620593544632666, 0.0 ], [ 116.72165093965755, 0.620597806963216, 0.0 ], [ 116.721694928779215, 0.620621747267887, 0.0 ], [ 116.721736647162786, 0.620641733688373, 0.0 ], [ 116.721820485643462, 0.620667388304371, 0.0 ], [ 116.721856152628433, 0.620674570952096, 0.0 ], [ 116.72186503359481, 0.620675456645986, 0.0 ], [ 116.721718054107029, 0.620859168738232, 0.0 ], [ 116.721683937121966, 0.620917068596394, 0.0 ], [ 116.721663360452979, 0.620946229485039, 0.0 ], [ 116.721630066565069, 0.621015646851773, 0.0 ], [ 116.721627384999721, 0.621027445063888, 0.0 ], [ 116.721619582892473, 0.621039198397276, 0.0 ], [ 116.721603028750508, 0.621086759288136, 0.0 ], [ 116.721572110860265, 0.621194475367608, 0.0 ], [ 116.721565222728259, 0.621243443472614, 0.0 ], [ 116.721556141946309, 0.621280835696, 0.0 ], [ 116.721541866173439, 0.62144600325329, 0.0 ], [ 116.721540174807515, 0.621485190810655, 0.0 ], [ 116.721541662578701, 0.621521994590819, 0.0 ], [ 116.7215511675534, 0.621639288365922, 0.0 ], [ 116.721553321481338, 0.621648264588716, 0.0 ], [ 116.721555410003532, 0.621674519519, 0.0 ], [ 116.721567296137508, 0.621748726151849, 0.0 ], [ 116.721587377988854, 0.62182003288145, 0.0 ], [ 116.721590167521001, 0.621835523933145, 0.0 ], [ 116.72161156475255, 0.621892974760237, 0.0 ], [ 116.72161557830745, 0.621899250236181, 0.0 ], [ 116.721617159445401, 0.621907254451619, 0.0 ], [ 116.721650234838876, 0.621972246556242, 0.0 ], [ 116.721681144464512, 0.622022517129792, 0.0 ], [ 116.721745470027201, 0.62210428626935, 0.0 ], [ 116.721779852528527, 0.622135505706575, 0.0 ], [ 116.721817897172315, 0.622166626460156, 0.0 ], [ 116.721929291880883, 0.622233474033936, 0.0 ], [ 116.721939714193809, 0.622235561582598, 0.0 ], [ 116.721947685489482, 0.622240672747737, 0.0 ], [ 116.721999996990931, 0.622259825722453, 0.0 ], [ 116.722153563587369, 0.622287069967073, 0.0 ], [ 116.722161947249319, 0.622285391676543, 0.0 ], [ 116.722169602972045, 0.622286782559327, 0.0 ], [ 116.722236182732061, 0.622284392200322, 0.0 ], [ 116.722392107157503, 0.622250254881214, 0.0 ], [ 116.722484448498278, 0.622198172960155, 0.0 ], [ 116.722536763904145, 0.622159875329818, 0.0 ], [ 116.722590210039769, 0.622113905689533, 0.0 ], [ 116.72263383175617, 0.622062919767404, 0.0 ], [ 116.72267425801212, 0.622007866097967, 0.0 ], [ 116.722677938844996, 0.622001313488306, 0.0 ], [ 116.72268448113654, 0.621993355484323, 0.0 ], [ 116.722747396173091, 0.621900226357791, 0.0 ], [ 116.722905902918257, 0.621725111715018, 0.0 ], [ 116.722974188592488, 0.6216632505944, 0.0 ], [ 116.72303916742608, 0.621636372632195, 0.0 ], [ 116.723338859262398, 0.621570803870207, 0.0 ], [ 116.723480099968739, 0.621569055851281, 0.0 ], [ 116.723586800076262, 0.621570553413881, 0.0 ], [ 116.723595569919809, 0.621577988774705, 0.0 ], [ 116.723700403155348, 0.621704971637448, 0.0 ], [ 116.723798162959838, 0.621868426469562, 0.0 ], [ 116.723874815205491, 0.622056878942682, 0.0 ], [ 116.723889532445895, 0.622116894146246, 0.0 ], [ 116.723913053216449, 0.622212812167824, 0.0 ], [ 116.723929622681496, 0.622288819935259, 0.0 ], [ 116.723933723052113, 0.622317723486939, 0.0 ], [ 116.723933322136219, 0.62233182249919, 0.0 ], [ 116.723800284166401, 0.622365796248084, 0.0 ], [ 116.723799408454312, 0.622366088917024, 0.0 ], [ 116.72379888808284, 0.622366155163356, 0.0 ], [ 116.723721801957268, 0.622386105614942, 0.0 ], [ 116.723675671593014, 0.622396657185007, 0.0 ], [ 116.723603295016915, 0.622419838461934, 0.0 ], [ 116.723538734133484, 0.622453134805172, 0.0 ], [ 116.723488797105546, 0.622484250908541, 0.0 ], [ 116.723407570508087, 0.622549006158905, 0.0 ], [ 116.723311161832271, 0.622693328564087, 0.0 ], [ 116.723304717228828, 0.622708734694784, 0.0 ], [ 116.723304694740037, 0.622708846773216, 0.0 ], [ 116.723304629581079, 0.62270894436775, 0.0 ], [ 116.723304539862497, 0.622709159146862, 0.0 ], [ 116.723292136237689, 0.622738811066404, 0.0 ], [ 116.723291874622973, 0.622740114904555, 0.0 ], [ 116.72329112957631, 0.62274123726589, 0.0 ], [ 116.723262418310938, 0.622843791051499, 0.0 ], [ 116.723255281923002, 0.622889271836666, 0.0 ], [ 116.723253732125073, 0.62290914159471, 0.0 ], [ 116.72325180545748, 0.622916936079593, 0.0 ], [ 116.723247046825477, 0.622967203862363, 0.0 ], [ 116.723245020150287, 0.623010094640394, 0.0 ], [ 116.723248218574554, 0.623063994535004, 0.0 ], [ 116.723255349467379, 0.623123838499674, 0.0 ], [ 116.723261747015741, 0.623148442340284, 0.0 ], [ 116.723265562040098, 0.623179652689949, 0.0 ], [ 116.723282203680171, 0.623246678822217, 0.0 ], [ 116.723290600267404, 0.623272289634869, 0.0 ], [ 116.723291845486926, 0.623280016724272, 0.0 ], [ 116.723310865631902, 0.623337467429786, 0.0 ], [ 116.723318540967824, 0.62334997073504, 0.0 ], [ 116.723322009175064, 0.623367527866199, 0.0 ], [ 116.723353728979689, 0.623430300986454, 0.0 ], [ 116.723379882992276, 0.623473389644686, 0.0 ], [ 116.723432520623092, 0.623540698622078, 0.0 ], [ 116.723438877053141, 0.623550500458002, 0.0 ], [ 116.723470745788774, 0.623583980511361, 0.0 ], [ 116.723607677188625, 0.623778074650644, 0.0 ], [ 116.723809957326623, 0.624223923261731, 0.0 ], [ 116.723742325001197, 0.62421063525689, 0.0 ], [ 116.723656271093333, 0.624202258280621, 0.0 ], [ 116.723580179404223, 0.624202254255564, 0.0 ], [ 116.723544349702962, 0.624203692631175, 0.0 ], [ 116.723484902905156, 0.624208476356896, 0.0 ], [ 116.723459572283389, 0.624214614162062, 0.0 ], [ 116.72341174643303, 0.624220538546771, 0.0 ], [ 116.723354677140847, 0.624234897949553, 0.0 ], [ 116.723291699425118, 0.624255822122538, 0.0 ], [ 116.723162177475743, 0.624338299391636, 0.0 ], [ 116.723112239673526, 0.624383777906469, 0.0 ], [ 116.723106103731325, 0.624392539348679, 0.0 ], [ 116.723095974074866, 0.624399352197727, 0.0 ], [ 116.723052352331649, 0.624450338116436, 0.0 ], [ 116.723011926048812, 0.624505391781828, 0.0 ], [ 116.722958131409683, 0.624601156785343, 0.0 ], [ 116.722955078315607, 0.624616603983363, 0.0 ], [ 116.722948116370148, 0.624627843361698, 0.0 ], [ 116.722917199328208, 0.62471880404298, 0.0 ], [ 116.7229134949865, 0.624741217722311, 0.0 ], [ 116.722898431674167, 0.624795127763942, 0.0 ], [ 116.72287940302796, 0.624917207812022, 0.0 ], [ 116.722873971264974, 0.624987306306734, 0.0 ], [ 116.722876437634341, 0.625034659997371, 0.0 ], [ 116.722885943991599, 0.62512562282423, 0.0 ], [ 116.722886118317064, 0.625126313744971, 0.0 ], [ 116.722886223229224, 0.625128222510198, 0.0 ], [ 116.722895729836964, 0.625214397560684, 0.0 ], [ 116.722904461079239, 0.625248588570119, 0.0 ], [ 116.722909620478475, 0.625286415544546, 0.0 ], [ 116.722926262485061, 0.625346260013933, 0.0 ], [ 116.722943822553162, 0.62539740107824, 0.0 ], [ 116.722995558927735, 0.625490359209471, 0.0 ], [ 116.723033602468078, 0.625543024056324, 0.0 ], [ 116.723079267119445, 0.625596827188833, 0.0 ], [ 116.723124678623861, 0.625636784106221, 0.0 ], [ 116.723174611153752, 0.625675086255245, 0.0 ], [ 116.723177342581494, 0.625676667705896, 0.0 ], [ 116.723181592387874, 0.62568033449611, 0.0 ], [ 116.723279081491413, 0.625752151796394, 0.0 ], [ 116.723293617601371, 0.62576038019871, 0.0 ], [ 116.72330745449743, 0.625771427073218, 0.0 ], [ 116.723310332346955, 0.6257732254699, 0.0 ], [ 116.723313984374542, 0.625778326818187, 0.0 ], [ 116.723327037560281, 0.625804215039439, 0.0 ], [ 116.7233603249677, 0.625859272617188, 0.0 ], [ 116.723383768827958, 0.625889304948733, 0.0 ], [ 116.723396376577782, 0.625910518779095, 0.0 ], [ 116.723439175238724, 0.625963183878817, 0.0 ], [ 116.723469214950839, 0.625996602803289, 0.0 ], [ 116.723506248224268, 0.626029973832412, 0.0 ], [ 116.723564117199146, 0.626076582531645, 0.0 ], [ 116.723626753314093, 0.626127965979766, 0.0 ], [ 116.723694113507278, 0.626168452937835, 0.0 ], [ 116.723721089576372, 0.626187450299471, 0.0 ], [ 116.723823335065731, 0.626235330775613, 0.0 ], [ 116.723832314669806, 0.626237330667353, 0.0 ], [ 116.723840881667371, 0.626243093839013, 0.0 ], [ 116.723882526494563, 0.626258089707049, 0.0 ], [ 116.723960994071732, 0.626282030941767, 0.0 ], [ 116.723981340817488, 0.626285067302983, 0.0 ], [ 116.724015385235433, 0.626294970208798, 0.0 ], [ 116.724098610227287, 0.626309337044703, 0.0 ], [ 116.724174534600991, 0.626315844867789, 0.0 ], [ 116.724187153691503, 0.626313318705819, 0.0 ], [ 116.72419815381366, 0.626315220806054, 0.0 ], [ 116.724288512929803, 0.626310437814657, 0.0 ], [ 116.72430093944817, 0.626307606405239, 0.0 ], [ 116.724349754143617, 0.626302926855016, 0.0 ], [ 116.724380630486763, 0.62629695115354, 0.0 ], [ 116.72441775483847, 0.626295084755995, 0.0 ], [ 116.724479013522796, 0.626299292359206, 0.0 ], [ 116.724692918270321, 0.62633038320492, 0.0 ], [ 116.724724787098708, 0.626332688156306, 0.0 ], [ 116.724731834295923, 0.626334308426913, 0.0 ], [ 116.725069489612707, 0.626353475567141, 0.0 ], [ 116.72507058141808, 0.626353288982405, 0.0 ], [ 116.72507200023864, 0.626353610991678, 0.0 ], [ 116.725380394898835, 0.62636937508915, 0.0 ], [ 116.725463056942203, 0.626380990787108, 0.0 ], [ 116.72552515623812, 0.626385334489549, 0.0 ], [ 116.72553295633324, 0.626383773019639, 0.0 ], [ 116.725540124681373, 0.626385084239793, 0.0 ], [ 116.725682796369384, 0.626380304886725, 0.0 ], [ 116.725696343899301, 0.626377355882205, 0.0 ], [ 116.725746062432194, 0.626371777876714, 0.0 ], [ 116.725740313596148, 0.626377098905067, 0.0 ], [ 116.72566278679642, 0.626448040642486, 0.0 ], [ 116.725656930379714, 0.626456424080742, 0.0 ], [ 116.725647311858424, 0.626462893159854, 0.0 ], [ 116.725586570638924, 0.62653891019302, 0.0 ], [ 116.725510472674188, 0.626658593376246, 0.0 ], [ 116.725485706330588, 0.626706359234124, 0.0 ], [ 116.725480455214026, 0.626713960881597, 0.0 ], [ 116.725454453069034, 0.626771064055536, 0.0 ], [ 116.725428136265222, 0.626828858420084, 0.0 ], [ 116.725424695351151, 0.6268447257213, 0.0 ], [ 116.725415884174083, 0.626858499285799, 0.0 ], [ 116.725380210873922, 0.626954247519962, 0.0 ], [ 116.725377564268697, 0.626968935667643, 0.0 ], [ 116.725357708854986, 0.627038715385946, 0.0 ], [ 116.725336301848856, 0.627167976099184, 0.0 ], [ 116.725332214856451, 0.627217657367494, 0.0 ], [ 116.725331344191588, 0.627221672677672, 0.0 ], [ 116.725290580786904, 0.627187014591243, 0.0 ], [ 116.725252158371092, 0.627159562528095, 0.0 ], [ 116.725216875060312, 0.627134352526129, 0.0 ], [ 116.725209343510315, 0.627130161188933, 0.0 ], [ 116.725202013464056, 0.627124177590743, 0.0 ], [ 116.725099768935706, 0.62705714692474, 0.0 ], [ 116.725060401858144, 0.627036262614982, 0.0 ], [ 116.725050288866356, 0.627029024082376, 0.0 ], [ 116.724902865150938, 0.626957204153641, 0.0 ], [ 116.724888929217485, 0.626953987608325, 0.0 ], [ 116.724875287575529, 0.626944901522469, 0.0 ], [ 116.724808242220405, 0.626917663859606, 0.0 ], [ 116.72476247009628, 0.626899068069964, 0.0 ], [ 116.724739747944994, 0.626889836835223, 0.0 ], [ 116.724724388735964, 0.626886834229333, 0.0 ], [ 116.72471370775645, 0.626880188153937, 0.0 ], [ 116.724578171814429, 0.626834699813058, 0.0 ], [ 116.724557944343886, 0.626831394325516, 0.0 ], [ 116.724511303846185, 0.626817867284467, 0.0 ], [ 116.724385278686185, 0.626796316518262, 0.0 ], [ 116.724310048120969, 0.626789927902977, 0.0 ], [ 116.724250601540504, 0.626789924752859, 0.0 ], [ 116.724198095427454, 0.62679302063409, 0.0 ], [ 116.724157670855632, 0.626797806268041, 0.0 ], [ 116.724038212981924, 0.62682913511253, 0.0 ], [ 116.7240358545058, 0.626830721339539, 0.0 ], [ 116.724033161242218, 0.626831277704734, 0.0 ], [ 116.723999871088921, 0.626845638364246, 0.0 ], [ 116.723859135192711, 0.626941547325721, 0.0 ], [ 116.723848359047977, 0.626957780819066, 0.0 ], [ 116.723835698574348, 0.626967022438129, 0.0 ], [ 116.72380716253187, 0.627000533549818, 0.0 ], [ 116.723794729544039, 0.627020915061674, 0.0 ], [ 116.723764912681432, 0.627059033701315, 0.0 ], [ 116.723738753243623, 0.627102119587417, 0.0 ], [ 116.723725422680332, 0.62712849322521, 0.0 ], [ 116.723720261637695, 0.627135700726255, 0.0 ], [ 116.7237036147298, 0.627169211563753, 0.0 ], [ 116.723700258740152, 0.627183518982459, 0.0 ], [ 116.723690376358164, 0.62719840608426, 0.0 ], [ 116.723676622692864, 0.627236591826251, 0.0 ], [ 116.723664731547174, 0.627274891597398, 0.0 ], [ 116.723644270724918, 0.62740981465475, 0.0 ], [ 116.723644269846176, 0.627426570967779, 0.0 ], [ 116.723667325536098, 0.627569631749915, 0.0 ], [ 116.723674458427311, 0.627591175314667, 0.0 ], [ 116.723677889607757, 0.627596764659641, 0.0 ], [ 116.723678466171279, 0.627599683404213, 0.0 ], [ 116.723682562695871, 0.627605855936166, 0.0 ], [ 116.723685599062236, 0.627621226968803, 0.0 ], [ 116.723783000127725, 0.627767988243996, 0.0 ], [ 116.723928777508249, 0.627866055283852, 0.0 ], [ 116.723946325483794, 0.627869570073337, 0.0 ], [ 116.723931506646778, 0.627957183040712, 0.0 ], [ 116.723856818733466, 0.628264696731069, 0.0 ], [ 116.723856389418032, 0.628268283255209, 0.0 ], [ 116.723854830931401, 0.628273239402202, 0.0 ], [ 116.723740981314933, 0.628784805076435, 0.0 ], [ 116.723565755870368, 0.629356264277315, 0.0 ], [ 116.723301214585774, 0.630110084026178, 0.0 ], [ 116.723300575077374, 0.630113838405919, 0.0 ], [ 116.723293818213961, 0.630133102354255, 0.0 ], [ 116.723165009499823, 0.630573889609452, 0.0 ], [ 116.723055442304997, 0.630909420736777, 0.0 ], [ 116.723053317610265, 0.630922774039095, 0.0 ], [ 116.723042473617681, 0.630958139119257, 0.0 ], [ 116.723025824215298, 0.631038328955841, 0.0 ], [ 116.723016319239832, 0.631130853268804, 0.0 ], [ 116.723017724321039, 0.631137966237828, 0.0 ], [ 116.723016524714211, 0.631144555647367, 0.0 ], [ 116.723018898543884, 0.631223549559409, 0.0 ], [ 116.723052889342242, 0.631382959620581, 0.0 ], [ 116.723082718647291, 0.631442589542335, 0.0 ], [ 116.723100551232093, 0.631472512291026, 0.0 ], [ 116.723168122993272, 0.631559643677379, 0.0 ], [ 116.723276985690731, 0.631640300941357, 0.0 ], [ 116.72332454094709, 0.631665437506393, 0.0 ], [ 116.723361455686415, 0.631682847339539, 0.0 ], [ 116.723440847086678, 0.631707582873007, 0.0 ], [ 116.723486026057074, 0.631717159941416, 0.0 ], [ 116.723578595171645, 0.631726867460952, 0.0 ], [ 116.723657064978966, 0.631726871662024, 0.0 ], [ 116.723829029136496, 0.631692447022108, 0.0 ], [ 116.723830478131717, 0.631691472481449, 0.0 ], [ 116.723832153630056, 0.631691130458815, 0.0 ], [ 116.723893979662762, 0.631664802804053, 0.0 ], [ 116.723896534003401, 0.631663070796346, 0.0 ], [ 116.723967862935808, 0.631624779251035, 0.0 ], [ 116.724307689781213, 0.631397126679913, 0.0 ], [ 116.724499081855868, 0.631286182702483, 0.0 ], [ 116.724501853003517, 0.631288027695572, 0.0 ], [ 116.724577752328656, 0.631328638596408, 0.0 ], [ 116.7245809750452, 0.631329284093893, 0.0 ], [ 116.724583622520072, 0.631331038044731, 0.0 ], [ 116.724798814337262, 0.631417224071414, 0.0 ], [ 116.724802102715756, 0.631417858493451, 0.0 ], [ 116.724856782737945, 0.631435971810079, 0.0 ], [ 116.725014756239744, 0.631475403595291, 0.0 ], [ 116.725000198155641, 0.631501421027811, 0.0 ], [ 116.724997568774356, 0.63150686069495, 0.0 ], [ 116.724996222775161, 0.631508680368927, 0.0 ], [ 116.724939148547563, 0.631615199034924, 0.0 ], [ 116.724921227824339, 0.631653153435569, 0.0 ], [ 116.724920679566523, 0.631653973285207, 0.0 ], [ 116.724852902295467, 0.631815547195117, 0.0 ], [ 116.72485259522044, 0.631817073646966, 0.0 ], [ 116.72485172063918, 0.631818391140482, 0.0 ], [ 116.724837770652144, 0.631857210776862, 0.0 ], [ 116.724766422704789, 0.632088202735086, 0.0 ], [ 116.724765384517639, 0.632095082592158, 0.0 ], [ 116.724759581145378, 0.63211277728371, 0.0 ], [ 116.724741323113761, 0.632186279129872, 0.0 ], [ 116.724716704258427, 0.632254952888706, 0.0 ], [ 116.724616152690217, 0.632455367910702, 0.0 ], [ 116.724567899992053, 0.632536568918835, 0.0 ], [ 116.724516200848072, 0.632597281400475, 0.0 ], [ 116.724305296585271, 0.632795683118155, 0.0 ], [ 116.723989123910258, 0.633012178245591, 0.0 ], [ 116.723951822826962, 0.633036360212252, 0.0 ], [ 116.723848301918139, 0.632806067701864, 0.0 ], [ 116.723814417549562, 0.632726464828787, 0.0 ], [ 116.723719143906607, 0.63258478682577, 0.0 ], [ 116.7237127521812, 0.632580486998594, 0.0 ], [ 116.723708734097571, 0.632574639037552, 0.0 ], [ 116.723632646085036, 0.632502822835741, 0.0 ], [ 116.723598589130887, 0.632480703342364, 0.0 ], [ 116.723526272859388, 0.632428227079382, 0.0 ], [ 116.723457316916807, 0.632393514716525, 0.0 ], [ 116.723443107184792, 0.632390137090031, 0.0 ], [ 116.723428322488402, 0.632380191160404, 0.0 ], [ 116.723337120841791, 0.632353117915357, 0.0 ], [ 116.723213472750018, 0.632330370247419, 0.0 ], [ 116.723156321302, 0.632325154771393, 0.0 ], [ 116.723147561521984, 0.63232324822442, 0.0 ], [ 116.723003701201222, 0.632318452723312, 0.0 ], [ 116.722996587897939, 0.632319754085958, 0.0 ], [ 116.722988853545814, 0.632318204923061, 0.0 ], [ 116.722938614096776, 0.632321038296637, 0.0 ], [ 116.722843499446867, 0.632331805682283, 0.0 ], [ 116.722803618380851, 0.632342156017894, 0.0 ], [ 116.722765791631218, 0.632347689683369, 0.0 ], [ 116.722645707450312, 0.632383588832812, 0.0 ], [ 116.722601690541168, 0.632399296054627, 0.0 ], [ 116.722558474327116, 0.632420095471146, 0.0 ], [ 116.722466923695166, 0.632470359478431, 0.0 ], [ 116.722420190864568, 0.63250555639578, 0.0 ], [ 116.722387458919556, 0.632525933141292, 0.0 ], [ 116.722297095762215, 0.63260492205446, 0.0 ], [ 116.722288629218781, 0.63261675387868, 0.0 ], [ 116.722273988904476, 0.632626600402904, 0.0 ], [ 116.722178528082864, 0.632768673028341, 0.0 ], [ 116.722115506533569, 0.632917081635227, 0.0 ], [ 116.722114998473316, 0.632919578880065, 0.0 ], [ 116.722113550704194, 0.632921759834169, 0.0 ], [ 116.72208419080269, 0.633028578165125, 0.0 ], [ 116.722065161642846, 0.633157838943928, 0.0 ], [ 116.722060306888409, 0.633224129357623, 0.0 ], [ 116.722062454360284, 0.633235000561029, 0.0 ], [ 116.722060769232513, 0.633244668690294, 0.0 ], [ 116.722067893947127, 0.633402655725616, 0.0 ], [ 116.722070626740802, 0.633415015726068, 0.0 ], [ 116.722075945250268, 0.633469778770945, 0.0 ], [ 116.72209496326343, 0.633566726829878, 0.0 ], [ 116.722101145145302, 0.633587294945211, 0.0 ], [ 116.722102939079818, 0.633600507020964, 0.0 ], [ 116.722123147373182, 0.63367351717011, 0.0 ], [ 116.722140854132107, 0.633725187038073, 0.0 ], [ 116.722235185382573, 0.633868827591382, 0.0 ], [ 116.722295817722824, 0.633931068332556, 0.0 ], [ 116.722297637283887, 0.633932305289425, 0.0 ], [ 116.722298887520012, 0.633934189111818, 0.0 ], [ 116.722368589071138, 0.633991527687918, 0.0 ], [ 116.72245300003523, 0.634047784992314, 0.0 ], [ 116.72251885902088, 0.634083043751492, 0.0 ], [ 116.722523219096644, 0.634086021987865, 0.0 ], [ 116.722669454347965, 0.63414946338502, 0.0 ], [ 116.722684150817287, 0.634152516007369, 0.0 ], [ 116.722695684626416, 0.634159873271053, 0.0 ], [ 116.723279034940234, 0.634370347837689, 0.0 ], [ 116.723278932178701, 0.634372362847163, 0.0 ], [ 116.72327467562252, 0.6344126216171, 0.0 ], [ 116.723268291338869, 0.634429145444002, 0.0 ], [ 116.723242254637427, 0.634445659932739, 0.0 ], [ 116.723173104862553, 0.634477296829773, 0.0 ], [ 116.722928365909652, 0.634560350511294, 0.0 ], [ 116.722706919198785, 0.634587089550134, 0.0 ], [ 116.722685147829026, 0.634592826352061, 0.0 ], [ 116.722655703099306, 0.634596328001717, 0.0 ], [ 116.722482116905525, 0.634638208956231, 0.0 ], [ 116.722414908191737, 0.634660175688134, 0.0 ], [ 116.722412223111135, 0.634661981570867, 0.0 ], [ 116.722409170628794, 0.634662614798358, 0.0 ], [ 116.722323564776687, 0.634699712722304, 0.0 ], [ 116.722317983666116, 0.63470352294235, 0.0 ], [ 116.722243568518934, 0.634744609454037, 0.0 ], [ 116.722184119623051, 0.634786497468773, 0.0 ], [ 116.722124065513697, 0.634837213017791, 0.0 ], [ 116.72211580411944, 0.63484965817294, 0.0 ], [ 116.722105531497249, 0.63485702652207, 0.0 ], [ 116.722059161080665, 0.634909685928144, 0.0 ], [ 116.722018871675473, 0.634974519251832, 0.0 ], [ 116.721987991971361, 0.635018955104283, 0.0 ], [ 116.721964210017845, 0.635070418787134, 0.0 ], [ 116.721962222872705, 0.635079460442887, 0.0 ], [ 116.721956496418017, 0.635088086905428, 0.0 ], [ 116.721926964261414, 0.635196085818013, 0.0 ], [ 116.721917449600426, 0.635261913600493, 0.0 ], [ 116.721914470425901, 0.635303338367975, 0.0 ], [ 116.721913100017474, 0.635309636832523, 0.0 ], [ 116.721910718679524, 0.635371874169027, 0.0 ], [ 116.721912188208506, 0.635380141064934, 0.0 ], [ 116.721910385713358, 0.635389260758525, 0.0 ], [ 116.721916332729407, 0.63546263675795, 0.0 ], [ 116.721930595221565, 0.635550009010182, 0.0 ], [ 116.721950674276599, 0.635620900032259, 0.0 ], [ 116.72195335095337, 0.635635737316519, 0.0 ], [ 116.722018913371471, 0.635811427474262, 0.0 ], [ 116.721991828501515, 0.635845299769975, 0.0 ], [ 116.721965066742868, 0.635890730761847, 0.0 ], [ 116.721941931674493, 0.635922711407606, 0.0 ], [ 116.721916961734053, 0.635971782040475, 0.0 ], [ 116.721901756743989, 0.636004887804269, 0.0 ], [ 116.721879406559452, 0.636074758640075, 0.0 ], [ 116.721749783243226, 0.636631296146266, 0.0 ], [ 116.721737918693293, 0.636734534038235, 0.0 ], [ 116.721740263096763, 0.63674640218895, 0.0 ], [ 116.721738464268086, 0.636756842672766, 0.0 ], [ 116.72174321419314, 0.63685378995934, 0.0 ], [ 116.721744711574601, 0.636860500412637, 0.0 ], [ 116.721743931764124, 0.636865399780005, 0.0 ], [ 116.721755813282954, 0.637024584013579, 0.0 ], [ 116.721757836620625, 0.637033135804701, 0.0 ], [ 116.721759974770848, 0.637060766496319, 0.0 ], [ 116.721798007157119, 0.637304929741046, 0.0 ], [ 116.721810573897983, 0.637349922763721, 0.0 ], [ 116.721814307184729, 0.637373805250045, 0.0 ], [ 116.721863045565755, 0.637525810729805, 0.0 ], [ 116.721875517086517, 0.63755994672614, 0.0 ], [ 116.721894095109477, 0.63759956083166, 0.0 ], [ 116.721980878338684, 0.637763536915983, 0.0 ], [ 116.721995492564943, 0.637783402607936, 0.0 ], [ 116.722014639450023, 0.63781771341385, 0.0 ], [ 116.72208240327889, 0.637911073296696, 0.0 ], [ 116.722127465211926, 0.637964044057985, 0.0 ], [ 116.722129586476896, 0.637965471071655, 0.0 ], [ 116.72213097593847, 0.637967539974392, 0.0 ], [ 116.722185663723366, 0.638021401805755, 0.0 ], [ 116.722191497889199, 0.638025280043634, 0.0 ], [ 116.722267261848117, 0.638085066191441, 0.0 ], [ 116.722453918893663, 0.638198779676185, 0.0 ], [ 116.722514587578942, 0.638229686567226, 0.0 ], [ 116.722523927184298, 0.638231557260163, 0.0 ], [ 116.722531148408166, 0.638236209704181, 0.0 ], [ 116.722947267067866, 0.638390628111621, 0.0 ], [ 116.722948548309091, 0.638390858306742, 0.0 ], [ 116.722949434639901, 0.638391426121805, 0.0 ], [ 116.723070702796704, 0.638435716912495, 0.0 ], [ 116.723099812615743, 0.638440869331195, 0.0 ], [ 116.723172781378338, 0.638459895550459, 0.0 ], [ 116.723271200369368, 0.63847125329561, 0.0 ], [ 116.723515192173792, 0.638499410517646, 0.0 ], [ 116.723542849209295, 0.638501001902335, 0.0 ], [ 116.723547035469778, 0.638501934979162, 0.0 ], [ 116.723651699720762, 0.63850647267178, 0.0 ], [ 116.72365580491352, 0.638511329757186, 0.0 ], [ 116.723652847232316, 0.638523567702637, 0.0 ], [ 116.723648719558653, 0.638558216043652, 0.0 ], [ 116.723642716669289, 0.638581857408849, 0.0 ], [ 116.723637958279795, 0.638626141368228, 0.0 ], [ 116.723635352246191, 0.638674764640322, 0.0 ], [ 116.723642740802802, 0.638756482768696, 0.0 ], [ 116.723653437826925, 0.638815129989592, 0.0 ], [ 116.723680245506117, 0.638906524322414, 0.0 ], [ 116.723687718299516, 0.638917784122721, 0.0 ], [ 116.723690290208339, 0.638929164004757, 0.0 ], [ 116.723718821363164, 0.638989009135551, 0.0 ], [ 116.723735422891991, 0.63901259766293, 0.0 ], [ 116.723768647463544, 0.639070238551387, 0.0 ], [ 116.723891099418196, 0.639229429698788, 0.0 ], [ 116.723928629755861, 0.639272321963182, 0.0 ], [ 116.723930902916564, 0.639273851158219, 0.0 ], [ 116.723932389735651, 0.639276063174709, 0.0 ], [ 116.723983510728445, 0.639326333975406, 0.0 ], [ 116.723985023401141, 0.639327338670065, 0.0 ], [ 116.724017175505551, 0.639356278727824, 0.0 ], [ 116.724130663642697, 0.639447475291564, 0.0 ], [ 116.724467859138045, 0.639773544880332, 0.0 ], [ 116.724517284317358, 0.639851955580622, 0.0 ], [ 116.724517881346912, 0.639852705851921, 0.0 ], [ 116.724518431574808, 0.639853766135366, 0.0 ], [ 116.724574027355501, 0.639941047487819, 0.0 ], [ 116.724632436194923, 0.640062648293467, 0.0 ], [ 116.724634214266871, 0.640065166869473, 0.0 ], [ 116.72463472075961, 0.640067335298288, 0.0 ], [ 116.724771890871963, 0.640344694195335, 0.0 ], [ 116.724841021340353, 0.640506068088574, 0.0 ], [ 116.72480164570743, 0.640461254166912, 0.0 ], [ 116.724800846429787, 0.640460680137208, 0.0 ], [ 116.72480014206883, 0.640459551515921, 0.0 ], [ 116.724750209485222, 0.640403296058533, 0.0 ], [ 116.724740551845244, 0.640396396951465, 0.0 ], [ 116.724732889484073, 0.640384851520998, 0.0 ], [ 116.724626617608777, 0.64030557460257, 0.0 ], [ 116.72457311743851, 0.640276845953484, 0.0 ], [ 116.724546627243114, 0.640264246340774, 0.0 ], [ 116.724544469974603, 0.640262753427081, 0.0 ], [ 116.724402990563348, 0.640199312256613, 0.0 ], [ 116.724397306461512, 0.640198095312238, 0.0 ], [ 116.72439213224942, 0.640194614528622, 0.0 ], [ 116.724346965776121, 0.640178559964472, 0.0 ], [ 116.724286330994929, 0.64016060342549, 0.0 ], [ 116.724280764528572, 0.640159796138299, 0.0 ], [ 116.724268521766604, 0.640155727072795, 0.0 ], [ 116.724201941890158, 0.640138967155088, 0.0 ], [ 116.724199514101173, 0.640138666152189, 0.0 ], [ 116.724195876914408, 0.640137485413083, 0.0 ], [ 116.72418048393456, 0.640133838490304, 0.0 ], [ 116.724122555648577, 0.640106578867235, 0.0 ], [ 116.723841599357399, 0.639958188188449, 0.0 ], [ 116.723804812537338, 0.639940845947691, 0.0 ], [ 116.723791712709684, 0.639938222096366, 0.0 ], [ 116.72378196083983, 0.639932041698277, 0.0 ], [ 116.723308996926917, 0.639764532760283, 0.0 ], [ 116.722927775595707, 0.639629062376588, 0.0 ], [ 116.722859004100471, 0.639603673724996, 0.0 ], [ 116.722837284094481, 0.639599790315532, 0.0 ], [ 116.722766128209244, 0.639580319784983, 0.0 ], [ 116.722680524894017, 0.639568346594538, 0.0 ], [ 116.722618708818374, 0.639564042514546, 0.0 ], [ 116.722611294063199, 0.639565526827821, 0.0 ], [ 116.722604451153501, 0.639564269495612, 0.0 ], [ 116.722535590251496, 0.639566466893436, 0.0 ], [ 116.722529530643612, 0.639566659865884, 0.0 ], [ 116.722524430282633, 0.63956776594457, 0.0 ], [ 116.72248259466096, 0.63957064549272, 0.0 ], [ 116.722387479745819, 0.639583805793507, 0.0 ], [ 116.722380717529177, 0.63958565039255, 0.0 ], [ 116.722369698889324, 0.639586632370207, 0.0 ], [ 116.722303117492118, 0.639598597279297, 0.0 ], [ 116.722284281572996, 0.639604145338181, 0.0 ], [ 116.722269034291813, 0.639606107249379, 0.0 ], [ 116.722209586739282, 0.639621663377406, 0.0 ], [ 116.722181666788856, 0.639631086189605, 0.0 ], [ 116.722175034152656, 0.63963221389537, 0.0 ], [ 116.722120342431495, 0.639651361113056, 0.0 ], [ 116.722110011321689, 0.639657881673255, 0.0 ], [ 116.72209600577257, 0.639660685354638, 0.0 ], [ 116.722016561266273, 0.639703669241993, 0.0 ], [ 116.72196900197423, 0.639735982324477, 0.0 ], [ 116.721927734422394, 0.639770235785755, 0.0 ], [ 116.721917477374816, 0.639776798735229, 0.0 ], [ 116.721767665062075, 0.639914430060555, 0.0 ], [ 116.721762720828181, 0.639921522536825, 0.0 ], [ 116.721754514164658, 0.639927010785721, 0.0 ], [ 116.721526226183329, 0.640154404080957, 0.0 ], [ 116.72151790872212, 0.640166862940712, 0.0 ], [ 116.721507318285234, 0.640174424477959, 0.0 ], [ 116.721416953709905, 0.640276153431875, 0.0 ], [ 116.721407781356135, 0.640290842611053, 0.0 ], [ 116.721373559665395, 0.640333650951748, 0.0 ], [ 116.721324808966671, 0.640410248166895, 0.0 ], [ 116.721311077934232, 0.640436716127609, 0.0 ], [ 116.721304152212113, 0.640446244944881, 0.0 ], [ 116.721269670104121, 0.640513267389273, 0.0 ], [ 116.721253543785778, 0.640548173719502, 0.0 ], [ 116.721252039088611, 0.640555786677706, 0.0 ], [ 116.721248199478268, 0.640561778253815, 0.0 ], [ 116.721217282648155, 0.640644361161781, 0.0 ], [ 116.721216040192431, 0.640651225490592, 0.0 ], [ 116.721200637487541, 0.64069909055477, 0.0 ], [ 116.721188745605488, 0.640749357925281, 0.0 ], [ 116.721176520227942, 0.640854132696806, 0.0 ], [ 116.721180076685769, 0.640872136698081, 0.0 ], [ 116.721177701834264, 0.64088694061524, 0.0 ], [ 116.721182453401667, 0.64095276916752, 0.0 ], [ 116.721194859054108, 0.641005490488647, 0.0 ], [ 116.721203690906464, 0.641061085342266, 0.0 ], [ 116.721220851520698, 0.641113704877783, 0.0 ], [ 116.721229846477399, 0.641141285657708, 0.0 ], [ 116.721237912005961, 0.64115449051097, 0.0 ], [ 116.721241620830497, 0.641173265842272, 0.0 ], [ 116.721277663479441, 0.641243017530179, 0.0 ], [ 116.721302628682338, 0.641282515330983, 0.0 ], [ 116.721363987096652, 0.641359525039335, 0.0 ], [ 116.721509764671325, 0.641457592290331, 0.0 ], [ 116.721513602252955, 0.641458360947179, 0.0 ], [ 116.721516735865578, 0.641460431014953, 0.0 ], [ 116.721561914449268, 0.641478386742579, 0.0 ], [ 116.721565084840478, 0.641478994046117, 0.0 ], [ 116.72161214194999, 0.641494983664768, 0.0 ], [ 116.721675154799556, 0.641511743424262, 0.0 ], [ 116.721739051519947, 0.641520099291877, 0.0 ], [ 116.721764995427634, 0.641526053442851, 0.0 ], [ 116.72182919709752, 0.641529646883501, 0.0 ], [ 116.721840752873007, 0.641527667362944, 0.0 ], [ 116.721854118547355, 0.641530344468221, 0.0 ], [ 116.721921074291558, 0.641525298402805, 0.0 ], [ 116.722007867094504, 0.641512137671666, 0.0 ], [ 116.722078372633746, 0.641492412292008, 0.0 ], [ 116.722096844676074, 0.641489083505799, 0.0 ], [ 116.7222157405389, 0.641444805792314, 0.0 ], [ 116.722222726185791, 0.64144029996232, 0.0 ], [ 116.722223141970673, 0.641442979987062, 0.0 ], [ 116.722227790704252, 0.641459643572838, 0.0 ], [ 116.722229850776401, 0.641477406611758, 0.0 ], [ 116.722238409123406, 0.641513792184653, 0.0 ], [ 116.72224364574889, 0.641530104458329, 0.0 ], [ 116.722210107475505, 0.641601839624795, 0.0 ], [ 116.722207422497391, 0.64161392817453, 0.0 ], [ 116.722199906625164, 0.641625368978096, 0.0 ], [ 116.722186001687589, 0.641660098558463, 0.0 ], [ 116.722160712395052, 0.6416900326623, 0.0 ], [ 116.722143590485928, 0.641713968795551, 0.0 ], [ 116.722109060040083, 0.641776344442498, 0.0 ], [ 116.722099754460487, 0.641789815631897, 0.0 ], [ 116.72208929121966, 0.641812794935424, 0.0 ], [ 116.72208757327229, 0.641820717266652, 0.0 ], [ 116.722082637312582, 0.641828152890838, 0.0 ], [ 116.722055425172684, 0.641921736955665, 0.0 ], [ 116.72204591022377, 0.64197535644637, 0.0 ], [ 116.722041320365037, 0.642027480151523, 0.0 ], [ 116.722039263461795, 0.642036904300665, 0.0 ], [ 116.722026525670415, 0.642358880982574, 0.0 ], [ 116.722025929565689, 0.64237394872408, 0.0 ], [ 116.722027440004155, 0.64238247753628, 0.0 ], [ 116.722025573874816, 0.642391919142877, 0.0 ], [ 116.722032328947805, 0.642470084653822, 0.0 ], [ 116.722041837154961, 0.642524662379024, 0.0 ], [ 116.722053058222031, 0.642563487609809, 0.0 ], [ 116.722056089731439, 0.642583217013045, 0.0 ], [ 116.72206845220289, 0.642622475279158, 0.0 ], [ 116.722081640700992, 0.642658867590728, 0.0 ], [ 116.72211066276202, 0.642717137615144, 0.0 ], [ 116.722134439828864, 0.642757353699461, 0.0 ], [ 116.722142780027824, 0.642768147002512, 0.0 ], [ 116.722150912115822, 0.642783178990249, 0.0 ], [ 116.722195612742738, 0.642848291387901, 0.0 ], [ 116.722216087300808, 0.642873009952007, 0.0 ], [ 116.72222254261456, 0.642883657811805, 0.0 ], [ 116.722315668862819, 0.642994222367147, 0.0 ], [ 116.72233099340518, 0.643014499607237, 0.0 ], [ 116.722331059669088, 0.64301460338397, 0.0 ], [ 116.722333194563745, 0.643019171048555, 0.0 ], [ 116.722426438850817, 0.643272206107368, 0.0 ], [ 116.722429685788171, 0.643277302393245, 0.0 ], [ 116.722430980055051, 0.643284019547922, 0.0 ], [ 116.722457662147733, 0.643350643213659, 0.0 ], [ 116.72244987774242, 0.643388576189753, 0.0 ], [ 116.722419401879918, 0.64350688706885, 0.0 ], [ 116.722417226135562, 0.643524055695889, 0.0 ], [ 116.722411429771029, 0.643544274684394, 0.0 ], [ 116.722401507767685, 0.643602755664791, 0.0 ], [ 116.72239810787282, 0.643622795971079, 0.0 ], [ 116.722394494276358, 0.643665691974056, 0.0 ], [ 116.722392301186787, 0.643675456757557, 0.0 ], [ 116.722388492916451, 0.643749183953201, 0.0 ], [ 116.722390362295556, 0.643760124121042, 0.0 ], [ 116.722387886650139, 0.643772649546519, 0.0 ], [ 116.722391723351336, 0.643831660542981, 0.0 ], [ 116.722401230574562, 0.643904430370158, 0.0 ], [ 116.722403871941083, 0.643914357552933, 0.0 ], [ 116.72240536932884, 0.643930292428078, 0.0 ], [ 116.722421534499105, 0.644015510656724, 0.0 ], [ 116.722447755193798, 0.644103750065132, 0.0 ], [ 116.722468772855322, 0.644147911062269, 0.0 ], [ 116.72249064643681, 0.644188127044367, 0.0 ], [ 116.722567029902677, 0.644290727458449, 0.0 ], [ 116.722653577971215, 0.644358760843932, 0.0 ], [ 116.722682111418536, 0.644375997315293, 0.0 ], [ 116.72274134102102, 0.644406031191308, 0.0 ], [ 116.722827706118153, 0.644432187132848, 0.0 ], [ 116.722891432827566, 0.644444638659549, 0.0 ], [ 116.722938163257368, 0.644449163061674, 0.0 ], [ 116.722951249134226, 0.644452179535239, 0.0 ], [ 116.723033998579268, 0.644456970936616, 0.0 ], [ 116.72304591714439, 0.644454941073831, 0.0 ], [ 116.723059778062961, 0.644457717374602, 0.0 ], [ 116.723095408312446, 0.644456295079836, 0.0 ] ], [ [ 116.730677681403691, 0.597107715349928, 0.0 ], [ 116.730837627089045, 0.597089050353947, 0.0 ], [ 116.730816853431449, 0.597130567829544, 0.0 ], [ 116.730816416526338, 0.597132778416488, 0.0 ], [ 116.730815211546542, 0.597134612774365, 0.0 ], [ 116.730803707553349, 0.597163349589783, 0.0 ], [ 116.730677681403691, 0.597107715349928, 0.0 ] ], [ [ 116.730303677176238, 0.595879912034219, 0.0 ], [ 116.730210942874507, 0.595836820159511, 0.0 ], [ 116.730202543420489, 0.59583496257269, 0.0 ], [ 116.730194598748923, 0.595829618062978, 0.0 ], [ 116.730122236417458, 0.595806569774487, 0.0 ], [ 116.730153934979271, 0.595810619672455, 0.0 ], [ 116.730154497053277, 0.595810655448982, 0.0 ], [ 116.730154751705186, 0.595810723254413, 0.0 ], [ 116.730338583401618, 0.595833865713009, 0.0 ], [ 116.730627450400661, 0.595904502604472, 0.0 ], [ 116.731022633576401, 0.59603894278813, 0.0 ], [ 116.730957281504928, 0.59604240234645, 0.0 ], [ 116.730946982918709, 0.596044748956134, 0.0 ], [ 116.730903251216034, 0.596048579302456, 0.0 ], [ 116.730659859158862, 0.596091553009891, 0.0 ], [ 116.730613353990421, 0.596093834117815, 0.0 ], [ 116.730564175702241, 0.596091191405279, 0.0 ], [ 116.730547241696271, 0.596071319141973, 0.0 ], [ 116.730533449289439, 0.596062040766718, 0.0 ], [ 116.73052540299193, 0.596050749288651, 0.0 ], [ 116.730411271322552, 0.595950206622276, 0.0 ], [ 116.730343002342153, 0.595907519085438, 0.0 ], [ 116.730303677176238, 0.595879912034219, 0.0 ] ], [ [ 116.729452765578245, 0.595768083853106, 0.0 ], [ 116.729118116214352, 0.595873944062647, 0.0 ], [ 116.729066554423994, 0.595689352622816, 0.0 ], [ 116.729062907413777, 0.595678751176187, 0.0 ], [ 116.729062371989272, 0.595675262515309, 0.0 ], [ 116.729017199808325, 0.595531635947458, 0.0 ], [ 116.729010448452883, 0.595512996009674, 0.0 ], [ 116.729045737517353, 0.595531378531933, 0.0 ], [ 116.729080267389094, 0.595547536877909, 0.0 ], [ 116.72909015449973, 0.595549517201221, 0.0 ], [ 116.729097757218199, 0.595554403546401, 0.0 ], [ 116.729364071612679, 0.595652559861299, 0.0 ], [ 116.729371053765192, 0.5956538063041, 0.0 ], [ 116.729410210326165, 0.595666787741175, 0.0 ], [ 116.729695201792126, 0.595738070277415, 0.0 ], [ 116.729667447588625, 0.595739207477571, 0.0 ], [ 116.729550932585042, 0.595748777281327, 0.0 ], [ 116.729504205344028, 0.59576014063485, 0.0 ], [ 116.729452765578245, 0.595768083853106, 0.0 ] ] ] ] } },
{ "type": "Feature", "properties": { "Toponim": "Kelinjau Hilir", "subws_id": 16, "prioritas": 2, "Kls_pr": "Prioritas Dipulihkan" }, "geometry": { "type": "MultiPolygon", "coordinates": [ [ [ [ 116.670003739252408, 0.436058020368222, 0.0 ], [ 116.670155944027883, 0.435445232358213, 0.0 ], [ 116.669395071527774, 0.435081351138054, 0.0 ], [ 116.668824383766491, 0.435560072586063, 0.0 ], [ 116.668367845018039, 0.435674953024106, 0.0 ], [ 116.667949362395305, 0.435521733614592, 0.0 ], [ 116.667702073892883, 0.435540873854403, 0.0 ], [ 116.667702041157639, 0.436287718065625, 0.0 ], [ 116.668405852737322, 0.436525442030118, 0.0 ], [ 116.668862356691847, 0.437206962631243, 0.0 ], [ 116.669394995528847, 0.436823989587782, 0.0 ], [ 116.669729360000062, 0.436268657260934, 0.0 ], [ 116.670003739252408, 0.436058020368222, 0.0 ] ] ], [ [ [ 116.592481287999263, 0.450184011044449, 0.0 ], [ 116.592379066573727, 0.449496743120603, 0.0 ], [ 116.596349175548468, 0.450518131590869, 0.0 ], [ 116.595065269261738, 0.448974115933324, 0.0 ], [ 116.594708691938749, 0.447394246490207, 0.0 ], [ 116.595101106912608, 0.445850324336101, 0.0 ], [ 116.597098515263525, 0.444198773239956, 0.0 ], [ 116.59809723851842, 0.443013940307814, 0.0 ], [ 116.598525316366761, 0.441505924722302, 0.0 ], [ 116.59859671069357, 0.440356946533854, 0.0 ], [ 116.598454104611292, 0.439243862439455, 0.0 ], [ 116.598275805257771, 0.438633456090475, 0.0 ], [ 116.598275835868805, 0.438058965076164, 0.0 ], [ 116.598382801361936, 0.437431015029412, 0.0 ], [ 116.599400875501658, 0.437133136673744, 0.0 ], [ 116.599224574940763, 0.437807676367082, 0.0 ], [ 116.599866545076821, 0.438274484924154, 0.0 ], [ 116.600437193958768, 0.438525855477226, 0.0 ], [ 116.601507212299637, 0.438023233057275, 0.0 ], [ 116.602791219535945, 0.437700150301578, 0.0 ], [ 116.603055693966667, 0.437202753994619, 0.0 ], [ 116.604411885859292, 0.437225966700932, 0.0 ], [ 116.605538229455632, 0.436948338485593, 0.0 ], [ 116.606098607195207, 0.437330100568702, 0.0 ], [ 116.606187754498819, 0.437689162509724, 0.0 ], [ 116.607495537006571, 0.437419938555951, 0.0 ], [ 116.609457256501898, 0.436133419327414, 0.0 ], [ 116.609665435108752, 0.433709792851518, 0.0 ], [ 116.609992441411208, 0.432453108919814, 0.0 ], [ 116.610158124155859, 0.431524099091091, 0.0 ], [ 116.610456592930959, 0.429984347876202, 0.0 ], [ 116.610587040992897, 0.42931138715488, 0.0 ], [ 116.610943741171923, 0.428593290543154, 0.0 ], [ 116.612756757249727, 0.42910204786005, 0.0 ], [ 116.613802241737901, 0.429506916881144, 0.0 ], [ 116.613901187621892, 0.429905440393821, 0.0 ], [ 116.613689237441619, 0.431121300634977, 0.0 ], [ 116.613668011902192, 0.431846554722203, 0.0 ], [ 116.613816314136187, 0.432230521324128, 0.0 ], [ 116.614388401513168, 0.432465192683831, 0.0 ], [ 116.615108824059121, 0.432443898340171, 0.0 ], [ 116.615405503342984, 0.431761318254596, 0.0 ], [ 116.615511471693011, 0.431270710448905, 0.0 ], [ 116.616192501437837, 0.431495939941027, 0.0 ], [ 116.617175960879436, 0.432764475154345, 0.0 ], [ 116.617648801257502, 0.433081852054938, 0.0 ], [ 116.61830265902546, 0.433620471859587, 0.0 ], [ 116.619194285744967, 0.434308711160104, 0.0 ], [ 116.619758967149536, 0.435056776889209, 0.0 ], [ 116.619342804458583, 0.43613392914977, 0.0 ], [ 116.618880219996896, 0.437111747056824, 0.0 ], [ 116.619652632995923, 0.437501843713384, 0.0 ], [ 116.620008150048932, 0.437536497263947, 0.0 ], [ 116.619925237162747, 0.438509724672297, 0.0 ], [ 116.620579057660123, 0.439796381998505, 0.0 ], [ 116.621143739231101, 0.440544448093264, 0.0 ], [ 116.621232873702496, 0.441172803924843, 0.0 ], [ 116.621948572574112, 0.441837949356562, 0.0 ], [ 116.621645968478077, 0.443876464478113, 0.0 ], [ 116.621759982846996, 0.44623188901951, 0.0 ], [ 116.622216498605212, 0.446519156726417, 0.0 ], [ 116.622429174541466, 0.448124260618533, 0.0 ], [ 116.621940510217215, 0.448440100532297, 0.0 ], [ 116.621325102337849, 0.44902085493154, 0.0 ], [ 116.620882754735831, 0.449892012541611, 0.0 ], [ 116.621113466084182, 0.450976157494527, 0.0 ], [ 116.622569995793583, 0.452357903140873, 0.0 ], [ 116.623113317454738, 0.453415566119802, 0.0 ], [ 116.624459403093852, 0.454461051792741, 0.0 ], [ 116.625651691279714, 0.454577272098299, 0.0 ], [ 116.628036323349434, 0.453764295422068, 0.0 ], [ 116.628637961281385, 0.453445557034786, 0.0 ], [ 116.629767073112419, 0.453803102860692, 0.0 ], [ 116.631497819080451, 0.453880629625424, 0.0 ], [ 116.633484174838173, 0.453603855118538, 0.0 ], [ 116.633543067384664, 0.455236543855416, 0.0 ], [ 116.637395104805108, 0.455104045402258, 0.0 ], [ 116.637785734568382, 0.455098861295188, 0.0 ], [ 116.638343851186974, 0.454965114711397, 0.0 ], [ 116.642301446693679, 0.455086941832727, 0.0 ], [ 116.642394543657787, 0.45098812976022, 0.0 ], [ 116.644716821162902, 0.450803464610862, 0.0 ], [ 116.647396211068155, 0.453787148659247, 0.0 ], [ 116.649704970386409, 0.451032316409108, 0.0 ], [ 116.652319447390283, 0.449835872581183, 0.0 ], [ 116.654250019225373, 0.447892231618362, 0.0 ], [ 116.65423873103677, 0.446946076342829, 0.0 ], [ 116.655224386712433, 0.446636553036459, 0.0 ], [ 116.655884643304333, 0.44552867637778, 0.0 ], [ 116.659195100387819, 0.44277854258378, 0.0 ], [ 116.659262843000121, 0.442681485505156, 0.0 ], [ 116.659450210000074, 0.442566612505318, 0.0 ], [ 116.659741042000178, 0.442540626505327, 0.0 ], [ 116.659865794000098, 0.442289396505658, 0.0 ], [ 116.660143170000083, 0.442265136505689, 0.0 ], [ 116.660733519999965, 0.441624172506389, 0.0 ], [ 116.661019714000105, 0.441528774506539, 0.0 ], [ 116.661619886999972, 0.441511446506485, 0.0 ], [ 116.662044927000053, 0.441291907506751, 0.0 ], [ 116.662594908000116, 0.441126686506923, 0.0 ], [ 116.662793874463759, 0.441079719445099, 0.0 ], [ 116.662737349936137, 0.441034399872935, 0.0 ], [ 116.662193765698348, 0.440588019908044, 0.0 ], [ 116.661927901350907, 0.440371972279671, 0.0 ], [ 116.66141248767407, 0.439161118333369, 0.0 ], [ 116.662116987270522, 0.438590331251885, 0.0 ], [ 116.661807760884415, 0.437379488396621, 0.0 ], [ 116.663182353275488, 0.437102789194788, 0.0 ], [ 116.664386003817768, 0.438031005378751, 0.0 ], [ 116.664797433360704, 0.438348285532891, 0.0 ], [ 116.664945415226356, 0.438680627207378, 0.0 ], [ 116.664975464, 0.43864742550969, 0.0 ], [ 116.665215210000099, 0.438496687509873, 0.0 ], [ 116.665578275000087, 0.438060035510376, 0.0 ], [ 116.666164623031875, 0.438044741295153, 0.0 ], [ 116.66620640783961, 0.437708338956936, 0.0 ], [ 116.666275204791788, 0.436151561753352, 0.0 ], [ 116.666756338237121, 0.435476977154712, 0.0 ], [ 116.667134388987478, 0.434560224087702, 0.0 ], [ 116.667185975037469, 0.433695347308885, 0.0 ], [ 116.666876698957381, 0.433591548106488, 0.0 ], [ 116.666344043638773, 0.433695309995273, 0.0 ], [ 116.666111355324588, 0.433845333658398, 0.0 ], [ 116.665250301918292, 0.433965514154645, 0.0 ], [ 116.66551594006043, 0.432663336695837, 0.0 ], [ 116.665250373334189, 0.432337775382804, 0.0 ], [ 116.665839334170485, 0.432242053744957, 0.0 ], [ 116.666143712703388, 0.431725022705668, 0.0 ], [ 116.666029592160925, 0.431437768318442, 0.0 ], [ 116.665250413544257, 0.431418584851636, 0.0 ], [ 116.665250434453355, 0.430939838378727, 0.0 ], [ 116.665611130731676, 0.430805806369219, 0.0 ], [ 116.666162808239974, 0.430020684197999, 0.0 ], [ 116.666676411653427, 0.429944108580962, 0.0 ], [ 116.666828566349153, 0.430480312686195, 0.0 ], [ 116.666714413345431, 0.430901602791552, 0.0 ], [ 116.666828523083922, 0.431476103787597, 0.0 ], [ 116.666771434012873, 0.431987428397321, 0.0 ], [ 116.666980658865072, 0.432395303397594, 0.0 ], [ 116.667227947221321, 0.432414463866529, 0.0 ], [ 116.667855689782854, 0.432203844782155, 0.0 ], [ 116.66836928514185, 0.432280463940838, 0.0 ], [ 116.669054069124414, 0.432682641891778, 0.0 ], [ 116.670195390180226, 0.432931638955329, 0.0 ], [ 116.670442668726011, 0.433142300457764, 0.0 ], [ 116.671431861941954, 0.432280597957315, 0.0 ], [ 116.672325917196858, 0.431987671552088, 0.0 ], [ 116.672725417892295, 0.431169963450539, 0.0 ], [ 116.674237345875326, 0.429446540621327, 0.0 ], [ 116.675008240681407, 0.42746420647605, 0.0 ], [ 116.675046316546769, 0.426727293437268, 0.0 ], [ 116.67554093179254, 0.425808120742859, 0.0 ], [ 116.676132110258251, 0.42360194830506, 0.0 ], [ 116.677001305627357, 0.423645993666662, 0.0 ], [ 116.679659335304748, 0.422585872817198, 0.0 ], [ 116.681895417941888, 0.420861106430387, 0.0 ], [ 116.685165863440304, 0.421110162015849, 0.0 ], [ 116.685180646774697, 0.420965029622121, 0.0 ], [ 116.685356216165587, 0.419924617558887, 0.0 ], [ 116.685356247170034, 0.419148393548695, 0.0 ], [ 116.685180764318346, 0.418023573567815, 0.0 ], [ 116.684577835580441, 0.417246619549676, 0.0 ], [ 116.683891193135764, 0.416984223869411, 0.0 ], [ 116.68320454244494, 0.416985222062353, 0.0 ], [ 116.681831232776275, 0.417156036531107, 0.0 ], [ 116.681396493827791, 0.417246490504798, 0.0 ], [ 116.680458200924392, 0.417418350583856, 0.0 ], [ 116.679596002188603, 0.418024475421745, 0.0 ], [ 116.678733799518895, 0.418630596195453, 0.0 ], [ 116.678390611837571, 0.418802024270881, 0.0 ], [ 116.677360466801289, 0.419490021710555, 0.0 ], [ 116.676246635645256, 0.42001471308851, 0.0 ], [ 116.675384465264656, 0.419924207118074, 0.0 ], [ 116.674613861634214, 0.419580378847242, 0.0 ], [ 116.673408524841534, 0.41888832926537, 0.0 ], [ 116.672035251320224, 0.418286528841774, 0.0 ], [ 116.670829882611528, 0.418455616391931, 0.0 ], [ 116.668594318524512, 0.420618605970072, 0.0 ], [ 116.667823679005608, 0.421051173806231, 0.0 ], [ 116.666534344346218, 0.421054722571425, 0.0 ], [ 116.665931667462033, 0.421054696598102, 0.0 ], [ 116.66420740009319, 0.419147509472354, 0.0 ], [ 116.663177579709327, 0.418801381041404, 0.0 ], [ 116.661033658228874, 0.418892217267165, 0.0 ], [ 116.660514960514703, 0.418629823478422, 0.0 ], [ 116.660087542704943, 0.418195543363935, 0.0 ], [ 116.659996008992508, 0.417676426648676, 0.0 ], [ 116.659996055143168, 0.416639433697074, 0.0 ], [ 116.660255572158036, 0.416114710337348, 0.0 ], [ 116.660514803066036, 0.415686395057483, 0.0 ], [ 116.660941975866777, 0.415255260868657, 0.0 ], [ 116.661321969586908, 0.414872363718825, 0.0 ], [ 116.661804188903659, 0.414386769966451, 0.0 ], [ 116.662750370520968, 0.41352340621499, 0.0 ], [ 116.663612322728724, 0.412143153771621, 0.0 ], [ 116.663955593215775, 0.409975984413115, 0.0 ], [ 116.663352988898183, 0.40824548130562, 0.0 ], [ 116.663093514479442, 0.407726317703083, 0.0 ], [ 116.662750363769845, 0.406950053901944, 0.0 ], [ 116.66249089674362, 0.406253408477243, 0.0 ], [ 116.662406982627829, 0.404957509343831, 0.0 ], [ 116.662407032613402, 0.403747346316418, 0.0 ], [ 116.662490473311948, 0.402880909481176, 0.0 ], [ 116.662925803151339, 0.402188784080565, 0.0 ], [ 116.663612460137614, 0.401928920670035, 0.0 ], [ 116.664642308884225, 0.401583190208722, 0.0 ], [ 116.66558845108429, 0.401585206637372, 0.0 ], [ 116.666877760189934, 0.402015882522181, 0.0 ], [ 116.667433089128068, 0.402447631951831, 0.0 ], [ 116.668573306618811, 0.403089153234113, 0.0 ], [ 116.670451347318505, 0.403258036991308, 0.0 ], [ 116.671289775042737, 0.40292045480933, 0.0 ], [ 116.671524556687459, 0.402278991796011, 0.0 ], [ 116.671222759743927, 0.401502458412725, 0.0 ], [ 116.670317293146994, 0.400962233899776, 0.0 ], [ 116.668942312860111, 0.40048951432997, 0.0 ], [ 116.666175584325202, 0.399594715960392, 0.0 ], [ 116.663626853674884, 0.398480474149391, 0.0 ], [ 116.662486676667569, 0.396859865615324, 0.0 ], [ 116.661748966129878, 0.394597799683254, 0.0 ], [ 116.661514281681121, 0.392808418988493, 0.0 ], [ 116.661111892652102, 0.391592981675648, 0.0 ], [ 116.659803981181099, 0.391322834726974, 0.0 ], [ 116.656819227946343, 0.391491520798452, 0.0 ], [ 116.652526541392419, 0.391930245174736, 0.0 ], [ 116.647881710220972, 0.392723447514017, 0.0 ], [ 116.645869496755537, 0.393364834985542, 0.0 ], [ 116.642884634569384, 0.396166922036903, 0.0 ], [ 116.641576703699499, 0.396369436107655, 0.0 ], [ 116.640906005511667, 0.395660412002424, 0.0 ], [ 116.640939590317132, 0.39454627955132, 0.0 ], [ 116.641442726980657, 0.392419318892469, 0.0 ], [ 116.642683710669473, 0.38921201538687, 0.0 ], [ 116.643723436391454, 0.386882506184321, 0.0 ], [ 116.643589354032471, 0.385363226521653, 0.0 ], [ 116.642147327497511, 0.384451599749668, 0.0 ], [ 116.639129082004075, 0.383742479342739, 0.0 ], [ 116.636714477419204, 0.383404759164343, 0.0 ], [ 116.634903510392732, 0.383472205946195, 0.0 ], [ 116.633930935911437, 0.383944825546671, 0.0 ], [ 116.633930897097599, 0.384856390074063, 0.0 ], [ 116.634635124773922, 0.385700461295836, 0.0 ], [ 116.635741793923827, 0.386443263475316, 0.0 ], [ 116.636647229577136, 0.387523674300428, 0.0 ], [ 116.636714225045594, 0.389346805144666, 0.0 ], [ 116.635037247643467, 0.392992985777087, 0.0 ], [ 116.633897000983339, 0.393229268455071, 0.0 ], [ 116.632857395289236, 0.392689036836126, 0.0 ], [ 116.631415384386443, 0.39147355376546, 0.0 ], [ 116.630006949021691, 0.389346511524128, 0.0 ], [ 116.62945369610739, 0.387135101477763, 0.0 ], [ 116.629487365278237, 0.384062799256316, 0.0 ], [ 116.629889908499692, 0.38156445837502, 0.0 ], [ 116.630275706858498, 0.378475288878886, 0.0 ], [ 116.631684436849383, 0.37361367930435, 0.0 ], [ 116.63346196881372, 0.371014110358347, 0.0 ], [ 116.635356862543858, 0.368735279899848, 0.0 ], [ 116.63643005886685, 0.367925045230316, 0.0 ], [ 116.637268533487088, 0.36623699792116, 0.0 ], [ 116.637033838997198, 0.364751477011224, 0.0 ], [ 116.636262560210454, 0.363367218744836, 0.0 ], [ 116.633713923367239, 0.360328570250358, 0.0 ], [ 116.633110322883624, 0.359045603625202, 0.0 ], [ 116.632540286550338, 0.357019884828324, 0.0 ], [ 116.632003785504338, 0.355027929193494, 0.0 ], [ 116.630964183990116, 0.354487701894056, 0.0 ], [ 116.629991604462006, 0.355196654675028, 0.0 ], [ 116.629454978118602, 0.356378290457852, 0.0 ], [ 116.628063102646038, 0.359366133137393, 0.0 ], [ 116.626654589855946, 0.35916350690394, 0.0 ], [ 116.624288149565587, 0.359171689329369, 0.0 ], [ 116.626274565213336, 0.353023679838662, 0.0 ], [ 116.632011560428609, 0.349169886820808, 0.0 ], [ 116.631974270856716, 0.343062815380003, 0.0 ], [ 116.630408287913454, 0.338581757118581, 0.0 ], [ 116.631366807901244, 0.333005571126312, 0.0 ], [ 116.630764068887999, 0.328440443446862, 0.0 ], [ 116.630165200372204, 0.32207505863651, 0.0 ], [ 116.625704889930375, 0.322229482578819, 0.0 ], [ 116.623194943569288, 0.316658193364504, 0.0 ], [ 116.622691013020741, 0.317453473831556, 0.0 ], [ 116.623670537573645, 0.32208902886995, 0.0 ], [ 116.624422738549299, 0.32335123041451, 0.0 ], [ 116.62602747131956, 0.325017360449502, 0.0 ], [ 116.628033430722425, 0.325926201651284, 0.0 ], [ 116.627782645219739, 0.326935932258075, 0.0 ], [ 116.628509503501562, 0.33539253316505, 0.0 ], [ 116.627456191515947, 0.339683886495318, 0.0 ], [ 116.627882392658734, 0.341577166610957, 0.0 ], [ 116.629035767506181, 0.343495716038153, 0.0 ], [ 116.628784930703929, 0.345767622639431, 0.0 ], [ 116.629637384674282, 0.348191031964171, 0.0 ], [ 116.626929228672566, 0.349705535260378, 0.0 ], [ 116.624572110479306, 0.351472485077203, 0.0 ], [ 116.62304245839654, 0.35341617024093, 0.0 ], [ 116.622089487827225, 0.356394863648199, 0.0 ], [ 116.62222594315503, 0.360153937210633, 0.0 ], [ 116.621055147672266, 0.36073992229207, 0.0 ], [ 116.620627694392269, 0.361643511574271, 0.0 ], [ 116.618554680282159, 0.362525517168166, 0.0 ], [ 116.617486112137129, 0.363170904799989, 0.0 ], [ 116.616417552420899, 0.363472060916221, 0.0 ], [ 116.615605434399924, 0.364117461231089, 0.0 ], [ 116.614973121931499, 0.36554115696324, 0.0 ], [ 116.614793287369139, 0.365365264633208, 0.0 ], [ 116.614716411124874, 0.365323155651578, 0.0 ], [ 116.614576032999835, 0.365246262424361, 0.0 ], [ 116.614332766356739, 0.365151036415202, 0.0 ], [ 116.614109432113196, 0.365064033472875, 0.0 ], [ 116.613838582282952, 0.365031942210941, 0.0 ], [ 116.613507668064614, 0.36499273446371, 0.0 ], [ 116.613382826530355, 0.364977944139187, 0.0 ], [ 116.612998140547717, 0.365236099004626, 0.0 ], [ 116.612570699312286, 0.365795459058338, 0.0 ], [ 116.612185967008301, 0.367129336481521, 0.0 ], [ 116.61171578080527, 0.367731722316007, 0.0 ], [ 116.610957820739529, 0.367398419640694, 0.0 ], [ 116.608846394109463, 0.367112132306302, 0.0 ], [ 116.608104489682148, 0.368403654411558, 0.0 ], [ 116.609284829366999, 0.369625258110949, 0.0 ], [ 116.609383382405056, 0.370748591916103, 0.0 ], [ 116.604780840261142, 0.380000110267136, 0.0 ], [ 116.604266994225028, 0.381162851662951, 0.0 ], [ 116.60332840929162, 0.382968674229102, 0.0 ], [ 116.602622859863217, 0.384326137833639, 0.0 ], [ 116.6021650135947, 0.385207022104582, 0.0 ], [ 116.60181521123539, 0.385880033145585, 0.0 ], [ 116.601769218167775, 0.386050395008049, 0.0 ], [ 116.600246582918729, 0.387183805468974, 0.0 ], [ 116.599461721049863, 0.386506481842985, 0.0 ], [ 116.59834041569448, 0.387014393354406, 0.0 ], [ 116.596672368475879, 0.387104308706321, 0.0 ], [ 116.593153286818023, 0.387582881748917, 0.0 ], [ 116.59315313083448, 0.390838329165517, 0.0 ], [ 116.595293086045473, 0.391125678678892, 0.0 ], [ 116.595721045530425, 0.391843813069861, 0.0 ], [ 116.59619656682311, 0.392418327092576, 0.0 ], [ 116.596909867222877, 0.392897104211828, 0.0 ], [ 116.597575610545235, 0.393423753297753, 0.0 ], [ 116.59824134250421, 0.394189773698257, 0.0 ], [ 116.598479094108257, 0.394668527819363, 0.0 ], [ 116.598146177534815, 0.395338751215617, 0.0 ], [ 116.597908352238008, 0.396391973220115, 0.0 ], [ 116.597717639893332, 0.40647428147829, 0.0 ], [ 116.59700430578836, 0.406665742666916, 0.0 ], [ 116.597051561855338, 0.412650025994102, 0.0 ], [ 116.602248312422276, 0.413025611300343, 0.0 ], [ 116.59851772667696, 0.41550003002901, 0.0 ], [ 116.595959201016626, 0.417068063916742, 0.0 ], [ 116.595603349035571, 0.417414467478709, 0.0 ], [ 116.595999201959472, 0.422308997643245, 0.0 ], [ 116.59628506326888, 0.422383278298324, 0.0 ], [ 116.596404939501127, 0.422485402739967, 0.0 ], [ 116.596218831966553, 0.422818475730603, 0.0 ], [ 116.595971504388928, 0.422936888775833, 0.0 ], [ 116.59560306510015, 0.422936869460101, 0.0 ], [ 116.59560294773361, 0.425198639920153, 0.0 ], [ 116.59428884099195, 0.425207433162785, 0.0 ], [ 116.594164340000503, 0.425416301812731, 0.0 ], [ 116.593677624557188, 0.425648777251091, 0.0 ], [ 116.593588432892616, 0.426157433855631, 0.0 ], [ 116.593528960560676, 0.426696017407447, 0.0 ], [ 116.593172282039319, 0.427025132865472, 0.0 ], [ 116.593261418750245, 0.427563723201108, 0.0 ], [ 116.593499173559579, 0.427952713355785, 0.0 ], [ 116.593618009184894, 0.428940126922009, 0.0 ], [ 116.593112710103938, 0.429418842443203, 0.0 ], [ 116.595602727060239, 0.429418975454826, 0.0 ], [ 116.595602591877451, 0.431983951220015, 0.0 ], [ 116.595494024953027, 0.434949382864417, 0.0 ], [ 116.593496711432408, 0.434913369167, 0.0 ], [ 116.593318308512451, 0.436241869159968, 0.0 ], [ 116.593736874236413, 0.436277006601752, 0.0 ], [ 116.594174297063233, 0.436313727022034, 0.0 ], [ 116.594067265271079, 0.436924117598643, 0.0 ], [ 116.593549304469832, 0.437456783326489, 0.0 ], [ 116.592462158059661, 0.439171724602487, 0.0 ], [ 116.592105486700817, 0.439315327661186, 0.0 ], [ 116.591748793890531, 0.439853892940424, 0.0 ], [ 116.589430467213418, 0.440105104454088, 0.0 ], [ 116.587540135163664, 0.440392244586971, 0.0 ], [ 116.585578486610459, 0.440392135056107, 0.0 ], [ 116.585114798476127, 0.440858882267836, 0.0 ], [ 116.585114672960856, 0.443120936885723, 0.0 ], [ 116.585292950716024, 0.444090398934211, 0.0 ], [ 116.585328548946151, 0.445311192353483, 0.0 ], [ 116.585114472410581, 0.446711499742032, 0.0 ], [ 116.584329778187453, 0.447321850724842, 0.0 ], [ 116.58386605882464, 0.448327181703235, 0.0 ], [ 116.583687680328126, 0.449153000796702, 0.0 ], [ 116.582653345586948, 0.449332469496848, 0.0 ], [ 116.582403616959354, 0.450459891466269, 0.0 ], [ 116.582082521300919, 0.452183342415531, 0.0 ], [ 116.584935923320415, 0.450567753985312, 0.0 ], [ 116.587610980801045, 0.44916758696364, 0.0 ], [ 116.589073306698779, 0.44909585858918, 0.0 ], [ 116.59023442053855, 0.449316555020706, 0.0 ], [ 116.590711325118704, 0.450461598605031, 0.0 ], [ 116.59101009306147, 0.451456656359951, 0.0 ], [ 116.591101994423965, 0.45222029961442, 0.0 ], [ 116.590892227798548, 0.453537144163148, 0.0 ], [ 116.590377192389141, 0.455813605021441, 0.0 ], [ 116.589560977028526, 0.459321906940713, 0.0 ], [ 116.588957935012033, 0.46191392927767, 0.0 ], [ 116.588779781203272, 0.462679673803385, 0.0 ], [ 116.588446349475618, 0.464912712550441, 0.0 ], [ 116.587319885166295, 0.467203556574509, 0.0 ], [ 116.585687784835443, 0.468383624814214, 0.0 ], [ 116.584515439864646, 0.469077768891285, 0.0 ], [ 116.583400514162932, 0.470547123295607, 0.0 ], [ 116.583170581044044, 0.47172727400968, 0.0 ], [ 116.583262491100086, 0.47232893322592, 0.0 ], [ 116.583699206771996, 0.472722347410128, 0.0 ], [ 116.584526723383505, 0.47260669433435, 0.0 ], [ 116.584825573641425, 0.472167043240579, 0.0 ], [ 116.585101466684364, 0.471195158691136, 0.0 ], [ 116.58565317997612, 0.470524117751381, 0.0 ], [ 116.587262282435148, 0.469552312367053, 0.0 ], [ 116.588664517745897, 0.468395370798011, 0.0 ], [ 116.590124312719425, 0.465630165857348, 0.0 ], [ 116.59061920923638, 0.463066890683488, 0.0 ], [ 116.59096357129792, 0.461175668774487, 0.0 ], [ 116.592270865857046, 0.45558054278053, 0.0 ], [ 116.592952376133127, 0.45253280017929, 0.0 ], [ 116.592791537726043, 0.451375765672663, 0.0 ], [ 116.592481287999263, 0.450184011044449, 0.0 ] ], [ [ 116.661174626012553, 0.428469140770594, 0.0 ], [ 116.664124453526199, 0.424427523077133, 0.0 ], [ 116.664538827356878, 0.42473093615418, 0.0 ], [ 116.666946041006995, 0.425084449859406, 0.0 ], [ 116.667333223235744, 0.424996747245595, 0.0 ], [ 116.667703800784537, 0.425501386845422, 0.0 ], [ 116.667893998963692, 0.42607589113211, 0.0 ], [ 116.667970064936682, 0.426554641045333, 0.0 ], [ 116.667497303205991, 0.427263166708202, 0.0 ], [ 116.666847706987099, 0.427722733726986, 0.0 ], [ 116.665972637748823, 0.428852536633458, 0.0 ], [ 116.665725325431978, 0.42938871981267, 0.0 ], [ 116.664774186544136, 0.430097223343182, 0.0 ], [ 116.664450785087027, 0.430652555874119, 0.0 ], [ 116.664393680603752, 0.431475996056986, 0.0 ], [ 116.664317570031443, 0.431987319674613, 0.0 ], [ 116.664317553809042, 0.432356885129507, 0.0 ], [ 116.664024493486366, 0.432380589931356, 0.0 ], [ 116.663676522268332, 0.431987291140612, 0.0 ], [ 116.663600455581189, 0.431498939252663, 0.0 ], [ 116.662782541489165, 0.430598861491155, 0.0 ], [ 116.663296178073352, 0.429725488570739, 0.0 ], [ 116.663003799593625, 0.42916263390365, 0.0 ], [ 116.662307058772441, 0.428951953016598, 0.0 ], [ 116.661831496327352, 0.429085981438887, 0.0 ], [ 116.661174626012553, 0.428469140770594, 0.0 ] ], [ [ 116.66846470078184, 0.425202135852609, 0.0 ], [ 116.668344134503755, 0.42479793469385, 0.0 ], [ 116.669127611711374, 0.424655403445955, 0.0 ], [ 116.671885979603303, 0.422686519438389, 0.0 ], [ 116.673549256352302, 0.423344175689802, 0.0 ], [ 116.67327731595185, 0.425202342392382, 0.0 ], [ 116.673125064856563, 0.426937862236152, 0.0 ], [ 116.672478255022625, 0.4282400247552, 0.0 ], [ 116.671680164765178, 0.42943876933412, 0.0 ], [ 116.670804209771006, 0.430384737042584, 0.0 ], [ 116.669743856645255, 0.430978336047184, 0.0 ], [ 116.669282407648467, 0.43095916302088, 0.0 ], [ 116.668844915914107, 0.430537848667976, 0.0 ], [ 116.668835362599211, 0.429910974292458, 0.0 ], [ 116.668806979750769, 0.428048366528432, 0.0 ], [ 116.668807016679196, 0.427186622667158, 0.0 ], [ 116.669035312490408, 0.426478088455565, 0.0 ], [ 116.668959241514969, 0.426037638720469, 0.0 ], [ 116.668692945855426, 0.425692930759979, 0.0 ], [ 116.66846470078184, 0.425202135852609, 0.0 ] ], [ [ 116.63936782146105, 0.405351931415167, 0.0 ], [ 116.638758524071463, 0.405157660293094, 0.0 ], [ 116.638055579359218, 0.404746424511857, 0.0 ], [ 116.63777352005539, 0.404165955026098, 0.0 ], [ 116.637296240626554, 0.403930797193652, 0.0 ], [ 116.636717399557483, 0.403859208089869, 0.0 ], [ 116.636044444346268, 0.404533914208651, 0.0 ], [ 116.635004233243237, 0.404714276244516, 0.0 ], [ 116.634534002925108, 0.404932558207276, 0.0 ], [ 116.634391815044467, 0.405259696056341, 0.0 ], [ 116.634026226861934, 0.405351690183047, 0.0 ], [ 116.633627576103351, 0.404760851395712, 0.0 ], [ 116.632615054549746, 0.403646860727102, 0.0 ], [ 116.632698830476755, 0.40338124779237, 0.0 ], [ 116.632896857161896, 0.403273912770442, 0.0 ], [ 116.633041578853764, 0.403074562374819, 0.0 ], [ 116.633342765072186, 0.402876330071107, 0.0 ], [ 116.633635670735799, 0.402683549164995, 0.0 ], [ 116.633635686132095, 0.402338513849024, 0.0 ], [ 116.633384349088971, 0.40206884753381, 0.0 ], [ 116.633122054198466, 0.401928551159239, 0.0 ], [ 116.632646667927474, 0.401169352749961, 0.0 ], [ 116.6323843911143, 0.400624715094616, 0.0 ], [ 116.632310470211578, 0.399402865498155, 0.0 ], [ 116.632188804506669, 0.399174770839402, 0.0 ], [ 116.631856760208635, 0.398181291515793, 0.0 ], [ 116.631900640080502, 0.397879284519577, 0.0 ], [ 116.632246917035005, 0.397215461987231, 0.0 ], [ 116.633672410729204, 0.397744210906864, 0.0 ], [ 116.636681446602353, 0.397289959739102, 0.0 ], [ 116.63793731025423, 0.398887979030914, 0.0 ], [ 116.637697444897995, 0.399611738579642, 0.0 ], [ 116.637811439831907, 0.400154571277821, 0.0 ], [ 116.638120624978129, 0.400516470117405, 0.0 ], [ 116.638509818590336, 0.401602142763571, 0.0 ], [ 116.638772942527481, 0.402054510884507, 0.0 ], [ 116.639916179424404, 0.403230688535507, 0.0 ], [ 116.641060001047236, 0.403864038517812, 0.0 ], [ 116.643248348255767, 0.404968135275131, 0.0 ], [ 116.643888115392357, 0.4051215126129, 0.0 ], [ 116.644883317290294, 0.405152225946727, 0.0 ], [ 116.643488942847441, 0.407188842650784, 0.0 ], [ 116.642635917077811, 0.407081459946272, 0.0 ], [ 116.642384583600901, 0.406905097029127, 0.0 ], [ 116.642011498416466, 0.406303952498574, 0.0 ], [ 116.641500357744135, 0.406272123915623, 0.0 ], [ 116.640409907935833, 0.405928406792115, 0.0 ], [ 116.63936782146105, 0.405351931415167, 0.0 ] ] ], [ [ [ 116.539969597755487, 0.480073055393014, 0.0 ], [ 116.540512060076452, 0.478779905648233, 0.0 ], [ 116.541254321869999, 0.477831618842322, 0.0 ], [ 116.541425687938059, 0.476480968760989, 0.0 ], [ 116.541254491061594, 0.475273983117874, 0.0 ], [ 116.541682775188136, 0.473865875118613, 0.0 ], [ 116.542111040075113, 0.472745141755788, 0.0 ], [ 116.54271057931949, 0.471653157044278, 0.0 ], [ 116.543681180007738, 0.471135946346386, 0.0 ], [ 116.545194160108522, 0.47056129599986, 0.0 ], [ 116.54642164589508, 0.470503901448547, 0.0 ], [ 116.547763329226683, 0.470245351563989, 0.0 ], [ 116.548534105368887, 0.469756864118947, 0.0 ], [ 116.549419113635153, 0.468521208540216, 0.0 ], [ 116.549561932097902, 0.46714181710413, 0.0 ], [ 116.550561082010461, 0.466567131141132, 0.0 ], [ 116.551331852154945, 0.466164855364748, 0.0 ], [ 116.55442913071353, 0.465748359100713, 0.0 ], [ 116.557283731435788, 0.465920965453864, 0.0 ], [ 116.559167775666182, 0.465921084376581, 0.0 ], [ 116.560509422444767, 0.466266019440631, 0.0 ], [ 116.561736950736645, 0.465547657421673, 0.0 ], [ 116.562679015766903, 0.46485801472608, 0.0 ], [ 116.563735247609984, 0.464455754517147, 0.0 ], [ 116.564905644712823, 0.464369614422459, 0.0 ], [ 116.566104579357003, 0.464427163763129, 0.0 ], [ 116.566932417720849, 0.464427214872053, 0.0 ], [ 116.567903040997408, 0.463536409511821, 0.0 ], [ 116.570429485619144, 0.461711726923125, 0.0 ], [ 116.571685602364866, 0.460274923192494, 0.0 ], [ 116.572913153643867, 0.459154230699575, 0.0 ], [ 116.571400221343495, 0.458924238760577, 0.0 ], [ 116.569715959337856, 0.459585101608891, 0.0 ], [ 116.568031737073625, 0.459584999272325, 0.0 ], [ 116.566690053169708, 0.459843555696667, 0.0 ], [ 116.565119996893301, 0.460159572916354, 0.0 ], [ 116.563264483062454, 0.460418096919998, 0.0 ], [ 116.561637319158947, 0.460992747636298, 0.0 ], [ 116.56011006405879, 0.461610510281758, 0.0 ], [ 116.558711277987186, 0.462041486299519, 0.0 ], [ 116.556570305713919, 0.462271252444798, 0.0 ], [ 116.555028816277542, 0.462271155376332, 0.0 ], [ 116.553829833605093, 0.463018255460854, 0.0 ], [ 116.552745060421373, 0.463363036980755, 0.0 ], [ 116.551117909773211, 0.463736521150227, 0.0 ], [ 116.549947512989959, 0.463851396403862, 0.0 ], [ 116.549062584437692, 0.463851339696562, 0.0 ], [ 116.548034887301156, 0.464454761377231, 0.0 ], [ 116.547121357909546, 0.465316827651297, 0.0 ], [ 116.54635055686596, 0.466207640345225, 0.0 ], [ 116.545137323692671, 0.466595517757156, 0.0 ], [ 116.543538682432512, 0.46754375070208, 0.0 ], [ 116.542453918697319, 0.46774484202358, 0.0 ], [ 116.541140765986952, 0.468262030364935, 0.0 ], [ 116.539998865286464, 0.46915281677733, 0.0 ], [ 116.539113878958631, 0.470043619786089, 0.0 ], [ 116.538257421449785, 0.471193061575468, 0.0 ], [ 116.537814929952802, 0.471609725304457, 0.0 ], [ 116.537557918484637, 0.473075318861982, 0.0 ], [ 116.536844211420188, 0.473908657356554, 0.0 ], [ 116.536044879346377, 0.474540827608905, 0.0 ], [ 116.53524557595442, 0.474741935787224, 0.0 ], [ 116.534902921206054, 0.476264997677972, 0.0 ], [ 116.534845732591506, 0.477701866495979, 0.0 ], [ 116.534902743505285, 0.47890884345583, 0.0 ], [ 116.534545877689084, 0.479497936849734, 0.0 ], [ 116.533660931570907, 0.479756513265213, 0.0 ], [ 116.532718910876952, 0.479756448568424, 0.0 ], [ 116.532062356930027, 0.479670191072716, 0.0 ], [ 116.531462910835955, 0.479354037945646, 0.0 ], [ 116.531091825576794, 0.479152850308236, 0.0 ], [ 116.530235404343344, 0.479727539943804, 0.0 ], [ 116.529921358344211, 0.480302266903051, 0.0 ], [ 116.529921305291538, 0.481078177602823, 0.0 ], [ 116.530263787366493, 0.48211274899796, 0.0 ], [ 116.533946279447534, 0.481423304940394, 0.0 ], [ 116.540254976232092, 0.481308786173431, 0.0 ], [ 116.539969597755487, 0.480073055393014, 0.0 ] ] ] ] } }
]
}
