{
"type": "FeatureCollection",
"name": "habitat_pesut",
"crs": { "type": "name", "properties": { "name": "urn:ogc:def:crs:OGC:1.3:CRS84" } },
"features": [
{ "type": "Feature", "properties": { "Toponim": "Benagaq", "subws_id": 22, "Kelas": 0, "Kls_Pr": "Dipertahankan" }, "geometry": { "type": "MultiPolygon", "coordinates": [ [ [ [ 115.748554389027944, -0.08481030724962, 0.0 ], [ 115.749076550786341, -0.08572408989277, 0.0 ], [ 115.750980119837706, -0.087508685348774, 0.0 ], [ 115.752764715196633, -0.088698416450955, 0.0 ], [ 115.754542652404183, -0.089980846391866, 0.0 ], [ 115.756541400311193, -0.090337765935016, 0.0 ], [ 115.759325369230467, -0.089552543097402, 0.0 ], [ 115.762180722930296, -0.088196251035867, 0.0 ], [ 115.764964692371123, -0.087054109369997, 0.0 ], [ 115.767248974398555, -0.086483038703704, 0.0 ], [ 115.769676024561832, -0.086054735766371, 0.0 ], [ 115.771960307452602, -0.085911967739805, 0.0 ], [ 115.773959054501432, -0.086554422667647, 0.0 ], [ 115.775672266714309, -0.087696564017353, 0.0 ], [ 115.776671640531063, -0.089124240211071, 0.0 ], [ 115.777171327013605, -0.090694685006852, 0.0 ], [ 115.777314094491743, -0.092479280364526, 0.0 ], [ 115.776743023939503, -0.094977714396826, 0.0 ], [ 115.776029185573279, -0.096690926155048, 0.0 ], [ 115.773887670818425, -0.099403512215295, 0.0 ], [ 115.772388609973191, -0.10154502661887, 0.0 ], [ 115.77067539858227, -0.103186855188451, 0.0 ], [ 115.769033570264511, -0.104900067366782, 0.0 ], [ 115.76796281243756, -0.107184349633953, 0.0 ], [ 115.766963438796452, -0.109183096672107, 0.0 ], [ 115.766677904060217, -0.112038450231939, 0.0 ], [ 115.766535135870939, -0.114965186876963, 0.0 ], [ 115.766677903942252, -0.117392237299555, 0.0 ], [ 115.766677904111816, -0.120104823198012, 0.0 ], [ 115.766035449617434, -0.122746024358119, 0.0 ], [ 115.765107459637093, -0.124602004267469, 0.0 ], [ 115.763322863472638, -0.125315842491913, 0.0 ], [ 115.761038581213143, -0.124673388270549, 0.0 ], [ 115.75854014684468, -0.123888165754672, 0.0 ], [ 115.756327248943194, -0.122389105133466, 0.0 ], [ 115.754542652542142, -0.12003343919308, 0.0 ], [ 115.752686672910627, -0.116963934011555, 0.0 ], [ 115.75218698633384, -0.114322732286515, 0.0 ], [ 115.751330380654679, -0.111895681938991, 0.0 ], [ 115.750259623422508, -0.110111086470378, 0.0 ], [ 115.74897471384358, -0.109611399353498, 0.0 ], [ 115.747118734652233, -0.110039702485518, 0.0 ], [ 115.746190744647691, -0.111395995335962, 0.0 ], [ 115.745548290382743, -0.113037823588514, 0.0 ], [ 115.745405522346715, -0.1158931767339, 0.0 ], [ 115.746190744878405, -0.118177459570121, 0.0 ], [ 115.747761188611349, -0.12060450966589, 0.0 ], [ 115.749046097902408, -0.121960802338779, 0.0 ], [ 115.750759309496473, -0.12360263025394, 0.0 ], [ 115.752186986649605, -0.124459236765852, 0.0 ], [ 115.753900197918085, -0.125387225928401, 0.0 ], [ 115.75561341060255, -0.126172448210348, 0.0 ], [ 115.757398005591128, -0.127742892512256, 0.0 ], [ 115.758897066773955, -0.129099185644096, 0.0 ], [ 115.761252732947341, -0.130812396845246, 0.0 ], [ 115.763251480504309, -0.131883154609998, 0.0 ], [ 115.766178216964619, -0.132311457273621, 0.0 ], [ 115.7686052676017, -0.132168689692368, 0.0 ], [ 115.770746782095955, -0.131097932350026, 0.0 ], [ 115.772245842551939, -0.129170569053552, 0.0 ], [ 115.773530751532874, -0.127385973045315, 0.0 ], [ 115.77410182190053, -0.125387226511126, 0.0 ], [ 115.774887044163393, -0.123459863143491, 0.0 ], [ 115.775172579476774, -0.121246963953598, 0.0 ], [ 115.776243336789832, -0.119390984583796, 0.0 ], [ 115.777742397675112, -0.118748530267285, 0.0 ], [ 115.77917007405982, -0.119533751872458, 0.0 ], [ 115.779955296202871, -0.121104196805534, 0.0 ], [ 115.780312215579642, -0.123459862811126, 0.0 ], [ 115.780454982771033, -0.125958296822727, 0.0 ], [ 115.780383599616044, -0.128171195737084, 0.0 ], [ 115.780526367269147, -0.130384094119751, 0.0 ], [ 115.781122709114015, -0.132556831689389, 0.0 ], [ 115.781693779540234, -0.133556204994583, 0.0 ], [ 115.782978688624738, -0.134912497965793, 0.0 ], [ 115.784906052395598, -0.136697093681261, 0.0 ], [ 115.787690021275182, -0.138981376079189, 0.0 ], [ 115.78976015282224, -0.14040905268586, 0.0 ], [ 115.79268688936618, -0.14183672927171, 0.0 ], [ 115.794542869056457, -0.142764718605382, 0.0 ], [ 115.796327464807234, -0.143264405640477, 0.0 ], [ 115.797969293625655, -0.143692709095564, 0.0 ], [ 115.799468354066732, -0.144620698355984, 0.0 ], [ 115.800539111392425, -0.146048375070241, 0.0 ], [ 115.800681879200042, -0.147476051378024, 0.0 ], [ 115.800253575766348, -0.149046495863098, 0.0 ], [ 115.799539737413895, -0.150616940291167, 0.0 ], [ 115.797969293018767, -0.151616313624142, 0.0 ], [ 115.795256707673161, -0.152187384256976, 0.0 ], [ 115.793829031058095, -0.152544303621854, 0.0 ], [ 115.792758273209103, -0.15340091004224, 0.0 ], [ 115.792686889675608, -0.154828586684393, 0.0 ], [ 115.792972425482546, -0.15625626309498, 0.0 ], [ 115.794685637211487, -0.157683939858958, 0.0 ], [ 115.79647023268646, -0.158397777970475, 0.0 ], [ 115.798326212137496, -0.159754070516495, 0.0 ], [ 115.799896656622579, -0.160753444106555, 0.0 ], [ 115.801752636435353, -0.161395898284773, 0.0 ], [ 115.803822766873481, -0.16225250499805, 0.0 ], [ 115.806178433658218, -0.163109110858733, 0.0 ], [ 115.808177181038133, -0.163965716428689, 0.0 ], [ 115.809747625183022, -0.165250625248854, 0.0 ], [ 115.811032534331673, -0.166821069886892, 0.0 ], [ 115.811817756095238, -0.168462897420864, 0.0 ], [ 115.811889140251154, -0.17110409924683, 0.0 ], [ 115.811603605132433, -0.173388382412264, 0.0 ], [ 115.810175927854587, -0.175101594300109, 0.0 ], [ 115.808891019194249, -0.176600654121688, 0.0 ], [ 115.80753472613732, -0.178385250190818, 0.0 ], [ 115.805464595141501, -0.180526765028541, 0.0 ], [ 115.804251070312972, -0.182025825950402, 0.0 ], [ 115.802609242562468, -0.183453502553118, 0.0 ], [ 115.800610495229705, -0.183667654054937, 0.0 ], [ 115.798540364022827, -0.182953815561025, 0.0 ], [ 115.797041303719055, -0.181383370730053, 0.0 ], [ 115.795685011070432, -0.179456007611351, 0.0 ], [ 115.7943287176289, -0.177742795518141, 0.0 ], [ 115.793186576154028, -0.175458513597044, 0.0 ], [ 115.791616132714807, -0.17338838216802, 0.0 ], [ 115.788903546688402, -0.173102847217956, 0.0 ], [ 115.786976183164427, -0.173745301098273, 0.0 ], [ 115.785405738913511, -0.175315745401485, 0.0 ], [ 115.783906678422667, -0.176814806334886, 0.0 ], [ 115.783050072486958, -0.178528017646289, 0.0 ], [ 115.782764537034737, -0.180526765334914, 0.0 ], [ 115.782764537254934, -0.182525512149231, 0.0 ], [ 115.783121456873673, -0.184024572805634, 0.0 ], [ 115.784406365846294, -0.185452249534294, 0.0 ], [ 115.786476496746118, -0.187165461742545, 0.0 ], [ 115.788974930969076, -0.188878672927722, 0.0 ], [ 115.790368808312408, -0.18967517526207, 0.0 ], [ 115.789473978444718, -0.190729796430927, 0.0 ], [ 115.789134782475088, -0.191238590528222, 0.0 ], [ 115.788918561380243, -0.191020882819301, 0.0 ], [ 115.788814113556683, -0.190945764001811, 0.0 ], [ 115.788245057727764, -0.190539907609448, 0.0 ], [ 115.78820420418802, -0.190508976403209, 0.0 ], [ 115.788179675544143, -0.190488554869485, 0.0 ], [ 115.787767555271671, -0.190132879390025, 0.0 ], [ 115.786800865178549, -0.18965700794728, 0.0 ], [ 115.786745667846901, -0.189627396426816, 0.0 ], [ 115.786692650557526, -0.189593990703364, 0.0 ], [ 115.784862274200336, -0.188349381374743, 0.0 ], [ 115.784807688346632, -0.188309171468828, 0.0 ], [ 115.784756261821514, -0.188264941498178, 0.0 ], [ 115.784708286069105, -0.188216942123002, 0.0 ], [ 115.784375501233967, -0.187857935122421, 0.0 ], [ 115.784355722300447, -0.187835882427453, 0.0 ], [ 115.784335020842832, -0.187811145705172, 0.0 ], [ 115.784026974952795, -0.187429404996529, 0.0 ], [ 115.783600082179618, -0.186904059960309, 0.0 ], [ 115.783563932011717, -0.186856436374057, 0.0 ], [ 115.783530994107366, -0.186806507083999, 0.0 ], [ 115.783501413093546, -0.186754491325375, 0.0 ], [ 115.783395897532728, -0.186553809719601, 0.0 ], [ 115.782970150388365, -0.186273514395756, 0.0 ], [ 115.782917034511996, -0.186235534901676, 0.0 ], [ 115.782866792319737, -0.186193779973843, 0.0 ], [ 115.78281968803563, -0.18614846920187, 0.0 ], [ 115.782775969381291, -0.186099840876095, 0.0 ], [ 115.782735866273612, -0.186048150733482, 0.0 ], [ 115.78249130971534, -0.185707207742614, 0.0 ], [ 115.781982311311751, -0.185276709141801, 0.0 ], [ 115.781932674359041, -0.185231445431121, 0.0 ], [ 115.781886524371544, -0.18518258519474, 0.0 ], [ 115.781844117768856, -0.185130399912076, 0.0 ], [ 115.781805690171979, -0.185075179536653, 0.0 ], [ 115.78177145509305, -0.185017230886048, 0.0 ], [ 115.781486223277426, -0.184490700983254, 0.0 ], [ 115.781451275845825, -0.184418789634311, 0.0 ], [ 115.78142278117005, -0.184344049079142, 0.0 ], [ 115.781400962461987, -0.184267064794282, 0.0 ], [ 115.781297916210235, -0.183831220496267, 0.0 ], [ 115.78113543560417, -0.183427644611922, 0.0 ], [ 115.781112084015618, -0.183362604585039, 0.0 ], [ 115.781093736644365, -0.183295958537737, 0.0 ], [ 115.781080500745304, -0.183228096072127, 0.0 ], [ 115.781072453693795, -0.183159413901449, 0.0 ], [ 115.781069642531719, -0.183090313530438, 0.0 ], [ 115.781067715222008, -0.182370397878751, 0.0 ], [ 115.781051771638658, -0.182161547524472, 0.0 ], [ 115.78090100292097, -0.181510849468639, 0.0 ], [ 115.780891941469307, -0.181466822081044, 0.0 ], [ 115.780887444657623, -0.18143948895893, 0.0 ], [ 115.780816160727795, -0.180960838111386, 0.0 ], [ 115.780809401211144, -0.180902657893597, 0.0 ], [ 115.780806396438848, -0.180844159213073, 0.0 ], [ 115.780807159012653, -0.180785587403235, 0.0 ], [ 115.780830967022709, -0.180259079581276, 0.0 ], [ 115.780833696372795, -0.180218666585252, 0.0 ], [ 115.780857522867194, -0.179955006774853, 0.0 ], [ 115.780865491589793, -0.17989168367175, 0.0 ], [ 115.780877876311095, -0.179829083991488, 0.0 ], [ 115.78089461535896, -0.1797675194579, 0.0 ], [ 115.780915625379848, -0.179707296640254, 0.0 ], [ 115.781095458612327, -0.179244716246866, 0.0 ], [ 115.781148378762069, -0.178925191866257, 0.0 ], [ 115.781192910261225, -0.178566737180166, 0.0 ], [ 115.781239802161522, -0.178142117713648, 0.0 ], [ 115.781248749919683, -0.178080495703662, 0.0 ], [ 115.78126465337472, -0.178008941468068, 0.0 ], [ 115.781355851869904, -0.177664738600385, 0.0 ], [ 115.781423772627576, -0.177368522475719, 0.0 ], [ 115.781441872300661, -0.17730145618901, 0.0 ], [ 115.781465033216406, -0.177235986846792, 0.0 ], [ 115.781655241053485, -0.176757351621151, 0.0 ], [ 115.781797899915887, -0.176398373362144, 0.0 ], [ 115.781828845879076, -0.176329090419852, 0.0 ], [ 115.781865457311852, -0.176262665957463, 0.0 ], [ 115.781907475985463, -0.176199568482211, 0.0 ], [ 115.78195460553259, -0.176140243035553, 0.0 ], [ 115.7825643844604, -0.175435504501898, 0.0 ], [ 115.782916848660022, -0.17492549582244, 0.0 ], [ 115.782927530798844, -0.174910372287935, 0.0 ], [ 115.782972242536474, -0.174853385004413, 0.0 ], [ 115.783400174323532, -0.174350834054247, 0.0 ], [ 115.783405732320574, -0.17434436898948, 0.0 ], [ 115.783412768547251, -0.174336358262774, 0.0 ], [ 115.78381692534893, -0.173881671300246, 0.0 ], [ 115.783865606251808, -0.173831021572512, 0.0 ], [ 115.783894860147356, -0.173804085391585, 0.0 ], [ 115.7844670297535, -0.173300136714183, 0.0 ], [ 115.784801019065924, -0.17300876081578, 0.0 ], [ 115.785230058305189, -0.172576887095195, 0.0 ], [ 115.785244474621678, -0.172562697576127, 0.0 ], [ 115.785266281025699, -0.172542394574494, 0.0 ], [ 115.785717978820927, -0.17213557556645, 0.0 ], [ 115.785774541351614, -0.172088669686977, 0.0 ], [ 115.785834712717914, -0.172046560368495, 0.0 ], [ 115.786619228417678, -0.17154403125599, 0.0 ], [ 115.786675840654297, -0.171510627017869, 0.0 ], [ 115.7866929939145, -0.171501574330036, 0.0 ], [ 115.78781032354037, -0.170927269106753, 0.0 ], [ 115.787880234912606, -0.170895053435212, 0.0 ], [ 115.787952626204856, -0.170868973154537, 0.0 ], [ 115.788642033040418, -0.170653625964017, 0.0 ], [ 115.788708412446937, -0.170635662717637, 0.0 ], [ 115.788746031963072, -0.170627868684524, 0.0 ], [ 115.78991088777093, -0.17041255132273, 0.0 ], [ 115.789973388023668, -0.170403271933054, 0.0 ], [ 115.790036381484413, -0.170398437040978, 0.0 ], [ 115.790099556703098, -0.170398070551263, 0.0 ], [ 115.790162601329868, -0.170402174276146, 0.0 ], [ 115.791113484349111, -0.170497963957394, 0.0 ], [ 115.791192740776054, -0.170509559555183, 0.0 ], [ 115.791270656651875, -0.170528214404439, 0.0 ], [ 115.79134661288164, -0.170553780280599, 0.0 ], [ 115.791964678006408, -0.170793143105359, 0.0 ], [ 115.792022156072235, -0.170817744664007, 0.0 ], [ 115.79207779756949, -0.170846306815954, 0.0 ], [ 115.792131333624127, -0.170878691542343, 0.0 ], [ 115.7934862970842, -0.171764275286693, 0.0 ], [ 115.793540097500639, -0.171802326035916, 0.0 ], [ 115.793590989823372, -0.171844235828667, 0.0 ], [ 115.793638701514951, -0.17188978023102, 0.0 ], [ 115.793682977070262, -0.171938715344503, 0.0 ], [ 115.794467402478261, -0.172872128382847, 0.0 ], [ 115.794505728092702, -0.172921056141558, 0.0 ], [ 115.794540616795388, -0.17297252416677, 0.0 ], [ 115.794571903022884, -0.173026288218011, 0.0 ], [ 115.795047294326679, -0.173911817380564, 0.0 ], [ 115.795075712040614, -0.173969583179702, 0.0 ], [ 115.795099970993434, -0.174029239847527, 0.0 ], [ 115.79558954841697, -0.175367304552488, 0.0 ], [ 115.796101330215237, -0.176538485936673, 0.0 ], [ 115.796120122986551, -0.176584946618567, 0.0 ], [ 115.796140901172691, -0.176647548543799, 0.0 ], [ 115.796361618043917, -0.177403219083607, 0.0 ], [ 115.797276784634121, -0.179468728710553, 0.0 ], [ 115.797360460349424, -0.179559428881436, 0.0 ], [ 115.797404059667187, -0.179610360248519, 0.0 ], [ 115.797443780641416, -0.179664411299524, 0.0 ], [ 115.798237930612416, -0.180833575161067, 0.0 ], [ 115.799228879991006, -0.181719103122873, 0.0 ], [ 115.800275115232282, -0.182429305105248, 0.0 ], [ 115.80082761206539, -0.182429294687877, 0.0 ], [ 115.801375473541398, -0.18209237086237, 0.0 ], [ 115.801927625333136, -0.18145841785625, 0.0 ], [ 115.801946835988531, -0.181437057305585, 0.0 ], [ 115.802565494693212, -0.180770807348794, 0.0 ], [ 115.802600982706593, -0.180734679084606, 0.0 ], [ 115.802629119662967, -0.180708728402298, 0.0 ], [ 115.803559539420704, -0.179886498218455, 0.0 ], [ 115.803753917015598, -0.179586095084526, 0.0 ], [ 115.80377990431468, -0.179548088761429, 0.0 ], [ 115.80381842883267, -0.179498446384817, 0.0 ], [ 115.804147104176181, -0.179104037669093, 0.0 ], [ 115.804526786734883, -0.17854567910933, 0.0 ], [ 115.804566003601678, -0.17849231860615, 0.0 ], [ 115.804609001873303, -0.178441997107685, 0.0 ], [ 115.805139137908299, -0.177865762350645, 0.0 ], [ 115.805670338260569, -0.177219083450736, 0.0 ], [ 115.805706099104825, -0.177178127663542, 0.0 ], [ 115.805744246354251, -0.17713941567229, 0.0 ], [ 115.805784641371389, -0.177103088166999, 0.0 ], [ 115.806403302102723, -0.17657960614073, 0.0 ], [ 115.806421248321627, -0.176564814567601, 0.0 ], [ 115.806485325139121, -0.176517877209976, 0.0 ], [ 115.807212863148621, -0.17603285221736, 0.0 ], [ 115.807727323064228, -0.175561262685389, 0.0 ], [ 115.808174047205668, -0.175138049578497, 0.0 ], [ 115.808187624896348, -0.175125448819245, 0.0 ], [ 115.808680640084162, -0.174677253592428, 0.0 ], [ 115.809108154096691, -0.174210607005583, 0.0 ], [ 115.809167141165375, -0.174061876658047, 0.0 ], [ 115.809284418441933, -0.17375695546846, 0.0 ], [ 115.809312803792423, -0.173691052497865, 0.0 ], [ 115.809338118459834, -0.173642029287994, 0.0 ], [ 115.809529258068139, -0.173297979189118, 0.0 ], [ 115.80966772704285, -0.172843003406943, 0.0 ], [ 115.809689098809571, -0.172780925812201, 0.0 ], [ 115.809714890058743, -0.172720573722812, 0.0 ], [ 115.80974496472129, -0.17266226554259, 0.0 ], [ 115.809916596002793, -0.172357143717891, 0.0 ], [ 115.810055702409528, -0.171939826598022, 0.0 ], [ 115.810112080931049, -0.171582763908254, 0.0 ], [ 115.810154188118005, -0.171203797492843, 0.0 ], [ 115.810176615829405, -0.170732803552177, 0.0 ], [ 115.810179207222035, -0.170694978176461, 0.0 ], [ 115.810182616026097, -0.170663178616823, 0.0 ], [ 115.810264462015468, -0.170008407393282, 0.0 ], [ 115.810217745142097, -0.16958794474492, 0.0 ], [ 115.810068603340525, -0.169196451566189, 0.0 ], [ 115.810049035150428, -0.169139475350183, 0.0 ], [ 115.810033280295215, -0.169081313435989, 0.0 ], [ 115.810021408757493, -0.169022224179411, 0.0 ], [ 115.809950552801425, -0.168597084214724, 0.0 ], [ 115.809878788282816, -0.16818443963221, 0.0 ], [ 115.809531749762129, -0.167490359060341, 0.0 ], [ 115.808721241582745, -0.166226887998132, 0.0 ], [ 115.808480410587819, -0.165984406209016, 0.0 ], [ 115.808257787055894, -0.165792277187731, 0.0 ], [ 115.808044600697386, -0.165684950230144, 0.0 ], [ 115.807374803453143, -0.1654805689997, 0.0 ], [ 115.806585471194268, -0.165321589470623, 0.0 ], [ 115.806561747389367, -0.16531647494644, 0.0 ], [ 115.806531765321495, -0.165309035783612, 0.0 ], [ 115.805723516424734, -0.165093595534076, 0.0 ], [ 115.805706597940457, -0.165088907426496, 0.0 ], [ 115.804885217234997, -0.164852592536145, 0.0 ], [ 115.804254081115189, -0.164687821096012, 0.0 ], [ 115.804210178956936, -0.164675152327232, 0.0 ], [ 115.80337816308932, -0.164411845079, 0.0 ], [ 115.803369905979508, -0.164409187828217, 0.0 ], [ 115.803298893975892, -0.164382572162926, 0.0 ], [ 115.802879028353757, -0.164204567540753, 0.0 ], [ 115.802483868055376, -0.164071933035441, 0.0 ], [ 115.802415314231766, -0.164045748200248, 0.0 ], [ 115.802349109477561, -0.164014023113257, 0.0 ], [ 115.802285694693367, -0.163976969053246, 0.0 ], [ 115.802225492199995, -0.163934832787852, 0.0 ], [ 115.802168902924635, -0.163887894930491, 0.0 ], [ 115.801800495682386, -0.163556007585079, 0.0 ], [ 115.801470715034142, -0.163382076647642, 0.0 ], [ 115.801144614134344, -0.163278382792857, 0.0 ], [ 115.800577721469764, -0.163168595787153, 0.0 ], [ 115.800517930310747, -0.163154870738499, 0.0 ], [ 115.800459208422168, -0.163137071522698, 0.0 ], [ 115.800401829374351, -0.163115281061416, 0.0 ], [ 115.799831308500131, -0.16287592190724, 0.0 ], [ 115.799823753832001, -0.162872711572379, 0.0 ], [ 115.799794308808401, -0.162859404599579, 0.0 ], [ 115.799390190909492, -0.162667920497483, 0.0 ], [ 115.799382148622158, -0.162664060651871, 0.0 ], [ 115.798725584750215, -0.162344915335415, 0.0 ], [ 115.797713613075359, -0.16195122455526, 0.0 ], [ 115.797660185130454, -0.161928416528198, 0.0 ], [ 115.797608331187504, -0.161902183729885, 0.0 ], [ 115.797558267575141, -0.161872635600597, 0.0 ], [ 115.796472213551027, -0.161183245817861, 0.0 ], [ 115.795106341696055, -0.160353350910337, 0.0 ], [ 115.79356659559167, -0.159447005271479, 0.0 ], [ 115.793525087518063, -0.159421021792532, 0.0 ], [ 115.793517939615299, -0.159416221555716, 0.0 ], [ 115.792424457000479, -0.158674253364544, 0.0 ], [ 115.792368267194803, -0.158632850712934, 0.0 ], [ 115.791677963209466, -0.158081612923808, 0.0 ], [ 115.79162639543739, -0.158037012633046, 0.0 ], [ 115.79157832517248, -0.157988614484229, 0.0 ], [ 115.791534027653483, -0.157936695594579, 0.0 ], [ 115.791493756517937, -0.157881553240233, 0.0 ], [ 115.791080580318479, -0.157268483504801, 0.0 ], [ 115.790818165974187, -0.156983946126367, 0.0 ], [ 115.790770696907998, -0.156928084629402, 0.0 ], [ 115.790727890548894, -0.156868526892293, 0.0 ], [ 115.790690029645219, -0.156805666311847, 0.0 ], [ 115.79065736428015, -0.156739918101385, 0.0 ], [ 115.79063011021762, -0.156671716547928, 0.0 ], [ 115.790608447478732, -0.156601512143269, 0.0 ], [ 115.790426582234403, -0.155914769577162, 0.0 ], [ 115.790199368148279, -0.155251281699941, 0.0 ], [ 115.790182669379945, -0.155197052889216, 0.0 ], [ 115.790165683898152, -0.155123107716717, 0.0 ], [ 115.790094388960014, -0.154740184835283, 0.0 ], [ 115.790085853607749, -0.154684974286152, 0.0 ], [ 115.790080720614057, -0.154629338524905, 0.0 ], [ 115.790079009565659, -0.154573489850636, 0.0 ], [ 115.790079042589696, -0.153999112585924, 0.0 ], [ 115.790080990196557, -0.153939639873261, 0.0 ], [ 115.790086817761562, -0.153880424770034, 0.0 ], [ 115.790096500064593, -0.153821723544669, 0.0 ], [ 115.790191615021456, -0.15334308169928, 0.0 ], [ 115.790206498608896, -0.153280021731064, 0.0 ], [ 115.79022582955082, -0.153218196665662, 0.0 ], [ 115.790249508588346, -0.153157923956979, 0.0 ], [ 115.790415935498245, -0.152775016058196, 0.0 ], [ 115.790440811899316, -0.152722455778472, 0.0 ], [ 115.790468995541261, -0.152671615551048, 0.0 ], [ 115.790500369655859, -0.152622706013361, 0.0 ], [ 115.79071433754423, -0.152311597065343, 0.0 ], [ 115.790746308527332, -0.152267965832941, 0.0 ], [ 115.790780818716428, -0.152226341401516, 0.0 ], [ 115.790817744118954, -0.152186873325291, 0.0 ], [ 115.790984158040516, -0.152019356330278, 0.0 ], [ 115.791024865737043, -0.151980850688755, 0.0 ], [ 115.791067871449869, -0.151944966021322, 0.0 ], [ 115.791495790269195, -0.151609936987686, 0.0 ], [ 115.791508316787429, -0.151600305960558, 0.0 ], [ 115.791983782590549, -0.151241346916843, 0.0 ], [ 115.792027901616152, -0.151210077354983, 0.0 ], [ 115.79209085608305, -0.151171873713687, 0.0 ], [ 115.792827818828542, -0.150765065577268, 0.0 ], [ 115.792896847858302, -0.150730748079463, 0.0 ], [ 115.792968541654602, -0.150702505760849, 0.0 ], [ 115.793042373835092, -0.150680545979725, 0.0 ], [ 115.793117802316686, -0.150665029967098, 0.0 ], [ 115.793194273296365, -0.150656071643891, 0.0 ], [ 115.794164412845561, -0.15058466142731, 0.0 ], [ 115.794582722697001, -0.150549590855546, 0.0 ], [ 115.794993568323136, -0.150369786424967, 0.0 ], [ 115.795057383528103, -0.150344724199279, 0.0 ], [ 115.795122909909466, -0.150324629489467, 0.0 ], [ 115.795189766563382, -0.150309619106417, 0.0 ], [ 115.795257564852918, -0.150299780306035, 0.0 ], [ 115.795325910667344, -0.150295170281034, 0.0 ], [ 115.795394406713029, -0.1502958158299, 0.0 ], [ 115.795872128705966, -0.150319882625096, 0.0 ], [ 115.795947867890888, -0.150326944585873, 0.0 ], [ 115.795960542812779, -0.150328766482358, 0.0 ], [ 115.796430733576699, -0.150399796881076, 0.0 ], [ 115.797069710991565, -0.150488562555464, 0.0 ], [ 115.797544076465755, -0.150505644212899, 0.0 ], [ 115.797801078439534, -0.150429561712812, 0.0 ], [ 115.797991601864823, -0.150369633942309, 0.0 ], [ 115.798232946672741, -0.150155476327352, 0.0 ], [ 115.798410738655377, -0.14988355674667, 0.0 ], [ 115.798632042843053, -0.14941491465105, 0.0 ], [ 115.798762959859914, -0.148969795251225, 0.0 ], [ 115.798918184009707, -0.148147105598146, 0.0 ], [ 115.798921197237803, -0.148131851915129, 0.0 ], [ 115.799011089415529, -0.14769639872652, 0.0 ], [ 115.799034066724573, -0.147384397818197, 0.0 ], [ 115.798978976682619, -0.147257751021963, 0.0 ], [ 115.79875933982575, -0.146761232156954, 0.0 ], [ 115.798362648209036, -0.146352315351654, 0.0 ], [ 115.797730914606063, -0.146023485905742, 0.0 ], [ 115.797630230412452, -0.145998140148482, 0.0 ], [ 115.797589961330019, -0.145986995771696, 0.0 ], [ 115.796889055572066, -0.145775264797343, 0.0 ], [ 115.796301083619227, -0.145615865185437, 0.0 ], [ 115.794844135482236, -0.145284576612864, 0.0 ], [ 115.794765406747203, -0.145262747983756, 0.0 ], [ 115.794727578542279, -0.145249425686391, 0.0 ], [ 115.794157052657084, -0.145034004525264, 0.0 ], [ 115.794119403053244, -0.145018804087145, 0.0 ], [ 115.794049714663004, -0.144985173864555, 0.0 ], [ 115.793759973804598, -0.144829583856564, 0.0 ], [ 115.792976043793274, -0.144566466240831, 0.0 ], [ 115.79290704532032, -0.144540090758521, 0.0 ], [ 115.792895264389969, -0.144534920045258, 0.0 ], [ 115.792039482596522, -0.144151956821907, 0.0 ], [ 115.792002575851939, -0.144134419866929, 0.0 ], [ 115.791194344071457, -0.143727525671705, 0.0 ], [ 115.791184077364576, -0.143722273956225, 0.0 ], [ 115.790447157571251, -0.143339316782564, 0.0 ], [ 115.790433477711275, -0.143332056957922, 0.0 ], [ 115.790396976472607, -0.143311158133639, 0.0 ], [ 115.789250049154873, -0.142618283592028, 0.0 ], [ 115.787748992255885, -0.141920725374933, 0.0 ], [ 115.78769753018338, -0.141894765913123, 0.0 ], [ 115.787647824838487, -0.141865542299085, 0.0 ], [ 115.787600080227989, -0.141833174476934, 0.0 ], [ 115.786578137922575, -0.141091380414711, 0.0 ], [ 115.785409746005911, -0.140244378963164, 0.0 ], [ 115.784849170469428, -0.139883151372732, 0.0 ], [ 115.78422062031764, -0.139508125173719, 0.0 ], [ 115.784157909279486, -0.139467064224179, 0.0 ], [ 115.784098808725588, -0.139420893394891, 0.0 ], [ 115.78404372839799, -0.139369932786941, 0.0 ], [ 115.783993050166416, -0.139314535708826, 0.0 ], [ 115.783947125381388, -0.139255086226965, 0.0 ], [ 115.78390627243725, -0.139191996503084, 0.0 ], [ 115.783676049094865, -0.138799726865717, 0.0 ], [ 115.782560991140883, -0.1378713523133, 0.0 ], [ 115.782541906008603, -0.137855005944634, 0.0 ], [ 115.781971402257255, -0.137352397897299, 0.0 ], [ 115.781923539221239, -0.137307012514634, 0.0 ], [ 115.781879101269951, -0.137258224757872, 0.0 ], [ 115.780785646838922, -0.135965825819402, 0.0 ], [ 115.780742725848057, -0.135910935570776, 0.0 ], [ 115.780715986866554, -0.135871755375614, 0.0 ], [ 115.779836486386671, -0.134507571572583, 0.0 ], [ 115.779824915534235, -0.134489141505277, 0.0 ], [ 115.779634754649067, -0.134178012555065, 0.0 ], [ 115.779599972152226, -0.134115716852883, 0.0 ], [ 115.779570183187943, -0.134050851198849, 0.0 ], [ 115.779545573696623, -0.13398382047978, 0.0 ], [ 115.779526297289053, -0.13391504309691, 0.0 ], [ 115.779383692401822, -0.1333167292769, 0.0 ], [ 115.779379389734672, -0.133297782036, 0.0 ], [ 115.779273685098886, -0.13280814584347, 0.0 ], [ 115.779033505386948, -0.132148593633946, 0.0 ], [ 115.779009622356341, -0.132072872642898, 0.0 ], [ 115.778992431337144, -0.131995333927965, 0.0 ], [ 115.778982064950483, -0.131916575665395, 0.0 ], [ 115.778978603167587, -0.131837205439972, 0.0 ], [ 115.778978622490882, -0.131441163280878, 0.0 ], [ 115.778933752420514, -0.130853558053787, 0.0 ], [ 115.778931109221233, -0.130784181036007, 0.0 ], [ 115.778931128732438, -0.130410887821174, 0.0 ], [ 115.778907610708359, -0.12929569351238, 0.0 ], [ 115.778907408282492, -0.129276449214007, 0.0 ], [ 115.778907442254066, -0.128599512211731, 0.0 ], [ 115.778839813973931, -0.127850202021072, 0.0 ], [ 115.778838290629636, -0.127830950013941, 0.0 ], [ 115.778790777685643, -0.127136912244995, 0.0 ], [ 115.77878865139914, -0.127074677108224, 0.0 ], [ 115.778790937846821, -0.127010230598782, 0.0 ], [ 115.778838514837744, -0.126340129824942, 0.0 ], [ 115.778839849174446, -0.126323495560185, 0.0 ], [ 115.778841437780144, -0.126307356330406, 0.0 ], [ 115.778927724928394, -0.125504177552354, 0.0 ], [ 115.778865632412547, -0.124670189457678, 0.0 ], [ 115.778753477040837, -0.123992520588918, 0.0 ], [ 115.77874487279432, -0.123924900309401, 0.0 ], [ 115.77874197579915, -0.123879971628909, 0.0 ], [ 115.778719677960851, -0.123318128263119, 0.0 ], [ 115.77862898522703, -0.122564587084034, 0.0 ], [ 115.778626504992118, -0.122541501777443, 0.0 ], [ 115.778579926412732, -0.122048898794279, 0.0 ], [ 115.778545466365827, -0.121753906152295, 0.0 ], [ 115.778460897384946, -0.121515481364134, 0.0 ], [ 115.778440936260679, -0.12145189534347, 0.0 ], [ 115.778435384891381, -0.121430637278618, 0.0 ], [ 115.778344406290557, -0.121064200143971, 0.0 ], [ 115.778240848231576, -0.12087304448313, 0.0 ], [ 115.777870562109626, -0.121398277388013, 0.0 ], [ 115.777650627429651, -0.121760556308759, 0.0 ], [ 115.777515631162672, -0.122049323200163, 0.0 ], [ 115.777453384155109, -0.122284280329331, 0.0 ], [ 115.777409163207324, -0.122566145624969, 0.0 ], [ 115.777464701365403, -0.123013598736517, 0.0 ], [ 115.777468141138556, -0.123046076062631, 0.0 ], [ 115.777515777893925, -0.123597882020597, 0.0 ], [ 115.777519150666805, -0.123677604511684, 0.0 ], [ 115.777515531265067, -0.123757316040439, 0.0 ], [ 115.777504947855732, -0.123836396265982, 0.0 ], [ 115.777487482802869, -0.123914229760997, 0.0 ], [ 115.777344467530781, -0.124442053418974, 0.0 ], [ 115.777340857411986, -0.124454928394733, 0.0 ], [ 115.777126874295718, -0.125196818620603, 0.0 ], [ 115.777105207855286, -0.125262454211037, 0.0 ], [ 115.77708985061517, -0.125300937703266, 0.0 ], [ 115.776952848796157, -0.12562271886707, 0.0 ], [ 115.776753821246686, -0.126134700248046, 0.0 ], [ 115.776493398727595, -0.12694294847773, 0.0 ], [ 115.776266008226287, -0.128110160417584, 0.0 ], [ 115.776250415761041, -0.128176753060971, 0.0 ], [ 115.776248224261167, -0.128184607512655, 0.0 ], [ 115.776105568184249, -0.128687177666538, 0.0 ], [ 115.776103628829645, -0.128693911031572, 0.0 ], [ 115.7759847497652, -0.12910075315544, 0.0 ], [ 115.775967160338155, -0.129154646440755, 0.0 ], [ 115.775872058285515, -0.129417895516094, 0.0 ], [ 115.775851773234677, -0.129469126667268, 0.0 ], [ 115.775828424524605, -0.12951901799526, 0.0 ], [ 115.775802098958465, -0.129567384019016, 0.0 ], [ 115.775571734291418, -0.129961599711152, 0.0 ], [ 115.775450461767733, -0.130185404385405, 0.0 ], [ 115.7753204226577, -0.130469018585177, 0.0 ], [ 115.775295262132047, -0.130519664120469, 0.0 ], [ 115.775267003063746, -0.130568625427175, 0.0 ], [ 115.775235756206754, -0.130615710613774, 0.0 ], [ 115.774998019080797, -0.130950750665288, 0.0 ], [ 115.774962097720888, -0.130998006868968, 0.0 ], [ 115.774923167728403, -0.131042783023401, 0.0 ], [ 115.77488139758924, -0.131084885340688, 0.0 ], [ 115.774561800173558, -0.131386496707133, 0.0 ], [ 115.774349553533625, -0.131677843673074, 0.0 ], [ 115.774305505046186, -0.131733567761378, 0.0 ], [ 115.774257238503111, -0.131785630413737, 0.0 ], [ 115.774205053102378, -0.131833708900469, 0.0 ], [ 115.774149272335364, -0.13187750518994, 0.0 ], [ 115.774090241978911, -0.131916747794765, 0.0 ], [ 115.773225037831637, -0.132443894038451, 0.0 ], [ 115.773145738160522, -0.132503762160098, 0.0 ], [ 115.773041224598089, -0.132623999836683, 0.0 ], [ 115.77287481077299, -0.132815449705428, 0.0 ], [ 115.772863458270606, -0.132828262678922, 0.0 ], [ 115.772625726152867, -0.133091505696418, 0.0 ], [ 115.772575200774881, -0.133143136366685, 0.0 ], [ 115.772520731497721, -0.13319052876642, 0.0 ], [ 115.772462668044739, -0.133233378609839, 0.0 ], [ 115.772401383216845, -0.133271410776946, 0.0 ], [ 115.772079333751094, -0.133453761275533, 0.0 ], [ 115.771704236173889, -0.133747440516926, 0.0 ], [ 115.771656408317938, -0.133782407182472, 0.0 ], [ 115.771606400191345, -0.133814132172679, 0.0 ], [ 115.771554428236428, -0.133842478178489, 0.0 ], [ 115.771126520096459, -0.134057845087249, 0.0 ], [ 115.77107783446364, -0.134080545518319, 0.0 ], [ 115.771031759612825, -0.134098873427128, 0.0 ], [ 115.770770262544602, -0.13419458935736, 0.0 ], [ 115.770695565120391, -0.134218274688905, 0.0 ], [ 115.770619102698944, -0.13423532142229, 0.0 ], [ 115.77054145621922, -0.13424560004233, 0.0 ], [ 115.770463215616473, -0.134249032455571, 0.0 ], [ 115.770307541968236, -0.134249025035544, 0.0 ], [ 115.770062088041868, -0.134268020334152, 0.0 ], [ 115.769765753416451, -0.134310623500761, 0.0 ], [ 115.769632226017364, -0.13438902984781, 0.0 ], [ 115.769625281691006, -0.13439306580602, 0.0 ], [ 115.769292464571819, -0.13458450674539, 0.0 ], [ 115.769244922061802, -0.134609982201066, 0.0 ], [ 115.769195948775661, -0.134632544102647, 0.0 ], [ 115.769145720686723, -0.134652111379839, 0.0 ], [ 115.768743178796328, -0.134795117977866, 0.0 ], [ 115.768683126868012, -0.134816707657474, 0.0 ], [ 115.7686172527671, -0.134837553904121, 0.0 ], [ 115.768549982972061, -0.134853245477935, 0.0 ], [ 115.768481714827189, -0.134863689693951, 0.0 ], [ 115.768249119800956, -0.134890114616885, 0.0 ], [ 115.768188632332553, -0.134894910926055, 0.0 ], [ 115.768115068454236, -0.134895198205332, 0.0 ], [ 115.767624985515909, -0.134876899444709, 0.0 ], [ 115.765756138935956, -0.134905167763949, 0.0 ], [ 115.76573283047, -0.134905215916467, 0.0 ], [ 115.765618739882967, -0.134903961653455, 0.0 ], [ 115.765594380339977, -0.134958446547133, 0.0 ], [ 115.763262740497979, -0.134765445552594, 0.0 ], [ 115.76328751850923, -0.134735626948668, 0.0 ], [ 115.763292813168889, -0.134729581100252, 0.0 ], [ 115.763316167141127, -0.134703152060106, 0.0 ], [ 115.763260637668225, -0.134688238924189, 0.0 ], [ 115.763206194098288, -0.134669706899178, 0.0 ], [ 115.763153068859793, -0.134647635101737, 0.0 ], [ 115.762823666943248, -0.134498386014769, 0.0 ], [ 115.762764733438956, -0.134469027448135, 0.0 ], [ 115.762708090550717, -0.134435408326866, 0.0 ], [ 115.762654041657285, -0.134397708714915, 0.0 ], [ 115.762602876244529, -0.134356130531766, 0.0 ], [ 115.762186835890148, -0.13399194590091, 0.0 ], [ 115.762111325386044, -0.133925847299166, 0.0 ], [ 115.762059177736717, -0.133876388755084, 0.0 ], [ 115.762011110228755, -0.133822904485152, 0.0 ], [ 115.761595428907128, -0.133321572024272, 0.0 ], [ 115.761062826478764, -0.133004078336363, 0.0 ], [ 115.760397442731119, -0.132632220485276, 0.0 ], [ 115.760338516653491, -0.132596245690534, 0.0 ], [ 115.760280655471931, -0.1325543819637, 0.0 ], [ 115.759479096800206, -0.131924448861862, 0.0 ], [ 115.759471738220071, -0.131918603416193, 0.0 ], [ 115.759449170199787, -0.131899869795186, 0.0 ], [ 115.758597521571147, -0.13116915271542, 0.0 ], [ 115.758559380398751, -0.131134483635928, 0.0 ], [ 115.758545251767615, -0.131120580351434, 0.0 ], [ 115.75822236706027, -0.130795780481137, 0.0 ], [ 115.757624350279087, -0.130194217308804, 0.0 ], [ 115.756501124583806, -0.129105442137958, 0.0 ], [ 115.756481041045362, -0.129085351145173, 0.0 ], [ 115.755614483580757, -0.12819071630565, 0.0 ], [ 115.754865033476889, -0.127750938006041, 0.0 ], [ 115.753864536306054, -0.127316327103887, 0.0 ], [ 115.752967012468716, -0.127054955702388, 0.0 ], [ 115.752938989658233, -0.12704629390529, 0.0 ], [ 115.752908178147138, -0.127035587655076, 0.0 ], [ 115.751881169360502, -0.126657602354174, 0.0 ], [ 115.75187440040159, -0.126655079997587, 0.0 ], [ 115.750923006827676, -0.126296175834661, 0.0 ], [ 115.750048660866526, -0.126082211127287, 0.0 ], [ 115.74998447984656, -0.12606394021763, 0.0 ], [ 115.749921822018422, -0.126040926357125, 0.0 ], [ 115.74986103268273, -0.126013296372902, 0.0 ], [ 115.749802446842722, -0.125981202530961, 0.0 ], [ 115.749542587511144, -0.125825995537414, 0.0 ], [ 115.749000883143239, -0.125502445993994, 0.0 ], [ 115.748941010651379, -0.12546336858087, 0.0 ], [ 115.748884407224423, -0.125419631193136, 0.0 ], [ 115.747832369680452, -0.124537734085313, 0.0 ], [ 115.747786354480354, -0.124496387268269, 0.0 ], [ 115.747776839679958, -0.124487091767143, 0.0 ], [ 115.746674218213258, -0.123393865734235, 0.0 ], [ 115.746628023293468, -0.123344495338878, 0.0 ], [ 115.746609510244284, -0.123322460855606, 0.0 ], [ 115.745933212612954, -0.122490974912378, 0.0 ], [ 115.745924141991026, -0.122479637979977, 0.0 ], [ 115.744983198726771, -0.121284030980308, 0.0 ], [ 115.744393450351112, -0.120591915376952, 0.0 ], [ 115.744348484629882, -0.120534617455224, 0.0 ], [ 115.744315519954696, -0.120485643774262, 0.0 ], [ 115.743589140398939, -0.119326614959875, 0.0 ], [ 115.743558690772716, -0.119274210381001, 0.0 ], [ 115.743531801694729, -0.119219867421602, 0.0 ], [ 115.743508594307286, -0.119163830911503, 0.0 ], [ 115.742660084501523, -0.11690436473089, 0.0 ], [ 115.742462936417709, -0.116408554884662, 0.0 ], [ 115.742436657892426, -0.116332915680803, 0.0 ], [ 115.742417132120281, -0.116255231859882, 0.0 ], [ 115.742404512349111, -0.116176113122848, 0.0 ], [ 115.74239889762481, -0.116096180432618, 0.0 ], [ 115.742374819760215, -0.115174320157056, 0.0 ], [ 115.742328442770969, -0.114730991298381, 0.0 ], [ 115.74232711464947, -0.114717296137262, 0.0 ], [ 115.742323501258142, -0.114636217903551, 0.0 ], [ 115.742323523274635, -0.11410711021304, 0.0 ], [ 115.742327143724808, -0.114026029675297, 0.0 ], [ 115.742338008488758, -0.113945383781779, 0.0 ], [ 115.742638713938021, -0.112282272986905, 0.0 ], [ 115.742652030068797, -0.1122208323546, 0.0 ], [ 115.742669554519367, -0.112160471692397, 0.0 ], [ 115.742691202581881, -0.11210148276665, 0.0 ], [ 115.742916668450107, -0.11154718992143, 0.0 ], [ 115.742938647218239, -0.111497475861059, 0.0 ], [ 115.742944670920664, -0.111485125768245, 0.0 ], [ 115.743128410659125, -0.111115544867506, 0.0 ], [ 115.743312056650069, -0.110654225580601, 0.0 ], [ 115.743336565979362, -0.110598223093107, 0.0 ], [ 115.743350711487025, -0.110569932862682, 0.0 ], [ 115.743578478355914, -0.110133604965887, 0.0 ], [ 115.74361797320276, -0.110065358607832, 0.0 ], [ 115.743663231375876, -0.110000841152676, 0.0 ], [ 115.743713907773582, -0.109940544558572, 0.0 ], [ 115.744234501510604, -0.109373325591482, 0.0 ], [ 115.74427352963157, -0.109333360525214, 0.0 ], [ 115.744310017501647, -0.109300119410206, 0.0 ], [ 115.744799936069981, -0.108877777100371, 0.0 ], [ 115.745110096258671, -0.108536587419446, 0.0 ], [ 115.745152025211098, -0.108493446523694, 0.0 ], [ 115.745194962108584, -0.108454698637175, 0.0 ], [ 115.745894986792706, -0.107862635596268, 0.0 ], [ 115.745954626773567, -0.107816343465935, 0.0 ], [ 115.74601790805923, -0.107775242176239, 0.0 ], [ 115.746084386058357, -0.107739620489766, 0.0 ], [ 115.746153593721303, -0.107709728671702, 0.0 ], [ 115.747166287448849, -0.107322072401076, 0.0 ], [ 115.747241836229591, -0.107296946971673, 0.0 ], [ 115.747319296734034, -0.107278648855964, 0.0 ], [ 115.748303458580651, -0.107092019537353, 0.0 ], [ 115.748358551388748, -0.107083344868697, 0.0 ], [ 115.748414072617649, -0.107078127599221, 0.0 ], [ 115.748469808399037, -0.107076387826318, 0.0 ], [ 115.749254277375954, -0.107076420553972, 0.0 ], [ 115.749325615194465, -0.107079279241314, 0.0 ], [ 115.749396502327755, -0.107087831302273, 0.0 ], [ 115.749466491169272, -0.107102022736575, 0.0 ], [ 115.750015228243683, -0.107236330558733, 0.0 ], [ 115.750090128252481, -0.107258168579227, 0.0 ], [ 115.750162865091013, -0.107286463122779, 0.0 ], [ 115.750232890771343, -0.107321001023217, 0.0 ], [ 115.750299677730766, -0.107361522077899, 0.0 ], [ 115.750500321266443, -0.107496193365735, 0.0 ], [ 115.75065794464723, -0.107601990608714, 0.0 ], [ 115.750681796619233, -0.107618565738144, 0.0 ], [ 115.75134738587785, -0.108097233634431, 0.0 ], [ 115.751385344534839, -0.10812608987918, 0.0 ], [ 115.751409872031502, -0.10814650928161, 0.0 ], [ 115.752075462325621, -0.108720905221703, 0.0 ], [ 115.752133171560075, -0.108775321032161, 0.0 ], [ 115.752185905109926, -0.108834634092905, 0.0 ], [ 115.752233254558945, -0.108898385031177, 0.0 ], [ 115.752274853190372, -0.108966080102766, 0.0 ], [ 115.752310378826635, -0.109037195016452, 0.0 ], [ 115.752820462011684, -0.110181073825888, 0.0 ], [ 115.753162199190029, -0.110823345837532, 0.0 ], [ 115.753179707816955, -0.110858023679471, 0.0 ], [ 115.753208424858173, -0.110925671099562, 0.0 ], [ 115.753690441140733, -0.111616559177781, 0.0 ], [ 115.753731278598551, -0.111680671476557, 0.0 ], [ 115.753766613797978, -0.111748015187237, 0.0 ], [ 115.753796196213813, -0.1118181128468, 0.0 ], [ 115.75381981610775, -0.111890467465673, 0.0 ], [ 115.754570632861004, -0.114565248621452, 0.0 ], [ 115.756095607460125, -0.118616676780986, 0.0 ], [ 115.758146140099925, -0.121032977908862, 0.0 ], [ 115.760444662226519, -0.122969291155014, 0.0 ], [ 115.76230489305874, -0.123257422628708, 0.0 ], [ 115.76362251760365, -0.122977076021065, 0.0 ], [ 115.76403355273689, -0.122659458035006, 0.0 ], [ 115.764172751704763, -0.122259260444541, 0.0 ], [ 115.764112644286698, -0.120996971930534, 0.0 ], [ 115.763659390628064, -0.118521505277843, 0.0 ], [ 115.763266550718711, -0.116343048044964, 0.0 ], [ 115.763255723451664, -0.116262569918712, 0.0 ], [ 115.763253274961642, -0.116227575067078, 0.0 ], [ 115.763110509146514, -0.113407915022673, 0.0 ], [ 115.763109753681519, -0.113334560918258, 0.0 ], [ 115.763114905167413, -0.113261386424742, 0.0 ], [ 115.763125929721156, -0.113188872846093, 0.0 ], [ 115.76355423349834, -0.110975974573226, 0.0 ], [ 115.763570036210808, -0.11090829693005, 0.0 ], [ 115.763583778812418, -0.110862860946091, 0.0 ], [ 115.764258211427773, -0.108826511552116, 0.0 ], [ 115.764282318571446, -0.108762021134839, 0.0 ], [ 115.764311232194913, -0.108699565349984, 0.0 ], [ 115.76434478450399, -0.108639506648406, 0.0 ], [ 115.766119850519914, -0.105727598221867, 0.0 ], [ 115.766158760250192, -0.105669017070241, 0.0 ], [ 115.766189147198361, -0.105629279740648, 0.0 ], [ 115.767530414652299, -0.103972419912266, 0.0 ], [ 115.767592255483365, -0.103896025854386, 0.0 ], [ 115.768223492846914, -0.103116263143956, 0.0 ], [ 115.768240718557848, -0.103095620349154, 0.0 ], [ 115.771412557412503, -0.099407602710356, 0.0 ], [ 115.773325000381561, -0.097193856710193, 0.0 ], [ 115.774931036571218, -0.095297570800361, 0.0 ], [ 115.775797544245933, -0.093864499684796, 0.0 ], [ 115.775792465124297, -0.093311379601, 0.0 ], [ 115.77511780751999, -0.091617434456206, 0.0 ], [ 115.774104945306448, -0.09001817488691, 0.0 ], [ 115.772816564144918, -0.088970291490081, 0.0 ], [ 115.771029871729937, -0.088180108912515, 0.0 ], [ 115.768575006452139, -0.087816637671303, 0.0 ], [ 115.768218545632251, -0.087816625502982, 0.0 ], [ 115.767779745592065, -0.088074297231527, 0.0 ], [ 115.766784714584034, -0.088670523956413, 0.0 ], [ 115.766750917711974, -0.088689791650367, 0.0 ], [ 115.766741168734782, -0.088694995262635, 0.0 ], [ 115.765148419208145, -0.089532566927801, 0.0 ], [ 115.765141161399001, -0.08953634137578, 0.0 ], [ 115.76295410468579, -0.090661075905024, 0.0 ], [ 115.762898475090736, -0.090687310321944, 0.0 ], [ 115.762842552480478, -0.090709178679726, 0.0 ], [ 115.760536646912414, -0.091522790041737, 0.0 ], [ 115.760517090289312, -0.091529437421671, 0.0 ], [ 115.76043877658573, -0.091551164092579, 0.0 ], [ 115.758935874974497, -0.091894270885289, 0.0 ], [ 115.758857749911755, -0.091908485630168, 0.0 ], [ 115.758819048182801, -0.091912904365974, 0.0 ], [ 115.756559104986025, -0.092121091601687, 0.0 ], [ 115.756499684868203, -0.092124572299051, 0.0 ], [ 115.756440166222504, -0.092124084594275, 0.0 ], [ 115.756380810257639, -0.092119630628172, 0.0 ], [ 115.754170035366045, -0.091879381872429, 0.0 ], [ 115.75409100197507, -0.09186719069749, 0.0 ], [ 115.754013358126002, -0.09184797409706, 0.0 ], [ 115.751738643516688, -0.091175629392021, 0.0 ], [ 115.751666230458056, -0.091150809342164, 0.0 ], [ 115.751596176984464, -0.091119878095558, 0.0 ], [ 115.751528990899843, -0.091083059867132, 0.0 ], [ 115.751465159221794, -0.09104062154552, 0.0 ], [ 115.751405144653233, -0.090992870757504, 0.0 ], [ 115.750096553235096, -0.08985731364968, 0.0 ], [ 115.750054413025168, -0.089818322634406, 0.0 ], [ 115.750014824291739, -0.089776709555673, 0.0 ], [ 115.749977947688421, -0.089732643282754, 0.0 ], [ 115.749669014858398, -0.089338665317379, 0.0 ], [ 115.749662642562058, -0.089330441764823, 0.0 ], [ 115.749515318555211, -0.089138040631556, 0.0 ], [ 115.749377721578853, -0.089005030401777, 0.0 ], [ 115.748881621590897, -0.088525467167918, 0.0 ], [ 115.748827275381558, -0.088468118003361, 0.0 ], [ 115.748819954523626, -0.088459574604307, 0.0 ], [ 115.747772991079529, -0.087222254675955, 0.0 ], [ 115.747746578006797, -0.087189523239861, 0.0 ], [ 115.746794794535276, -0.085952203358896, 0.0 ], [ 115.746754739380918, -0.085895790358207, 0.0 ], [ 115.746719094676877, -0.085836453931027, 0.0 ], [ 115.746688069919671, -0.085774542819095, 0.0 ], [ 115.746661847452742, -0.08571042089675, 0.0 ], [ 115.745604988888829, -0.082815540454727, 0.0 ], [ 115.745581341576397, -0.082740942048375, 0.0 ], [ 115.7455641917321, -0.082664564140513, 0.0 ], [ 115.745553667887449, -0.082586979154081, 0.0 ], [ 115.745549848913953, -0.08250876855864, 0.0 ], [ 115.745552763433366, -0.082430518512341, 0.0 ], [ 115.745562389602867, -0.082352815469559, 0.0 ], [ 115.745578655277953, -0.08227624178419, 0.0 ], [ 115.745601438553464, -0.082201371346583, 0.0 ], [ 115.745630568677839, -0.082128765281838, 0.0 ], [ 115.745665827332402, -0.08205896774467, 0.0 ], [ 115.745706950266907, -0.081992501840864, 0.0 ], [ 115.745753629281396, -0.081929865706747, 0.0 ], [ 115.745805514534638, -0.081871528776564, 0.0 ], [ 115.745862217167101, -0.081817928263242, 0.0 ], [ 115.745923312214487, -0.081769465882426, 0.0 ], [ 115.745988341792696, -0.081726504841486, 0.0 ], [ 115.746056818530789, -0.081689367117509, 0.0 ], [ 115.746128229221924, -0.081658331043755, 0.0 ], [ 115.746202038669921, -0.081633629224734, 0.0 ], [ 115.7469308975394, -0.081424505441175, 0.0 ], [ 115.747172982347536, -0.082392844692551, 0.0 ], [ 115.748554389027944, -0.08481030724962, 0.0 ] ] ] ] } },
{ "type": "Feature", "properties": { "Toponim": "Borang", "subws_id": 20, "Kelas": 0, "Kls_Pr": "Dipertahankan" }, "geometry": { "type": "MultiPolygon", "coordinates": [ [ [ [ 115.873763292459316, -0.301412250311373, 0.0 ], [ 115.873763286048188, -0.301518372723241, 0.0 ], [ 115.873961280515573, -0.303601690606464, 0.0 ], [ 115.872923800247563, -0.303420397423025, 0.0 ], [ 115.872906782956207, -0.303417253553991, 0.0 ], [ 115.871073117029184, -0.303060086983637, 0.0 ], [ 115.871020283079147, -0.30304812243302, 0.0 ], [ 115.870968261064434, -0.303032975302812, 0.0 ], [ 115.870917239958857, -0.303014700616081, 0.0 ], [ 115.870560656016238, -0.302874654517412, 0.0 ], [ 115.870509216497425, -0.302852571465199, 0.0 ], [ 115.870459241161512, -0.302827309735275, 0.0 ], [ 115.870410923590043, -0.302798967180429, 0.0 ], [ 115.870211242647585, -0.302673298139474, 0.0 ], [ 115.870160318209827, -0.302638757831512, 0.0 ], [ 115.870111856023797, -0.30260079666437, 0.0 ], [ 115.870066082422397, -0.30255959192842, 0.0 ], [ 115.870023211182271, -0.302515336062438, 0.0 ], [ 115.869957538970084, -0.302442737207673, 0.0 ], [ 115.869485619821191, -0.302150057683306, 0.0 ], [ 115.868706751099324, -0.301682499805715, 0.0 ], [ 115.867841301361835, -0.301184509991216, 0.0 ], [ 115.867774469391193, -0.301142022675498, 0.0 ], [ 115.867711605070454, -0.301093786733765, 0.0 ], [ 115.86733955421191, -0.300781335687511, 0.0 ], [ 115.867320055564804, -0.300764478659263, 0.0 ], [ 115.866815176766977, -0.300315210606636, 0.0 ], [ 115.866808105089774, -0.300308850620007, 0.0 ], [ 115.866365818270253, -0.299906830577454, 0.0 ], [ 115.866319390182525, -0.299861470094356, 0.0 ], [ 115.866276324717049, -0.299812863842263, 0.0 ], [ 115.866236845156578, -0.299761263831607, 0.0 ], [ 115.865816138389462, -0.299168410878255, 0.0 ], [ 115.865790700038289, -0.299130578964901, 0.0 ], [ 115.8654840592189, -0.298648765019347, 0.0 ], [ 115.865469231991071, -0.298624643025081, 0.0 ], [ 115.865451924919313, -0.298594144348962, 0.0 ], [ 115.864483265936087, -0.296807496912176, 0.0 ], [ 115.864159136970812, -0.296259632165821, 0.0 ], [ 115.864120490416568, -0.296186963361384, 0.0 ], [ 115.863893657546924, -0.295706096068299, 0.0 ], [ 115.863869953344391, -0.295651230772024, 0.0 ], [ 115.863849903767658, -0.295594907929129, 0.0 ], [ 115.863833596533425, -0.295537373951293, 0.0 ], [ 115.863714778640471, -0.29505870207896, 0.0 ], [ 115.863699914894639, -0.294986388551408, 0.0 ], [ 115.863690959856655, -0.294913095413842, 0.0 ], [ 115.863687973209011, -0.294839311142824, 0.0 ], [ 115.863688029253041, -0.294288852078694, 0.0 ], [ 115.863691777556724, -0.294206418280201, 0.0 ], [ 115.86372712453273, -0.293824297174274, 0.0 ], [ 115.863730924790246, -0.293790224343113, 0.0 ], [ 115.863826566787836, -0.293058123574774, 0.0 ], [ 115.863831871820423, -0.293022896915366, 0.0 ], [ 115.864034061785773, -0.291838235287034, 0.0 ], [ 115.864045142038165, -0.291783499928042, 0.0 ], [ 115.864059557147542, -0.291729557472335, 0.0 ], [ 115.864214133090329, -0.29121501362459, 0.0 ], [ 115.864232986662316, -0.291158945427667, 0.0 ], [ 115.864262472644654, -0.291088964061892, 0.0 ], [ 115.864595365495376, -0.290382975240859, 0.0 ], [ 115.864620720187929, -0.2903332329229, 0.0 ], [ 115.864649078959133, -0.290285162550382, 0.0 ], [ 115.864680333469195, -0.290238947767015, 0.0 ], [ 115.865155987499548, -0.2895806630623, 0.0 ], [ 115.865200122838587, -0.289524410199849, 0.0 ], [ 115.865248544255579, -0.289471852380301, 0.0 ], [ 115.865300947651875, -0.289423319680371, 0.0 ], [ 115.865357003920565, -0.289379116898081, 0.0 ], [ 115.865416361014496, -0.289339521638987, 0.0 ], [ 115.866082048770267, -0.288932726553393, 0.0 ], [ 115.866140619217376, -0.288899880534504, 0.0 ], [ 115.866201459435359, -0.288871522681444, 0.0 ], [ 115.866264230677118, -0.288847810885071, 0.0 ], [ 115.867013107479281, -0.288596589705225, 0.0 ], [ 115.86708880322962, -0.28857485523449, 0.0 ], [ 115.867166098030737, -0.288559873724047, 0.0 ], [ 115.867891186908963, -0.28845224851205, 0.0 ], [ 115.867948873932477, -0.288445595470819, 0.0 ], [ 115.868006867379876, -0.288442708034298, 0.0 ], [ 115.8680649249754, -0.288443598265437, 0.0 ], [ 115.868531900737352, -0.288467145256004, 0.0 ], [ 115.8694180712383, -0.288490405352629, 0.0 ], [ 115.870987699652972, -0.288467152236419, 0.0 ], [ 115.871250385996703, -0.288453395907651, 0.0 ], [ 115.87250285717036, -0.288371795881427, 0.0 ], [ 115.873550659521612, -0.288242737500408, 0.0 ], [ 115.874104332144498, -0.288054002517124, 0.0 ], [ 115.874948375695809, -0.287532000246259, 0.0 ], [ 115.875568935011785, -0.28700813682318, 0.0 ], [ 115.876109816848853, -0.286338091883827, 0.0 ], [ 115.876471496741004, -0.285806793980177, 0.0 ], [ 115.876648233290808, -0.285355520760979, 0.0 ], [ 115.876674627662666, -0.285294754848372, 0.0 ], [ 115.876709893428711, -0.2852282837966, 0.0 ], [ 115.877428218990701, -0.284000337926656, 0.0 ], [ 115.877735674871175, -0.283264082662568, 0.0 ], [ 115.878013069088468, -0.282415836412549, 0.0 ], [ 115.878138590156894, -0.281689653488802, 0.0 ], [ 115.878246828589937, -0.280546660479691, 0.0 ], [ 115.878172959943427, -0.279610666612164, 0.0 ], [ 115.877958480569148, -0.278306882612917, 0.0 ], [ 115.877752703413108, -0.277284394792936, 0.0 ], [ 115.876964473126364, -0.274236612446204, 0.0 ], [ 115.876512779207346, -0.272715577489015, 0.0 ], [ 115.876509337020337, -0.272703690415566, 0.0 ], [ 115.876136542156701, -0.271382718183564, 0.0 ], [ 115.875708147231919, -0.270290747857879, 0.0 ], [ 115.875671398304064, -0.270213374142375, 0.0 ], [ 115.875554166041184, -0.270134677608801, 0.0 ], [ 115.875410074411604, -0.270105651067651, 0.0 ], [ 115.874955547615684, -0.270128488075121, 0.0 ], [ 115.874364909527856, -0.270164110128685, 0.0 ], [ 115.874135474009449, -0.270241079039004, 0.0 ], [ 115.873765663124601, -0.270408926628468, 0.0 ], [ 115.873341001953548, -0.270688065879172, 0.0 ], [ 115.872728438165211, -0.271377788084544, 0.0 ], [ 115.871941258220161, -0.27232384801395, 0.0 ], [ 115.871928356917167, -0.272339009171928, 0.0 ], [ 115.870560556740642, -0.27390730164633, 0.0 ], [ 115.870548543518552, -0.273920800543181, 0.0 ], [ 115.869538081063681, -0.275033590639134, 0.0 ], [ 115.869495628349199, -0.275077282099332, 0.0 ], [ 115.868751734883659, -0.275792513096732, 0.0 ], [ 115.86855936949425, -0.276049139728936, 0.0 ], [ 115.867755305577816, -0.277695133409431, 0.0 ], [ 115.867720302355622, -0.277759967729073, 0.0 ], [ 115.867698198601289, -0.277795323441581, 0.0 ], [ 115.867026888752207, -0.27881603217153, 0.0 ], [ 115.866198656829752, -0.280066480942552, 0.0 ], [ 115.86615497001506, -0.280126876593168, 0.0 ], [ 115.866106481345142, -0.280183436702175, 0.0 ], [ 115.866053521614035, -0.280235775411049, 0.0 ], [ 115.865348176328851, -0.280877462250386, 0.0 ], [ 115.864924318515122, -0.28135741680124, 0.0 ], [ 115.864884640997658, -0.281399541899836, 0.0 ], [ 115.864842361134251, -0.281439018008679, 0.0 ], [ 115.864797653068209, -0.281475682532497, 0.0 ], [ 115.863956024727202, -0.282121790482274, 0.0 ], [ 115.863897714466759, -0.282162979780135, 0.0 ], [ 115.863836346392915, -0.282199389446773, 0.0 ], [ 115.863772306208688, -0.282230790644866, 0.0 ], [ 115.863187464028343, -0.282489209526088, 0.0 ], [ 115.863130983071827, -0.282511903622237, 0.0 ], [ 115.863073106626473, -0.282530699447345, 0.0 ], [ 115.862374157458333, -0.282731667266965, 0.0 ], [ 115.862327254944702, -0.282743786952813, 0.0 ], [ 115.862290094979315, -0.28275149452327, 0.0 ], [ 115.861748060878071, -0.282851960368063, 0.0 ], [ 115.861694135523152, -0.282860260219192, 0.0 ], [ 115.86163980923989, -0.282865250244546, 0.0 ], [ 115.86158528228458, -0.282866912049806, 0.0 ], [ 115.860981575422727, -0.282866852605912, 0.0 ], [ 115.860413918426559, -0.282915432292218, 0.0 ], [ 115.860097451328244, -0.282989738253237, 0.0 ], [ 115.85965913893169, -0.283145428129846, 0.0 ], [ 115.859596969534465, -0.283164990465402, 0.0 ], [ 115.859533555765552, -0.283179967216374, 0.0 ], [ 115.859469230879085, -0.283190279676917, 0.0 ], [ 115.859404332917336, -0.283195873652926, 0.0 ], [ 115.859339202934677, -0.28319671974697, 0.0 ], [ 115.858725860896584, -0.283182298551862, 0.0 ], [ 115.858706440436336, -0.283181630333365, 0.0 ], [ 115.858695492886795, -0.283181066897783, 0.0 ], [ 115.857697031845873, -0.283123529578669, 0.0 ], [ 115.857627682042448, -0.283116809477231, 0.0 ], [ 115.857600578580957, -0.283112685840457, 0.0 ], [ 115.856830344603154, -0.282983371596867, 0.0 ], [ 115.8567592970535, -0.282968451787458, 0.0 ], [ 115.856689677401775, -0.282947807893785, 0.0 ], [ 115.855833876519625, -0.282655740645615, 0.0 ], [ 115.855781749417076, -0.282636118666816, 0.0 ], [ 115.855730928955381, -0.282613285504368, 0.0 ], [ 115.855681610099452, -0.282587328754594, 0.0 ], [ 115.854695383359157, -0.282028457531939, 0.0 ], [ 115.854641059719015, -0.281995069334264, 0.0 ], [ 115.854596943341022, -0.281963791652532, 0.0 ], [ 115.85379823062199, -0.281360603527896, 0.0 ], [ 115.853777126670877, -0.281344167231599, 0.0 ], [ 115.853755797004922, -0.281326492604262, 0.0 ], [ 115.85299987930189, -0.280680229516779, 0.0 ], [ 115.852960499681032, -0.280644496647881, 0.0 ], [ 115.852923552958543, -0.280606781284401, 0.0 ], [ 115.852415623655247, -0.280056975587821, 0.0 ], [ 115.851406531448077, -0.279335015289522, 0.0 ], [ 115.851387851246159, -0.279321282729918, 0.0 ], [ 115.850823161771146, -0.278894830382022, 0.0 ], [ 115.850258540209353, -0.278482641592065, 0.0 ], [ 115.850253406470358, -0.278478865853572, 0.0 ], [ 115.849519538869671, -0.277935105014354, 0.0 ], [ 115.848879779688417, -0.277519058558489, 0.0 ], [ 115.84804663275024, -0.277043658826759, 0.0 ], [ 115.84799853278119, -0.277014170265589, 0.0 ], [ 115.847952362347129, -0.276981705994815, 0.0 ], [ 115.847908302833986, -0.276946393554657, 0.0 ], [ 115.847437639019788, -0.276544275500206, 0.0 ], [ 115.847398032749425, -0.276508348985665, 0.0 ], [ 115.847346653682905, -0.276454632313724, 0.0 ], [ 115.846925324888844, -0.275976134315107, 0.0 ], [ 115.846920994562296, -0.275971180126919, 0.0 ], [ 115.846888400329149, -0.275931378932198, 0.0 ], [ 115.846630367074198, -0.275597323475644, 0.0 ], [ 115.846121834683657, -0.275215791002844, 0.0 ], [ 115.84609846753348, -0.275197651178397, 0.0 ], [ 115.846080399931992, -0.275182752045639, 0.0 ], [ 115.845557439137366, -0.274739943983678, 0.0 ], [ 115.845514797566395, -0.274701435852324, 0.0 ], [ 115.845492186987059, -0.27467888296901, 0.0 ], [ 115.845040547194301, -0.274212148950942, 0.0 ], [ 115.845006567795764, -0.274175013075215, 0.0 ], [ 115.844613476386442, -0.273719233107202, 0.0 ], [ 115.844566542150318, -0.273659970193656, 0.0 ], [ 115.844524700906078, -0.273596959640959, 0.0 ], [ 115.844488246422543, -0.273530643849893, 0.0 ], [ 115.844214912605636, -0.272980161950145, 0.0 ], [ 115.844189758494906, -0.272924940009504, 0.0 ], [ 115.844168343086523, -0.272868142800974, 0.0 ], [ 115.844150762980831, -0.272810026523833, 0.0 ], [ 115.844020059093722, -0.272319391655059, 0.0 ], [ 115.844005713084869, -0.272256710673298, 0.0 ], [ 115.843995828079329, -0.272193161798394, 0.0 ], [ 115.843990454063615, -0.272129066384333, 0.0 ], [ 115.843966728114921, -0.271638440538903, 0.0 ], [ 115.843965780765387, -0.271579949806609, 0.0 ], [ 115.843968590845847, -0.271521519744165, 0.0 ], [ 115.843975146602688, -0.271463394730901, 0.0 ], [ 115.844046510592804, -0.270972778887985, 0.0 ], [ 115.844060486617281, -0.270898499999075, 0.0 ], [ 115.844080574999396, -0.270825655449767, 0.0 ], [ 115.844106635418314, -0.270754754073836, 0.0 ], [ 115.844138485836567, -0.270686291132093, 0.0 ], [ 115.84417590377241, -0.270620744852021, 0.0 ], [ 115.844461221635839, -0.270166048943786, 0.0 ], [ 115.844501122727024, -0.270107659385806, 0.0 ], [ 115.844545442195113, -0.270052593986031, 0.0 ], [ 115.844593907964608, -0.270001190789988, 0.0 ], [ 115.844646222505133, -0.269953765360426, 0.0 ], [ 115.844702064659543, -0.269910608841247, 0.0 ], [ 115.845189441465848, -0.269563628798428, 0.0 ], [ 115.845254854381551, -0.269521213097131, 0.0 ], [ 115.845323667125925, -0.269484653743789, 0.0 ], [ 115.84596774037206, -0.269177589943072, 0.0 ], [ 115.846402437944946, -0.26892428348408, 0.0 ], [ 115.84642685125695, -0.268910563412595, 0.0 ], [ 115.84647266421031, -0.268887421499781, 0.0 ], [ 115.846900598073006, -0.268686426416026, 0.0 ], [ 115.846958052851605, -0.268661849763539, 0.0 ], [ 115.847017064059614, -0.268641348704326, 0.0 ], [ 115.847077346838759, -0.268625022201705, 0.0 ], [ 115.847138610192673, -0.268612949066739, 0.0 ], [ 115.847614073111032, -0.268536408926065, 0.0 ], [ 115.847684827328095, -0.268527899635605, 0.0 ], [ 115.847756028847172, -0.268525061707411, 0.0 ], [ 115.84811737911383, -0.268525095591966, 0.0 ], [ 115.848323725791261, -0.268525115072127, 0.0 ], [ 115.848927642161669, -0.268490081835282, 0.0 ], [ 115.849348673313614, -0.268460201523605, 0.0 ], [ 115.84966323643043, -0.268381063509886, 0.0 ], [ 115.849918655567464, -0.268243118640224, 0.0 ], [ 115.850233745986301, -0.267898790472011, 0.0 ], [ 115.850706518572309, -0.267387669925565, 0.0 ], [ 115.851152397229086, -0.266871815197764, 0.0 ], [ 115.851397852814458, -0.266428985295663, 0.0 ], [ 115.851600530941042, -0.265945105620183, 0.0 ], [ 115.851710677221376, -0.265415549733938, 0.0 ], [ 115.85175912249754, -0.264843125130495, 0.0 ], [ 115.851751067493964, -0.264452159506406, 0.0 ], [ 115.851569711656708, -0.264161637805609, 0.0 ], [ 115.851559099983874, -0.264144204215488, 0.0 ], [ 115.851541629654491, -0.264113404978288, 0.0 ], [ 115.851284925818277, -0.26363951005521, 0.0 ], [ 115.851264378097369, -0.26359920808836, 0.0 ], [ 115.85091276704685, -0.262864860500237, 0.0 ], [ 115.850601836599239, -0.262426543146233, 0.0 ], [ 115.850017965009258, -0.261609201818741, 0.0 ], [ 115.849984299266509, -0.261558558687992, 0.0 ], [ 115.849954096929963, -0.261505748512995, 0.0 ], [ 115.849927495072819, -0.261451010971324, 0.0 ], [ 115.849556713330188, -0.260618113140706, 0.0 ], [ 115.849553518122804, -0.260610850377389, 0.0 ], [ 115.849226413352284, -0.259858430533833, 0.0 ], [ 115.849209407621032, -0.259816483347998, 0.0 ], [ 115.849099113838378, -0.259523672819643, 0.0 ], [ 115.84899348153759, -0.259384582945687, 0.0 ], [ 115.848954613848463, -0.259329221773711, 0.0 ], [ 115.848919973869201, -0.259271085513383, 0.0 ], [ 115.848889756176021, -0.259210500722789, 0.0 ], [ 115.848864130504836, -0.259147807713261, 0.0 ], [ 115.848764309580119, -0.258874963777393, 0.0 ], [ 115.848740222304329, -0.258798941523154, 0.0 ], [ 115.848722883867097, -0.25872107796485, 0.0 ], [ 115.848712429198116, -0.258641979049223, 0.0 ], [ 115.848708939657101, -0.258562260336586, 0.0 ], [ 115.848708955425977, -0.258371752733315, 0.0 ], [ 115.848706632988055, -0.258344835035253, 0.0 ], [ 115.848666377677645, -0.258306557441757, 0.0 ], [ 115.848629654534506, -0.25826483518794, 0.0 ], [ 115.848596753207374, -0.258219997352458, 0.0 ], [ 115.848325046481193, -0.25784561077249, 0.0 ], [ 115.848279908170809, -0.257776860220339, 0.0 ], [ 115.848251525390083, -0.257725277940795, 0.0 ], [ 115.847975541039048, -0.257182705778625, 0.0 ], [ 115.84774742539939, -0.256838162706091, 0.0 ], [ 115.84772370951903, -0.256800349363132, 0.0 ], [ 115.847695326620951, -0.256748766886802, 0.0 ], [ 115.847395840816958, -0.256159991991772, 0.0 ], [ 115.847387337567099, -0.25614282889773, 0.0 ], [ 115.847144243842791, -0.255638851413161, 0.0 ], [ 115.847138664491922, -0.255627020119634, 0.0 ], [ 115.846914883644558, -0.25514335421512, 0.0 ], [ 115.846888127236625, -0.255079183898504, 0.0 ], [ 115.846876094237757, -0.255044807097063, 0.0 ], [ 115.846797008968167, -0.254803464397588, 0.0 ], [ 115.846710013135834, -0.254564983018241, 0.0 ], [ 115.846585974037168, -0.254304770505565, 0.0 ], [ 115.846554791476535, -0.254231176092661, 0.0 ], [ 115.846550852472021, -0.25422039967568, 0.0 ], [ 115.846252576697395, -0.253388107873613, 0.0 ], [ 115.846231608932086, -0.253321689882623, 0.0 ], [ 115.846224929790935, -0.253295833740123, 0.0 ], [ 115.846160115030941, -0.253028794806686, 0.0 ], [ 115.846080662879928, -0.252820773338566, 0.0 ], [ 115.846003210474805, -0.252641390825854, 0.0 ], [ 115.845325469414618, -0.250310335578943, 0.0 ], [ 115.8454035609481, -0.250273491958023, 0.0 ], [ 115.845393213538415, -0.250234722376504, 0.0 ], [ 115.845390549273489, -0.250224778316753, 0.0 ], [ 115.84537529255384, -0.250158169170431, 0.0 ], [ 115.845365182145031, -0.250090574137425, 0.0 ], [ 115.845360278228839, -0.250022395576727, 0.0 ], [ 115.845360609996078, -0.249954039320473, 0.0 ], [ 115.84536617547127, -0.249885912259221, 0.0 ], [ 115.845122016637546, -0.249091534125383, 0.0 ], [ 115.845102796024364, -0.249018258726969, 0.0 ], [ 115.845089735844198, -0.248943620712204, 0.0 ], [ 115.844955000752918, -0.247925629939268, 0.0 ], [ 115.84473276862758, -0.247097555265498, 0.0 ], [ 115.844721323184956, -0.247049791351716, 0.0 ], [ 115.844485056349342, -0.245931384125183, 0.0 ], [ 115.844178370981197, -0.244577091948109, 0.0 ], [ 115.843873349291286, -0.243277436485318, 0.0 ], [ 115.843640568031475, -0.242403663185003, 0.0 ], [ 115.843328622004847, -0.241796379076835, 0.0 ], [ 115.843316130527555, -0.241771094487652, 0.0 ], [ 115.842863491674819, -0.240811559100328, 0.0 ], [ 115.842834997641532, -0.240744257732494, 0.0 ], [ 115.842603045413057, -0.240128475839562, 0.0 ], [ 115.841417303054314, -0.238168595872178, 0.0 ], [ 115.840273997930737, -0.236741112125803, 0.0 ], [ 115.839072449992884, -0.235325825562242, 0.0 ], [ 115.838759686301842, -0.235064387333307, 0.0 ], [ 115.837634162513424, -0.234192300595977, 0.0 ], [ 115.837613297128485, -0.234178088128109, 0.0 ], [ 115.836897538003797, -0.23369055272647, 0.0 ], [ 115.836162744241136, -0.233320607188928, 0.0 ], [ 115.834727208519382, -0.232882536640374, 0.0 ], [ 115.833446080208972, -0.232682293632418, 0.0 ], [ 115.831888934927107, -0.232565175809772, 0.0 ], [ 115.831834798568224, -0.232559439235853, 0.0 ], [ 115.830267175781685, -0.232344101474687, 0.0 ], [ 115.828657395596551, -0.232129471224466, 0.0 ], [ 115.82571461230809, -0.231770844312601, 0.0 ], [ 115.825701906799651, -0.231769203337355, 0.0 ], [ 115.825682383096378, -0.231766319070294, 0.0 ], [ 115.82432736115075, -0.231550811631869, 0.0 ], [ 115.824267128935176, -0.231539097607027, 0.0 ], [ 115.824207831093787, -0.231523273175598, 0.0 ], [ 115.824149744053528, -0.231503412106262, 0.0 ], [ 115.824093138597704, -0.231479606985208, 0.0 ], [ 115.823627357621092, -0.231264640649334, 0.0 ], [ 115.823336696295911, -0.231212976890319, 0.0 ], [ 115.823258533195769, -0.231195435353303, 0.0 ], [ 115.823182232025218, -0.23117095696296, 0.0 ], [ 115.822866476834946, -0.231053813133803, 0.0 ], [ 115.822298062620561, -0.231034690966849, 0.0 ], [ 115.822237644839873, -0.231030603023068, 0.0 ], [ 115.822177637783639, -0.231022427407076, 0.0 ], [ 115.822118314012073, -0.231010201253895, 0.0 ], [ 115.821527832665396, -0.230867479521246, 0.0 ], [ 115.82066753906129, -0.230667537991589, 0.0 ], [ 115.820229253219722, -0.2306307312674, 0.0 ], [ 115.81929898390581, -0.230694507831617, 0.0 ], [ 115.81894205007184, -0.230757890252255, 0.0 ], [ 115.818877147544967, -0.230766972665535, 0.0 ], [ 115.818811760108346, -0.230771268913857, 0.0 ], [ 115.818746235540502, -0.230770756147047, 0.0 ], [ 115.818680922349273, -0.230765437092566, 0.0 ], [ 115.818286677308421, -0.230718709680705, 0.0 ], [ 115.817797365621317, -0.230671753452126, 0.0 ], [ 115.817726334206185, -0.2306620828678, 0.0 ], [ 115.817656303470201, -0.230646701558221, 0.0 ], [ 115.817587725667053, -0.230625708855009, 0.0 ], [ 115.817521043666389, -0.230599240327896, 0.0 ], [ 115.817456688095263, -0.230567466908782, 0.0 ], [ 115.817395074555975, -0.230530593788045, 0.0 ], [ 115.817336600944557, -0.230488859089942, 0.0 ], [ 115.817190396365291, -0.230437648997869, 0.0 ], [ 115.816488036131872, -0.230330455394292, 0.0 ], [ 115.816422701798345, -0.230317978356688, 0.0 ], [ 115.816360080465742, -0.230301170075075, 0.0 ], [ 115.815504289582208, -0.230037839816047, 0.0 ], [ 115.815444312445393, -0.230017026884876, 0.0 ], [ 115.815385943633743, -0.229992005138712, 0.0 ], [ 115.814268676893789, -0.229465395850238, 0.0 ], [ 115.81420252024445, -0.22943077477117, 0.0 ], [ 115.814139442752477, -0.229390750699287, 0.0 ], [ 115.814079878801294, -0.229345599260856, 0.0 ], [ 115.812891331275125, -0.228364265116419, 0.0 ], [ 115.812839365961793, -0.228317863714914, 0.0 ], [ 115.812791116508876, -0.228267559598336, 0.0 ], [ 115.812746871282926, -0.228213653414297, 0.0 ], [ 115.812706894720066, -0.228156467338427, 0.0 ], [ 115.812671425742792, -0.22809634314842, 0.0 ], [ 115.812220248561488, -0.227259463869976, 0.0 ], [ 115.811935451863789, -0.226733722662133, 0.0 ], [ 115.811907681730531, -0.226677966890659, 0.0 ], [ 115.811883794282252, -0.22662041703861, 0.0 ], [ 115.811863903099223, -0.226561346743691, 0.0 ], [ 115.811848102759427, -0.226501036873742, 0.0 ], [ 115.811729283865361, -0.225974510026539, 0.0 ], [ 115.811718923489209, -0.225921250677234, 0.0 ], [ 115.811711754461584, -0.225867461678304, 0.0 ], [ 115.811707802590263, -0.22581333666253, 0.0 ], [ 115.81168407463926, -0.225262887841423, 0.0 ], [ 115.811683229781877, -0.225223597131673, 0.0 ], [ 115.811683283616148, -0.224556938245286, 0.0 ], [ 115.811637444174494, -0.223794496360492, 0.0 ], [ 115.811635802887906, -0.223739772993767, 0.0 ], [ 115.811635870238788, -0.222934516835794, 0.0 ], [ 115.811547773578354, -0.222224549804881, 0.0 ], [ 115.811544454583171, -0.222193435246456, 0.0 ], [ 115.811540844017614, -0.222112353312388, 0.0 ], [ 115.811540899940042, -0.22140850631376, 0.0 ], [ 115.811517627203287, -0.220656784472212, 0.0 ], [ 115.811517879605447, -0.220593201869177, 0.0 ], [ 115.811522568211061, -0.220529794204345, 0.0 ], [ 115.81153166985257, -0.220466874787406, 0.0 ], [ 115.811663006466105, -0.219739992278795, 0.0 ], [ 115.8116775932601, -0.21935897771524, 0.0 ], [ 115.811568202291639, -0.219056052638713, 0.0 ], [ 115.811353803193384, -0.218643913518629, 0.0 ], [ 115.811268296362456, -0.218510853222384, 0.0 ], [ 115.810915339509734, -0.218366054870614, 0.0 ], [ 115.810136164911128, -0.218104512978868, 0.0 ], [ 115.809710874666322, -0.218086639941086, 0.0 ], [ 115.809420540770702, -0.218086616358685, 0.0 ], [ 115.809123763508964, -0.21808659276224, 0.0 ], [ 115.80844358674176, -0.218252536412013, 0.0 ], [ 115.808382805612226, -0.218265145216163, 0.0 ], [ 115.808321304919218, -0.218273500069519, 0.0 ], [ 115.807962329287264, -0.218309610356052, 0.0 ], [ 115.807691563843974, -0.218411806378641, 0.0 ], [ 115.807630436814136, -0.218432391993648, 0.0 ], [ 115.807568001108109, -0.218448512763023, 0.0 ], [ 115.807504578050171, -0.218460085722141, 0.0 ], [ 115.807440494046801, -0.218467051311057, 0.0 ], [ 115.807376078904966, -0.218469373681914, 0.0 ], [ 115.807090807069301, -0.218469350587399, 0.0 ], [ 115.806957432645049, -0.218469339543218, 0.0 ], [ 115.806742496712005, -0.218469322937814, 0.0 ], [ 115.80653473431164, -0.218484245754991, 0.0 ], [ 115.806458059480917, -0.218506293813678, 0.0 ], [ 115.806411156223334, -0.218518414747094, 0.0 ], [ 115.806358934912652, -0.218528781760655, 0.0 ], [ 115.805931024841826, -0.218600545628837, 0.0 ], [ 115.805863979031059, -0.218609194756127, 0.0 ], [ 115.805796477076939, -0.218612745113102, 0.0 ], [ 115.80572890102242, -0.21861117660624, 0.0 ], [ 115.805661633328981, -0.218604498113304, 0.0 ], [ 115.805595054712597, -0.218592747432893, 0.0 ], [ 115.805308948046218, -0.218531001864111, 0.0 ], [ 115.805022266074047, -0.218500597826607, 0.0 ], [ 115.80423559937293, -0.218625580870483, 0.0 ], [ 115.804216074691823, -0.218628462028153, 0.0 ], [ 115.804168079431363, -0.218633685747079, 0.0 ], [ 115.803288493332545, -0.218705412462054, 0.0 ], [ 115.803283079008537, -0.21870583740079, 0.0 ], [ 115.802332176905637, -0.218777558091778, 0.0 ], [ 115.802305289805247, -0.218779178422427, 0.0 ], [ 115.802224425618832, -0.218779160844589, 0.0 ], [ 115.801701190044284, -0.218755175571867, 0.0 ], [ 115.801620985699032, -0.21874786167136, 0.0 ], [ 115.801097602729243, -0.218675967284178, 0.0 ], [ 115.801085720665512, -0.218674253635154, 0.0 ], [ 115.800610277684683, -0.21860241847814, 0.0 ], [ 115.80054007973439, -0.218588918689487, 0.0 ], [ 115.800471169632871, -0.218569844771543, 0.0 ], [ 115.800403983370501, -0.218545317403914, 0.0 ], [ 115.800338946031189, -0.218515491771032, 0.0 ], [ 115.800276469102343, -0.218480556577976, 0.0 ], [ 115.800216947872613, -0.218440732858333, 0.0 ], [ 115.800160758928399, -0.218396272575122, 0.0 ], [ 115.800108257774923, -0.218347457026362, 0.0 ], [ 115.800053965879655, -0.218292791385381, 0.0 ], [ 115.799864872329422, -0.218220253385875, 0.0 ], [ 115.799576446986634, -0.218204098406861, 0.0 ], [ 115.799500318221476, -0.218196550881006, 0.0 ], [ 115.799425103104696, -0.218182511370246, 0.0 ], [ 115.799351346859083, -0.218162081645952, 0.0 ], [ 115.798684383309364, -0.21794619656773, 0.0 ], [ 115.798653626329269, -0.217935565655046, 0.0 ], [ 115.798151881558908, -0.217751837521126, 0.0 ], [ 115.797269355563714, -0.21747838676583, 0.0 ], [ 115.796912334574387, -0.217388499205255, 0.0 ], [ 115.796850464510655, -0.217370527482888, 0.0 ], [ 115.796790031941725, -0.217348140720703, 0.0 ], [ 115.796731347282417, -0.217321453910039, 0.0 ], [ 115.796674711969487, -0.217290604129153, 0.0 ], [ 115.796270599091812, -0.217051248041339, 0.0 ], [ 115.79623117666209, -0.217026494973358, 0.0 ], [ 115.796187057121557, -0.216995215970664, 0.0 ], [ 115.796048788217931, -0.216890797678242, 0.0 ], [ 115.795582769772338, -0.216634846913519, 0.0 ], [ 115.795518040889775, -0.216595654830742, 0.0 ], [ 115.795452279608895, -0.216547507389979, 0.0 ], [ 115.795200754935294, -0.216344900279231, 0.0 ], [ 115.795059843273805, -0.216337008029492, 0.0 ], [ 115.7949894131321, -0.216330254773495, 0.0 ], [ 115.794919729145064, -0.216317943583539, 0.0 ], [ 115.79485122338248, -0.216300150794853, 0.0 ], [ 115.794784320609381, -0.216276986730268, 0.0 ], [ 115.794719435650222, -0.216248595017381, 0.0 ], [ 115.79465697081929, -0.216215151697438, 0.0 ], [ 115.794371715904944, -0.216047601634757, 0.0 ], [ 115.794306495288239, -0.216005393838924, 0.0 ], [ 115.794245132075886, -0.215957682421171, 0.0 ], [ 115.794188083220689, -0.215904822674007, 0.0 ], [ 115.794135773548291, -0.215847208228197, 0.0 ], [ 115.794088592591976, -0.215785268121221, 0.0 ], [ 115.794046891694094, -0.215719463602445, 0.0 ], [ 115.793819242399266, -0.215323530089082, 0.0 ], [ 115.793702321473305, -0.215176371112963, 0.0 ], [ 115.793494250466154, -0.214966866197578, 0.0 ], [ 115.793022761465721, -0.214747745266102, 0.0 ], [ 115.792453326376489, -0.214484942909153, 0.0 ], [ 115.792387848149076, -0.214451397138283, 0.0 ], [ 115.792325311262033, -0.214412577793456, 0.0 ], [ 115.792266133862853, -0.214368744437269, 0.0 ], [ 115.792210711635562, -0.214320190157496, 0.0 ], [ 115.792159415155197, -0.214267239608628, 0.0 ], [ 115.792112587410614, -0.214210246839572, 0.0 ], [ 115.792070541511563, -0.214149592927737, 0.0 ], [ 115.792033558593332, -0.214085683429831, 0.0 ], [ 115.792001885938646, -0.214018945670939, 0.0 ], [ 115.791935431707387, -0.213862809430765, 0.0 ], [ 115.791900855351415, -0.213830895686664, 0.0 ], [ 115.791820977627467, -0.213795148280814, 0.0 ], [ 115.791760122421493, -0.213765097123542, 0.0 ], [ 115.791740113370011, -0.213753922141177, 0.0 ], [ 115.791240917517953, -0.213466694029516, 0.0 ], [ 115.791173180101666, -0.213423574568935, 0.0 ], [ 115.791109528812086, -0.213374549966611, 0.0 ], [ 115.791050470078574, -0.213320010277738, 0.0 ], [ 115.790996473790273, -0.213260389437584, 0.0 ], [ 115.790784863067927, -0.213004706227137, 0.0 ], [ 115.790438385513355, -0.212655842091334, 0.0 ], [ 115.790166098132602, -0.212460007988866, 0.0 ], [ 115.790140521310889, -0.212440914593158, 0.0 ], [ 115.789831498430829, -0.212201566549114, 0.0 ], [ 115.789783822390461, -0.21216193796801, 0.0 ], [ 115.789738966316619, -0.212119102385688, 0.0 ], [ 115.789697142607594, -0.212073262633917, 0.0 ], [ 115.789269281830315, -0.211570650649641, 0.0 ], [ 115.789227971891179, -0.211518328804709, 0.0 ], [ 115.789190612375123, -0.211463078902572, 0.0 ], [ 115.789157407261683, -0.211405202602852, 0.0 ], [ 115.788954735788977, -0.21101973050601, 0.0 ], [ 115.78875275660684, -0.210680767580143, 0.0 ], [ 115.788717508609594, -0.210615558748032, 0.0 ], [ 115.788687691134129, -0.210547659521997, 0.0 ], [ 115.788663505043317, -0.21047752730134, 0.0 ], [ 115.788645113264963, -0.210405634527463, 0.0 ], [ 115.78859981640214, -0.210192748271674, 0.0 ], [ 115.788206130284252, -0.209441650843173, 0.0 ], [ 115.788191232749298, -0.209411914688227, 0.0 ], [ 115.788188746475427, -0.20940667310884, 0.0 ], [ 115.787974829622684, -0.208951943204945, 0.0 ], [ 115.787946166362417, -0.208883970441544, 0.0 ], [ 115.787923106110355, -0.208813870375999, 0.0 ], [ 115.787905802558612, -0.208742110214129, 0.0 ], [ 115.787858276602535, -0.208502782286884, 0.0 ], [ 115.787846929822166, -0.208430572134002, 0.0 ], [ 115.787841412694135, -0.208357675322319, 0.0 ], [ 115.787817690747715, -0.207687568545051, 0.0 ], [ 115.787817120706649, -0.207655282380592, 0.0 ], [ 115.787817146574127, -0.207325389434369, 0.0 ], [ 115.787780255399738, -0.207009496565561, 0.0 ], [ 115.787597842578791, -0.206113897429362, 0.0 ], [ 115.787593956585297, -0.206093647689033, 0.0 ], [ 115.787583021299724, -0.206011858018341, 0.0 ], [ 115.787535397897699, -0.205460049743843, 0.0 ], [ 115.787534304177143, -0.205446131467775, 0.0 ], [ 115.787527455580658, -0.205349498198043, 0.0 ], [ 115.787468984629257, -0.205261187217573, 0.0 ], [ 115.787445267759622, -0.205223373447839, 0.0 ], [ 115.787407055089034, -0.205151868070833, 0.0 ], [ 115.787098049594334, -0.204505641454151, 0.0 ], [ 115.787069751076601, -0.204439921826548, 0.0 ], [ 115.787046706718357, -0.204372154003305, 0.0 ], [ 115.787029061029003, -0.204302762952537, 0.0 ], [ 115.786957769093036, -0.203967704053633, 0.0 ], [ 115.786955273430394, -0.203955569653011, 0.0 ], [ 115.786931510452291, -0.203835906689567, 0.0 ], [ 115.786928503056799, -0.203820025362418, 0.0 ], [ 115.78692400688503, -0.203792695102188, 0.0 ], [ 115.78685272495764, -0.20331404325356, 0.0 ], [ 115.786846405239231, -0.203260944328163, 0.0 ], [ 115.786842794282265, -0.203179860964056, 0.0 ], [ 115.786842826304721, -0.20277300919318, 0.0 ], [ 115.786844380628054, -0.202719898608815, 0.0 ], [ 115.786866630266658, -0.202339585414437, 0.0 ], [ 115.786866657125316, -0.201972694999571, 0.0 ], [ 115.786816918149654, -0.201852492286881, 0.0 ], [ 115.786792250016674, -0.201785549119844, 0.0 ], [ 115.786772903636177, -0.20171685569389, 0.0 ], [ 115.786758999557094, -0.201646840047102, 0.0 ], [ 115.786750624418204, -0.201575938456369, 0.0 ], [ 115.786747830405886, -0.201504592718629, 0.0 ], [ 115.786747881443873, -0.20081055580586, 0.0 ], [ 115.786751248303617, -0.200732390067865, 0.0 ], [ 115.786761312191913, -0.200654809650151, 0.0 ], [ 115.786777997812592, -0.200578394992801, 0.0 ], [ 115.786801180327274, -0.200503717814014, 0.0 ], [ 115.786830686290202, -0.200431336831842, 0.0 ], [ 115.786866294943295, -0.20036179358575, 0.0 ], [ 115.787056497843409, -0.200026754660466, 0.0 ], [ 115.787065299068828, -0.200011594938249, 0.0 ], [ 115.787105481055235, -0.199949781069456, 0.0 ], [ 115.787343229933342, -0.199614746124895, 0.0 ], [ 115.787347591883972, -0.199608652963448, 0.0 ], [ 115.78772811029657, -0.199081996113825, 0.0 ], [ 115.787770553654028, -0.19902773489375, 0.0 ], [ 115.787816985715338, -0.198976892072862, 0.0 ], [ 115.78786713577496, -0.198929764073113, 0.0 ], [ 115.787920711450354, -0.198886625657698, 0.0 ], [ 115.788467505222684, -0.198479816608467, 0.0 ], [ 115.788517860217922, -0.198444954743561, 0.0 ], [ 115.788570452747351, -0.19841361964093, 0.0 ], [ 115.788625039493468, -0.198385956271434, 0.0 ], [ 115.788934087395091, -0.198242384204473, 0.0 ], [ 115.788996839852388, -0.198216082638759, 0.0 ], [ 115.78906138782888, -0.198194632376736, 0.0 ], [ 115.789127361880333, -0.198178156190999, 0.0 ], [ 115.78969790677364, -0.198058536017858, 0.0 ], [ 115.789764979275205, -0.19804712164601, 0.0 ], [ 115.789832717337063, -0.198040848594173, 0.0 ], [ 115.789900732681488, -0.198039752820397, 0.0 ], [ 115.789968635441667, -0.198043840606237, 0.0 ], [ 115.790036036395335, -0.198053088520458, 0.0 ], [ 115.790901134569594, -0.198205566262633, 0.0 ], [ 115.792002686182386, -0.19818346846538, 0.0 ], [ 115.792020651267009, -0.198183288943045, 0.0 ], [ 115.792757593226995, -0.198183342696201, 0.0 ], [ 115.792823002178437, -0.198185747567204, 0.0 ], [ 115.792888063670318, -0.198192939879544, 0.0 ], [ 115.792952432431008, -0.198204881464816, 0.0 ], [ 115.79301576686467, -0.198221508951099, 0.0 ], [ 115.793491201932966, -0.198365137804867, 0.0 ], [ 115.793558994922762, -0.19838862466081, 0.0 ], [ 115.793624711945114, -0.19841747843265, 0.0 ], [ 115.79368793455464, -0.19845151539763, 0.0 ], [ 115.793748260188238, -0.198490518829659, 0.0 ], [ 115.794292135770874, -0.198873853881804, 0.0 ], [ 115.794682416053234, -0.198936748989023, 0.0 ], [ 115.794740393738223, -0.198948071252188, 0.0 ], [ 115.79475014341925, -0.198950369912365, 0.0 ], [ 115.795344441481816, -0.199094007722721, 0.0 ], [ 115.79541240522785, -0.199113307171493, 0.0 ], [ 115.795418884681311, -0.199115454588343, 0.0 ], [ 115.795846774751482, -0.199259080460433, 0.0 ], [ 115.795896335353078, -0.199277361303923, 0.0 ], [ 115.796464687666997, -0.199506281536042, 0.0 ], [ 115.798464583942192, -0.200169939086443, 0.0 ], [ 115.800438557279008, -0.200501299157459, 0.0 ], [ 115.801128440850206, -0.200463807770016, 0.0 ], [ 115.80203874788009, -0.200223860597949, 0.0 ], [ 115.802060599614961, -0.200218394318436, 0.0 ], [ 115.802855969736683, -0.200030050397157, 0.0 ], [ 115.803556344066791, -0.199842081591174, 0.0 ], [ 115.803587918663482, -0.199834220883681, 0.0 ], [ 115.803607305181458, -0.199829993840516, 0.0 ], [ 115.80448182271256, -0.19964946435102, 0.0 ], [ 115.805101216963607, -0.199441659814877, 0.0 ], [ 115.805666488604885, -0.199062333704919, 0.0 ], [ 115.805918667488598, -0.198841604113642, 0.0 ], [ 115.805889682984883, -0.198637240065717, 0.0 ], [ 115.805676133300736, -0.198190644271965, 0.0 ], [ 115.805502131753528, -0.197949744233702, 0.0 ], [ 115.805374305361411, -0.197901476071573, 0.0 ], [ 115.805336658142153, -0.197886275752109, 0.0 ], [ 115.805262940242997, -0.197850465825378, 0.0 ], [ 115.804756790872631, -0.197574411492454, 0.0 ], [ 115.804121509937048, -0.19735451179045, 0.0 ], [ 115.803132541957012, -0.197150785772721, 0.0 ], [ 115.803068384547274, -0.19713507636375, 0.0 ], [ 115.803005546338682, -0.197114666026726, 0.0 ], [ 115.802509055689853, -0.19693286702769, 0.0 ], [ 115.801749622700058, -0.196707940723837, 0.0 ], [ 115.799988792343797, -0.196282361692323, 0.0 ], [ 115.799980560044048, -0.196280330617551, 0.0 ], [ 115.79912477113993, -0.196064877347732, 0.0 ], [ 115.799077358005363, -0.196051541073695, 0.0 ], [ 115.797773478871719, -0.195645706366192, 0.0 ], [ 115.797063902708075, -0.195431345875321, 0.0 ], [ 115.797044432175539, -0.195425220496796, 0.0 ], [ 115.797013725290967, -0.195414551982402, 0.0 ], [ 115.795777597518736, -0.194959745624726, 0.0 ], [ 115.795743857855399, -0.19494655036024, 0.0 ], [ 115.795357118678851, -0.194786201206341, 0.0 ], [ 115.794851806653853, -0.1946011729722, 0.0 ], [ 115.794783834014268, -0.194573064579623, 0.0 ], [ 115.794718370312566, -0.194539458200359, 0.0 ], [ 115.794363434229297, -0.194338428647665, 0.0 ], [ 115.793795428371908, -0.194063900602291, 0.0 ], [ 115.793758362747624, -0.194044911161099, 0.0 ], [ 115.793449231123446, -0.19387730533417, 0.0 ], [ 115.793434712346354, -0.193869258718094, 0.0 ], [ 115.793073458742995, -0.193664650907442, 0.0 ], [ 115.792522531105178, -0.193387283553631, 0.0 ], [ 115.790763443920767, -0.192501658792915, 0.0 ], [ 115.79073949628642, -0.192489146197803, 0.0 ], [ 115.790728919703056, -0.192483322937673, 0.0 ], [ 115.790301034827905, -0.192243969840553, 0.0 ], [ 115.790240696436669, -0.192207017759899, 0.0 ], [ 115.790025046867257, -0.19206226576901, 0.0 ], [ 115.789963246454519, -0.192016838606275, 0.0 ], [ 115.789916318900723, -0.191976424684552, 0.0 ], [ 115.789631067846798, -0.191713147573944, 0.0 ], [ 115.789345818792995, -0.191449870463251, 0.0 ], [ 115.789332039747421, -0.191436881960179, 0.0 ], [ 115.789317625579557, -0.191422690760618, 0.0 ], [ 115.789134782475088, -0.191238590528222, 0.0 ], [ 115.789473978444718, -0.190729796430927, 0.0 ], [ 115.790368808312408, -0.18967517526207, 0.0 ], [ 115.79097367751622, -0.190020814638051, 0.0 ], [ 115.792401354355832, -0.191234339894579, 0.0 ], [ 115.794328717847947, -0.191876794543924, 0.0 ], [ 115.796327464771935, -0.192447864910681, 0.0 ], [ 115.798968667066674, -0.193447238189003, 0.0 ], [ 115.800253575347952, -0.193804157467491, 0.0 ], [ 115.802966160990152, -0.194375228292805, 0.0 ], [ 115.804607989589456, -0.195017682332071, 0.0 ], [ 115.806535352675411, -0.196017056575188, 0.0 ], [ 115.807106423424827, -0.197373349286662, 0.0 ], [ 115.806678120812037, -0.199514864350062, 0.0 ], [ 115.805750130661494, -0.200585621202343, 0.0 ], [ 115.804679373409797, -0.201442227562303, 0.0 ], [ 115.802609242144854, -0.202084681475422, 0.0 ], [ 115.800753262236555, -0.202084682017227, 0.0 ], [ 115.798254828951116, -0.202084681539521, 0.0 ], [ 115.794685637152625, -0.200942540576705, 0.0 ], [ 115.792686889888373, -0.200514237667168, 0.0 ], [ 115.791259213411877, -0.200371470255502, 0.0 ], [ 115.789474617180716, -0.200657005615854, 0.0 ], [ 115.78868939496455, -0.201727762286609, 0.0 ], [ 115.788546627524582, -0.202941287615597, 0.0 ], [ 115.788832162669635, -0.204797267149467, 0.0 ], [ 115.790188455708048, -0.208794761770353, 0.0 ], [ 115.791259213467924, -0.210579357453266, 0.0 ], [ 115.792758273670813, -0.211792882976655, 0.0 ], [ 115.794257334242928, -0.213077791555042, 0.0 ], [ 115.796041929930013, -0.214362700496251, 0.0 ], [ 115.797398222713824, -0.215076538536656, 0.0 ], [ 115.798897282667994, -0.215647609186758, 0.0 ], [ 115.800324959882374, -0.216218680066665, 0.0 ], [ 115.802323707278319, -0.216290063631628, 0.0 ], [ 115.804893524321244, -0.216147296183263, 0.0 ], [ 115.806892271668801, -0.216147296117755, 0.0 ], [ 115.808319948813804, -0.216004528746102, 0.0 ], [ 115.809390706444887, -0.216004529123092, 0.0 ], [ 115.81081838299113, -0.216290064093159, 0.0 ], [ 115.812246059451581, -0.216932518094998, 0.0 ], [ 115.81274574621915, -0.218717114257005, 0.0 ], [ 115.812745745972478, -0.220144790895767, 0.0 ], [ 115.812959897601587, -0.222429073851019, 0.0 ], [ 115.81331681705997, -0.223642598245378, 0.0 ], [ 115.813602352440157, -0.225141659212, 0.0 ], [ 115.814173422328636, -0.22628380048308, 0.0 ], [ 115.815101412863257, -0.227568709372406, 0.0 ], [ 115.816957391812551, -0.228496698890763, 0.0 ], [ 115.819313058065248, -0.228996386137663, 0.0 ], [ 115.822739482557836, -0.229424688661122, 0.0 ], [ 115.8271652795314, -0.229496072788165, 0.0 ], [ 115.832090763872515, -0.230352678221866, 0.0 ], [ 115.835017501246782, -0.230923749340868, 0.0 ], [ 115.83765870296665, -0.231566203982045, 0.0 ], [ 115.83951468237801, -0.232636961362112, 0.0 ], [ 115.841085126216356, -0.234207405694679, 0.0 ], [ 115.842441419651777, -0.236420304189618, 0.0 ], [ 115.843940479601727, -0.239703960204165, 0.0 ], [ 115.845082621210835, -0.242202394788159, 0.0 ], [ 115.845867843539168, -0.244415292959916, 0.0 ], [ 115.846510298127825, -0.246485424302906, 0.0 ], [ 115.847152752363371, -0.248484171522388, 0.0 ], [ 115.847652439386451, -0.250697070233652, 0.0 ], [ 115.848223509934527, -0.252624433149672, 0.0 ], [ 115.849008732025212, -0.254052110595334, 0.0 ], [ 115.850293640732772, -0.257335766043199, 0.0 ], [ 115.851935469164545, -0.260119735727917, 0.0 ], [ 115.853148993538497, -0.262047099149434, 0.0 ], [ 115.853434529268355, -0.26440276597019, 0.0 ], [ 115.853220378062161, -0.266258745307653, 0.0 ], [ 115.852149620366291, -0.26761503792962, 0.0 ], [ 115.850436408403695, -0.269328250142546, 0.0 ], [ 115.848437661352932, -0.270113472192785, 0.0 ], [ 115.847366903348018, -0.27054177515071, 0.0 ], [ 115.846367530050969, -0.271469765093944, 0.0 ], [ 115.846153378576659, -0.27225498675069, 0.0 ], [ 115.846653065372024, -0.273325744030152, 0.0 ], [ 115.848651812310493, -0.274467885539666, 0.0 ], [ 115.850293641108308, -0.275253107924137, 0.0 ], [ 115.851649933087998, -0.276109713696524, 0.0 ], [ 115.853220377364835, -0.27768015748321, 0.0 ], [ 115.854433903140475, -0.279107834449431, 0.0 ], [ 115.855790196079042, -0.280535511182609, 0.0 ], [ 115.857931710684014, -0.280963813778264, 0.0 ], [ 115.859930457855754, -0.280892430492329, 0.0 ], [ 115.862286124225704, -0.279607521750041, 0.0 ], [ 115.864284871267415, -0.277680158301375, 0.0 ], [ 115.866640537554161, -0.275467259569786, 0.0 ], [ 115.868639284891657, -0.272611906213701, 0.0 ], [ 115.869852810583154, -0.270970078159602, 0.0 ], [ 115.871280486853806, -0.269613784843945, 0.0 ], [ 115.872779546928399, -0.268471643680309, 0.0 ], [ 115.874635526929751, -0.268114724434205, 0.0 ], [ 115.875492132590921, -0.268328875841676, 0.0 ], [ 115.876919809551623, -0.269328249411136, 0.0 ], [ 115.877990567035042, -0.272326371077364, 0.0 ], [ 115.878775789022498, -0.275110340227879, 0.0 ], [ 115.87927547615817, -0.276680784249071, 0.0 ], [ 115.879418243037364, -0.278393996160949, 0.0 ], [ 115.879561011085514, -0.280321359392818, 0.0 ], [ 115.879275476005461, -0.282462874911493, 0.0 ], [ 115.878633021362546, -0.28439023834872, 0.0 ], [ 115.878133334534752, -0.285817914397717, 0.0 ], [ 115.877023706023621, -0.287367807511252, 0.0 ], [ 115.875691207737631, -0.288509949507213, 0.0 ], [ 115.873977995859477, -0.289176198260542, 0.0 ], [ 115.872169605337746, -0.289652090074147, 0.0 ], [ 115.869980501184145, -0.290032804449165, 0.0 ], [ 115.867505862364624, -0.290699052855956, 0.0 ], [ 115.865983007320779, -0.291746016482395, 0.0 ], [ 115.865221579711744, -0.29317369300757, 0.0 ], [ 115.865411936738639, -0.294982083057399, 0.0 ], [ 115.866649256417588, -0.297076008558303, 0.0 ], [ 115.867410683476422, -0.298122971789845, 0.0 ], [ 115.869694966705069, -0.299931361606188, 0.0 ], [ 115.871122642604462, -0.300692789227469, 0.0 ], [ 115.872835854444347, -0.3012638600803, 0.0 ], [ 115.873763292459316, -0.301412250311373, 0.0 ] ] ] ] } },
{ "type": "Feature", "properties": { "Toponim": "Karangan-Jawaq", "subws_id": 21, "Kelas": 0, "Kls_Pr": "Dipertahankan" }, "geometry": { "type": "MultiPolygon", "coordinates": [ [ [ [ 115.932419336534636, -0.27870344333716, 0.0 ], [ 115.93225227951541, -0.279204614575543, 0.0 ], [ 115.931869507898853, -0.279895151320421, 0.0 ], [ 115.931513628987375, -0.280537171781324, 0.0 ], [ 115.931360331161059, -0.280813726278726, 0.0 ], [ 115.929845673096835, -0.279939626116422, 0.0 ], [ 115.92970155058201, -0.279835968794466, 0.0 ], [ 115.928805077207116, -0.279191198864044, 0.0 ], [ 115.927824516725437, -0.278084183598767, 0.0 ], [ 115.926635965385358, -0.276677981121057, 0.0 ], [ 115.925869363054431, -0.27561087647377, 0.0 ], [ 115.925322668920771, -0.274509887087335, 0.0 ], [ 115.925085033273433, -0.273408924122994, 0.0 ], [ 115.92512423098519, -0.272827624166748, 0.0 ], [ 115.924803283540982, -0.270901937738651, 0.0 ], [ 115.924517747858971, -0.268141763028164, 0.0 ], [ 115.924137034530233, -0.265952658525553, 0.0 ], [ 115.923280427800435, -0.26471533912779, 0.0 ], [ 115.922043108033364, -0.264429803792948, 0.0 ], [ 115.921545692604397, -0.26457192249272, 0.0 ], [ 115.920877867910349, -0.264888235454187, 0.0 ], [ 115.920204909036983, -0.265444024405438, 0.0 ], [ 115.91850032837857, -0.267113835311178, 0.0 ], [ 115.916312987061929, -0.269171916745372, 0.0 ], [ 115.914410957684268, -0.270894950591691, 0.0 ], [ 115.912699174578009, -0.271947866037771, 0.0 ], [ 115.911344027831547, -0.272617877780305, 0.0 ], [ 115.909656075108373, -0.273072456704277, 0.0 ], [ 115.908437675552094, -0.273209963318637, 0.0 ], [ 115.90676164535941, -0.273281609776132, 0.0 ], [ 115.905121306335829, -0.272994257295585, 0.0 ], [ 115.904917308486475, -0.27294170146856, 0.0 ], [ 115.903768847973438, -0.272900685394864, 0.0 ], [ 115.900818316402535, -0.272044079356899, 0.0 ], [ 115.898819569066532, -0.271282651878401, 0.0 ], [ 115.896535286373847, -0.270806759310766, 0.0 ], [ 115.894060646802984, -0.271282651816957, 0.0 ], [ 115.89225225690322, -0.272139257361298, 0.0 ], [ 115.890539045072344, -0.273852469233273, 0.0 ], [ 115.889444633391165, -0.275220483559864, 0.0 ], [ 115.889016189783845, -0.275756037853303, 0.0 ], [ 115.887874048459096, -0.278516213059348, 0.0 ], [ 115.886256014835354, -0.28194263668703, 0.0 ], [ 115.884352445839468, -0.285654595708773, 0.0 ], [ 115.882734412909116, -0.288795484285106, 0.0 ], [ 115.881877806382889, -0.291460480686478, 0.0 ], [ 115.880640486955272, -0.294982082642663, 0.0 ], [ 115.880545308459077, -0.297932614959699, 0.0 ], [ 115.880545308632946, -0.30012171867041, 0.0 ], [ 115.879783880954534, -0.301168681246852, 0.0 ], [ 115.877880311715558, -0.301644573880253, 0.0 ], [ 115.876750277401783, -0.301644574100356, 0.0 ], [ 115.875215316125619, -0.301644573682481, 0.0 ], [ 115.873763292459316, -0.301412250311373, 0.0 ], [ 115.872835854444347, -0.3012638600803, 0.0 ], [ 115.871122642604462, -0.300692789227469, 0.0 ], [ 115.869694966705069, -0.299931361606188, 0.0 ], [ 115.867410683476422, -0.298122971789845, 0.0 ], [ 115.866649256417588, -0.297076008558303, 0.0 ], [ 115.865411936738639, -0.294982083057399, 0.0 ], [ 115.865221579711744, -0.29317369300757, 0.0 ], [ 115.865983007320779, -0.291746016482395, 0.0 ], [ 115.867505862364624, -0.290699052855956, 0.0 ], [ 115.869980501184145, -0.290032804449165, 0.0 ], [ 115.872169605337746, -0.289652090074147, 0.0 ], [ 115.873977995859477, -0.289176198260542, 0.0 ], [ 115.875691207737631, -0.288509949507213, 0.0 ], [ 115.877023706023621, -0.287367807511252, 0.0 ], [ 115.878133334534752, -0.285817914397717, 0.0 ], [ 115.878633021362546, -0.28439023834872, 0.0 ], [ 115.879275476005461, -0.282462874911493, 0.0 ], [ 115.879561011085514, -0.280321359392818, 0.0 ], [ 115.879418243037364, -0.278393996160949, 0.0 ], [ 115.87927547615817, -0.276680784249071, 0.0 ], [ 115.878775789022498, -0.275110340227879, 0.0 ], [ 115.877990567035042, -0.272326371077364, 0.0 ], [ 115.876919809551623, -0.269328249411136, 0.0 ], [ 115.875492132590921, -0.268328875841676, 0.0 ], [ 115.874635526929751, -0.268114724434205, 0.0 ], [ 115.872779546928399, -0.268471643680309, 0.0 ], [ 115.871280486853806, -0.269613784843945, 0.0 ], [ 115.869852810583154, -0.270970078159602, 0.0 ], [ 115.868639284891657, -0.272611906213701, 0.0 ], [ 115.866640537554161, -0.275467259569786, 0.0 ], [ 115.864284871267415, -0.277680158301375, 0.0 ], [ 115.862286124225704, -0.279607521750041, 0.0 ], [ 115.859930457855754, -0.280892430492329, 0.0 ], [ 115.857931710684014, -0.280963813778264, 0.0 ], [ 115.855790196079042, -0.280535511182609, 0.0 ], [ 115.854433903140475, -0.279107834449431, 0.0 ], [ 115.853220377364835, -0.27768015748321, 0.0 ], [ 115.851649933087998, -0.276109713696524, 0.0 ], [ 115.850293641108308, -0.275253107924137, 0.0 ], [ 115.848651812310493, -0.274467885539666, 0.0 ], [ 115.846653065372024, -0.273325744030152, 0.0 ], [ 115.846153378576659, -0.27225498675069, 0.0 ], [ 115.846367530050969, -0.271469765093944, 0.0 ], [ 115.847366903348018, -0.27054177515071, 0.0 ], [ 115.848437661352932, -0.270113472192785, 0.0 ], [ 115.850436408403695, -0.269328250142546, 0.0 ], [ 115.852149620366291, -0.26761503792962, 0.0 ], [ 115.853220378062161, -0.266258745307653, 0.0 ], [ 115.853434529268355, -0.26440276597019, 0.0 ], [ 115.853148993538497, -0.262047099149434, 0.0 ], [ 115.851935469164545, -0.260119735727917, 0.0 ], [ 115.850293640732772, -0.257335766043199, 0.0 ], [ 115.849008732025212, -0.254052110595334, 0.0 ], [ 115.848223509934527, -0.252624433149672, 0.0 ], [ 115.847652439386451, -0.250697070233652, 0.0 ], [ 115.847152752363371, -0.248484171522388, 0.0 ], [ 115.846510298127825, -0.246485424302906, 0.0 ], [ 115.845867843539168, -0.244415292959916, 0.0 ], [ 115.845082621210835, -0.242202394788159, 0.0 ], [ 115.843940479601727, -0.239703960204165, 0.0 ], [ 115.842441419651777, -0.236420304189618, 0.0 ], [ 115.841085126216356, -0.234207405694679, 0.0 ], [ 115.83951468237801, -0.232636961362112, 0.0 ], [ 115.83765870296665, -0.231566203982045, 0.0 ], [ 115.835017501246782, -0.230923749340868, 0.0 ], [ 115.832090763872515, -0.230352678221866, 0.0 ], [ 115.8271652795314, -0.229496072788165, 0.0 ], [ 115.822739482557836, -0.229424688661122, 0.0 ], [ 115.819313058065248, -0.228996386137663, 0.0 ], [ 115.816957391812551, -0.228496698890763, 0.0 ], [ 115.815101412863257, -0.227568709372406, 0.0 ], [ 115.814173422328636, -0.22628380048308, 0.0 ], [ 115.813602352440157, -0.225141659212, 0.0 ], [ 115.81331681705997, -0.223642598245378, 0.0 ], [ 115.812959897601587, -0.222429073851019, 0.0 ], [ 115.812745745972478, -0.220144790895767, 0.0 ], [ 115.81274574621915, -0.218717114257005, 0.0 ], [ 115.812246059451581, -0.216932518094998, 0.0 ], [ 115.81081838299113, -0.216290064093159, 0.0 ], [ 115.809390706444887, -0.216004529123092, 0.0 ], [ 115.808319948813804, -0.216004528746102, 0.0 ], [ 115.806892271668801, -0.216147296117755, 0.0 ], [ 115.804893524321244, -0.216147296183263, 0.0 ], [ 115.802323707278319, -0.216290063631628, 0.0 ], [ 115.800324959882374, -0.216218680066665, 0.0 ], [ 115.798897282667994, -0.215647609186758, 0.0 ], [ 115.797398222713824, -0.215076538536656, 0.0 ], [ 115.796041929930013, -0.214362700496251, 0.0 ], [ 115.794257334242928, -0.213077791555042, 0.0 ], [ 115.792758273670813, -0.211792882976655, 0.0 ], [ 115.791259213467924, -0.210579357453266, 0.0 ], [ 115.790188455708048, -0.208794761770353, 0.0 ], [ 115.788832162669635, -0.204797267149467, 0.0 ], [ 115.788546627524582, -0.202941287615597, 0.0 ], [ 115.78868939496455, -0.201727762286609, 0.0 ], [ 115.789474617180716, -0.200657005615854, 0.0 ], [ 115.791259213411877, -0.200371470255502, 0.0 ], [ 115.792686889888373, -0.200514237667168, 0.0 ], [ 115.794685637152625, -0.200942540576705, 0.0 ], [ 115.798254828951116, -0.202084681539521, 0.0 ], [ 115.800753262236555, -0.202084682017227, 0.0 ], [ 115.802609242144854, -0.202084681475422, 0.0 ], [ 115.804679373409797, -0.201442227562303, 0.0 ], [ 115.805750130661494, -0.200585621202343, 0.0 ], [ 115.806678120812037, -0.199514864350062, 0.0 ], [ 115.807106423424827, -0.197373349286662, 0.0 ], [ 115.806535352675411, -0.196017056575188, 0.0 ], [ 115.804607989589456, -0.195017682332071, 0.0 ], [ 115.802966160990152, -0.194375228292805, 0.0 ], [ 115.800253575347952, -0.193804157467491, 0.0 ], [ 115.798968667066674, -0.193447238189003, 0.0 ], [ 115.796327464771935, -0.192447864910681, 0.0 ], [ 115.794328717847947, -0.191876794543924, 0.0 ], [ 115.792401354355832, -0.191234339894579, 0.0 ], [ 115.79097367751622, -0.190020814638051, 0.0 ], [ 115.790368808312408, -0.18967517526207, 0.0 ], [ 115.788974930969076, -0.188878672927722, 0.0 ], [ 115.786476496746118, -0.187165461742545, 0.0 ], [ 115.784406365846294, -0.185452249534294, 0.0 ], [ 115.783121456873673, -0.184024572805634, 0.0 ], [ 115.782764537254934, -0.182525512149231, 0.0 ], [ 115.782764537034737, -0.180526765334914, 0.0 ], [ 115.783050072486958, -0.178528017646289, 0.0 ], [ 115.783906678422667, -0.176814806334886, 0.0 ], [ 115.785405738913511, -0.175315745401485, 0.0 ], [ 115.786976183164427, -0.173745301098273, 0.0 ], [ 115.788903546688402, -0.173102847217956, 0.0 ], [ 115.791616132714807, -0.17338838216802, 0.0 ], [ 115.793186576154028, -0.175458513597044, 0.0 ], [ 115.7943287176289, -0.177742795518141, 0.0 ], [ 115.795685011070432, -0.179456007611351, 0.0 ], [ 115.797041303719055, -0.181383370730053, 0.0 ], [ 115.798540364022827, -0.182953815561025, 0.0 ], [ 115.800610495229705, -0.183667654054937, 0.0 ], [ 115.802609242562468, -0.183453502553118, 0.0 ], [ 115.804251070312972, -0.182025825950402, 0.0 ], [ 115.805464595141501, -0.180526765028541, 0.0 ], [ 115.80753472613732, -0.178385250190818, 0.0 ], [ 115.808891019194249, -0.176600654121688, 0.0 ], [ 115.810175927854587, -0.175101594300109, 0.0 ], [ 115.811603605132433, -0.173388382412264, 0.0 ], [ 115.811889140251154, -0.17110409924683, 0.0 ], [ 115.811817756095238, -0.168462897420864, 0.0 ], [ 115.811032534331673, -0.166821069886892, 0.0 ], [ 115.809747625183022, -0.165250625248854, 0.0 ], [ 115.808177181038133, -0.163965716428689, 0.0 ], [ 115.806178433658218, -0.163109110858733, 0.0 ], [ 115.803822766873481, -0.16225250499805, 0.0 ], [ 115.801752636435353, -0.161395898284773, 0.0 ], [ 115.799896656622579, -0.160753444106555, 0.0 ], [ 115.798326212137496, -0.159754070516495, 0.0 ], [ 115.79647023268646, -0.158397777970475, 0.0 ], [ 115.794685637211487, -0.157683939858958, 0.0 ], [ 115.792972425482546, -0.15625626309498, 0.0 ], [ 115.792686889675608, -0.154828586684393, 0.0 ], [ 115.792758273209103, -0.15340091004224, 0.0 ], [ 115.793829031058095, -0.152544303621854, 0.0 ], [ 115.795256707673161, -0.152187384256976, 0.0 ], [ 115.797969293018767, -0.151616313624142, 0.0 ], [ 115.799539737413895, -0.150616940291167, 0.0 ], [ 115.800253575766348, -0.149046495863098, 0.0 ], [ 115.800681879200042, -0.147476051378024, 0.0 ], [ 115.800539111392425, -0.146048375070241, 0.0 ], [ 115.799468354066732, -0.144620698355984, 0.0 ], [ 115.797969293625655, -0.143692709095564, 0.0 ], [ 115.796327464807234, -0.143264405640477, 0.0 ], [ 115.794542869056457, -0.142764718605382, 0.0 ], [ 115.79268688936618, -0.14183672927171, 0.0 ], [ 115.78976015282224, -0.14040905268586, 0.0 ], [ 115.787690021275182, -0.138981376079189, 0.0 ], [ 115.784906052395598, -0.136697093681261, 0.0 ], [ 115.782978688624738, -0.134912497965793, 0.0 ], [ 115.781693779540234, -0.133556204994583, 0.0 ], [ 115.781122709114015, -0.132556831689389, 0.0 ], [ 115.780526367269147, -0.130384094119751, 0.0 ], [ 115.780383599616044, -0.128171195737084, 0.0 ], [ 115.780454982771033, -0.125958296822727, 0.0 ], [ 115.780312215579642, -0.123459862811126, 0.0 ], [ 115.779955296202871, -0.121104196805534, 0.0 ], [ 115.77917007405982, -0.119533751872458, 0.0 ], [ 115.777742397675112, -0.118748530267285, 0.0 ], [ 115.776243336789832, -0.119390984583796, 0.0 ], [ 115.775172579476774, -0.121246963953598, 0.0 ], [ 115.774887044163393, -0.123459863143491, 0.0 ], [ 115.77410182190053, -0.125387226511126, 0.0 ], [ 115.773530751532874, -0.127385973045315, 0.0 ], [ 115.772245842551939, -0.129170569053552, 0.0 ], [ 115.770746782095955, -0.131097932350026, 0.0 ], [ 115.7686052676017, -0.132168689692368, 0.0 ], [ 115.766178216964619, -0.132311457273621, 0.0 ], [ 115.763251480504309, -0.131883154609998, 0.0 ], [ 115.761252732947341, -0.130812396845246, 0.0 ], [ 115.758897066773955, -0.129099185644096, 0.0 ], [ 115.757398005591128, -0.127742892512256, 0.0 ], [ 115.75561341060255, -0.126172448210348, 0.0 ], [ 115.753900197918085, -0.125387225928401, 0.0 ], [ 115.752186986649605, -0.124459236765852, 0.0 ], [ 115.750759309496473, -0.12360263025394, 0.0 ], [ 115.749046097902408, -0.121960802338779, 0.0 ], [ 115.747761188611349, -0.12060450966589, 0.0 ], [ 115.746190744878405, -0.118177459570121, 0.0 ], [ 115.745405522346715, -0.1158931767339, 0.0 ], [ 115.745548290382743, -0.113037823588514, 0.0 ], [ 115.746190744647691, -0.111395995335962, 0.0 ], [ 115.747118734652233, -0.110039702485518, 0.0 ], [ 115.74897471384358, -0.109611399353498, 0.0 ], [ 115.750259623422508, -0.110111086470378, 0.0 ], [ 115.751330380654679, -0.111895681938991, 0.0 ], [ 115.75218698633384, -0.114322732286515, 0.0 ], [ 115.752686672910627, -0.116963934011555, 0.0 ], [ 115.754542652542142, -0.12003343919308, 0.0 ], [ 115.756327248943194, -0.122389105133466, 0.0 ], [ 115.75854014684468, -0.123888165754672, 0.0 ], [ 115.761038581213143, -0.124673388270549, 0.0 ], [ 115.763322863472638, -0.125315842491913, 0.0 ], [ 115.765107459637093, -0.124602004267469, 0.0 ], [ 115.766035449617434, -0.122746024358119, 0.0 ], [ 115.766677904111816, -0.120104823198012, 0.0 ], [ 115.766677903942252, -0.117392237299555, 0.0 ], [ 115.766535135870939, -0.114965186876963, 0.0 ], [ 115.766677904060217, -0.112038450231939, 0.0 ], [ 115.766963438796452, -0.109183096672107, 0.0 ], [ 115.76796281243756, -0.107184349633953, 0.0 ], [ 115.769033570264511, -0.104900067366782, 0.0 ], [ 115.77067539858227, -0.103186855188451, 0.0 ], [ 115.772388609973191, -0.10154502661887, 0.0 ], [ 115.773887670818425, -0.099403512215295, 0.0 ], [ 115.776029185573279, -0.096690926155048, 0.0 ], [ 115.776743023939503, -0.094977714396826, 0.0 ], [ 115.777314094491743, -0.092479280364526, 0.0 ], [ 115.777171327013605, -0.090694685006852, 0.0 ], [ 115.776671640531063, -0.089124240211071, 0.0 ], [ 115.775672266714309, -0.087696564017353, 0.0 ], [ 115.773959054501432, -0.086554422667647, 0.0 ], [ 115.771960307452602, -0.085911967739805, 0.0 ], [ 115.769676024561832, -0.086054735766371, 0.0 ], [ 115.767248974398555, -0.086483038703704, 0.0 ], [ 115.764964692371123, -0.087054109369997, 0.0 ], [ 115.762180722930296, -0.088196251035867, 0.0 ], [ 115.759325369230467, -0.089552543097402, 0.0 ], [ 115.756541400311193, -0.090337765935016, 0.0 ], [ 115.754542652404183, -0.089980846391866, 0.0 ], [ 115.752764715196633, -0.088698416450955, 0.0 ], [ 115.750980119837706, -0.087508685348774, 0.0 ], [ 115.749076550786341, -0.08572408989277, 0.0 ], [ 115.748554389027944, -0.08481030724962, 0.0 ], [ 115.749556525937408, -0.084167145066506, 0.0 ], [ 115.751364915784023, -0.083120181981257, 0.0 ], [ 115.751432063242589, -0.083046319841133, 0.0 ], [ 115.75145335581486, -0.083291728753982, 0.0 ], [ 115.751455809668087, -0.083328762662863, 0.0 ], [ 115.751521471439531, -0.084762034705894, 0.0 ], [ 115.751720927022518, -0.085377883679026, 0.0 ], [ 115.75210580548881, -0.085943882321404, 0.0 ], [ 115.753542445944973, -0.086970052847829, 0.0 ], [ 115.755162852356804, -0.087567043806003, 0.0 ], [ 115.756625255775035, -0.087825115016405, 0.0 ], [ 115.758359306989249, -0.087825114418913, 0.0 ], [ 115.759523033810112, -0.087584342306575, 0.0 ], [ 115.760739373832934, -0.086932731285488, 0.0 ], [ 115.760939109818523, -0.086824540510823, 0.0 ], [ 115.761011723223106, -0.086789340358918, 0.0 ], [ 115.761033062202785, -0.086780483606098, 0.0 ], [ 115.761778939434791, -0.08648213300367, 0.0 ], [ 115.763826277369859, -0.085349561800187, 0.0 ], [ 115.764368707199452, -0.084957527259337, 0.0 ], [ 115.76442460597616, -0.084920228773408, 0.0 ], [ 115.764483112456546, -0.084887231680933, 0.0 ], [ 115.765457779139155, -0.084384688472436, 0.0 ], [ 115.765512624484288, -0.084358722088114, 0.0 ], [ 115.765569083937649, -0.084336537276393, 0.0 ], [ 115.76562690058654, -0.084318234987078, 0.0 ], [ 115.766482698413157, -0.084078940732087, 0.0 ], [ 115.766523240298255, -0.084068621403713, 0.0 ], [ 115.76658681163174, -0.084056422761348, 0.0 ], [ 115.767626105959977, -0.083895803270906, 0.0 ], [ 115.768332473831578, -0.083735249751293, 0.0 ], [ 115.768409766993983, -0.08372122424686, 0.0 ], [ 115.768491117402831, -0.083713905006772, 0.0 ], [ 115.769566994724315, -0.083667846977692, 0.0 ], [ 115.770215362648031, -0.083577836262772, 0.0 ], [ 115.770296737668588, -0.083570414836192, 0.0 ], [ 115.770348419858408, -0.083569578135836, 0.0 ], [ 115.772226406831436, -0.083593570495265, 0.0 ], [ 115.772255343832427, -0.083594409736156, 0.0 ], [ 115.772274799266384, -0.083595502920905, 0.0 ], [ 115.772987958282144, -0.0836433896785, 0.0 ], [ 115.773048797319404, -0.083649574371397, 0.0 ], [ 115.773066894210643, -0.083652231958, 0.0 ], [ 115.773827595273289, -0.083771915705835, 0.0 ], [ 115.773905118760126, -0.083787659348943, 0.0 ], [ 115.773980966748837, -0.083810205105355, 0.0 ], [ 115.775502362053558, -0.084336762662066, 0.0 ], [ 115.775563407972612, -0.084360425844229, 0.0 ], [ 115.775588643145113, -0.084371750604396, 0.0 ], [ 115.776254250323191, -0.084682891436924, 0.0 ], [ 115.776301649567543, -0.084706784110875, 0.0 ], [ 115.776372563865991, -0.084749555317925, 0.0 ], [ 115.776944789089711, -0.085133628988539, 0.0 ], [ 115.776990920547206, -0.085166754551931, 0.0 ], [ 115.777490119747327, -0.085549686488055, 0.0 ], [ 115.777505793198287, -0.08556198766566, 0.0 ], [ 115.777514551006533, -0.085569110137063, 0.0 ], [ 115.778277440956401, -0.086197539343252, 0.0 ], [ 115.778299024594247, -0.08621531962555, 0.0 ], [ 115.778352756422137, -0.086263318696906, 0.0 ], [ 115.778402507589959, -0.086315485849605, 0.0 ], [ 115.778447960066629, -0.086371487609005, 0.0 ], [ 115.778488823299398, -0.0864309659869, 0.0 ], [ 115.778896440593826, -0.087078124895408, 0.0 ], [ 115.779476132177791, -0.087561133977105, 0.0 ], [ 115.77949494307363, -0.087577251274587, 0.0 ], [ 115.779685114157004, -0.087744783259885, 0.0 ], [ 115.779732324230082, -0.08778950127002, 0.0 ], [ 115.779776208874097, -0.087837529655253, 0.0 ], [ 115.779816539665006, -0.087888618422944, 0.0 ], [ 115.779853106677251, -0.08794250165086, 0.0 ], [ 115.780128227610646, -0.088381074999875, 0.0 ], [ 115.780331367417205, -0.088676498212315, 0.0 ], [ 115.780367559362702, -0.088733586019917, 0.0 ], [ 115.780399407122175, -0.088793239953901, 0.0 ], [ 115.780426732158062, -0.088855125597431, 0.0 ], [ 115.780449381288292, -0.088918896023208, 0.0 ], [ 115.780467227542317, -0.088984193737639, 0.0 ], [ 115.780562302613703, -0.089391044860805, 0.0 ], [ 115.780571746337401, -0.089436708348551, 0.0 ], [ 115.78057715396298, -0.089470298727948, 0.0 ], [ 115.78067222004205, -0.090140405943421, 0.0 ], [ 115.780678581144755, -0.090198682646943, 0.0 ], [ 115.78068117888607, -0.090257251797713, 0.0 ], [ 115.780680002352995, -0.090315867341743, 0.0 ], [ 115.780656214348269, -0.090770580493861, 0.0 ], [ 115.780654077592473, -0.090801395922148, 0.0 ], [ 115.780609894590327, -0.091312730444941, 0.0 ], [ 115.780609885856705, -0.091584597946115, 0.0 ], [ 115.780607391845848, -0.091651916904225, 0.0 ], [ 115.780599928088066, -0.091718862295144, 0.0 ], [ 115.780587535982775, -0.091785062790228, 0.0 ], [ 115.780468655916877, -0.092311567956058, 0.0 ], [ 115.78045133585718, -0.092376880210668, 0.0 ], [ 115.78042921910189, -0.092440707839991, 0.0 ], [ 115.780227452830516, -0.092959758465464, 0.0 ], [ 115.78004709987421, -0.093549779166735, 0.0 ], [ 115.780029538647867, -0.093601596538245, 0.0 ], [ 115.780014182939126, -0.093640077725469, 0.0 ], [ 115.779657573734653, -0.094477693944169, 0.0 ], [ 115.779641241378073, -0.09451384300267, 0.0 ], [ 115.779635363042431, -0.094525900803689, 0.0 ], [ 115.779088564732376, -0.095626766063348, 0.0 ], [ 115.779074965804739, -0.095653058604921, 0.0 ], [ 115.778784809766194, -0.096192295181598, 0.0 ], [ 115.778420178039497, -0.097041108073116, 0.0 ], [ 115.778405002677374, -0.097074551623428, 0.0 ], [ 115.778379426662227, -0.097124048101692, 0.0 ], [ 115.778056879179204, -0.097703853637453, 0.0 ], [ 115.777638364440193, -0.09854644668702, 0.0 ], [ 115.777610826147878, -0.098597693451823, 0.0 ], [ 115.777111581870415, -0.099459235627872, 0.0 ], [ 115.777079440924666, -0.099510652343664, 0.0 ], [ 115.77704394419024, -0.09955978107032, 0.0 ], [ 115.77611678870737, -0.100756359213426, 0.0 ], [ 115.776084953662561, -0.100795168410705, 0.0 ], [ 115.776056484961032, -0.100826457910748, 0.0 ], [ 115.77548593368445, -0.101424740932745, 0.0 ], [ 115.77545868714968, -0.101452113214155, 0.0 ], [ 115.775452947990487, -0.10145758850956, 0.0 ], [ 115.774685356003204, -0.102183462412658, 0.0 ], [ 115.774178013775085, -0.102715464062852, 0.0 ], [ 115.773480243267727, -0.103712438678312, 0.0 ], [ 115.773472637100994, -0.103723140184313, 0.0 ], [ 115.773421513116176, -0.103787577304698, 0.0 ], [ 115.772731238547465, -0.104578297041233, 0.0 ], [ 115.772679073706712, -0.104633217313204, 0.0 ], [ 115.772060058428934, -0.105232384317576, 0.0 ], [ 115.772024886523113, -0.105264579528252, 0.0 ], [ 115.771339827795714, -0.105859080151247, 0.0 ], [ 115.770746616492048, -0.106387336009671, 0.0 ], [ 115.770415754386079, -0.106720399397188, 0.0 ], [ 115.77013587195907, -0.107118158551347, 0.0 ], [ 115.769987986173604, -0.107583350149344, 0.0 ], [ 115.769973439077091, -0.107625499012992, 0.0 ], [ 115.769955398339846, -0.107670221275222, 0.0 ], [ 115.769531476683369, -0.108645606499498, 0.0 ], [ 115.769531465587662, -0.108911111991847, 0.0 ], [ 115.769528214571935, -0.10898795132303, 0.0 ], [ 115.76951849145766, -0.109064234857203, 0.0 ], [ 115.769502366539839, -0.109139411091665, 0.0 ], [ 115.769059168510822, -0.110849650918222, 0.0 ], [ 115.76905916852408, -0.111966268435977, 0.0 ], [ 115.769127216920779, -0.113837566545447, 0.0 ], [ 115.769469089587403, -0.115512742754354, 0.0 ], [ 115.769480563910463, -0.115582823349323, 0.0 ], [ 115.769486540918763, -0.115653594264144, 0.0 ], [ 115.769486983758284, -0.115724619127823, 0.0 ], [ 115.769416089828795, -0.117886910848304, 0.0 ], [ 115.769416089859504, -0.118675863744724, 0.0 ], [ 115.769488206267326, -0.119296472860425, 0.0 ], [ 115.769493912118051, -0.119375274980129, 0.0 ], [ 115.769492765311995, -0.119454277752474, 0.0 ], [ 115.769484774599363, -0.119532878364255, 0.0 ], [ 115.769470000951657, -0.119610477071563, 0.0 ], [ 115.769448557095558, -0.119686481774508, 0.0 ], [ 115.768960471566245, -0.121167066656418, 0.0 ], [ 115.768912855507025, -0.121454605242354, 0.0 ], [ 115.768912835785699, -0.121906252476885, 0.0 ], [ 115.768909215134101, -0.121987333714586, 0.0 ], [ 115.768908372548296, -0.121996258483277, 0.0 ], [ 115.768861016592794, -0.122472775854962, 0.0 ], [ 115.768817699895152, -0.122930441981564, 0.0 ], [ 115.768817682800361, -0.12331824590046, 0.0 ], [ 115.768814998444682, -0.123388072793147, 0.0 ], [ 115.768806967690153, -0.123457482685726, 0.0 ], [ 115.768793638467656, -0.123526061311304, 0.0 ], [ 115.768775090331332, -0.123593399364796, 0.0 ], [ 115.768751433984846, -0.123659094945448, 0.0 ], [ 115.768722810617703, -0.123722755955005, 0.0 ], [ 115.768556391524413, -0.124057798035569, 0.0 ], [ 115.768522479447739, -0.124119868887042, 0.0 ], [ 115.76848384633324, -0.124179077598838, 0.0 ], [ 115.76844072914642, -0.124235061000221, 0.0 ], [ 115.767941486891374, -0.124833342058138, 0.0 ], [ 115.767930136651984, -0.124846678866945, 0.0 ], [ 115.767901171011601, -0.124878488436066, 0.0 ], [ 115.767306843721684, -0.125500696461297, 0.0 ], [ 115.767281413388631, -0.125526275261036, 0.0 ], [ 115.766686426268578, -0.126101254617877, 0.0 ], [ 115.766677118928285, -0.126110104193916, 0.0 ], [ 115.766389142794154, -0.126380015190614, 0.0 ], [ 115.766331175071542, -0.126429895243258, 0.0 ], [ 115.766269214725185, -0.126474646984086, 0.0 ], [ 115.766203708096171, -0.126513948038091, 0.0 ], [ 115.766135127070569, -0.126547515294792, 0.0 ], [ 115.765041593745934, -0.127026105030578, 0.0 ], [ 115.76503647154874, -0.127028327775988, 0.0 ], [ 115.764992652419295, -0.127045826707234, 0.0 ], [ 115.764279479231902, -0.127309046516662, 0.0 ], [ 115.764204264933596, -0.127333090685545, 0.0 ], [ 115.764127245044975, -0.12735039770776, 0.0 ], [ 115.764049013748831, -0.127360834065734, 0.0 ], [ 115.763970174573217, -0.127364319247456, 0.0 ], [ 115.763435601624352, -0.127364293137703, 0.0 ], [ 115.76303676023322, -0.127384064000222, 0.0 ], [ 115.762959633796811, -0.127384382583275, 0.0 ], [ 115.76288276443772, -0.127378040249277, 0.0 ], [ 115.762806718696197, -0.127365083742856, 0.0 ], [ 115.762732057041816, -0.127345608556101, 0.0 ], [ 115.762202120755816, -0.127182644523015, 0.0 ], [ 115.761008221895835, -0.126942411159587, 0.0 ], [ 115.760992915345753, -0.126939191512078, 0.0 ], [ 115.760475396958697, -0.126825593850407, 0.0 ], [ 115.761431209048027, -0.127458769060314, 0.0 ], [ 115.761444606181399, -0.127467832955476, 0.0 ], [ 115.762527504582735, -0.128214800770551, 0.0 ], [ 115.762579889402488, -0.128253818919621, 0.0 ], [ 115.762626280849062, -0.128293736731249, 0.0 ], [ 115.762886899967882, -0.128533878714119, 0.0 ], [ 115.762901217862805, -0.128547363599521, 0.0 ], [ 115.762951963543301, -0.128600356996699, 0.0 ], [ 115.763627205332611, -0.129365513162028, 0.0 ], [ 115.763787496449822, -0.129466380545077, 0.0 ], [ 115.765761211531014, -0.130485034541526, 0.0 ], [ 115.766268598169873, -0.130569590238744, 0.0 ], [ 115.767654029698349, -0.130440109945815, 0.0 ], [ 115.769266823348659, -0.129738895368966, 0.0 ], [ 115.770457180149648, -0.12906376704142, 0.0 ], [ 115.771470443859499, -0.128219379179147, 0.0 ], [ 115.772567941012795, -0.126669571530906, 0.0 ], [ 115.773177944766616, -0.125055761158945, 0.0 ], [ 115.773651634643898, -0.12309154050728, 0.0 ], [ 115.773698021200701, -0.122578113509222, 0.0 ], [ 115.773698046285531, -0.122044770555755, 0.0 ], [ 115.773698070303652, -0.121494330852635, 0.0 ], [ 115.77369809031795, -0.121063549644795, 0.0 ], [ 115.773701710933636, -0.120982470340846, 0.0 ], [ 115.773711383531705, -0.120908572668557, 0.0 ], [ 115.773806494485655, -0.120358135849908, 0.0 ], [ 115.773820806968104, -0.120290659930817, 0.0 ], [ 115.77384018672339, -0.120224478636565, 0.0 ], [ 115.773864520988042, -0.120159977054205, 0.0 ], [ 115.773893668168583, -0.120097530497131, 0.0 ], [ 115.773927458667259, -0.120037502321815, 0.0 ], [ 115.774735767225664, -0.11872126557898, 0.0 ], [ 115.774773125982648, -0.11866521998822, 0.0 ], [ 115.774789060148791, -0.118643815611073, 0.0 ], [ 115.775192985256368, -0.118117618373835, 0.0 ], [ 115.775834641458715, -0.117280311387371, 0.0 ], [ 115.775881640150345, -0.117223888909226, 0.0 ], [ 115.775933041849328, -0.117171502069977, 0.0 ], [ 115.775988505899377, -0.117123498054532, 0.0 ], [ 115.776047664722185, -0.117080195001697, 0.0 ], [ 115.776334646882106, -0.116887609882267, 0.0 ], [ 115.776393630150721, -0.116851428269335, 0.0 ], [ 115.776455200042435, -0.116819915291559, 0.0 ], [ 115.776518992662645, -0.116793257199916, 0.0 ], [ 115.776584630978292, -0.116771611551484, 0.0 ], [ 115.776651727049554, -0.116755106278462, 0.0 ], [ 115.77671988431878, -0.11674383893226, 0.0 ], [ 115.777100237275107, -0.116695991807797, 0.0 ], [ 115.777171368440321, -0.116689920987687, 0.0 ], [ 115.777211677541317, -0.116689011956502, 0.0 ], [ 115.77799615651621, -0.116689045690274, 0.0 ], [ 115.778060802749039, -0.116691392877234, 0.0 ], [ 115.778125113675515, -0.116698416712654, 0.0 ], [ 115.778188755924759, -0.116710080787393, 0.0 ], [ 115.778251399591895, -0.116726324638436, 0.0 ], [ 115.7788932396967, -0.116917810442249, 0.0 ], [ 115.778915638156505, -0.116924814207684, 0.0 ], [ 115.778988892259449, -0.116952382720659, 0.0 ], [ 115.779774467178669, -0.11728794516713, 0.0 ], [ 115.779811253550733, -0.117304709393581, 0.0 ], [ 115.780405543710273, -0.117591923245704, 0.0 ], [ 115.780468999630926, -0.117625796765383, 0.0 ], [ 115.780529565190022, -0.117664664863316, 0.0 ], [ 115.780586853340992, -0.117708279151975, 0.0 ], [ 115.780640497981622, -0.117756360913095, 0.0 ], [ 115.780690156294241, -0.117808602878804, 0.0 ], [ 115.78073551093533, -0.117864671195553, 0.0 ], [ 115.781092073132399, -0.11834333224225, 0.0 ], [ 115.781100175243779, -0.11835438259446, 0.0 ], [ 115.78111367334462, -0.118373609381326, 0.0 ], [ 115.781360194763622, -0.118734635057947, 0.0 ], [ 115.781676775582056, -0.119144450581971, 0.0 ], [ 115.781723121029927, -0.119210310882935, 0.0 ], [ 115.781763450266297, -0.119280068195692, 0.0 ], [ 115.782024923432431, -0.11978265829613, 0.0 ], [ 115.782038523818215, -0.119809908301816, 0.0 ], [ 115.782063235279082, -0.11986643331346, 0.0 ], [ 115.782253392409913, -0.120345086432487, 0.0 ], [ 115.782277632902407, -0.120414074273536, 0.0 ], [ 115.782296254773541, -0.120484809029096, 0.0 ], [ 115.782391321848962, -0.120915595159748, 0.0 ], [ 115.782398275696579, -0.120950300570089, 0.0 ], [ 115.782400489160153, -0.120963106237789, 0.0 ], [ 115.78250998004691, -0.121624658239622, 0.0 ], [ 115.782636267297363, -0.122048521892497, 0.0 ], [ 115.782641779893723, -0.122067798253658, 0.0 ], [ 115.782655270117189, -0.12212395361236, 0.0 ], [ 115.782774105213178, -0.122698333788323, 0.0 ], [ 115.782784578124506, -0.122759346577061, 0.0 ], [ 115.782790880397926, -0.122820937725052, 0.0 ], [ 115.782792982502471, -0.122882818631422, 0.0 ], [ 115.782792961516506, -0.123313602310412, 0.0 ], [ 115.782792493149586, -0.12334276040152, 0.0 ], [ 115.782745351790155, -0.124811985929723, 0.0 ], [ 115.782745337560399, -0.125084589003738, 0.0 ], [ 115.782745312580218, -0.125658960482939, 0.0 ], [ 115.782745280082736, -0.126345777402155, 0.0 ], [ 115.782788947967731, -0.126983690134315, 0.0 ], [ 115.782880908788826, -0.127724613183856, 0.0 ], [ 115.782884228532041, -0.127755725507779, 0.0 ], [ 115.782887841702873, -0.12783680510729, 0.0 ], [ 115.78288781793097, -0.128360670387079, 0.0 ], [ 115.782910020067604, -0.128740987400067, 0.0 ], [ 115.78291156774462, -0.128794093817262, 0.0 ], [ 115.782911549759802, -0.129224877586908, 0.0 ], [ 115.782911517782964, -0.12989498480306, 0.0 ], [ 115.782911501996495, -0.13021645663352, 0.0 ], [ 115.78298374658624, -0.130598393339201, 0.0 ], [ 115.783078510727861, -0.130941906807713, 0.0 ], [ 115.783240107487003, -0.131339640785961, 0.0 ], [ 115.783550002481377, -0.13181806282377, 0.0 ], [ 115.783555440677432, -0.131826561852899, 0.0 ], [ 115.783865461175182, -0.132317073951203, 0.0 ], [ 115.784505009929717, -0.133144973269218, 0.0 ], [ 115.784539742170665, -0.133193122786912, 0.0 ], [ 115.784571254520259, -0.133243467201638, 0.0 ], [ 115.784599410593501, -0.133295788623941, 0.0 ], [ 115.784789568716718, -0.133678715703485, 0.0 ], [ 115.784819662462738, -0.133746056859075, 0.0 ], [ 115.784844199763285, -0.133815644856973, 0.0 ], [ 115.784863017088355, -0.133887015925678, 0.0 ], [ 115.784945952450798, -0.134262828493607, 0.0 ], [ 115.785013290423322, -0.134452674978673, 0.0 ], [ 115.785199470263308, -0.134752600281337, 0.0 ], [ 115.785208860745939, -0.134768070682767, 0.0 ], [ 115.785222974293049, -0.13479272748897, 0.0 ], [ 115.785445554683619, -0.13519612108102, 0.0 ], [ 115.785695388189396, -0.135583113700323, 0.0 ], [ 115.78578922927943, -0.13568486382873, 0.0 ], [ 115.785833775038085, -0.13569888066327, 0.0 ], [ 115.785944981148845, -0.135704778855933, 0.0 ], [ 115.786019192859172, -0.135685974109713, 0.0 ], [ 115.786094743342019, -0.135673709898675, 0.0 ], [ 115.786171064959547, -0.135668078369062, 0.0 ], [ 115.786247584280261, -0.135669121832658, 0.0 ], [ 115.786323726387309, -0.13567683245068, 0.0 ], [ 115.786656534406731, -0.135724714340255, 0.0 ], [ 115.786718642850687, -0.135735903024561, 0.0 ], [ 115.786779818170857, -0.135751452333823, 0.0 ], [ 115.786839758681921, -0.135771285586948, 0.0 ], [ 115.78689816878763, -0.135795304977227, 0.0 ], [ 115.787373600905369, -0.136010719853457, 0.0 ], [ 115.787437674377117, -0.136042901120125, 0.0 ], [ 115.787498998843816, -0.136080116894756, 0.0 ], [ 115.787557184807412, -0.136122130804483, 0.0 ], [ 115.787611862703613, -0.136168676001227, 0.0 ], [ 115.787662685249373, -0.136219456856886, 0.0 ], [ 115.787709329648891, -0.136274150840661, 0.0 ], [ 115.788078355784819, -0.13674347654387, 0.0 ], [ 115.788824792504897, -0.137265384547433, 0.0 ], [ 115.78887303504365, -0.13730158553316, 0.0 ], [ 115.789433326080896, -0.13775288379401, 0.0 ], [ 115.789872690501809, -0.138040428682724, 0.0 ], [ 115.790490749085137, -0.138447308504996, 0.0 ], [ 115.790940336134454, -0.13874154259283, 0.0 ], [ 115.791505793209083, -0.139060370312556, 0.0 ], [ 115.791952142454818, -0.139307545918695, 0.0 ], [ 115.792988710249674, -0.139794601309952, 0.0 ], [ 115.793634478334099, -0.140086073070821, 0.0 ], [ 115.794427743151999, -0.140359927934557, 0.0 ], [ 115.794441949353867, -0.140364966637519, 0.0 ], [ 115.795470184405303, -0.140739447455013, 0.0 ], [ 115.796065779768682, -0.140822183495595, 0.0 ], [ 115.796142943497074, -0.140836382499178, 0.0 ], [ 115.796198717741063, -0.140851112062129, 0.0 ], [ 115.797720118976628, -0.141305906601233, 0.0 ], [ 115.797786385256003, -0.141328578388832, 0.0 ], [ 115.797850697582788, -0.141356374138779, 0.0 ], [ 115.798848279850034, -0.141834677939721, 0.0 ], [ 115.799268567004304, -0.142035128910023, 0.0 ], [ 115.79985508917126, -0.14226226942502, 0.0 ], [ 115.799905167781617, -0.14228343388828, 0.0 ], [ 115.799953884663793, -0.14230760589412, 0.0 ], [ 115.800001061801026, -0.142334697115773, 0.0 ], [ 115.80085683807809, -0.142861255945594, 0.0 ], [ 115.800883294802972, -0.142878179906402, 0.0 ], [ 115.800945061008733, -0.142923130176819, 0.0 ], [ 115.801266427274257, -0.143178577270236, 0.0 ], [ 115.801488329473713, -0.143248402147399, 0.0 ], [ 115.801868678377105, -0.143368082039885, 0.0 ], [ 115.801939310610933, -0.143393612900983, 0.0 ], [ 115.802007580068562, -0.143424988932075, 0.0 ], [ 115.802073010454663, -0.143461991232605, 0.0 ], [ 115.802135145281369, -0.143504361649185, 0.0 ], [ 115.802193551052596, -0.143551804576962, 0.0 ], [ 115.802247820289381, -0.143603989021323, 0.0 ], [ 115.802297574370868, -0.1436605509078, 0.0 ], [ 115.802342466178501, -0.143721095621516, 0.0 ], [ 115.802382182514961, -0.143785200760705, 0.0 ], [ 115.80241644629163, -0.143852419083413, 0.0 ], [ 115.802559064385662, -0.144163550151401, 0.0 ], [ 115.802574084151345, -0.144198202550961, 0.0 ], [ 115.802720522809267, -0.144556289893268, 0.0 ], [ 115.802804886745179, -0.144709187660773, 0.0 ], [ 115.803000911263041, -0.14503215134922, 0.0 ], [ 115.803353203876966, -0.14538685538262, 0.0 ], [ 115.80339937046503, -0.145436991891239, 0.0 ], [ 115.803441643868553, -0.145490495510056, 0.0 ], [ 115.803479782601045, -0.145547060600502, 0.0 ], [ 115.803717486741647, -0.145929993657413, 0.0 ], [ 115.803753018841817, -0.145992666297887, 0.0 ], [ 115.803783475313892, -0.146057991032714, 0.0 ], [ 115.803808662311951, -0.146125552090199, 0.0 ], [ 115.803828419528102, -0.146194919464965, 0.0 ], [ 115.803842621213676, -0.146265651654978, 0.0 ], [ 115.803851176979023, -0.146337298471679, 0.0 ], [ 115.803854032369571, -0.146409403905246, 0.0 ], [ 115.803854012338874, -0.146774934712985, 0.0 ], [ 115.803877088460908, -0.147379803619881, 0.0 ], [ 115.803877162994894, -0.147447222015495, 0.0 ], [ 115.803872249447764, -0.14751445873474, 0.0 ], [ 115.803824680433806, -0.147945240875572, 0.0 ], [ 115.803815733818254, -0.148006859376018, 0.0 ], [ 115.803814304021699, -0.148014597132153, 0.0 ], [ 115.803735060995649, -0.148433303980546, 0.0 ], [ 115.803735034432364, -0.148946238024614, 0.0 ], [ 115.803731413040239, -0.149027320450148, 0.0 ], [ 115.803728090311523, -0.149058431181567, 0.0 ], [ 115.803680525295462, -0.149441348306445, 0.0 ], [ 115.80367302174308, -0.149490665852805, 0.0 ], [ 115.803660630927951, -0.149548537042478, 0.0 ], [ 115.803541742869641, -0.150027179190103, 0.0 ], [ 115.803520464669262, -0.150099786757914, 0.0 ], [ 115.80349323029813, -0.15017034881457, 0.0 ], [ 115.803326802209014, -0.150553259914139, 0.0 ], [ 115.803299799652478, -0.150609937656112, 0.0 ], [ 115.803268952236309, -0.15066459051287, 0.0 ], [ 115.803234408937101, -0.150716954540463, 0.0 ], [ 115.803196336580285, -0.150766776849343, 0.0 ], [ 115.8027446333559, -0.151317198907382, 0.0 ], [ 115.802736524039716, -0.151326940294917, 0.0 ], [ 115.802332366840631, -0.151805566340414, 0.0 ], [ 115.80232675326917, -0.151812150001082, 0.0 ], [ 115.802016517503475, -0.15217248116591, 0.0 ], [ 115.801989342584307, -0.152202529937782, 0.0 ], [ 115.801513867358437, -0.152705084962499, 0.0 ], [ 115.801457877106969, -0.152759356832491, 0.0 ], [ 115.801397437266189, -0.152808554055616, 0.0 ], [ 115.801333000129304, -0.152852308471635, 0.0 ], [ 115.801265047903129, -0.152890292650658, 0.0 ], [ 115.801027318826215, -0.15300994160189, 0.0 ], [ 115.800964934031356, -0.153038401592064, 0.0 ], [ 115.800900577073804, -0.153061994744225, 0.0 ], [ 115.800834621933035, -0.153080583958637, 0.0 ], [ 115.800767451875373, -0.153094061213458, 0.0 ], [ 115.800173135789251, -0.153189758026783, 0.0 ], [ 115.800167803677724, -0.153190600075796, 0.0 ], [ 115.799569593191237, -0.15328321713533, 0.0 ], [ 115.799113856103844, -0.153374952361072, 0.0 ], [ 115.799105763714579, -0.153376542436254, 0.0 ], [ 115.798610588969922, -0.153471467028053, 0.0 ], [ 115.798406710430839, -0.153512505444666, 0.0 ], [ 115.798133249409929, -0.153674428047235, 0.0 ], [ 115.798103461541331, -0.15369130670964, 0.0 ], [ 115.798079510964968, -0.153703816949501, 0.0 ], [ 115.797746688856733, -0.153871324881043, 0.0 ], [ 115.797682347404987, -0.153900585532205, 0.0 ], [ 115.797615922470811, -0.153924669828008, 0.0 ], [ 115.797547824206106, -0.153943429055844, 0.0 ], [ 115.797478473095964, -0.153956747384248, 0.0 ], [ 115.797408297360619, -0.153964542577446, 0.0 ], [ 115.797337730312151, -0.153966766502913, 0.0 ], [ 115.797267207679241, -0.153963405429256, 0.0 ], [ 115.797197164915303, -0.153954480110311, 0.0 ], [ 115.796769267944626, -0.153882658970285, 0.0 ], [ 115.796697431096675, -0.153867627841979, 0.0 ], [ 115.796627067313182, -0.153846693740548, 0.0 ], [ 115.796558654319711, -0.153819998795835, 0.0 ], [ 115.796492656597565, -0.153787724250273, 0.0 ], [ 115.796429522229744, -0.153750089228329, 0.0 ], [ 115.796369679859311, -0.153707349248541, 0.0 ], [ 115.796313535777358, -0.153659794488663, 0.0 ], [ 115.79626147116717, -0.153607747816257, 0.0 ], [ 115.796156278325526, -0.153607742091246, 0.0 ], [ 115.795456007148502, -0.153607702004904, 0.0 ], [ 115.794586246035763, -0.153821215815644, 0.0 ], [ 115.794573275750395, -0.153824297418984, 0.0 ], [ 115.794515296790166, -0.153835612114249, 0.0 ], [ 115.794027900157218, -0.153914092884729, 0.0 ], [ 115.793917152758212, -0.153961030191266, 0.0 ], [ 115.793892982949046, -0.153996173025715, 0.0 ], [ 115.793767487581022, -0.154260300251434, 0.0 ], [ 115.793792202507703, -0.154559075941741, 0.0 ], [ 115.79386109906568, -0.155010090247791, 0.0 ], [ 115.793969185520197, -0.155227749449739, 0.0 ], [ 115.794130035104516, -0.155486877271781, 0.0 ], [ 115.794427231724327, -0.155786109574253, 0.0 ], [ 115.794701460627792, -0.15597593450567, 0.0 ], [ 115.795161329505618, -0.156228496189146, 0.0 ], [ 115.795583459937632, -0.156429829984941, 0.0 ], [ 115.796069868718135, -0.156652447409036, 0.0 ], [ 115.796464529619186, -0.156798854576731, 0.0 ], [ 115.796913483109236, -0.156934475314509, 0.0 ], [ 115.796981505474946, -0.156958050872032, 0.0 ], [ 115.797047436249557, -0.156987029647332, 0.0 ], [ 115.797110852744822, -0.157021225855815, 0.0 ], [ 115.79750129451854, -0.157252476508686, 0.0 ], [ 115.798057865951833, -0.157556024972275, 0.0 ], [ 115.798087981615325, -0.157573213377509, 0.0 ], [ 115.798693545236347, -0.157934530721644, 0.0 ], [ 115.800352242475512, -0.1587231982157, 0.0 ], [ 115.801834878135168, -0.159362995522612, 0.0 ], [ 115.802500486730324, -0.159650224536528, 0.0 ], [ 115.802520911962162, -0.159659342904336, 0.0 ], [ 115.803003838998052, -0.159882208944027, 0.0 ], [ 115.804859030488473, -0.160292303596902, 0.0 ], [ 115.804866320194122, -0.160293947013406, 0.0 ], [ 115.804895046722777, -0.160301052435881, 0.0 ], [ 115.80625005089621, -0.160660120016453, 0.0 ], [ 115.806309220379134, -0.160678010751234, 0.0 ], [ 115.806367028751438, -0.160699952730567, 0.0 ], [ 115.806423202690183, -0.160725842210775, 0.0 ], [ 115.80677428524038, -0.160902591820942, 0.0 ], [ 115.807088628599473, -0.160952577872561, 0.0 ], [ 115.807149173972775, -0.160964362522839, 0.0 ], [ 115.807208773798237, -0.160980300423972, 0.0 ], [ 115.807267147321568, -0.161000316498345, 0.0 ], [ 115.807946765271041, -0.161259884286012, 0.0 ], [ 115.808247520335954, -0.161366768358781, 0.0 ], [ 115.808743362415115, -0.161426699885494, 0.0 ], [ 115.808819603589441, -0.161439283083341, 0.0 ], [ 115.808894489129614, -0.161458413658124, 0.0 ], [ 115.809243621220119, -0.161563881844926, 0.0 ], [ 115.809492109465225, -0.161563896134624, 0.0 ], [ 115.809564303621912, -0.16156682500566, 0.0 ], [ 115.809636030584045, -0.161575584375921, 0.0 ], [ 115.809706826507878, -0.161590117601186, 0.0 ], [ 115.809776233570886, -0.16161033069841, 0.0 ], [ 115.810204129643722, -0.161753951573068, 0.0 ], [ 115.810273128979517, -0.161780327775168, 0.0 ], [ 115.810321823416743, -0.161803039151878, 0.0 ], [ 115.810416908441894, -0.161850910128971, 0.0 ], [ 115.810470733735258, -0.161880359468466, 0.0 ], [ 115.810522440589011, -0.161913432856121, 0.0 ], [ 115.810947402515779, -0.16220619064805, 0.0 ], [ 115.811489980861083, -0.162524868755718, 0.0 ], [ 115.811535840165917, -0.162553699820449, 0.0 ], [ 115.8115798939006, -0.162585255627541, 0.0 ], [ 115.811621982541908, -0.162619421910121, 0.0 ], [ 115.81195477968086, -0.162906632878184, 0.0 ], [ 115.812012606547128, -0.162961171929717, 0.0 ], [ 115.812065435468114, -0.163020628090686, 0.0 ], [ 115.812279371579748, -0.163283899105211, 0.0 ], [ 115.812318907726919, -0.163336335935962, 0.0 ], [ 115.812354550859567, -0.163391528790609, 0.0 ], [ 115.812386112177848, -0.163449185317099, 0.0 ], [ 115.812413424504584, -0.16350900011373, 0.0 ], [ 115.812436343168045, -0.163570656346037, 0.0 ], [ 115.812507647220471, -0.163786053402178, 0.0 ], [ 115.812521372354041, -0.163831451772449, 0.0 ], [ 115.812533803164641, -0.163882562045515, 0.0 ], [ 115.812599910809084, -0.164193225797848, 0.0 ], [ 115.812638510867487, -0.164335747263584, 0.0 ], [ 115.812776000963709, -0.164597239074306, 0.0 ], [ 115.812830354104776, -0.164672486438375, 0.0 ], [ 115.813094208631199, -0.164844389114772, 0.0 ], [ 115.813101076082376, -0.164848908215946, 0.0 ], [ 115.813121349221007, -0.164862785750302, 0.0 ], [ 115.813339877726747, -0.165016805251509, 0.0 ], [ 115.813510188383802, -0.165123980570429, 0.0 ], [ 115.813568370453027, -0.165163867803469, 0.0 ], [ 115.813623272313592, -0.165208218046593, 0.0 ], [ 115.813674556985347, -0.165256759084767, 0.0 ], [ 115.813721909690798, -0.165309192980492, 0.0 ], [ 115.813765039785309, -0.165365197902616, 0.0 ], [ 115.813803682542755, -0.165424430101211, 0.0 ], [ 115.81383760077928, -0.165486526018016, 0.0 ], [ 115.814075295932952, -0.165965192112881, 0.0 ], [ 115.814081172049995, -0.165977248272383, 0.0 ], [ 115.81408844489907, -0.165992832300498, 0.0 ], [ 115.814335426615173, -0.166535415729152, 0.0 ], [ 115.814556247068765, -0.166935623595993, 0.0 ], [ 115.814563613571536, -0.166949248331255, 0.0 ], [ 115.81475376969172, -0.167308249397377, 0.0 ], [ 115.814782492430624, -0.167367595716019, 0.0 ], [ 115.814806839217596, -0.167428892975999, 0.0 ], [ 115.814826680367332, -0.167491814672202, 0.0 ], [ 115.814945720040313, -0.167923337265656, 0.0 ], [ 115.814959411087386, -0.167980227380703, 0.0 ], [ 115.815076274555594, -0.168545134202408, 0.0 ], [ 115.81514541273863, -0.168846824407696, 0.0 ], [ 115.815159482943784, -0.168922971794028, 0.0 ], [ 115.815167030774589, -0.169000051824432, 0.0 ], [ 115.815189592145956, -0.169409347434358, 0.0 ], [ 115.815258668482159, -0.170081986179792, 0.0 ], [ 115.815259820045085, -0.170093980133251, 0.0 ], [ 115.815260333370603, -0.17009994739136, 0.0 ], [ 115.815307841427995, -0.170674332574217, 0.0 ], [ 115.81530992573586, -0.170706420665217, 0.0 ], [ 115.815333668774684, -0.171209006827112, 0.0 ], [ 115.815334683209926, -0.171252033737726, 0.0 ], [ 115.81533375400376, -0.171293105085563, 0.0 ], [ 115.815309950012676, -0.171819620257438, 0.0 ], [ 115.815305764341957, -0.171874872311981, 0.0 ], [ 115.815298225968363, -0.171929762666621, 0.0 ], [ 115.815287363182051, -0.171984085324878, 0.0 ], [ 115.815122460354544, -0.172695370094603, 0.0 ], [ 115.815005012666106, -0.173239105920228, 0.0 ], [ 115.814989996960165, -0.173298768249222, 0.0 ], [ 115.8149709858845, -0.173357264458574, 0.0 ], [ 115.814948067458801, -0.173414323717324, 0.0 ], [ 115.81475785835994, -0.173845097827962, 0.0 ], [ 115.814723960091413, -0.173913851063884, 0.0 ], [ 115.814684393870621, -0.173979463459996, 0.0 ], [ 115.814494198773602, -0.174266642510634, 0.0 ], [ 115.81448267594773, -0.174283619744406, 0.0 ], [ 115.814316252863065, -0.174522934783086, 0.0 ], [ 115.814271103513633, -0.174582453557611, 0.0 ], [ 115.814221218290186, -0.174638008304495, 0.0 ], [ 115.814166939146205, -0.174689218207103, 0.0 ], [ 115.814108638154636, -0.174735732232131, 0.0 ], [ 115.813890629218918, -0.174895331482889, 0.0 ], [ 115.813716606761375, -0.175057991283162, 0.0 ], [ 115.81370618639464, -0.175078968751702, 0.0 ], [ 115.813573933742006, -0.175389582920699, 0.0 ], [ 115.813557600160792, -0.17542573184964, 0.0 ], [ 115.813524182315561, -0.175489034409162, 0.0 ], [ 115.813458391261108, -0.175602562535805, 0.0 ], [ 115.813452694743347, -0.175665601844917, 0.0 ], [ 115.813441940589883, -0.17574521945026, 0.0 ], [ 115.813440990068472, -0.175750404587561, 0.0 ], [ 115.813369648039938, -0.176133321709184, 0.0 ], [ 115.813352224121388, -0.176208825555256, 0.0 ], [ 115.81332844302348, -0.176282550333023, 0.0 ], [ 115.813298479388834, -0.176353954627509, 0.0 ], [ 115.813262553261836, -0.176422514065269, 0.0 ], [ 115.813220928474934, -0.176487725164202, 0.0 ], [ 115.813173910709082, -0.176549109031824, 0.0 ], [ 115.813121845250677, -0.176606214881381, 0.0 ], [ 115.812836556118782, -0.176893386890739, 0.0 ], [ 115.812822141719678, -0.176907574469496, 0.0 ], [ 115.812759697617693, -0.176962351078451, 0.0 ], [ 115.812306269895927, -0.177322690835372, 0.0 ], [ 115.81226028604884, -0.177356900172397, 0.0 ], [ 115.812212233991715, -0.177388095753042, 0.0 ], [ 115.812162308319756, -0.177416151246177, 0.0 ], [ 115.811539340680255, -0.177740495905638, 0.0 ], [ 115.811262223975419, -0.177949704780208, 0.0 ], [ 115.810756798283663, -0.178437269438973, 0.0 ], [ 115.810590505960207, -0.178625584425373, 0.0 ], [ 115.810554290882621, -0.178664246115158, 0.0 ], [ 115.810254231108019, -0.178966287314447, 0.0 ], [ 115.810007179630148, -0.179272357783172, 0.0 ], [ 115.809868669196547, -0.179491452760898, 0.0 ], [ 115.809846715979873, -0.179524547759343, 0.0 ], [ 115.809680292895223, -0.179763862798459, 0.0 ], [ 115.809671114255181, -0.179776817554334, 0.0 ], [ 115.809626401173915, -0.179833806405471, 0.0 ], [ 115.809237797324556, -0.180290169690563, 0.0 ], [ 115.809009109626231, -0.180645926097369, 0.0 ], [ 115.808996292403151, -0.180665313302944, 0.0 ], [ 115.808687220245417, -0.181120011380357, 0.0 ], [ 115.808672582753786, -0.181140905760412, 0.0 ], [ 115.808647287778385, -0.181174292921214, 0.0 ], [ 115.808354825603757, -0.181542280077899, 0.0 ], [ 115.808214727261017, -0.181912443748974, 0.0 ], [ 115.808189623986905, -0.181972230081556, 0.0 ], [ 115.808160326586247, -0.182030050136435, 0.0 ], [ 115.808126985921433, -0.182085606178484, 0.0 ], [ 115.80808977367478, -0.182138612130804, 0.0 ], [ 115.807711445346698, -0.182638446141054, 0.0 ], [ 115.807293318891936, -0.183199624245016, 0.0 ], [ 115.807019282455812, -0.183590401344353, 0.0 ], [ 115.806713917868308, -0.184039644949731, 0.0 ], [ 115.80667768725084, -0.184089236931409, 0.0 ], [ 115.806638189913812, -0.184136233096085, 0.0 ], [ 115.806595608806532, -0.184180415760811, 0.0 ], [ 115.805967344733631, -0.18478940282983, 0.0 ], [ 115.805481156969705, -0.185302103777067, 0.0 ], [ 115.805452140085066, -0.185331335858144, 0.0 ], [ 115.805447018609584, -0.185336226181405, 0.0 ], [ 115.805042860425573, -0.185719118183692, 0.0 ], [ 115.80499086545403, -0.185764719080275, 0.0 ], [ 115.804935549754617, -0.18580617117911, 0.0 ], [ 115.804877239162522, -0.185843230308598, 0.0 ], [ 115.804423346131756, -0.186107731460272, 0.0 ], [ 115.803930204259359, -0.186391388035138, 0.0 ], [ 115.80370066759545, -0.186530016765139, 0.0 ], [ 115.803647396522393, -0.1865597653703, 0.0 ], [ 115.803592245554682, -0.186585811540746, 0.0 ], [ 115.803535468219181, -0.186608035543465, 0.0 ], [ 115.803477325518912, -0.186626335216088, 0.0 ], [ 115.80278791236654, -0.186817747021122, 0.0 ], [ 115.802729131501351, -0.186831943630075, 0.0 ], [ 115.80266953546716, -0.186842129029261, 0.0 ], [ 115.802609394020791, -0.186848257116204, 0.0 ], [ 115.802548979388604, -0.186850300152117, 0.0 ], [ 115.801693173345143, -0.186850241867837, 0.0 ], [ 115.801616675004141, -0.186846952140324, 0.0 ], [ 115.801540732665202, -0.186837117272944, 0.0 ], [ 115.801465897847493, -0.186820808690508, 0.0 ], [ 115.801392714028481, -0.186798144832177, 0.0 ], [ 115.800691229267287, -0.186547499265798, 0.0 ], [ 115.800388340356761, -0.186467233435337, 0.0 ], [ 115.799720092398587, -0.186467187212192, 0.0 ], [ 115.799679782749649, -0.186466273641968, 0.0 ], [ 115.799627639488079, -0.186462379343461, 0.0 ], [ 115.798938246500569, -0.186390534114029, 0.0 ], [ 115.798910094426304, -0.186387147479206, 0.0 ], [ 115.798888749665693, -0.186383971967339, 0.0 ], [ 115.798294447698964, -0.186288201772097, 0.0 ], [ 115.798231479202158, -0.186275717658939, 0.0 ], [ 115.798169556547535, -0.18625874019177, 0.0 ], [ 115.798108995673886, -0.186237355992722, 0.0 ], [ 115.797562245783979, -0.186021925839197, 0.0 ], [ 115.797509361767808, -0.185999096559408, 0.0 ], [ 115.797458037719551, -0.18597290621912, 0.0 ], [ 115.797408484141442, -0.185943462236221, 0.0 ], [ 115.796433859462525, -0.185321153046746, 0.0 ], [ 115.796370105736216, -0.185276440403138, 0.0 ], [ 115.796310427606016, -0.185226349717572, 0.0 ], [ 115.796255271372004, -0.185171255590982, 0.0 ], [ 115.796205049516502, -0.185111570042288, 0.0 ], [ 115.795301782008494, -0.183938820130444, 0.0 ], [ 115.795257167337738, -0.183875452962966, 0.0 ], [ 115.795218117027872, -0.183808466164912, 0.0 ], [ 115.794600114427553, -0.182635737386267, 0.0 ], [ 115.79458428511272, -0.182604229013289, 0.0 ], [ 115.794563962049708, -0.182558543408907, 0.0 ], [ 115.793525584724762, -0.180039677869786, 0.0 ], [ 115.793208950471751, -0.179356486182789, 0.0 ], [ 115.792884809694542, -0.178727046725957, 0.0 ], [ 115.792878815387738, -0.178715194100112, 0.0 ], [ 115.79229960256805, -0.177548778078164, 0.0 ], [ 115.791294726766338, -0.175854609979626, 0.0 ], [ 115.791256613315696, -0.175783279436064, 0.0 ], [ 115.79124248517212, -0.175752255413477, 0.0 ], [ 115.790875085178897, -0.174903572552153, 0.0 ], [ 115.790798851020099, -0.174794832791617, 0.0 ], [ 115.79062323130907, -0.174726062650448, 0.0 ], [ 115.790608691280411, -0.174720221662798, 0.0 ], [ 115.790085716393023, -0.174504797518379, 0.0 ], [ 115.790072784956422, -0.174499351857282, 0.0 ], [ 115.790064057021567, -0.174495540419315, 0.0 ], [ 115.789576405790797, -0.174279490612221, 0.0 ], [ 115.789344220583729, -0.174243173199636, 0.0 ], [ 115.788981069888322, -0.174424895864564, 0.0 ], [ 115.788557293159784, -0.174648333981846, 0.0 ], [ 115.788249110350719, -0.174885557805643, 0.0 ], [ 115.787936069589037, -0.175179659060966, 0.0 ], [ 115.787517982525401, -0.175600509740322, 0.0 ], [ 115.787256428340228, -0.175904294925434, 0.0 ], [ 115.786851018650154, -0.176471069533629, 0.0 ], [ 115.786799618158653, -0.176536095523045, 0.0 ], [ 115.786786264935415, -0.176551138494862, 0.0 ], [ 115.785619018546782, -0.17783693807975, 0.0 ], [ 115.785510749422144, -0.178070462357958, 0.0 ], [ 115.78547395800949, -0.178141440055134, 0.0 ], [ 115.785431076524318, -0.178208864547625, 0.0 ], [ 115.785382440911548, -0.178272207614852, 0.0 ], [ 115.785157505743626, -0.178539796526766, 0.0 ], [ 115.784966614268171, -0.178835409526419, 0.0 ], [ 115.784890289650917, -0.1791733957178, 0.0 ], [ 115.784847568044654, -0.179452837614849, 0.0 ], [ 115.784843574984322, -0.179476809335546, 0.0 ], [ 115.784831183218799, -0.179534681303034, 0.0 ], [ 115.78471747663238, -0.179992435989212, 0.0 ], [ 115.784580537767496, -0.180681511579379, 0.0 ], [ 115.784541560148512, -0.180897244327812, 0.0 ], [ 115.784499535023599, -0.181362283592205, 0.0 ], [ 115.784484730469586, -0.181704551671216, 0.0 ], [ 115.784886177107012, -0.182764588905704, 0.0 ], [ 115.785327766650894, -0.183428051903117, 0.0 ], [ 115.785966789255838, -0.183967689285253, 0.0 ], [ 115.786010697051196, -0.184007310873978, 0.0 ], [ 115.786533833084292, -0.184512093716092, 0.0 ], [ 115.787216812112376, -0.185000123472376, 0.0 ], [ 115.787257010169171, -0.185030586624058, 0.0 ], [ 115.787265768566527, -0.185037710085083, 0.0 ], [ 115.787790364457464, -0.185469882830505, 0.0 ], [ 115.788292308387128, -0.185887376646746, 0.0 ], [ 115.789294019738094, -0.186514958185056, 0.0 ], [ 115.790037391769829, -0.186935987214849, 0.0 ], [ 115.790091870463399, -0.186969461236079, 0.0 ], [ 115.790106611649151, -0.186979471050571, 0.0 ], [ 115.791146959380683, -0.187701086617579, 0.0 ], [ 115.792185804973414, -0.188305447459186, 0.0 ], [ 115.792196587051492, -0.188311821222007, 0.0 ], [ 115.793551550474518, -0.189125616934538, 0.0 ], [ 115.793586246616812, -0.189147550557463, 0.0 ], [ 115.793624251765834, -0.189174252202309, 0.0 ], [ 115.794026031588999, -0.189472337033488, 0.0 ], [ 115.794803586174098, -0.189897350775637, 0.0 ], [ 115.794842090163868, -0.189919655217648, 0.0 ], [ 115.79538638503513, -0.190253249396969, 0.0 ], [ 115.795820584087608, -0.190515563431771, 0.0 ], [ 115.79656214189751, -0.190866945980584, 0.0 ], [ 115.797523971818478, -0.191249842546778, 0.0 ], [ 115.799662183587401, -0.191905150958735, 0.0 ], [ 115.800266176688439, -0.192068905489207, 0.0 ], [ 115.800274104757733, -0.192071094156732, 0.0 ], [ 115.801296297891469, -0.192358354840192, 0.0 ], [ 115.801322781864116, -0.192366241139459, 0.0 ], [ 115.802433035340769, -0.192715617635599, 0.0 ], [ 115.803613997593374, -0.192995452012947, 0.0 ], [ 115.803685853643771, -0.193015682789309, 0.0 ], [ 115.803707238167036, -0.193022979840537, 0.0 ], [ 115.804489636168142, -0.19330104036393, 0.0 ], [ 115.80529530106736, -0.193532841905035, 0.0 ], [ 115.805326114900808, -0.193542312298258, 0.0 ], [ 115.805386636518605, -0.193564559540576, 0.0 ], [ 115.806068648367031, -0.193843550160708, 0.0 ], [ 115.806460813123181, -0.193922540076893, 0.0 ], [ 115.806522758883716, -0.193937332969282, 0.0 ], [ 115.806583508607019, -0.193956504855052, 0.0 ], [ 115.8066427572777, -0.193979959474857, 0.0 ], [ 115.806700207417961, -0.194007579067732, 0.0 ], [ 115.807185284493883, -0.194263448101487, 0.0 ], [ 115.807246829822077, -0.194295068667476, 0.0 ], [ 115.807257110307432, -0.194300226653063, 0.0 ], [ 115.807276882186045, -0.194311803714529, 0.0 ], [ 115.807326776614872, -0.19434104907573, 0.0 ], [ 115.807776319706107, -0.194598628013571, 0.0 ], [ 115.807840115756548, -0.194638998263456, 0.0 ], [ 115.807900327116556, -0.194684608484753, 0.0 ], [ 115.807956530232673, -0.194735137836035, 0.0 ], [ 115.808008329747878, -0.194790230872277, 0.0 ], [ 115.808318523072487, -0.195150600679352, 0.0 ], [ 115.808341145909125, -0.195177952675784, 0.0 ], [ 115.808626390060823, -0.195536960696907, 0.0 ], [ 115.808664695507318, -0.195588872726476, 0.0 ], [ 115.808699218864874, -0.19564340735667, 0.0 ], [ 115.808936914011582, -0.196050276420848, 0.0 ], [ 115.808972831186068, -0.196118220241231, 0.0 ], [ 115.809211369286174, -0.196622607476325, 0.0 ], [ 115.809242233276564, -0.196696047441437, 0.0 ], [ 115.809266552508291, -0.196771938610649, 0.0 ], [ 115.809284137973066, -0.196849691160365, 0.0 ], [ 115.809322690600055, -0.197063242086366, 0.0 ], [ 115.809450872892143, -0.197493506504604, 0.0 ], [ 115.809467379967458, -0.197557269707242, 0.0 ], [ 115.809479232374457, -0.197622073516588, 0.0 ], [ 115.809486367214632, -0.197687574033181, 0.0 ], [ 115.80948874662532, -0.197753423660283, 0.0 ], [ 115.809488709653692, -0.198279940343234, 0.0 ], [ 115.809485086824608, -0.198361022452531, 0.0 ], [ 115.80947647387984, -0.198428646324504, 0.0 ], [ 115.809381341848223, -0.199003019509747, 0.0 ], [ 115.809379127056275, -0.199015823889595, 0.0 ], [ 115.809364466419311, -0.199082634256263, 0.0 ], [ 115.809229717542763, -0.199602500619689, 0.0 ], [ 115.809164158505254, -0.199954361812784, 0.0 ], [ 115.809149667511377, -0.200018978990222, 0.0 ], [ 115.809130517943629, -0.200082355208032, 0.0 ], [ 115.809106812508233, -0.200144150556476, 0.0 ], [ 115.809078678345912, -0.200204033605211, 0.0 ], [ 115.808745816174678, -0.20085018775825, 0.0 ], [ 115.808713447226083, -0.200907766872321, 0.0 ], [ 115.808676984288013, -0.20096281003417, 0.0 ], [ 115.808636622436509, -0.201015022763883, 0.0 ], [ 115.808592577607484, -0.201064125724314, 0.0 ], [ 115.808545085439818, -0.20110985621537, 0.0 ], [ 115.808117154249658, -0.201492745208077, 0.0 ], [ 115.808081509642051, -0.201523008397255, 0.0 ], [ 115.80757189525265, -0.201933383500047, 0.0 ], [ 115.807162561302249, -0.202469018103136, 0.0 ], [ 115.807112586841242, -0.202528870241082, 0.0 ], [ 115.807057664819268, -0.202584153911052, 0.0 ], [ 115.806998205615031, -0.202634456032473, 0.0 ], [ 115.806380088356093, -0.203113059986384, 0.0 ], [ 115.806333404429438, -0.203146869543291, 0.0 ], [ 115.806284667682348, -0.20317760320336, 0.0 ], [ 115.806234077779692, -0.20320513505705, 0.0 ], [ 115.805853703653483, -0.203396565981563, 0.0 ], [ 115.805801436238099, -0.203420796669101, 0.0 ], [ 115.805747735344951, -0.203441609416228, 0.0 ], [ 115.805692821238182, -0.203458918855747, 0.0 ], [ 115.80338684971673, -0.204104924209146, 0.0 ], [ 115.803327592709664, -0.204119363132237, 0.0 ], [ 115.80326749946569, -0.204129723091934, 0.0 ], [ 115.803206846685697, -0.204135956385567, 0.0 ], [ 115.80314591364565, -0.204138034312512, 0.0 ], [ 115.801529388555636, -0.204137913775479, 0.0 ], [ 115.801489077981429, -0.204136999947079, 0.0 ], [ 115.801467872214062, -0.20413578658709, 0.0 ], [ 115.799043102189856, -0.203968076776779, 0.0 ], [ 115.798976848470588, -0.203961001575785, 0.0 ], [ 115.798911297690978, -0.203949003214544, 0.0 ], [ 115.798846810296396, -0.203932147668661, 0.0 ], [ 115.798783740883877, -0.203910527622543, 0.0 ], [ 115.798059728051214, -0.203631772785392, 0.0 ], [ 115.797600423971673, -0.20355467156562, 0.0 ], [ 115.797056110987882, -0.203491401458333, 0.0 ], [ 115.796608554648842, -0.203491368137184, 0.0 ], [ 115.796085562577616, -0.203491327962494, 0.0 ], [ 115.796019532082099, -0.203488876898726, 0.0 ], [ 115.795953859072711, -0.20348154711006, 0.0 ], [ 115.795888898729331, -0.203469378238885, 0.0 ], [ 115.795825002377754, -0.203452436098485, 0.0 ], [ 115.795040530490922, -0.203213053858366, 0.0 ], [ 115.795023449709205, -0.203207654005985, 0.0 ], [ 115.794953629326443, -0.203181541383141, 0.0 ], [ 115.794229104444128, -0.202875596921438, 0.0 ], [ 115.793623581424484, -0.202641085058855, 0.0 ], [ 115.793592588351856, -0.202628409943709, 0.0 ], [ 115.793133001218777, -0.20243007667419, 0.0 ], [ 115.792698927768015, -0.202290996724979, 0.0 ], [ 115.792310518711858, -0.202212761379116, 0.0 ], [ 115.791949543759358, -0.202172356169313, 0.0 ], [ 115.79100077948091, -0.202126800660812, 0.0 ], [ 115.79067148326709, -0.202126775859382, 0.0 ], [ 115.790566712893082, -0.202226963181318, 0.0 ], [ 115.790549813200613, -0.202362988081928, 0.0 ], [ 115.790627845115836, -0.202913185883407, 0.0 ], [ 115.790630473527443, -0.20293333352486, 0.0 ], [ 115.790694358699866, -0.203469627705064, 0.0 ], [ 115.790797401078706, -0.203863944885224, 0.0 ], [ 115.790812539929874, -0.203932632925737, 0.0 ], [ 115.790820575181499, -0.203986375992504, 0.0 ], [ 115.790883329174278, -0.204513196474422, 0.0 ], [ 115.791078412220841, -0.205200778451169, 0.0 ], [ 115.791595622806057, -0.206242364605573, 0.0 ], [ 115.792481465733971, -0.207721147289266, 0.0 ], [ 115.79252063298253, -0.207794247781495, 0.0 ], [ 115.792536960207627, -0.207830395818467, 0.0 ], [ 115.792709523652604, -0.208235837497782, 0.0 ], [ 115.793122432236316, -0.208797109594693, 0.0 ], [ 115.793150076278081, -0.208836874489, 0.0 ], [ 115.79317556180645, -0.208878074940568, 0.0 ], [ 115.79355650263534, -0.209532405989872, 0.0 ], [ 115.794468477537976, -0.210786619679842, 0.0 ], [ 115.794945396388144, -0.211286030250953, 0.0 ], [ 115.795304806068359, -0.21151459372919, 0.0 ], [ 115.795365005958416, -0.211556422794783, 0.0 ], [ 115.7954216265843, -0.211603043087012, 0.0 ], [ 115.795474292677198, -0.21165414561813, 0.0 ], [ 115.795966479224347, -0.212172250027965, 0.0 ], [ 115.796347900582816, -0.212501435948153, 0.0 ], [ 115.797180479503069, -0.212920608473795, 0.0 ], [ 115.797954534225326, -0.213264476188995, 0.0 ], [ 115.798267948518571, -0.213390713364469, 0.0 ], [ 115.799679795525378, -0.213849337144253, 0.0 ], [ 115.80195685587762, -0.214399700630084, 0.0 ], [ 115.804355717190418, -0.21460114249649, 0.0 ], [ 115.807194819755225, -0.214199433111223, 0.0 ], [ 115.808190345175717, -0.213807346302692, 0.0 ], [ 115.808264974619789, -0.213781694682117, 0.0 ], [ 115.808341550825148, -0.213762729771871, 0.0 ], [ 115.808579279781483, -0.213714883700676, 0.0 ], [ 115.80863881730717, -0.213704981448809, 0.0 ], [ 115.808698880793315, -0.213699124871016, 0.0 ], [ 115.808759199304902, -0.213697340385302, 0.0 ], [ 115.808819500757537, -0.213699636041448, 0.0 ], [ 115.809453160692641, -0.213745251662889, 0.0 ], [ 115.810681054888022, -0.213745347738075, 0.0 ], [ 115.811204050802971, -0.213745388565613, 0.0 ], [ 115.811269460527626, -0.21374779380885, 0.0 ], [ 115.811334522761342, -0.213754986564688, 0.0 ], [ 115.811398892225668, -0.213766928662111, 0.0 ], [ 115.811462227318216, -0.213783556725839, 0.0 ], [ 115.812175382415973, -0.213999005508868, 0.0 ], [ 115.812248422621877, -0.214024569046408, 0.0 ], [ 115.812319008930771, -0.214056360571038, 0.0 ], [ 115.812461640967271, -0.214128169535753, 0.0 ], [ 115.812526554971868, -0.214164297035019, 0.0 ], [ 115.812588287811522, -0.214205691769544, 0.0 ], [ 115.813111254001313, -0.214588652685705, 0.0 ], [ 115.813173405518938, -0.21463854276625, 0.0 ], [ 115.813230933792028, -0.214693767802615, 0.0 ], [ 115.813283388539531, -0.214753895542842, 0.0 ], [ 115.813330359192335, -0.214818455361144, 0.0 ], [ 115.813599433495739, -0.215224852765532, 0.0 ], [ 115.813890744482904, -0.215608423852732, 0.0 ], [ 115.813927280643469, -0.215660202458836, 0.0 ], [ 115.813960117561251, -0.215714434543778, 0.0 ], [ 115.814174038696294, -0.216097372607053, 0.0 ], [ 115.814194565115685, -0.216136307769912, 0.0 ], [ 115.814418575029663, -0.216587429924562, 0.0 ], [ 115.81460561230783, -0.216907593758375, 0.0 ], [ 115.814775649729583, -0.217116846155278, 0.0 ], [ 115.814822255747899, -0.217179555651032, 0.0 ], [ 115.814863298710975, -0.217246088834201, 0.0 ], [ 115.814898470918735, -0.217315946904469, 0.0 ], [ 115.814927508684946, -0.217388606135566, 0.0 ], [ 115.815070110792661, -0.217795472236938, 0.0 ], [ 115.815088948499834, -0.21785587840182, 0.0 ], [ 115.815090989171182, -0.217863452678617, 0.0 ], [ 115.815186051250208, -0.218222447777848, 0.0 ], [ 115.815201944248926, -0.218294003732326, 0.0 ], [ 115.815203095471531, -0.218300529098335, 0.0 ], [ 115.815278009504368, -0.218734382744928, 0.0 ], [ 115.815371362042143, -0.218938054553011, 0.0 ], [ 115.815394767387033, -0.218993977696262, 0.0 ], [ 115.815414395413228, -0.219051354910454, 0.0 ], [ 115.815430157776191, -0.219109927944324, 0.0 ], [ 115.815525217859019, -0.219516789060531, 0.0 ], [ 115.815534606772957, -0.219562159194221, 0.0 ], [ 115.815626537570054, -0.220071409563356, 0.0 ], [ 115.815717811887907, -0.220485064729095, 0.0 ], [ 115.81572967217609, -0.220549891366766, 0.0 ], [ 115.815736811509908, -0.220615415416264, 0.0 ], [ 115.815739191975482, -0.220681288905181, 0.0 ], [ 115.815739149006916, -0.221207807180781, 0.0 ], [ 115.815735525528879, -0.221288886724273, 0.0 ], [ 115.815732740420856, -0.221315575378608, 0.0 ], [ 115.815665543919081, -0.221878936704209, 0.0 ], [ 115.815643965475175, -0.222399331369183, 0.0 ], [ 115.815643939107645, -0.222715097475625, 0.0 ], [ 115.815710094550951, -0.223337168859418, 0.0 ], [ 115.815711589575869, -0.223352451362631, 0.0 ], [ 115.815713454880992, -0.223377109546294, 0.0 ], [ 115.815737196919784, -0.223760031668713, 0.0 ], [ 115.815737824976992, -0.223771289322751, 0.0 ], [ 115.815756895978296, -0.224155934266672, 0.0 ], [ 115.815851936683458, -0.22451963346173, 0.0 ], [ 115.815867076192944, -0.224588325669997, 0.0 ], [ 115.815870229336241, -0.22460692904032, 0.0 ], [ 115.815965271432702, -0.225205252221727, 0.0 ], [ 115.815968672354614, -0.225228613706985, 0.0 ], [ 115.815996360514234, -0.2254378025693, 0.0 ], [ 115.816254826323288, -0.225958320130649, 0.0 ], [ 115.816462276098761, -0.226341278231729, 0.0 ], [ 115.816660641442255, -0.226526745175341, 0.0 ], [ 115.816951177695458, -0.226756599335625, 0.0 ], [ 115.81730143208307, -0.227013088278344, 0.0 ], [ 115.8178952504189, -0.227132702336266, 0.0 ], [ 115.818348617887153, -0.227176208833374, 0.0 ], [ 115.818384039128475, -0.227180323455947, 0.0 ], [ 115.818407253719414, -0.227183802634041, 0.0 ], [ 115.819281561583523, -0.227326610345043, 0.0 ], [ 115.819751733654229, -0.227397650181215, 0.0 ], [ 115.819815975769572, -0.227409776945694, 0.0 ], [ 115.819879172205077, -0.227426573334581, 0.0 ], [ 115.819940988524579, -0.227447950461596, 0.0 ], [ 115.820118271022679, -0.227516612207175, 0.0 ], [ 115.820405227993433, -0.22753268534526, 0.0 ], [ 115.820424299675594, -0.227533958581702, 0.0 ], [ 115.821660467660635, -0.227629791174917, 0.0 ], [ 115.821712163217441, -0.227635317368063, 0.0 ], [ 115.821767763024567, -0.227644701059921, 0.0 ], [ 115.823033271802885, -0.227899613924562, 0.0 ], [ 115.824844951456583, -0.22808682908165, 0.0 ], [ 115.824873849154244, -0.22809029226926, 0.0 ], [ 115.827156015790479, -0.228401607061554, 0.0 ], [ 115.827233327691658, -0.228415644091758, 0.0 ], [ 115.827938179479546, -0.228575935829044, 0.0 ], [ 115.828381095093249, -0.228642857398879, 0.0 ], [ 115.82841141875079, -0.228647974654225, 0.0 ], [ 115.829053271788112, -0.228767691448737, 0.0 ], [ 115.82907954538436, -0.22877300109342, 0.0 ], [ 115.829886348743827, -0.228948688258459, 0.0 ], [ 115.830728025883246, -0.22898910753278, 0.0 ], [ 115.831169690917406, -0.228928512440852, 0.0 ], [ 115.831242943880923, -0.228921556375846, 0.0 ], [ 115.831316516580358, -0.228920657726414, 0.0 ], [ 115.831389915624058, -0.2289258225197, 0.0 ], [ 115.832235611520773, -0.229020491162653, 0.0 ], [ 115.833033740531448, -0.229091454685125, 0.0 ], [ 115.833106208290602, -0.229100901035054, 0.0 ], [ 115.833177673907741, -0.229116244564998, 0.0 ], [ 115.833247664692095, -0.229137383789358, 0.0 ], [ 115.833592359739953, -0.229257075686825, 0.0 ], [ 115.833939013761821, -0.229377452916705, 0.0 ], [ 115.834272293715543, -0.229494911880655, 0.0 ], [ 115.834547509926949, -0.229494934944003, 0.0 ], [ 115.834606586102765, -0.229496897229535, 0.0 ], [ 115.83466540628703, -0.229502765693904, 0.0 ], [ 115.834723715917946, -0.22951251494004, 0.0 ], [ 115.835199162949607, -0.229608284789245, 0.0 ], [ 115.835223271793751, -0.229613488496871, 0.0 ], [ 115.836365388776954, -0.229877084807101, 0.0 ], [ 115.836984136379613, -0.230020885756568, 0.0 ], [ 115.837044659053888, -0.2300372089237, 0.0 ], [ 115.837862172873088, -0.230288760471553, 0.0 ], [ 115.838183130227193, -0.230356812491295, 0.0 ], [ 115.838707668478065, -0.230356855601222, 0.0 ], [ 115.838777120256054, -0.230359567676765, 0.0 ], [ 115.838846156002077, -0.230367676261394, 0.0 ], [ 115.838914362609898, -0.230381132833891, 0.0 ], [ 115.838981331935372, -0.230399856871847, 0.0 ], [ 115.839046663237667, -0.230423736331625, 0.0 ], [ 115.839688504361433, -0.230687049156632, 0.0 ], [ 115.839702635101546, -0.230692988088805, 0.0 ], [ 115.839734136765642, -0.230707273541221, 0.0 ], [ 115.840185802869371, -0.230922706426955, 0.0 ], [ 115.840202985874868, -0.230931128696063, 0.0 ], [ 115.840535792955976, -0.231098685614863, 0.0 ], [ 115.840604609073566, -0.231137216024047, 0.0 ], [ 115.840669809967551, -0.231181664181795, 0.0 ], [ 115.840730894859746, -0.231231688703237, 0.0 ], [ 115.840856019524296, -0.231343678428692, 0.0 ], [ 115.840987451570598, -0.231409850260962, 0.0 ], [ 115.84100845255773, -0.231420773590506, 0.0 ], [ 115.84136650152216, -0.231613059568763, 0.0 ], [ 115.841428072886089, -0.231649514648895, 0.0 ], [ 115.841760873990836, -0.231864937584508, 0.0 ], [ 115.841806549260866, -0.231896549528865, 0.0 ], [ 115.841850201462975, -0.231930936615867, 0.0 ], [ 115.842135455575473, -0.232170287582574, 0.0 ], [ 115.842181167199257, -0.2322113824348, 0.0 ], [ 115.842195580566823, -0.232225573108424, 0.0 ], [ 115.842345271293155, -0.232376295600411, 0.0 ], [ 115.842500981281916, -0.232517400702732, 0.0 ], [ 115.84290207285251, -0.232759721504881, 0.0 ], [ 115.842963372778854, -0.232800271210526, 0.0 ], [ 115.84302118304737, -0.23284571950135, 0.0 ], [ 115.843075118394992, -0.232895763498367, 0.0 ], [ 115.84317020243779, -0.232991502494085, 0.0 ], [ 115.843219906468491, -0.233045812305144, 0.0 ], [ 115.843265044311494, -0.233104022881205, 0.0 ], [ 115.843305315117846, -0.233165746241826, 0.0 ], [ 115.843519666269628, -0.233525476120805, 0.0 ], [ 115.843541567099521, -0.23356446643051, 0.0 ], [ 115.843729738107413, -0.233919728534844, 0.0 ], [ 115.843923415823383, -0.234277263234322, 0.0 ], [ 115.843989753709849, -0.234329215755523, 0.0 ], [ 115.844043796192935, -0.234375085616096, 0.0 ], [ 115.84409408966539, -0.234425090459575, 0.0 ], [ 115.844140322846641, -0.23447892079236, 0.0 ], [ 115.844182209586464, -0.234536243443776, 0.0 ], [ 115.844219490635652, -0.234596703627926, 0.0 ], [ 115.844251935251293, -0.234659927140193, 0.0 ], [ 115.844279342624461, -0.234725522672471, 0.0 ], [ 115.844564596114722, -0.235491510340787, 0.0 ], [ 115.844568690778601, -0.235502730690856, 0.0 ], [ 115.844758618832415, -0.236033997277006, 0.0 ], [ 115.844982432416359, -0.236443751751261, 0.0 ], [ 115.845248681070757, -0.236912911952326, 0.0 ], [ 115.845357157696512, -0.237076752200208, 0.0 ], [ 115.845421632505264, -0.237115704870219, 0.0 ], [ 115.845479800866755, -0.237154003775891, 0.0 ], [ 115.845534854559219, -0.237196714650361, 0.0 ], [ 115.845586464145896, -0.23724358191497, 0.0 ], [ 115.845634320797998, -0.237294325120205, 0.0 ], [ 115.845678138145686, -0.23734864062278, 0.0 ], [ 115.846177311414948, -0.23801880167116, 0.0 ], [ 115.846185159099051, -0.238029500493256, 0.0 ], [ 115.84637544672556, -0.238292952772711, 0.0 ], [ 115.846416591280629, -0.238355202352508, 0.0 ], [ 115.8464524883682, -0.238420660310239, 0.0 ], [ 115.846482892704117, -0.238488879372435, 0.0 ], [ 115.846689987569661, -0.239010234034171, 0.0 ], [ 115.846931252156637, -0.239394874773298, 0.0 ], [ 115.846961571240072, -0.23944698766244, 0.0 ], [ 115.846988368513664, -0.23950102119938, 0.0 ], [ 115.847233963110881, -0.240040590157678, 0.0 ], [ 115.847516010836927, -0.240543056581166, 0.0 ], [ 115.847683495342991, -0.240817104633353, 0.0 ], [ 115.848001054049405, -0.24127389309059, 0.0 ], [ 115.848036321594265, -0.241328738265561, 0.0 ], [ 115.848067564785637, -0.241386003186265, 0.0 ], [ 115.848094620627322, -0.241445389100503, 0.0 ], [ 115.848117347967829, -0.241506586190625, 0.0 ], [ 115.848307482114123, -0.24208099133202, 0.0 ], [ 115.848316567761785, -0.242110063610605, 0.0 ], [ 115.848501305419703, -0.242737946652078, 0.0 ], [ 115.848780354425827, -0.243557545245548, 0.0 ], [ 115.848795934819208, -0.243608079592366, 0.0 ], [ 115.849200251815589, -0.2450691143819, 0.0 ], [ 115.849218486837557, -0.245149341108859, 0.0 ], [ 115.849224945852967, -0.245190591384669, 0.0 ], [ 115.849484045210104, -0.247136348776002, 0.0 ], [ 115.849709585635551, -0.248453962910991, 0.0 ], [ 115.850089387458141, -0.249729145978576, 0.0 ], [ 115.850107103869803, -0.24979849758039, 0.0 ], [ 115.850119315534087, -0.249869042715876, 0.0 ], [ 115.850125945919643, -0.249940339273282, 0.0 ], [ 115.850126667652603, -0.249953876089103, 0.0 ], [ 115.85018374300445, -0.251009650919203, 0.0 ], [ 115.850413404388235, -0.252124143566255, 0.0 ], [ 115.850680656970496, -0.252758492859118, 0.0 ], [ 115.851612053348717, -0.254199572973808, 0.0 ], [ 115.851628508545772, -0.254226019934098, 0.0 ], [ 115.852638061065448, -0.255912571420457, 0.0 ], [ 115.853092009664778, -0.256456720383942, 0.0 ], [ 115.85313166851752, -0.256507880640927, 0.0 ], [ 115.85344142512885, -0.256939738260396, 0.0 ], [ 115.853452811216428, -0.256955986000723, 0.0 ], [ 115.854333879713977, -0.258243058124413, 0.0 ], [ 115.854354797722465, -0.258275043920762, 0.0 ], [ 115.855191484217841, -0.259615363086349, 0.0 ], [ 115.85520209579083, -0.259632796451364, 0.0 ], [ 115.855218057035728, -0.259660821238501, 0.0 ], [ 115.855845559432424, -0.260809658420122, 0.0 ], [ 115.855880515287396, -0.260880898862711, 0.0 ], [ 115.855909126135785, -0.260954952749678, 0.0 ], [ 115.855931171205526, -0.261031248653342, 0.0 ], [ 115.856121282372897, -0.261816265865675, 0.0 ], [ 115.856132426975819, -0.261869090429349, 0.0 ], [ 115.856141115268272, -0.261928472855595, 0.0 ], [ 115.85623544069783, -0.262764796812092, 0.0 ], [ 115.856236128050242, -0.26277088366767, 0.0 ], [ 115.856238259010226, -0.262791971050965, 0.0 ], [ 115.856241868746054, -0.262873054868177, 0.0 ], [ 115.856241766825519, -0.263983542490662, 0.0 ], [ 115.856241418088032, -0.26400865853233, 0.0 ], [ 115.856203255163024, -0.265387190967666, 0.0 ], [ 115.856199979350933, -0.265443157251299, 0.0 ], [ 115.856196932712919, -0.265472013309881, 0.0 ], [ 115.856091898009808, -0.266334909471126, 0.0 ], [ 115.85610746405257, -0.266680383358757, 0.0 ], [ 115.856108255459944, -0.266736848351206, 0.0 ], [ 115.856105545506537, -0.266793253024307, 0.0 ], [ 115.856099344754682, -0.266849377543799, 0.0 ], [ 115.856023221745062, -0.267385467712612, 0.0 ], [ 115.856009114148492, -0.267461469090686, 0.0 ], [ 115.855988611127557, -0.267535979970135, 0.0 ], [ 115.855779349042393, -0.268186936158634, 0.0 ], [ 115.855752611129404, -0.268259386432028, 0.0 ], [ 115.855719827300888, -0.268329274340322, 0.0 ], [ 115.855681236906378, -0.268396089643646, 0.0 ], [ 115.855376898762017, -0.268874718736659, 0.0 ], [ 115.855347015437516, -0.268918796016534, 0.0 ], [ 115.855314487982469, -0.268961162510135, 0.0 ], [ 115.854826727403491, -0.269559017970699, 0.0 ], [ 115.854550998139501, -0.269952929754667, 0.0 ], [ 115.854543391066699, -0.269963631179384, 0.0 ], [ 115.854503380136165, -0.270014131104165, 0.0 ], [ 115.854357025563488, -0.270343302047255, 0.0 ], [ 115.854321949019734, -0.270413785209634, 0.0 ], [ 115.854280909707185, -0.270480926009349, 0.0 ], [ 115.854234219347944, -0.270544214465966, 0.0 ], [ 115.854141495304944, -0.270659083480712, 0.0 ], [ 115.854120785648561, -0.27068382177367, 0.0 ], [ 115.854079477766376, -0.270728297051725, 0.0 ], [ 115.853986755313557, -0.2708216244512, 0.0 ], [ 115.853879769212512, -0.270929310497016, 0.0 ], [ 115.853783073139567, -0.271026638439841, 0.0 ], [ 115.853683065185706, -0.271149668844533, 0.0 ], [ 115.853664297443899, -0.271172009818748, 0.0 ], [ 115.85364194991358, -0.271196813774334, 0.0 ], [ 115.853527828861729, -0.271318860783547, 0.0 ], [ 115.853475913477737, -0.271370064566593, 0.0 ], [ 115.85342005720851, -0.271416876714898, 0.0 ], [ 115.853360625514213, -0.271458990943511, 0.0 ], [ 115.853148295298979, -0.271596870772609, 0.0 ], [ 115.852957228275088, -0.271727368986913, 0.0 ], [ 115.852915370963018, -0.271754287298425, 0.0 ], [ 115.852872100087808, -0.271778835958202, 0.0 ], [ 115.852640346626643, -0.271901946103619, 0.0 ], [ 115.852536091100092, -0.271966071704828, 0.0 ], [ 115.852467369764724, -0.272004294081565, 0.0 ], [ 115.852395596378244, -0.272036330988736, 0.0 ], [ 115.852031856272959, -0.272179892907109, 0.0 ], [ 115.851981476507405, -0.272198053815241, 0.0 ], [ 115.85195066281095, -0.272207518542568, 0.0 ], [ 115.851699254825022, -0.272279803262442, 0.0 ], [ 115.851469241845209, -0.272344909987376, 0.0 ], [ 115.851460405143939, -0.27234736222545, 0.0 ], [ 115.851212354934276, -0.272414828988738, 0.0 ], [ 115.850783523094037, -0.272548554465871, 0.0 ], [ 115.850542460655333, -0.272664090558373, 0.0 ], [ 115.85050929526615, -0.272679164430046, 0.0 ], [ 115.85049826650507, -0.272683821669092, 0.0 ], [ 115.850314962513181, -0.272759787242765, 0.0 ], [ 115.85028081637364, -0.272780055816452, 0.0 ], [ 115.850190552931622, -0.272916335003761, 0.0 ], [ 115.850176474424543, -0.272936689387002, 0.0 ], [ 115.850219382825344, -0.272949040144705, 0.0 ], [ 115.850412035867976, -0.273005364005238, 0.0 ], [ 115.850744948122468, -0.273077685465742, 0.0 ], [ 115.850816600633692, -0.273096391488515, 0.0 ], [ 115.850886480503434, -0.273120971745119, 0.0 ], [ 115.85126445556925, -0.27327178464021, 0.0 ], [ 115.851286613341031, -0.273280971692989, 0.0 ], [ 115.851301496460138, -0.273287538419337, 0.0 ], [ 115.851601685582395, -0.273423258589841, 0.0 ], [ 115.851969847989665, -0.273538743206762, 0.0 ], [ 115.852268166608837, -0.273620680573731, 0.0 ], [ 115.852330825122493, -0.273640393137404, 0.0 ], [ 115.852391886732548, -0.273664658789474, 0.0 ], [ 115.852620098777777, -0.27376519872883, 0.0 ], [ 115.852642546411744, -0.273775459815854, 0.0 ], [ 115.852873864556315, -0.273885076172573, 0.0 ], [ 115.853090782849236, -0.273980640593888, 0.0 ], [ 115.853145741554783, -0.274007123151043, 0.0 ], [ 115.853198791074036, -0.274037294624239, 0.0 ], [ 115.853249687456426, -0.274071016269201, 0.0 ], [ 115.85329819665246, -0.274108133015401, 0.0 ], [ 115.853490742725342, -0.274266108990302, 0.0 ], [ 115.853544171940669, -0.274313618030436, 0.0 ], [ 115.853708262223051, -0.274471660553434, 0.0 ], [ 115.853763827380575, -0.274530192408444, 0.0 ], [ 115.853774461005784, -0.274542675041091, 0.0 ], [ 115.853876392292946, -0.274664555134214, 0.0 ], [ 115.854020512980782, -0.274822867890604, 0.0 ], [ 115.854034809512754, -0.274838953409837, 0.0 ], [ 115.854059779146041, -0.274869021919029, 0.0 ], [ 115.854203831488334, -0.27505034158653, 0.0 ], [ 115.854340749827145, -0.275224481254442, 0.0 ], [ 115.854380187931127, -0.275278661930101, 0.0 ], [ 115.854415523547488, -0.275335639517864, 0.0 ], [ 115.854554609579068, -0.275579634337693, 0.0 ], [ 115.855073548938392, -0.276206672808511, 0.0 ], [ 115.855756641811865, -0.277023461443161, 0.0 ], [ 115.855770979114183, -0.277041049140842, 0.0 ], [ 115.856277092286518, -0.277678074228029, 0.0 ], [ 115.856933966372566, -0.278199582340315, 0.0 ], [ 115.85751172557454, -0.278648024382676, 0.0 ], [ 115.85820063104174, -0.278916568460123, 0.0 ], [ 115.858707350258271, -0.279016156659985, 0.0 ], [ 115.858715827705367, -0.279017865443465, 0.0 ], [ 115.859139272181608, -0.279105353633607, 0.0 ], [ 115.859541583701642, -0.279065879135147, 0.0 ], [ 115.860299551145076, -0.278908498421897, 0.0 ], [ 115.860825531342172, -0.278674586085862, 0.0 ], [ 115.861756037440315, -0.278261579865369, 0.0 ], [ 115.862364878508231, -0.277829007519063, 0.0 ], [ 115.86291015354746, -0.277330063760685, 0.0 ], [ 115.863531821660644, -0.27660004804212, 0.0 ], [ 115.864184396843072, -0.275675116595149, 0.0 ], [ 115.864649601470276, -0.274876371129966, 0.0 ], [ 115.864680529206666, -0.274826992905206, 0.0 ], [ 115.864714556207502, -0.274779725798332, 0.0 ], [ 115.86515678900254, -0.274205375881469, 0.0 ], [ 115.865190346605488, -0.27416434187563, 0.0 ], [ 115.865202146804563, -0.274151014942648, 0.0 ], [ 115.866191621051343, -0.273055479697414, 0.0 ], [ 115.867274979540568, -0.271780940669976, 0.0 ], [ 115.868624458179994, -0.270122382648404, 0.0 ], [ 115.869572311633092, -0.268960647178258, 0.0 ], [ 115.86961117978575, -0.268916072247593, 0.0 ], [ 115.869652866139987, -0.268874157566061, 0.0 ], [ 115.870055394191994, -0.26849513566348, 0.0 ], [ 115.870341633369222, -0.268151618747999, 0.0 ], [ 115.870523632082083, -0.267836132922943, 0.0 ], [ 115.870640621426091, -0.267530001152984, 0.0 ], [ 115.87066289982441, -0.267476830648139, 0.0 ], [ 115.870688500586297, -0.267425198459981, 0.0 ], [ 115.870717319516928, -0.267375314729939, 0.0 ], [ 115.870931308416871, -0.267030698798705, 0.0 ], [ 115.870969368633013, -0.266974257992167, 0.0 ], [ 115.871011545708825, -0.266920865305532, 0.0 ], [ 115.871057599757904, -0.26687082441511, 0.0 ], [ 115.871107268843915, -0.266824419933595, 0.0 ], [ 115.871160270468366, -0.266781915791246, 0.0 ], [ 115.871431302361188, -0.266580902771827, 0.0 ], [ 115.871494518920144, -0.266538058729313, 0.0 ], [ 115.871561114381251, -0.266500761708106, 0.0 ], [ 115.871630609685667, -0.266469280006345, 0.0 ], [ 115.871915896603667, -0.266354427944601, 0.0 ], [ 115.871981843631715, -0.266330834089615, 0.0 ], [ 115.87204941472902, -0.266312479262944, 0.0 ], [ 115.872118199920152, -0.266299474829824, 0.0 ], [ 115.872187781863005, -0.266291899692681, 0.0 ], [ 115.872526554220769, -0.266268410617443, 0.0 ], [ 115.872800655248, -0.266202210415132, 0.0 ], [ 115.87301281675478, -0.266146024000448, 0.0 ], [ 115.87322196809788, -0.266064161345783, 0.0 ], [ 115.87327302900654, -0.266045939939553, 0.0 ], [ 115.873325087892425, -0.266030849578082, 0.0 ], [ 115.873377955508232, -0.266018945118982, 0.0 ], [ 115.873748822439154, -0.265947180014472, 0.0 ], [ 115.873805004157546, -0.265938154983977, 0.0 ], [ 115.87386164060274, -0.265932727538357, 0.0 ], [ 115.873918504704889, -0.265930919437781, 0.0 ], [ 115.874474794832935, -0.265930970264341, 0.0 ], [ 115.874931239968419, -0.265931012121807, 0.0 ], [ 115.874971551453228, -0.26593192664813, 0.0 ], [ 115.875012587639603, -0.265934734470485, 0.0 ], [ 115.875797093627014, -0.266006606223579, 0.0 ], [ 115.87585286511279, -0.266013491731921, 0.0 ], [ 115.875908100039354, -0.266023873256338, 0.0 ], [ 115.875962582396795, -0.266037710197541, 0.0 ], [ 115.876262117428524, -0.266123897109082, 0.0 ], [ 115.876326430997295, -0.266145070130967, 0.0 ], [ 115.876388979478421, -0.266171055573605, 0.0 ], [ 115.87644940813972, -0.266201706065701, 0.0 ], [ 115.877013694283633, -0.266515280938517, 0.0 ], [ 115.877065187840699, -0.266546196200223, 0.0 ], [ 115.877114518801349, -0.266580499848282, 0.0 ], [ 115.87716146751967, -0.266618039145588, 0.0 ], [ 115.877874604794513, -0.267228399064599, 0.0 ], [ 115.877883126294833, -0.267235785425775, 0.0 ], [ 115.878346667477203, -0.267642691377132, 0.0 ], [ 115.878399354443332, -0.267692849418477, 0.0 ], [ 115.878447852193403, -0.267747121301303, 0.0 ], [ 115.878851950394122, -0.268237787314965, 0.0 ], [ 115.878888126664521, -0.268284774127531, 0.0 ], [ 115.878921159062088, -0.268334051725531, 0.0 ], [ 115.8789509049099, -0.268385407264367, 0.0 ], [ 115.879592671313276, -0.269582121452434, 0.0 ], [ 115.879611593856538, -0.269619450249192, 0.0 ], [ 115.879639980598483, -0.269685386994007, 0.0 ], [ 115.879924166839373, -0.270424679970634, 0.0 ], [ 115.880255874455784, -0.271271681517611, 0.0 ], [ 115.880261230392108, -0.271285697553635, 0.0 ], [ 115.880273486153129, -0.271320755332081, 0.0 ], [ 115.880577114467457, -0.272249812357041, 0.0 ], [ 115.880915787301859, -0.273167122309211, 0.0 ], [ 115.88093972469548, -0.273241704417349, 0.0 ], [ 115.880941298861103, -0.273247524358986, 0.0 ], [ 115.881234675915437, -0.274346629947829, 0.0 ], [ 115.881587044005911, -0.275517663815558, 0.0 ], [ 115.881601320854315, -0.275570909791362, 0.0 ], [ 115.881612347901182, -0.275624932719759, 0.0 ], [ 115.881725506016807, -0.276280012903776, 0.0 ], [ 115.881728356331209, -0.276297530138449, 0.0 ], [ 115.881870908486007, -0.277230936404721, 0.0 ], [ 115.88187785373961, -0.27728875878056, 0.0 ], [ 115.8820204584257, -0.278941520135819, 0.0 ], [ 115.882023828973672, -0.279019882783203, 0.0 ], [ 115.882023720060971, -0.280168673233027, 0.0 ], [ 115.882020095224249, -0.28024975662398, 0.0 ], [ 115.882014677310465, -0.280296596727999, 0.0 ], [ 115.881814847292944, -0.281703846162077, 0.0 ], [ 115.881809435235439, -0.281737436105403, 0.0 ], [ 115.881807502714537, -0.281747806497642, 0.0 ], [ 115.881464998636474, -0.28352839804021, 0.0 ], [ 115.881448983198723, -0.283597156558202, 0.0 ], [ 115.881433479475575, -0.283647846760898, 0.0 ], [ 115.880962636290676, -0.285040710153176, 0.0 ], [ 115.880953218622011, -0.28506721063218, 0.0 ], [ 115.880932460122409, -0.285118114921713, 0.0 ], [ 115.880597599613111, -0.285873047218512, 0.0 ], [ 115.880532765679234, -0.286083287340963, 0.0 ], [ 115.880551931292402, -0.286443837306454, 0.0 ], [ 115.880553215095048, -0.286492259172137, 0.0 ], [ 115.880553199108064, -0.286664579187335, 0.0 ], [ 115.880550880731263, -0.286729431006204, 0.0 ], [ 115.880543949848686, -0.286793948602789, 0.0 ], [ 115.880532442132434, -0.286857799919704, 0.0 ], [ 115.880516416809598, -0.286920656329023, 0.0 ], [ 115.880495956359525, -0.286982194323251, 0.0 ], [ 115.88041030734999, -0.287212053307684, 0.0 ], [ 115.88038014588362, -0.287283487946191, 0.0 ], [ 115.880344012203238, -0.287352056409777, 0.0 ], [ 115.880302172376162, -0.287417253801405, 0.0 ], [ 115.880254934485563, -0.287478600046498, 0.0 ], [ 115.880131208948043, -0.287625775840072, 0.0 ], [ 115.879674672168193, -0.288315041283744, 0.0 ], [ 115.879653973313665, -0.288344966865688, 0.0 ], [ 115.879633886392213, -0.288371736050252, 0.0 ], [ 115.878749412989308, -0.289506078209097, 0.0 ], [ 115.878707641274985, -0.289555849882976, 0.0 ], [ 115.878662418957845, -0.289602465177105, 0.0 ], [ 115.878613980691071, -0.289645682211144, 0.0 ], [ 115.878562577813838, -0.289685276737614, 0.0 ], [ 115.87767815046881, -0.290317021665442, 0.0 ], [ 115.877627664611509, -0.2903505699967, 0.0 ], [ 115.877575050893711, -0.290380622412879, 0.0 ], [ 115.876376820488318, -0.291012337215661, 0.0 ], [ 115.876318647042439, -0.291040375976949, 0.0 ], [ 115.875434244771498, -0.291428003799067, 0.0 ], [ 115.875428636298551, -0.291430439161091, 0.0 ], [ 115.87541996777658, -0.291434114258833, 0.0 ], [ 115.874685471260065, -0.291740963844264, 0.0 ], [ 115.874078856025037, -0.292032356758607, 0.0 ], [ 115.874043156114709, -0.292048551359855, 0.0 ], [ 115.873399434162678, -0.292322101706296, 0.0 ], [ 115.873326717155663, -0.292349341739658, 0.0 ], [ 115.873251936932661, -0.292370164632323, 0.0 ], [ 115.873175651101533, -0.29238441511625, 0.0 ], [ 115.873098428496945, -0.292391986931674, 0.0 ], [ 115.872042894377799, -0.292449319607334, 0.0 ], [ 115.872034648457927, -0.29244972925186, 0.0 ], [ 115.871078903338045, -0.292492714660263, 0.0 ], [ 115.871064373252594, -0.292493249610119, 0.0 ], [ 115.870065899155037, -0.292521868299795, 0.0 ], [ 115.870040237154882, -0.292522234683937, 0.0 ], [ 115.869498913673183, -0.292522179486582, 0.0 ], [ 115.869072283475347, -0.292550111537297, 0.0 ], [ 115.868456784693578, -0.292714066114477, 0.0 ], [ 115.867932430598032, -0.293007263680838, 0.0 ], [ 115.86769290911846, -0.293269011643232, 0.0 ], [ 115.867496778815209, -0.293641037262767, 0.0 ], [ 115.867435933947903, -0.293926750448101, 0.0 ], [ 115.867435891505693, -0.294347692145063, 0.0 ], [ 115.867559279942128, -0.294818142969593, 0.0 ], [ 115.867710910064631, -0.295208364028632, 0.0 ], [ 115.868071658150939, -0.295699247493684, 0.0 ], [ 115.868779152426328, -0.29660388568718, 0.0 ], [ 115.869329356363707, -0.297157902934448, 0.0 ], [ 115.869897602758741, -0.297707361277046, 0.0 ], [ 115.870540606167424, -0.298261110811068, 0.0 ], [ 115.87116310898935, -0.298630344716916, 0.0 ], [ 115.871911573815083, -0.299064815781169, 0.0 ], [ 115.872862799637133, -0.29944628454214, 0.0 ], [ 115.873822064274492, -0.29967057468123, 0.0 ], [ 115.875348846219907, -0.299883700410203, 0.0 ], [ 115.876621419761022, -0.300027804317553, 0.0 ], [ 115.877226710554865, -0.30000862354336, 0.0 ], [ 115.877771883690713, -0.299981907490265, 0.0 ], [ 115.878313220744019, -0.299916304175266, 0.0 ], [ 115.878608439852073, -0.299867701603214, 0.0 ], [ 115.87883180532566, -0.299788608270237, 0.0 ], [ 115.879186321274531, -0.299573384292915, 0.0 ], [ 115.879475052923013, -0.299381287066547, 0.0 ], [ 115.879568805390676, -0.299264145956269, 0.0 ], [ 115.879651664105126, -0.299139047611308, 0.0 ], [ 115.879716069925806, -0.299019124444159, 0.0 ], [ 115.879728805854299, -0.298962738058471, 0.0 ], [ 115.879715679923208, -0.298813909948739, 0.0 ], [ 115.879693955457128, -0.298678954491843, 0.0 ], [ 115.879645196997743, -0.298556201487476, 0.0 ], [ 115.87962393726842, -0.298496731436419, 0.0 ], [ 115.87960685450804, -0.298435911999766, 0.0 ], [ 115.879447805104107, -0.297783383132233, 0.0 ], [ 115.879327021149223, -0.297334225441323, 0.0 ], [ 115.8793102243813, -0.297259276293354, 0.0 ], [ 115.879302728271554, -0.297209956889219, 0.0 ], [ 115.879236217354759, -0.296673848046257, 0.0 ], [ 115.879232899233941, -0.296642735330556, 0.0 ], [ 115.879231650324357, -0.296627261742262, 0.0 ], [ 115.879194395036762, -0.29611081578563, 0.0 ], [ 115.879157132466361, -0.295716463249849, 0.0 ], [ 115.879153308337351, -0.295633038390381, 0.0 ], [ 115.879153605907575, -0.29560985143775, 0.0 ], [ 115.879163152931568, -0.295236496554091, 0.0 ], [ 115.879166480635064, -0.295178600022949, 0.0 ], [ 115.879172187999259, -0.295129739720848, 0.0 ], [ 115.879257830993012, -0.294536206905657, 0.0 ], [ 115.879262954003764, -0.294504637291709, 0.0 ], [ 115.87927179242206, -0.294461607661782, 0.0 ], [ 115.879395465386992, -0.293925518824558, 0.0 ], [ 115.879402756294468, -0.293896153346129, 0.0 ], [ 115.879742417183252, -0.29261930872682, 0.0 ], [ 115.879743947469379, -0.292613630083664, 0.0 ], [ 115.879957362725165, -0.291831753800804, 0.0 ], [ 115.879968413392533, -0.291794508299115, 0.0 ], [ 115.880425001220559, -0.29036813971016, 0.0 ], [ 115.880430154489304, -0.290352528704795, 0.0 ], [ 115.880787689198542, -0.289301467082299, 0.0 ], [ 115.881307252006152, -0.287628261892631, 0.0 ], [ 115.881323650093933, -0.287580231869073, 0.0 ], [ 115.881325995259388, -0.287574012635853, 0.0 ], [ 115.881639881129914, -0.286750742861486, 0.0 ], [ 115.881669230190766, -0.286682331142984, 0.0 ], [ 115.881681105697496, -0.286658421897189, 0.0 ], [ 115.882435650358758, -0.285193788243361, 0.0 ], [ 115.882440883395859, -0.285183783961187, 0.0 ], [ 115.883030566130145, -0.284073344217744, 0.0 ], [ 115.883051669347807, -0.284035787347857, 0.0 ], [ 115.883069009945629, -0.284007750638039, 0.0 ], [ 115.88373436132963, -0.282974522929725, 0.0 ], [ 115.88428395614784, -0.282117990599969, 0.0 ], [ 115.884578125664305, -0.281438772328608, 0.0 ], [ 115.884585194542751, -0.281422870502842, 0.0 ], [ 115.885104333977708, -0.280284565935863, 0.0 ], [ 115.885856405333598, -0.278263770885538, 0.0 ], [ 115.885864646952456, -0.278242470255898, 0.0 ], [ 115.886435337710935, -0.276820894635452, 0.0 ], [ 115.886456181805116, -0.27677300524027, 0.0 ], [ 115.88694943571997, -0.275723368014625, 0.0 ], [ 115.887371769978955, -0.274745709254302, 0.0 ], [ 115.887386240655815, -0.274713907092978, 0.0 ], [ 115.887410336157657, -0.274667089054018, 0.0 ], [ 115.887980990898726, -0.273633229283662, 0.0 ], [ 115.88799510689941, -0.273608576642017, 0.0 ], [ 115.888007948890092, -0.273587597090014, 0.0 ], [ 115.888589287624058, -0.272666223269501, 0.0 ], [ 115.888620867046995, -0.272619468114845, 0.0 ], [ 115.888641265283127, -0.272592299521487, 0.0 ], [ 115.889112031926146, -0.27198922678926, 0.0 ], [ 115.889739719498465, -0.271185130084556, 0.0 ], [ 115.889769595232153, -0.27114884493546, 0.0 ], [ 115.889782279230005, -0.271134540812228, 0.0 ], [ 115.889843352186702, -0.271067119228849, 0.0 ], [ 115.892638969376776, -0.268927931189108, 0.0 ], [ 115.892901468993557, -0.268881709371142, 0.0 ], [ 115.893450397870666, -0.268709069970166, 0.0 ], [ 115.894260729296747, -0.268274956659721, 0.0 ], [ 115.894311947619286, -0.268249585608531, 0.0 ], [ 115.894364662823648, -0.268227539893055, 0.0 ], [ 115.894418662147956, -0.268208908490695, 0.0 ], [ 115.894789537057974, -0.268094062400443, 0.0 ], [ 115.894853840503941, -0.268076746984889, 0.0 ], [ 115.89491429699514, -0.268065039038451, 0.0 ], [ 115.895912789830007, -0.267907170754976, 0.0 ], [ 115.89598112716051, -0.267899051330788, 0.0 ], [ 115.896049881297373, -0.267896220582198, 0.0 ], [ 115.896118648995042, -0.267898695112089, 0.0 ], [ 115.896888897973582, -0.267956204873973, 0.0 ], [ 115.896954999226807, -0.267963625286756, 0.0 ], [ 115.89702037414726, -0.267975947931537, 0.0 ], [ 115.897084664518644, -0.267993105287938, 0.0 ], [ 115.897147518068365, -0.268015003343914, 0.0 ], [ 115.897208590395365, -0.268041522111494, 0.0 ], [ 115.899149791544474, -0.268971667299853, 0.0 ], [ 115.90060432155218, -0.26951077134007, 0.0 ], [ 115.900706065145243, -0.269533380294499, 0.0 ], [ 115.900712415301157, -0.269534815694953, 0.0 ], [ 115.900766005792931, -0.269548897544254, 0.0 ], [ 115.901358191396412, -0.269724299587862, 0.0 ], [ 115.902977234336603, -0.27014676956509, 0.0 ], [ 115.903008211219088, -0.27015545097778, 0.0 ], [ 115.904893756589559, -0.270720670483127, 0.0 ], [ 115.906364217676213, -0.270989964861527, 0.0 ], [ 115.90729553816243, -0.271052555098066, 0.0 ], [ 115.908205285508615, -0.270934462032435, 0.0 ], [ 115.909348154360828, -0.270487141060388, 0.0 ], [ 115.911109862307868, -0.269600560807535, 0.0 ], [ 115.914106248797381, -0.267531462921627, 0.0 ], [ 115.916649962993176, -0.265569243878166, 0.0 ], [ 115.918116170950682, -0.264282986426401, 0.0 ], [ 115.918346810269114, -0.263981192801336, 0.0 ], [ 115.918392398507848, -0.263926154061483, 0.0 ], [ 115.918442171483278, -0.263874921131683, 0.0 ], [ 115.918495816805574, -0.263827815565915, 0.0 ], [ 115.91855299777977, -0.263785133012848, 0.0 ], [ 115.918613355521643, -0.26374714136167, 0.0 ], [ 115.918616883133254, -0.263745112026629, 0.0 ], [ 115.919173070976342, -0.263425216547899, 0.0 ], [ 115.91963535089495, -0.263092856310986, 0.0 ], [ 115.919659196095694, -0.263076290413882, 0.0 ], [ 115.919960468017592, -0.262874134240047, 0.0 ], [ 115.920015572076096, -0.262840145506887, 0.0 ], [ 115.920072960827326, -0.262810233097183, 0.0 ], [ 115.920132337250166, -0.262784551825332, 0.0 ], [ 115.920831300059959, -0.262511771677702, 0.0 ], [ 115.920872004437456, -0.262497010868724, 0.0 ], [ 115.921428321299132, -0.262310377741058, 0.0 ], [ 115.921494762642169, -0.26229091542089, 0.0 ], [ 115.92156249466376, -0.262276658174945, 0.0 ], [ 115.921631115660489, -0.262267690559776, 0.0 ], [ 115.922258740582123, -0.262210305378297, 0.0 ], [ 115.922336710681165, -0.262206603733252, 0.0 ], [ 115.922414705689761, -0.26220972862978, 0.0 ], [ 115.92309937567488, -0.262267227423177, 0.0 ], [ 115.923174873173295, -0.262276823025451, 0.0 ], [ 115.923249293414983, -0.26229281541274, 0.0 ], [ 115.923322102618073, -0.262315089879513, 0.0 ], [ 115.923392778555325, -0.262343486661604, 0.0 ], [ 115.924091693688752, -0.262659469488882, 0.0 ], [ 115.924149446896337, -0.262688125892034, 0.0 ], [ 115.924204050151218, -0.262720257933395, 0.0 ], [ 115.924902954347502, -0.263165481800561, 0.0 ], [ 115.924967538072025, -0.263210727963307, 0.0 ], [ 115.925027942270134, -0.263261488771, 0.0 ], [ 115.925512883459476, -0.263706693729124, 0.0 ], [ 115.925528434257131, -0.263721313529738, 0.0 ], [ 115.925573473590688, -0.263767905394142, 0.0 ], [ 115.925859321719344, -0.264085697391219, 0.0 ], [ 115.925869993835775, -0.264097777354918, 0.0 ], [ 115.92590549047938, -0.264141355611716, 0.0 ], [ 115.926106004579651, -0.264403786625086, 0.0 ], [ 115.926115334793394, -0.264416218015399, 0.0 ], [ 115.926311561395949, -0.264682430225343, 0.0 ], [ 115.926314995917977, -0.264687062416526, 0.0 ], [ 115.92635607209975, -0.264746765827033, 0.0 ], [ 115.92639225134532, -0.264809598306315, 0.0 ], [ 115.926423299789747, -0.264875153702053, 0.0 ], [ 115.926637217933518, -0.265377774799146, 0.0 ], [ 115.926653250235546, -0.265418097151822, 0.0 ], [ 115.926768744875432, -0.265732102094837, 0.0 ], [ 115.926907051459537, -0.266080280806633, 0.0 ], [ 115.926914021486127, -0.266098388864719, 0.0 ], [ 115.926939038085237, -0.266175983646719, 0.0 ], [ 115.927069860148904, -0.266655064065272, 0.0 ], [ 115.927086052546855, -0.266725162778613, 0.0 ], [ 115.927096658185718, -0.266796335563162, 0.0 ], [ 115.927101609931668, -0.266868131891415, 0.0 ], [ 115.927100876438971, -0.266940097288009, 0.0 ], [ 115.92707705845973, -0.267418764430045, 0.0 ], [ 115.927069752655527, -0.267497603348305, 0.0 ], [ 115.927055543426164, -0.26757548172867, 0.0 ], [ 115.927034542328755, -0.267651788145355, 0.0 ], [ 115.927006914243535, -0.267725923514262, 0.0 ], [ 115.926972876079773, -0.267797305796062, 0.0 ], [ 115.926932695071883, -0.267865374566053, 0.0 ], [ 115.926989532724221, -0.267915421704183, 0.0 ], [ 115.927041989780449, -0.267970102200435, 0.0 ], [ 115.927089694821788, -0.268029028894074, 0.0 ], [ 115.927132310075891, -0.268091784558853, 0.0 ], [ 115.927169533808467, -0.268157924858433, 0.0 ], [ 115.927201102458866, -0.268226981491117, 0.0 ], [ 115.927226792507653, -0.268298465506719, 0.0 ], [ 115.927246422057991, -0.26837187076778, 0.0 ], [ 115.927259852123996, -0.268446677533817, 0.0 ], [ 115.927306596219324, -0.268788064381457, 0.0 ], [ 115.927307373469489, -0.268793740681832, 0.0 ], [ 115.927314582770464, -0.268870423853044, 0.0 ], [ 115.927315285746431, -0.268947446471041, 0.0 ], [ 115.927309477299929, -0.269024250057806, 0.0 ], [ 115.927256304223008, -0.26947357069071, 0.0 ], [ 115.927256279917415, -0.269751189264311, 0.0 ], [ 115.927297266991772, -0.2698646921801, 0.0 ], [ 115.927318978785451, -0.269933178356111, 0.0 ], [ 115.927337065958739, -0.270013168387899, 0.0 ], [ 115.927420385521458, -0.270480736076768, 0.0 ], [ 115.927429833680478, -0.270548352393514, 0.0 ], [ 115.927434188591235, -0.270616493555611, 0.0 ], [ 115.927433425438167, -0.270684771290123, 0.0 ], [ 115.927427548570009, -0.270752796545499, 0.0 ], [ 115.927416591473303, -0.270820181709579, 0.0 ], [ 115.927400616582901, -0.270886542816662, 0.0 ], [ 115.927246040530861, -0.271436998971016, 0.0 ], [ 115.927243393661044, -0.271446236834813, 0.0 ], [ 115.927005583578705, -0.27225995506164, 0.0 ], [ 115.927001146262199, -0.272274674885573, 0.0 ], [ 115.92689188109857, -0.272626349241822, 0.0 ], [ 115.926879688829359, -0.272938650458699, 0.0 ], [ 115.926914863018425, -0.273356950702537, 0.0 ], [ 115.927013388464161, -0.273695467580952, 0.0 ], [ 115.927358229502815, -0.274224204494567, 0.0 ], [ 115.927378514210631, -0.27425679633075, 0.0 ], [ 115.927394475026091, -0.274284820204644, 0.0 ], [ 115.927676746701678, -0.274801601468904, 0.0 ], [ 115.928124810790493, -0.27539747883947, 0.0 ], [ 115.9287866087558, -0.276174910906734, 0.0 ], [ 115.929614763829051, -0.277114122108932, 0.0 ], [ 115.930645864313647, -0.277841730938086, 0.0 ], [ 115.931838235516167, -0.278451023088646, 0.0 ], [ 115.932419336534636, -0.27870344333716, 0.0 ] ] ] ] } },
{ "type": "Feature", "properties": { "Toponim": "Telen - Kedang Rantau", "subws_id": 12, "Kelas": 1, "Kls_Pr": "Dipertahankan" }, "geometry": { "type": "MultiPolygon", "coordinates": [ [ [ [ 116.770813995100681, -0.191943208815551, 0.0 ], [ 116.770498689415476, -0.191165452148728, 0.0 ], [ 116.770141767763548, -0.189975721792665, 0.0 ], [ 116.770236946580482, -0.188714607550035, 0.0 ], [ 116.770451098261631, -0.187762822695098, 0.0 ], [ 116.7707366331137, -0.187025189625758, 0.0 ], [ 116.771188730054249, -0.185835459064603, 0.0 ], [ 116.77152185497701, -0.184383988403792, 0.0 ], [ 116.771617034093296, -0.182980105818189, 0.0 ], [ 116.771402882358927, -0.181980732245856, 0.0 ], [ 116.771045961859855, -0.181005152937063, 0.0 ], [ 116.770617662230634, -0.1800533679106, 0.0 ], [ 116.769903822166555, -0.178816049354642, 0.0 ], [ 116.769023419579611, -0.177364577942666, 0.0 ], [ 116.768214404584924, -0.17622243535176, 0.0 ], [ 116.76733400640893, -0.17522306370838, 0.0 ], [ 116.765906328444572, -0.173842975775615, 0.0 ], [ 116.764597623747051, -0.172700833612719, 0.0 ], [ 116.763074767414622, -0.171511104068061, 0.0 ], [ 116.76167088670887, -0.170440346368128, 0.0 ], [ 116.759695934230436, -0.169369588902129, 0.0 ], [ 116.757007141859617, -0.168394011236052, 0.0 ], [ 116.755055984247306, -0.16784673420637, 0.0 ], [ 116.752605139745768, -0.167275662928194, 0.0 ], [ 116.751190859276221, -0.167080070116702, 0.0 ], [ 116.750000001164096, -0.16693537165705, 0.0 ], [ 116.749991977851295, -0.166934397168076, 0.0 ], [ 116.748649568346337, -0.166847692142241, 0.0 ], [ 116.746985810373687, -0.166800156462359, 0.0 ], [ 116.74401481405225, -0.166728852817102, 0.0 ], [ 116.740711065197971, -0.166610012969044, 0.0 ], [ 116.738667020050485, -0.166443636391182, 0.0 ], [ 116.736290224362136, -0.166063351844325, 0.0 ], [ 116.733010242793299, -0.165825673396718, 0.0 ], [ 116.731821843401903, -0.165825673510349, 0.0 ], [ 116.729445045797306, -0.165896975499698, 0.0 ], [ 116.726854339207932, -0.165730602199789, 0.0 ], [ 116.724382468354833, -0.16525524372914, 0.0 ], [ 116.722100743008568, -0.164565975684389, 0.0 ], [ 116.719937857338692, -0.163472653038288, 0.0 ], [ 116.717798739944527, -0.162070348123355, 0.0 ], [ 116.716277588669811, -0.160810651419397, 0.0 ], [ 116.715308243374253, -0.159884072408826, 0.0 ], [ 116.71466136799549, -0.159265739720247, 0.0 ], [ 116.713092681092405, -0.157697058377738, 0.0 ], [ 116.71138138865858, -0.155795627596782, 0.0 ], [ 116.709432413092813, -0.153799125151117, 0.0 ], [ 116.707459670933602, -0.15206407052337, 0.0 ], [ 116.705653305045814, -0.150495387413504, 0.0 ], [ 116.704889442186925, -0.149927389770278, 0.0 ], [ 116.703799402929207, -0.14911685155432, 0.0 ], [ 116.701826661398215, -0.148094832478013, 0.0 ], [ 116.699331026010725, -0.1469777422787, 0.0 ], [ 116.699014101843488, -0.146872101097869, 0.0 ], [ 116.69951007068812, -0.145301398526628, 0.0 ], [ 116.700283460000207, -0.145602887837123, 0.0 ], [ 116.701495627000327, -0.146149549836441, 0.0 ], [ 116.702612721000108, -0.146815050835775, 0.0 ], [ 116.703492136000023, -0.147219105835383, 0.0 ], [ 116.704300249000056, -0.147741998834684, 0.0 ], [ 116.704641685859727, -0.147981927207182, 0.0 ], [ 116.705179663000223, -0.148359964834028, 0.0 ], [ 116.705706265362181, -0.148660879188755, 0.0 ], [ 116.706177918000051, -0.148930393833308, 0.0 ], [ 116.706398768288167, -0.149126705122626, 0.0 ], [ 116.706819652000036, -0.149500823832742, 0.0 ], [ 116.707158542022398, -0.150043045010661, 0.0 ], [ 116.707661316199079, -0.150572753513953, 0.0 ], [ 116.707770371000208, -0.150665449831457, 0.0 ], [ 116.708459643000253, -0.151164575830912, 0.0 ], [ 116.70898253900009, -0.151663700830351, 0.0 ], [ 116.709481667000148, -0.152186594829579, 0.0 ], [ 116.710052096000055, -0.152685720829052, 0.0 ], [ 116.710507665769768, -0.153125018194336, 0.0 ], [ 116.710704252289773, -0.153314582882059, 0.0 ], [ 116.710717600000166, -0.153327453828489, 0.0 ], [ 116.711311800000331, -0.153779043828067, 0.0 ], [ 116.711787160000227, -0.154349472827351, 0.0 ], [ 116.712310055000358, -0.154872366826775, 0.0 ], [ 116.712551677000022, -0.155106192826401, 0.0 ], [ 116.71298452722985, -0.155597063866718, 0.0 ], [ 116.713855409958384, -0.156496500125976, 0.0 ], [ 116.714026080040213, -0.156422295742448, 0.0 ], [ 116.714183775577823, -0.156353732465827, 0.0 ], [ 116.714312266471111, -0.15616813450742, 0.0 ], [ 116.714249785592756, -0.155344522920582, 0.0 ], [ 116.714106912063102, -0.154705839626326, 0.0 ], [ 116.714149742361087, -0.154363197241761, 0.0 ], [ 116.714153906417607, -0.154181168475196, 0.0 ], [ 116.714296674077758, -0.153764762799468, 0.0 ], [ 116.714582209398756, -0.153253178683858, 0.0 ], [ 116.714867744718845, -0.152717799958156, 0.0 ], [ 116.715117588125267, -0.152322809431752, 0.0 ], [ 116.715783837206445, -0.151478100775513, 0.0 ], [ 116.716580956644108, -0.150823748999635, 0.0 ], [ 116.717663611400738, -0.150098013393721, 0.0 ], [ 116.718912828429296, -0.149455558922845, 0.0 ], [ 116.719364926019892, -0.149086742467224, 0.0 ], [ 116.719792925572889, -0.148783831624995, 0.0 ], [ 116.719838035000038, -0.148866518833415, 0.0 ], [ 116.720174442000172, -0.148575984833834, 0.0 ], [ 116.72067357, -0.148171929834243, 0.0 ], [ 116.721339075000245, -0.147601500834787, 0.0 ], [ 116.722242257000218, -0.146840928835735, 0.0 ], [ 116.722955298000258, -0.146175426836466, 0.0 ], [ 116.724096159000126, -0.145224711837569, 0.0 ], [ 116.724856733000081, -0.144535441838309, 0.0 ], [ 116.725264268592724, -0.144250169240985, 0.0 ], [ 116.725332094000208, -0.144202691838697, 0.0 ], [ 116.725515185719573, -0.144088259960778, 0.0 ], [ 116.725854531303753, -0.143876169785506, 0.0 ], [ 116.725902525000066, -0.143846173839153, 0.0 ], [ 116.726544261000043, -0.143275743839755, 0.0 ], [ 116.726972084000209, -0.142847921840133, 0.0 ], [ 116.727185994000209, -0.142420099840657, 0.0 ], [ 116.727447444000191, -0.141920973841218, 0.0 ], [ 116.727513503000381, -0.141656738841383, 0.0 ], [ 116.727566284000389, -0.141445615841775, 0.0 ], [ 116.727579777584864, -0.141040809596742, 0.0 ], [ 116.727590052000338, -0.140732577842349, 0.0 ], [ 116.727542516000057, -0.139995773843426, 0.0 ], [ 116.72751874800008, -0.139235200844121, 0.0 ], [ 116.727494980000117, -0.13842709184513, 0.0 ], [ 116.727352371000237, -0.137714054845832, 0.0 ], [ 116.727233530000149, -0.137191161846567, 0.0 ], [ 116.726781939000034, -0.136596963847143, 0.0 ], [ 116.726544261000043, -0.136240444847621, 0.0 ], [ 116.725664846000271, -0.135788854848112, 0.0 ], [ 116.724880501000058, -0.135432335848538, 0.0 ], [ 116.724536983386557, -0.135283788136013, 0.0 ], [ 116.724001087000161, -0.135052049848862, 0.0 ], [ 116.723609230398864, -0.134882245396044, 0.0 ], [ 116.723288049000075, -0.134743066849242, 0.0 ], [ 116.722646312, -0.134671763849342, 0.0 ], [ 116.722307869947201, -0.134627231954047, 0.0 ], [ 116.72181416025893, -0.134562270079001, 0.0 ], [ 116.721743129000259, -0.134552923849437, 0.0 ], [ 116.721172698000174, -0.134576690849502, 0.0 ], [ 116.720707884761978, -0.134697946699702, 0.0 ], [ 116.720626035000251, -0.134719298849269, 0.0 ], [ 116.720544504763339, -0.134747252011523, 0.0 ], [ 116.719794156000191, -0.135004513848955, 0.0 ], [ 116.719159389252468, -0.135208545677667, 0.0 ], [ 116.719065907086801, -0.135259535947275, 0.0 ], [ 116.718166114016896, -0.135600836775026, 0.0 ], [ 116.718047928134837, -0.135665301575918, 0.0 ], [ 116.717821413000038, -0.135788854847991, 0.0 ], [ 116.7169996314543, -0.136141045810171, 0.0 ], [ 116.716989535000209, -0.13614537284766, 0.0 ], [ 116.71625272900026, -0.136335516847504, 0.0 ], [ 116.715515919999959, -0.136525659847247, 0.0 ], [ 116.715234015192209, -0.136515218881593, 0.0 ], [ 116.714874187000206, -0.136501891847301, 0.0 ], [ 116.714303755000202, -0.136383051847469, 0.0 ], [ 116.713638250000074, -0.135955229847819, 0.0 ], [ 116.713091589000257, -0.135432335848538, 0.0 ], [ 116.712378548000245, -0.13467176284935, 0.0 ], [ 116.711570438000237, -0.13353090385053, 0.0 ], [ 116.710952470000095, -0.132532650851681, 0.0 ], [ 116.71031073499995, -0.131439326852913, 0.0 ], [ 116.709645232000128, -0.130512378853975, 0.0 ], [ 116.709003497000154, -0.129537893855117, 0.0 ], [ 116.708147849000369, -0.128444570856175, 0.0 ], [ 116.7076487220003, -0.127731532857169, 0.0 ], [ 116.707197130000239, -0.127161102857737, 0.0 ], [ 116.706840612000164, -0.126685744858238, 0.0 ], [ 116.70610380400008, -0.125687492859348, 0.0 ], [ 116.70560467600032, -0.125021990860111, 0.0 ], [ 116.705105550000269, -0.124308953860868, 0.0 ], [ 116.704749029000368, -0.123667219861647, 0.0 ], [ 116.704297438000282, -0.122906646862535, 0.0 ], [ 116.703940918000271, -0.12257389486285, 0.0 ], [ 116.703812830480643, -0.122281126687528, 0.0 ], [ 116.703774541000087, -0.122193608863285, 0.0 ], [ 116.703679472000204, -0.12174201886372, 0.0 ], [ 116.703641083413316, -0.121550076322482, 0.0 ], [ 116.703584400000054, -0.121266659864289, 0.0 ], [ 116.70351725420258, -0.120819026505178, 0.0 ], [ 116.703516708999985, -0.120815391864809, 0.0 ], [ 116.703513095000233, -0.120791301864886, 0.0 ], [ 116.703498068000044, -0.120772517864946, 0.0 ], [ 116.703349134449638, -0.120586353052691, 0.0 ], [ 116.703322950000228, -0.120553622865223, 0.0 ], [ 116.703013967000118, -0.120173335865548, 0.0 ], [ 116.702987986838465, -0.120087972271557, 0.0 ], [ 116.702847592000026, -0.119626673866076, 0.0 ], [ 116.702791393442254, -0.11935692171897, 0.0 ], [ 116.70272875200034, -0.119056243866851, 0.0 ], [ 116.702719969511108, -0.118625872544569, 0.0 ], [ 116.702716113000065, -0.118436890867448, 0.0 ], [ 116.702705050471735, -0.117894823986737, 0.0 ], [ 116.702704985000125, -0.11789161586803, 0.0 ], [ 116.70272875200034, -0.117440024868635, 0.0 ], [ 116.702684093000229, -0.117311009868833, 0.0 ], [ 116.702653639797759, -0.117223034146585, 0.0 ], [ 116.702633126908154, -0.117163774821362, 0.0 ], [ 116.702514840000077, -0.116822057869336, 0.0 ], [ 116.702542649587954, -0.116432725467888, 0.0 ], [ 116.702562376000515, -0.116156556870026, 0.0 ], [ 116.702522224494658, -0.115875500101957, 0.0 ], [ 116.7024973922301, -0.115701676603363, 0.0 ], [ 116.702467303, -0.115491054870766, 0.0 ], [ 116.702445619371062, -0.11497062767597, 0.0 ], [ 116.702443536000089, -0.114920624871394, 0.0 ], [ 116.70251483900033, -0.114516569871791, 0.0 ], [ 116.702653334504532, -0.114239581459389, 0.0 ], [ 116.70272875200034, -0.114088747872376, 0.0 ], [ 116.702823823000188, -0.113708460872807, 0.0 ], [ 116.702837151442935, -0.113508534966045, 0.0 ], [ 116.702918895000124, -0.112282384874413, 0.0 ], [ 116.702941895000123, -0.11202938587462, 0.0 ], [ 116.702942773000117, -0.112019729874601, 0.0 ], [ 116.703013967000118, -0.11123659587545, 0.0 ], [ 116.703028007500166, -0.111200492120822, 0.0 ], [ 116.703180344000216, -0.110808773875986, 0.0 ], [ 116.703327460000182, -0.110537174876297, 0.0 ], [ 116.703376451297558, -0.110446729220771, 0.0 ], [ 116.703489327000128, -0.110238342876663, 0.0 ], [ 116.703822078000016, -0.109810519876998, 0.0 ], [ 116.704273669000173, -0.109358929877517, 0.0 ], [ 116.704915405000165, -0.108812267878203, 0.0 ], [ 116.705747284000125, -0.10826560487884, 0.0 ], [ 116.706626699000054, -0.107695174879538, 0.0 ], [ 116.707240405595314, -0.107256813774871, 0.0 ], [ 116.707458579000047, -0.107100975880231, 0.0 ], [ 116.707779525274447, -0.10684020744538, 0.0 ], [ 116.708321717684328, -0.106399676763984, 0.0 ], [ 116.708447716748381, -0.106297302667559, 0.0 ], [ 116.708599441000189, -0.106174026881215, 0.0 ], [ 116.708940924421427, -0.105919900123802, 0.0 ], [ 116.709621464000051, -0.105413452881869, 0.0 ], [ 116.710001755046378, -0.105012606433583, 0.0 ], [ 116.710500879000335, -0.104486503883065, 0.0 ], [ 116.711023775000257, -0.103702162883978, 0.0 ], [ 116.711311088659301, -0.103184996211838, 0.0 ], [ 116.711380293000204, -0.103060427884664, 0.0 ], [ 116.711591240000246, -0.102626125885153, 0.0 ], [ 116.711784349000283, -0.102228549885553, 0.0 ], [ 116.712069566000068, -0.101372904886605, 0.0 ], [ 116.712076622467535, -0.101357380647969, 0.0 ], [ 116.712411198000282, -0.100621313887314, 0.0 ], [ 116.712544925000159, -0.100327114887764, 0.0 ], [ 116.712873245332261, -0.099529765088982, 0.0 ], [ 116.712877676000147, -0.099519004888636, 0.0 ], [ 116.713278620000381, -0.098336222889839, 0.0 ], [ 116.713353036000058, -0.098116696890205, 0.0 ], [ 116.713947236000109, -0.096856995891556, 0.0 ], [ 116.714327523000208, -0.096001350892542, 0.0 ], [ 116.714731577000222, -0.095288312893392, 0.0 ], [ 116.715040560000261, -0.094884256893798, 0.0 ], [ 116.715183169000227, -0.094480201894079, 0.0 ], [ 116.715183169000127, -0.093886003894847, 0.0 ], [ 116.714969259000199, -0.093434412895389, 0.0 ], [ 116.714707810000263, -0.092959053895876, 0.0 ], [ 116.714232451000299, -0.092317319896728, 0.0 ], [ 116.713875932000192, -0.091841960897112, 0.0 ], [ 116.713044053000218, -0.091128922898023, 0.0 ], [ 116.712022029000195, -0.090225740899078, 0.0 ], [ 116.711261452000187, -0.089584005899721, 0.0 ], [ 116.710429574000131, -0.088989807900422, 0.0 ], [ 116.709383783000163, -0.088371841901107, 0.0 ], [ 116.708670745000234, -0.088086625901459, 0.0 ], [ 116.707957707000389, -0.087848946901655, 0.0 ], [ 116.707244666000165, -0.087658802901873, 0.0 ], [ 116.706507860000229, -0.08751619490208, 0.0 ], [ 116.705889893000219, -0.087397354902233, 0.0 ], [ 116.705485838000129, -0.087230979902296, 0.0 ], [ 116.705105547999977, -0.086850692902908, 0.0 ], [ 116.704820333000299, -0.086351565903356, 0.0 ], [ 116.704749029000368, -0.085947510903826, 0.0 ], [ 116.704748466000325, -0.085933443903842, 0.0 ], [ 116.70472612400026, -0.085374898904497, 0.0 ], [ 116.704725261000036, -0.085353311904518, 0.0 ], [ 116.704727171000215, -0.085347581904414, 0.0 ], [ 116.704867869000182, -0.084925488905025, 0.0 ], [ 116.705056863619532, -0.084396303347095, 0.0 ], [ 116.705094401076323, -0.084304165954495, 0.0 ], [ 116.705121127073369, -0.084238565778686, 0.0 ], [ 116.705485837000367, -0.083737091906249, 0.0 ], [ 116.706056269000243, -0.08330926890662, 0.0 ], [ 116.706602930000315, -0.08276260590742, 0.0 ], [ 116.706854518091944, -0.082511018352138, 0.0 ], [ 116.707078290000169, -0.082287246907902, 0.0 ], [ 116.707643605538181, -0.08197632364116, 0.0 ], [ 116.707695763894236, -0.081947636569533, 0.0 ], [ 116.708029008999958, -0.081764351908333, 0.0 ], [ 116.708955959000164, -0.081384063908926, 0.0 ], [ 116.710334502000237, -0.081241456909154, 0.0 ], [ 116.710700246000314, -0.081219942908936, 0.0 ], [ 116.711002462276156, -0.08120216535765, 0.0 ], [ 116.711127366663035, -0.081194817988922, 0.0 ], [ 116.712891787185455, -0.081170909856257, 0.0 ], [ 116.71420868200012, -0.081241456909033, 0.0 ], [ 116.715325778000164, -0.081384064908836, 0.0 ], [ 116.715555080171811, -0.081397357816001, 0.0 ], [ 116.716965767000147, -0.081479136908803, 0.0 ], [ 116.717049301807194, -0.081480383698468, 0.0 ], [ 116.71756891924889, -0.081488139188245, 0.0 ], [ 116.718558223000073, -0.081502904908818, 0.0 ], [ 116.718679731371608, -0.081487716348252, 0.0 ], [ 116.719508942000175, -0.081384064908957, 0.0 ], [ 116.72045966100012, -0.081265224908953, 0.0 ], [ 116.721155691222648, -0.081129414573718, 0.0 ], [ 116.721315602051959, -0.08109821255886, 0.0 ], [ 116.721434147000238, -0.081075081909243, 0.0 ], [ 116.722953799529179, -0.080695168777405, 0.0 ], [ 116.72295529500019, -0.080694794909661, 0.0 ], [ 116.724096159000126, -0.080243203910132, 0.0 ], [ 116.724951806000092, -0.079839148910683, 0.0 ], [ 116.725593542000226, -0.079363788911175, 0.0 ], [ 116.726401653000124, -0.078745822911888, 0.0 ], [ 116.727138461000223, -0.078104086912513, 0.0 ], [ 116.727839584787816, -0.077497709810353, 0.0 ], [ 116.728017875000276, -0.077343512913498, 0.0 ], [ 116.72812089804691, -0.077263753063707, 0.0 ], [ 116.728754681000211, -0.076773081913909, 0.0 ], [ 116.72898511082586, -0.076596419950464, 0.0 ], [ 116.729467722000152, -0.076226419914737, 0.0 ], [ 116.729990616000364, -0.075988739914977, 0.0 ], [ 116.730279095283237, -0.075890234893682, 0.0 ], [ 116.730965102000098, -0.075655988915315, 0.0 ], [ 116.732034662000217, -0.075370772915734, 0.0 ], [ 116.732724240009546, -0.07518606477212, 0.0 ], [ 116.73389437098534, -0.074973313682703, 0.0 ], [ 116.734744122085687, -0.074734574091265, 0.0 ], [ 116.734893744608073, -0.074692537284171, 0.0 ], [ 116.735235465952613, -0.074638059976581, 0.0 ], [ 116.735861306000061, -0.074515126916544, 0.0 ], [ 116.737343707328023, -0.074245599061515, 0.0 ], [ 116.737429992000244, -0.074229910916949, 0.0 ], [ 116.738499550000128, -0.074015999917222, 0.0 ], [ 116.73874776199095, -0.073919473387885, 0.0 ], [ 116.738847638778154, -0.073880632557175, 0.0 ], [ 116.738884644018214, -0.073848252973941, 0.0 ], [ 116.738900286660083, -0.073834565662331, 0.0 ], [ 116.739103361727317, -0.07365687498054, 0.0 ], [ 116.739387045943019, -0.07334617259324, 0.0 ], [ 116.739426500000022, -0.073302960917971, 0.0 ], [ 116.739830556000143, -0.072756298918595, 0.0 ], [ 116.740163310000142, -0.072185866919234, 0.0 ], [ 116.740178160000028, -0.072137265919195, 0.0 ], [ 116.740424756000209, -0.071330221920224, 0.0 ], [ 116.740638669000234, -0.07040327092122, 0.0 ], [ 116.740805044000325, -0.069547624922035, 0.0 ], [ 116.741014767000237, -0.068853930922975, 0.0 ], [ 116.741114029000087, -0.068525602923273, 0.0 ], [ 116.74151808400012, -0.067289668924653, 0.0 ], [ 116.742064747000114, -0.065507071926656, 0.0 ], [ 116.742658946000162, -0.063724475928676, 0.0 ], [ 116.742967930000077, -0.062393469930122, 0.0 ], [ 116.743181841000137, -0.061252607931439, 0.0 ], [ 116.743202631979301, -0.061134792550087, 0.0 ], [ 116.743324449000283, -0.0604444969323, 0.0 ], [ 116.74330068099998, -0.059517546933322, 0.0 ], [ 116.743247470341856, -0.059166359954966, 0.0 ], [ 116.743181840000034, -0.058733203934283, 0.0 ], [ 116.742967930000077, -0.057972628935015, 0.0 ], [ 116.742801554000309, -0.057330893935775, 0.0 ], [ 116.742534276211344, -0.056729520303979, 0.0 ], [ 116.742421266000221, -0.056475247936752, 0.0 ], [ 116.741969675000078, -0.055524529937862, 0.0 ], [ 116.741446779000285, -0.054811490938629, 0.0 ], [ 116.741004826731029, -0.0542926774023, 0.0 ], [ 116.740900115000017, -0.054169754939361, 0.0 ], [ 116.740353451000047, -0.053528019940018, 0.0 ], [ 116.739545341000195, -0.052814981940861, 0.0 ], [ 116.738784767000396, -0.052054406941757, 0.0 ], [ 116.738538911280202, -0.051855831164922, 0.0 ], [ 116.738166799000112, -0.051555278942307, 0.0 ], [ 116.737620136000103, -0.051056152942821, 0.0 ], [ 116.737002169000093, -0.050390649943536, 0.0 ], [ 116.73650304100039, -0.049962825943984, 0.0 ], [ 116.735956378000282, -0.049439930944659, 0.0 ], [ 116.735940668665862, -0.049418985263117, 0.0 ], [ 116.735742465000172, -0.049154714944954, 0.0 ], [ 116.735148268000074, -0.048726890945444, 0.0 ], [ 116.734672908000206, -0.048394139945847, 0.0 ], [ 116.734268850000177, -0.048108924946019, 0.0 ], [ 116.733698421000128, -0.047847476946448, 0.0 ], [ 116.733032917000273, -0.047586028946598, 0.0 ], [ 116.732771470000188, -0.047205741947152, 0.0 ], [ 116.73259258551667, -0.046982137397714, 0.0 ], [ 116.73239118100021, -0.046730382947592, 0.0 ], [ 116.732177271000154, -0.046231254948188, 0.0 ], [ 116.732082198000398, -0.04568459194882, 0.0 ], [ 116.732082198000114, -0.045137928949475, 0.0 ], [ 116.732218959327611, -0.044545301648614, 0.0 ], [ 116.73222480700008, -0.044519961950014, 0.0 ], [ 116.732628862000297, -0.043426635951339, 0.0 ], [ 116.732755278000241, -0.043118495951742, 0.0 ], [ 116.733009149000239, -0.042499684952382, 0.0 ], [ 116.733167497440931, -0.042108470612481, 0.0 ], [ 116.733214334271977, -0.041992755920283, 0.0 ], [ 116.733413204000371, -0.041501429953467, 0.0 ], [ 116.733467620000013, -0.041331380953553, 0.0 ], [ 116.733793491000085, -0.040313031954843, 0.0 ], [ 116.734014663217778, -0.039671638857149, 0.0 ], [ 116.734017135674947, -0.039664468801336, 0.0 ], [ 116.734055922041549, -0.03957997398904, 0.0 ], [ 116.734340154999984, -0.039077097956133, 0.0 ], [ 116.734744210000287, -0.038292754957004, 0.0 ], [ 116.735294343319438, -0.037234808062923, 0.0 ], [ 116.73536217800023, -0.037104356958468, 0.0 ], [ 116.735837538000098, -0.036272476959357, 0.0 ], [ 116.736407970000059, -0.035511902960159, 0.0 ], [ 116.736909199000323, -0.034864481960951, 0.0 ], [ 116.736960686022599, -0.03479797782897, 0.0 ], [ 116.736978401000371, -0.034775095961055, 0.0 ], [ 116.737775326000104, -0.033898476962032, 0.0 ], [ 116.737888639000062, -0.033773832962135, 0.0 ], [ 116.738166799000112, -0.033467856962455, 0.0 ], [ 116.738666515000276, -0.032872043963022, 0.0 ], [ 116.738784768000158, -0.032731050963245, 0.0 ], [ 116.739125467111691, -0.032361148200411, 0.0 ], [ 116.739616646000215, -0.031827866964388, 0.0 ], [ 116.740638669000234, -0.030782076965572, 0.0 ], [ 116.741589388000122, -0.029926429966401, 0.0 ], [ 116.741591869093284, -0.029924318395966, 0.0 ], [ 116.742097803000206, -0.029493735966876, 0.0 ], [ 116.74270648100007, -0.028975710967497, 0.0 ], [ 116.743220783000254, -0.028474944968152, 0.0 ], [ 116.743609665000136, -0.028096295968497, 0.0 ], [ 116.743792011000266, -0.027899924968588, 0.0 ], [ 116.744174986960672, -0.027487487833691, 0.0 ], [ 116.74422763200009, -0.027430792969209, 0.0 ], [ 116.744798064000065, -0.026765289969902, 0.0 ], [ 116.745487333000213, -0.026099786970729, 0.0 ], [ 116.746129069000304, -0.025434282971492, 0.0 ], [ 116.746427446330273, -0.02505065558274, 0.0 ], [ 116.746628197000192, -0.024792547972193, 0.0 ], [ 116.746744706000257, -0.024633115972377, 0.0 ], [ 116.747079789000196, -0.024174580972744, 0.0 ], [ 116.747769061000085, -0.02384182897316, 0.0 ], [ 116.748339490000291, -0.023604149973507, 0.0 ], [ 116.748923219204215, -0.023474432575286, 0.0 ], [ 116.74898122700003, -0.023461541973726, 0.0 ], [ 116.749612276000121, -0.023461541973726, 0.0 ], [ 116.749713448000293, -0.023474996973585, 0.0 ], [ 116.750000000000213, -0.023513104973644, 0.0 ], [ 116.750000201000276, -0.023513131973678, 0.0 ], [ 116.750287637000127, -0.023627266973433, 0.0 ], [ 116.750592208000327, -0.023731962973256, 0.0 ], [ 116.750896780000275, -0.023836658973197, 0.0 ], [ 116.751620135000053, -0.024046051973019, 0.0 ], [ 116.752590956000418, -0.024312551972738, 0.0 ], [ 116.753561777000044, -0.024521944972509, 0.0 ], [ 116.754113810000092, -0.024598086972423, 0.0 ], [ 116.754513561000152, -0.024598086972383, 0.0 ], [ 116.755025426436092, -0.024442975716734, 0.0 ], [ 116.75514173700023, -0.024407729972557, 0.0 ], [ 116.755219570045796, -0.02435500439275, 0.0 ], [ 116.755536614643972, -0.024140232368644, 0.0 ], [ 116.755731843000248, -0.024007980973107, 0.0 ], [ 116.755770575000014, -0.023975300973073, 0.0 ], [ 116.755782074000081, -0.023965597973071, 0.0 ], [ 116.75634098600014, -0.023494016973694, 0.0 ], [ 116.756893022000227, -0.022770660974457, 0.0 ], [ 116.757347634000155, -0.02203191197535, 0.0 ], [ 116.75734987600012, -0.022028268975298, 0.0 ], [ 116.757768663000206, -0.02157141297583, 0.0 ], [ 116.757853636000306, -0.021501089975839, 0.0 ], [ 116.758320698000261, -0.021114555976218, 0.0 ], [ 116.759234412000168, -0.020600592976889, 0.0 ], [ 116.759900661000131, -0.020200842977413, 0.0 ], [ 116.760833408000025, -0.01982012897774, 0.0 ], [ 116.761366409000175, -0.019648807977955, 0.0 ], [ 116.761709049999951, -0.019458450978045, 0.0 ], [ 116.762299157000243, -0.018925451978785, 0.0 ], [ 116.763119743044697, -0.018287218497293, 0.0 ], [ 116.763223058562573, -0.018214339174469, 0.0 ], [ 116.763841047000113, -0.017802345980042, 0.0 ], [ 116.764405357860824, -0.017445939452795, 0.0 ], [ 116.764615191368009, -0.017322635225869, 0.0 ], [ 116.765325830000123, -0.017002847980895, 0.0 ], [ 116.765858831000102, -0.016793454981149, 0.0 ], [ 116.76654740970875, -0.016576680429049, 0.0 ], [ 116.767845860362698, -0.01630987549458, 0.0 ], [ 116.768486014365934, -0.016167619054148, 0.0 ], [ 116.769285254000081, -0.016051062981975, 0.0 ], [ 116.770084754000067, -0.015841670982263, 0.0 ], [ 116.771112680000286, -0.015499028982598, 0.0 ], [ 116.771912180000072, -0.015042171983033, 0.0 ], [ 116.772388070000176, -0.014623385983544, 0.0 ], [ 116.772902034000097, -0.014128457984133, 0.0 ], [ 116.773473106000438, -0.01357642298476, 0.0 ], [ 116.773968034000035, -0.012910174985477, 0.0 ], [ 116.774424891000237, -0.012053568986327, 0.0 ], [ 116.774767531000251, -0.011311176987327, 0.0 ], [ 116.775014997000142, -0.010721069987867, 0.0 ], [ 116.77521968000022, -0.009987621988732, 0.0 ], [ 116.77524342500017, -0.009902535988702, 0.0 ], [ 116.775377095000195, -0.009491242989304, 0.0 ], [ 116.775490888000306, -0.009141107989667, 0.0 ], [ 116.775567030000104, -0.00858907299035, 0.0 ], [ 116.775563727000176, -0.008568154990302, 0.0 ], [ 116.775509924000062, -0.008227394990764, 0.0 ], [ 116.775338602000375, -0.007770538991301, 0.0 ], [ 116.77505306700013, -0.007332717991707, 0.0 ], [ 116.77485319299997, -0.007113806992013, 0.0 ], [ 116.774653319000294, -0.006894896992087, 0.0 ], [ 116.774234533000268, -0.006552254992619, 0.0 ], [ 116.773834784000172, -0.006171540992938, 0.0 ], [ 116.773225641000209, -0.005828897993384, 0.0 ], [ 116.772578429000134, -0.005372041993997, 0.0 ], [ 116.772159643000165, -0.004877114994492, 0.0 ], [ 116.771762374969569, -0.004341667606438, 0.0 ], [ 116.771721821000298, -0.004287007995079, 0.0 ], [ 116.771398217000083, -0.003734972995766, 0.0 ], [ 116.771150751000064, -0.003278116996262, 0.0 ], [ 116.770922322999951, -0.002821259996771, 0.0 ], [ 116.770808109000356, -0.002364402997252, 0.0 ], [ 116.770624276963147, -0.001904825801152, 0.0 ], [ 116.770617751000387, -0.001888510997667, 0.0 ], [ 116.7703512530002, -0.00156490499813, 0.0 ], [ 116.770065718000154, -0.001146119998573, 0.0 ], [ 116.769761146000064, -0.000917690998891, 0.0 ], [ 116.769371307000213, -0.00070372599906, 0.0 ], [ 116.769361772287837, -0.000698492824651, 0.0 ], [ 116.769137728000075, -0.000575524999274, 0.0 ], [ 116.768702284000241, -0.000240020999641, 0.0 ], [ 116.768288261000222, -0.000047283999903, 0.0 ], [ 116.767988793000171, 0.000000000000182, 0.0 ], [ 116.767881372000019, 0.000016961000124, 0.0 ], [ 116.767474485000321, 0.000016961000124, 0.0 ], [ 116.7673862850001, 0.000000000000182, 0.0 ], [ 116.767288887000134, -0.000018729999916, 0.0 ], [ 116.767060458000273, -0.000097252999845, 0.0 ], [ 116.766832029000156, -0.000250727999665, 0.0 ], [ 116.766360896000165, -0.000542508999318, 0.0 ], [ 116.765409112000285, -0.001303936998356, 0.0 ], [ 116.764749313454189, -0.001904825003921, 0.0 ], [ 116.764076614000146, -0.002517461997126, 0.0 ], [ 116.763053446000043, -0.003540629995994, 0.0 ], [ 116.76233960700003, -0.004206878995201, 0.0 ], [ 116.762191192000088, -0.004458042994967, 0.0 ], [ 116.762030277000022, -0.004730360994547, 0.0 ], [ 116.761744741000172, -0.005277636994013, 0.0 ], [ 116.761530592000241, -0.005920091993275, 0.0 ], [ 116.761173671000122, -0.006705313992389, 0.0 ], [ 116.761096465000222, -0.006852371992305, 0.0 ], [ 116.76093946200011, -0.007151425991913, 0.0 ], [ 116.760673984000221, -0.007657097991244, 0.0 ], [ 116.760293270000247, -0.008323346990527, 0.0 ], [ 116.759960146000338, -0.008775444990064, 0.0 ], [ 116.759436665, -0.009156157989674, 0.0 ], [ 116.758960773000098, -0.009417898989444, 0.0 ], [ 116.758461085999969, -0.009465487989216, 0.0 ], [ 116.75831117193124, -0.009465488251929, 0.0 ], [ 116.758026057976593, -0.009465488751199, 0.0 ], [ 116.7578900150002, -0.009465488989407, 0.0 ], [ 116.75727177803806, -0.009305204263301, 0.0 ], [ 116.757247562000259, -0.009298925989461, 0.0 ], [ 116.75680093824117, -0.009157886699765, 0.0 ], [ 116.75678764216255, -0.009151129676072, 0.0 ], [ 116.756129215000328, -0.008727855990138, 0.0 ], [ 116.755581939000294, -0.008275757990696, 0.0 ], [ 116.755225018000175, -0.007847454991115, 0.0 ], [ 116.754796717000218, -0.007109821992003, 0.0 ], [ 116.754273234000237, -0.006062858993116, 0.0 ], [ 116.754059082000182, -0.005539377993663, 0.0 ], [ 116.75384493200022, -0.005063485994225, 0.0 ], [ 116.753488012000204, -0.004587592994735, 0.0 ], [ 116.753059708999984, -0.004183084995259, 0.0 ], [ 116.752512434000096, -0.003612014995855, 0.0 ], [ 116.752155514000421, -0.003112326996456, 0.0 ], [ 116.751679622000538, -0.002446077997163, 0.0 ], [ 116.75139408600019, -0.001851212997843, 0.0 ], [ 116.751156140000191, -0.001184963998522, 0.0 ], [ 116.751084757000129, -0.000494919999448, 0.0 ], [ 116.751091274, 0.000000000000182, 0.0 ], [ 116.751098216000273, 0.000399131999823, 0.0 ], [ 116.751247463000155, 0.000867498999167, 0.0 ], [ 116.751425793000223, 0.001585623998367, 0.0 ], [ 116.751770563000051, 0.002674779997121, 0.0 ], [ 116.752079668000164, 0.003488656996153, 0.0 ], [ 116.752257995, 0.004194812995619, 0.0 ], [ 116.752876203000042, 0.00572681399363, 0.0 ], [ 116.752964236000267, 0.005886338993498, 0.0 ], [ 116.753113978000144, 0.006157688993214, 0.0 ], [ 116.753423081000136, 0.006540688992856, 0.0 ], [ 116.753886736000183, 0.007139125992247, 0.0 ], [ 116.754683275000275, 0.008024814991092, 0.0 ], [ 116.755063711000446, 0.008347971990873, 0.0 ], [ 116.755372816000119, 0.008730971990394, 0.0 ], [ 116.755541582000077, 0.0089858299901, 0.0 ], [ 116.755658141000495, 0.009161847989848, 0.0 ], [ 116.755991025000071, 0.009640597989281, 0.0 ], [ 116.756109910000276, 0.009939816988913, 0.0 ], [ 116.756145577000183, 0.010274941988508, 0.0 ], [ 116.756145771065775, 0.010279370691181, 0.0 ], [ 116.756181241000178, 0.011088817987777, 0.0 ], [ 116.756157462000061, 0.011579536987055, 0.0 ], [ 116.756038576000122, 0.012034348986735, 0.0 ], [ 116.755925692834893, 0.012716209379214, 0.0 ], [ 116.755919689000208, 0.012752474985898, 0.0 ], [ 116.755729469000059, 0.013578317984906, 0.0 ], [ 116.755586807000356, 0.013997224984421, 0.0 ], [ 116.755349032000197, 0.014523850983846, 0.0 ], [ 116.755087483000054, 0.015074411983233, 0.0 ], [ 116.75502449190887, 0.015153047212047, 0.0 ], [ 116.754790267000317, 0.015445442982901, 0.0 ], [ 116.754659492000116, 0.015577099982693, 0.0 ], [ 116.754195834000257, 0.016019943982235, 0.0 ], [ 116.753791619000154, 0.016522630981597, 0.0 ], [ 116.753446849000071, 0.017109098980948, 0.0 ], [ 116.753391133206506, 0.017589883737915, 0.0 ], [ 116.753363629000106, 0.017827223980197, 0.0 ], [ 116.753373357000356, 0.017964342980087, 0.0 ], [ 116.753399292000339, 0.018329911979669, 0.0 ], [ 116.753530068000316, 0.018712911979356, 0.0 ], [ 116.7539105030001, 0.019299381978544, 0.0 ], [ 116.753977942000319, 0.019366291978487, 0.0 ], [ 116.754643598498973, 0.020026724021209, 0.0 ], [ 116.754670238822968, 0.020053155257379, 0.0 ], [ 116.754730818000382, 0.02011325897769, 0.0 ], [ 116.755289582000103, 0.020448383977272, 0.0 ], [ 116.756121787000239, 0.020903198976746, 0.0 ], [ 116.756382534216399, 0.021034452039258, 0.0 ], [ 116.756787548000219, 0.021238324976491, 0.0 ], [ 116.75744142300023, 0.021645262976089, 0.0 ], [ 116.758012078000192, 0.021992357975649, 0.0 ], [ 116.758749804308337, 0.022634109141363, 0.0 ], [ 116.75923660600003, 0.023057579974408, 0.0 ], [ 116.759498176222792, 0.023259931394191, 0.0 ], [ 116.76018000500008, 0.023787395973566, 0.0 ], [ 116.760366025000209, 0.023931300973295, 0.0 ], [ 116.760711842000205, 0.024108928973063, 0.0 ], [ 116.760948566000138, 0.0242305209731, 0.0 ], [ 116.761140138346647, 0.02429819279476, 0.0 ], [ 116.761626219000206, 0.024469897972832, 0.0 ], [ 116.762137430000251, 0.024577617972549, 0.0 ], [ 116.762898304000188, 0.024529743972831, 0.0 ], [ 116.76321558112042, 0.024492165661368, 0.0 ], [ 116.76330251700027, 0.024481868972738, 0.0 ], [ 116.763364786813639, 0.024495582584901, 0.0 ], [ 116.763443109226756, 0.024512831443379, 0.0 ], [ 116.763682953000199, 0.024565651972622, 0.0 ], [ 116.763980170000195, 0.024673370972586, 0.0 ], [ 116.764301162999985, 0.024960621972178, 0.0 ], [ 116.764527044000147, 0.02545134197178, 0.0 ], [ 116.764593076000224, 0.025802710971168, 0.0 ], [ 116.764693485000336, 0.026337029970762, 0.0 ], [ 116.764739182021586, 0.026912087890634, 0.0 ], [ 116.764741040000288, 0.026935468970009, 0.0 ], [ 116.764741037000348, 0.0274980009694, 0.0 ], [ 116.764681594000081, 0.02835975196849, 0.0 ], [ 116.764673222000141, 0.028476062968274, 0.0 ], [ 116.764622148000242, 0.029185595967419, 0.0 ], [ 116.76468158800013, 0.029951597966541, 0.0 ], [ 116.764824251000277, 0.030705629965798, 0.0 ], [ 116.764832656000223, 0.030735668965871, 0.0 ], [ 116.765040377182174, 0.031478054423821, 0.0 ], [ 116.765062022000151, 0.031555411964838, 0.0 ], [ 116.765169018000236, 0.032536850963733, 0.0 ], [ 116.765161225000313, 0.032693751963694, 0.0 ], [ 116.76514596029439, 0.033001079976154, 0.0 ], [ 116.765145239000063, 0.033015601963107, 0.0 ], [ 116.765097683000064, 0.03327891496284, 0.0 ], [ 116.76489557700026, 0.033661913962441, 0.0 ], [ 116.764634026000337, 0.033985070961987, 0.0 ], [ 116.764229811000391, 0.034164600962026, 0.0 ], [ 116.763789930000101, 0.034248381961791, 0.0 ], [ 116.763445613850124, 0.034261712740722, 0.0 ], [ 116.763203879236585, 0.034271071901786, 0.0 ], [ 116.763171721000177, 0.034272316961866, 0.0 ], [ 116.762648622000114, 0.034260346961895, 0.0 ], [ 116.762380535757671, 0.03422179060189, 0.0 ], [ 116.76155193970456, 0.034286356528379, 0.0 ], [ 116.761206977622948, 0.034397749905409, 0.0 ], [ 116.761123468456674, 0.034439504488823, 0.0 ], [ 116.760722660000354, 0.034786968961271, 0.0 ], [ 116.760461109, 0.035110123961003, 0.0 ], [ 116.760187670000192, 0.035660686960302, 0.0 ], [ 116.759938007000343, 0.036510466959268, 0.0 ], [ 116.759735896000223, 0.037408123958419, 0.0 ], [ 116.759569453000054, 0.038461374957069, 0.0 ], [ 116.759486230000178, 0.03945478095607, 0.0 ], [ 116.759438674000108, 0.040328500954901, 0.0 ], [ 116.759414893000255, 0.041166312954028, 0.0 ], [ 116.759474334000089, 0.04202806395303, 0.0 ], [ 116.759533774000118, 0.042782096952312, 0.0 ], [ 116.759664547000028, 0.043440378951698, 0.0 ], [ 116.75983098700037, 0.043907160951049, 0.0 ], [ 116.760151978000138, 0.044457724950324, 0.0 ], [ 116.760342194000089, 0.044828757949964, 0.0 ], [ 116.760568077000059, 0.045187820949598, 0.0 ], [ 116.760651298000226, 0.045499008949113, 0.0 ], [ 116.760663184000066, 0.045905946948872, 0.0 ], [ 116.760639407000212, 0.046157290948619, 0.0 ], [ 116.760593130000146, 0.046326172948301, 0.0 ], [ 116.760544296000205, 0.046504384948188, 0.0 ], [ 116.760461076000198, 0.046791633947879, 0.0 ], [ 116.760318411000185, 0.047019039947611, 0.0 ], [ 116.759973637, 0.047473851947067, 0.0 ], [ 116.759616976999979, 0.047892756946538, 0.0 ], [ 116.759443429413068, 0.048062620231717, 0.0 ], [ 116.759188985000165, 0.048311662946076, 0.0 ], [ 116.758546996000177, 0.048874191945546, 0.0 ], [ 116.758142781000103, 0.049137502945049, 0.0 ], [ 116.757833675000285, 0.049329001945042, 0.0 ], [ 116.75750079400018, 0.049496563944929, 0.0 ], [ 116.757202177852434, 0.049585636668538, 0.0 ], [ 116.757179799000099, 0.049592311944814, 0.0 ], [ 116.756799363000141, 0.049723967944589, 0.0 ], [ 116.756502147000248, 0.050035153944172, 0.0 ], [ 116.756252483000054, 0.050430121943759, 0.0 ], [ 116.756173039, 0.05069404994348, 0.0 ], [ 116.756133596000041, 0.050825089943384, 0.0 ], [ 116.756133594721149, 0.051108657012707, 0.0 ], [ 116.756133594000076, 0.051267933942875, 0.0 ], [ 116.756204924000286, 0.051782590942264, 0.0 ], [ 116.756359475000181, 0.052404966941378, 0.0 ], [ 116.756537801000221, 0.052835842941073, 0.0 ], [ 116.756811239000186, 0.053482156940381, 0.0 ], [ 116.757132229000192, 0.054080595939767, 0.0 ], [ 116.757334333000017, 0.05428406593943, 0.0 ], [ 116.757702882000217, 0.054595254939036, 0.0 ], [ 116.758012219000321, 0.054954183938764, 0.0 ], [ 116.758192328000192, 0.055163167938418, 0.0 ], [ 116.758404309000056, 0.05540913293809, 0.0 ], [ 116.759272176000252, 0.056282855937183, 0.0 ], [ 116.759462393000149, 0.056474356937009, 0.0 ], [ 116.759937936000341, 0.056857359936484, 0.0 ], [ 116.760151932000099, 0.057084766936363, 0.0 ], [ 116.760273670000075, 0.057180826936168, 0.0 ], [ 116.760591809000104, 0.057431862935846, 0.0 ], [ 116.761281347000065, 0.057958490935382, 0.0 ], [ 116.762089775000163, 0.05853299593468, 0.0 ], [ 116.762589096000212, 0.058868122934249, 0.0 ], [ 116.762910090000148, 0.059035686934038, 0.0 ], [ 116.763504521000272, 0.059346877933823, 0.0 ], [ 116.764324834000078, 0.059610193933477, 0.0 ], [ 116.765085706000107, 0.059897447933102, 0.0 ], [ 116.765715804000166, 0.060160762932881, 0.0 ], [ 116.765871845234713, 0.060271153201359, 0.0 ], [ 116.766024099230066, 0.060378864215269, 0.0 ], [ 116.766155684000225, 0.060471952932561, 0.0 ], [ 116.766524231000133, 0.060663454932321, 0.0 ], [ 116.76689277800007, 0.06092676893198, 0.0 ], [ 116.767225658000157, 0.061130239931962, 0.0 ], [ 116.767522874000207, 0.061369615931398, 0.0 ], [ 116.767867643000017, 0.061680804931202, 0.0 ], [ 116.768157141870503, 0.061983051007985, 0.0 ], [ 116.768190985677492, 0.062018125498337, 0.0 ], [ 116.76868209900033, 0.062476595930307, 0.0 ], [ 116.768842508000191, 0.062626342930099, 0.0 ], [ 116.768921352000234, 0.062712619930066, 0.0 ], [ 116.769115947000287, 0.06292556292981, 0.0 ], [ 116.769282387000146, 0.063260688929328, 0.0 ], [ 116.769377495000072, 0.06359581492898, 0.0 ], [ 116.769460713000129, 0.063907002928663, 0.0 ], [ 116.769436933000065, 0.064553316927944, 0.0 ], [ 116.76940126500034, 0.064900410927444, 0.0 ], [ 116.769294267000333, 0.065271441927225, 0.0 ], [ 116.769234821000211, 0.065594598926852, 0.0 ], [ 116.769163489000391, 0.065869879926339, 0.0 ], [ 116.76899704700017, 0.066109254926099, 0.0 ], [ 116.768928817000045, 0.066227898926082, 0.0 ], [ 116.768866271000135, 0.066336660925861, 0.0 ], [ 116.76866416100016, 0.066695721925346, 0.0 ], [ 116.768524216463845, 0.066845414151667, 0.0 ], [ 116.768498399302644, 0.066895159407531, 0.0 ], [ 116.768374936504699, 0.067005092044987, 0.0 ], [ 116.76828372300028, 0.067102658925196, 0.0 ], [ 116.767927060000048, 0.06752156392464, 0.0 ], [ 116.767701176000145, 0.067725031924329, 0.0 ], [ 116.767415846000034, 0.067928499924286, 0.0 ], [ 116.76707107600015, 0.068155904923882, 0.0 ], [ 116.766750080000122, 0.068431183923515, 0.0 ], [ 116.766500417000074, 0.068694496923291, 0.0 ], [ 116.766333975000194, 0.068885995923096, 0.0 ], [ 116.766155644000065, 0.069161275922666, 0.0 ], [ 116.766024868000059, 0.069340806922607, 0.0 ], [ 116.765810871000184, 0.069628056922222, 0.0 ], [ 116.765727648000123, 0.070070900921853, 0.0 ], [ 116.765537427000154, 0.070525711921354, 0.0 ], [ 116.765460464641023, 0.070690358509354, 0.0 ], [ 116.765347208000193, 0.07093264992084, 0.0 ], [ 116.765240207000133, 0.071076273920758, 0.0 ], [ 116.764895436000188, 0.071363522920399, 0.0 ], [ 116.764852162967614, 0.071382691043336, 0.0 ], [ 116.764598218000202, 0.071495177920167, 0.0 ], [ 116.764415474644878, 0.071574899682929, 0.0 ], [ 116.764241560000073, 0.071650769919834, 0.0 ], [ 116.764039451000144, 0.071710611919931, 0.0 ], [ 116.763885600756936, 0.071733277478263, 0.0 ], [ 116.763843218386214, 0.071739521342743, 0.0 ], [ 116.763729959446863, 0.071772102678727, 0.0 ], [ 116.763608599741573, 0.071774085878605, 0.0 ], [ 116.763552016000219, 0.07178242191979, 0.0 ], [ 116.763493805999971, 0.071786462919882, 0.0 ], [ 116.763207246000235, 0.071806358919885, 0.0 ], [ 116.762898140000146, 0.071830293919771, 0.0 ], [ 116.76248203700014, 0.071854229919739, 0.0 ], [ 116.762101600000193, 0.071854227919799, 0.0 ], [ 116.761756830000124, 0.071866194919797, 0.0 ], [ 116.761328838000182, 0.071902097919752, 0.0 ], [ 116.761059977859603, 0.071907510574733, 0.0 ], [ 116.760734407000257, 0.071914064919601, 0.0 ], [ 116.760139974000197, 0.071854217919818, 0.0 ], [ 116.759085260470926, 0.071756697330466, 0.0 ], [ 116.75873309744847, 0.071699801047461, 0.0 ], [ 116.758690185927918, 0.071702395613441, 0.0 ], [ 116.758665783000168, 0.07169861592002, 0.0 ], [ 116.758451786000023, 0.071698613919759, 0.0 ], [ 116.758190235000328, 0.071722550919931, 0.0 ], [ 116.757893021000285, 0.071722549919861, 0.0 ], [ 116.757643359000184, 0.071806328919983, 0.0 ], [ 116.757334253000238, 0.07197388991968, 0.0 ], [ 116.756930038000363, 0.072332949919256, 0.0 ], [ 116.75690421741362, 0.072375190424114, 0.0 ], [ 116.756739817000096, 0.072644136918852, 0.0 ], [ 116.756632819000032, 0.072859573918732, 0.0 ], [ 116.756549595000081, 0.07315879291844, 0.0 ], [ 116.756497347505501, 0.073325356896107, 0.0 ], [ 116.756478263000247, 0.073386197918003, 0.0 ], [ 116.756482574000017, 0.073472992917909, 0.0 ], [ 116.75649015100015, 0.073625573917816, 0.0 ], [ 116.756512331772882, 0.073707455697423, 0.0 ], [ 116.756525815000046, 0.073757229917703, 0.0 ], [ 116.756680366000154, 0.074235981917035, 0.0 ], [ 116.756729126000124, 0.074387924916969, 0.0 ], [ 116.756845626582688, 0.074750958021403, 0.0 ], [ 116.756902072767943, 0.074926852721325, 0.0 ], [ 116.756930024000198, 0.075013952916265, 0.0 ], [ 116.757227236000205, 0.075767985915436, 0.0 ], [ 116.75724714852943, 0.075804995904253, 0.0 ], [ 116.757536336000328, 0.076342487914726, 0.0 ], [ 116.75767316728934, 0.076629477853633, 0.0 ], [ 116.757698872000262, 0.076683390914355, 0.0 ], [ 116.757702921085823, 0.07669188344528, 0.0 ], [ 116.757821661000406, 0.07694092791418, 0.0 ], [ 116.757981251265008, 0.077422936786665, 0.0 ], [ 116.757988098000169, 0.077443615913417, 0.0 ], [ 116.758130760000128, 0.077970241913043, 0.0 ], [ 116.758142646000138, 0.078233554912743, 0.0 ], [ 116.758154533000152, 0.078520804912415, 0.0 ], [ 116.758071310000219, 0.07910727391172, 0.0 ], [ 116.757892977000196, 0.079645866911061, 0.0 ], [ 116.757714646000082, 0.080052803910625, 0.0 ], [ 116.757441204000244, 0.080411864910088, 0.0 ], [ 116.757120208000359, 0.080890612909661, 0.0 ], [ 116.756632768000117, 0.081489047909064, 0.0 ], [ 116.756418772000288, 0.08184810990862, 0.0 ], [ 116.75631472900028, 0.082080039908371, 0.0 ], [ 116.756252329000191, 0.082219139908208, 0.0 ], [ 116.756240438000347, 0.082614108907933, 0.0 ], [ 116.756228546000187, 0.083116795907361, 0.0 ], [ 116.756264209000278, 0.08338010990691, 0.0 ], [ 116.756359317000133, 0.083643422906573, 0.0 ], [ 116.756430649000194, 0.083894766906459, 0.0 ], [ 116.756525755000183, 0.084193986906052, 0.0 ], [ 116.756572811000169, 0.08435979390584, 0.0 ], [ 116.756573308000213, 0.084361548905826, 0.0 ], [ 116.756760431000103, 0.084572099905637, 0.0 ], [ 116.756775412000081, 0.084588956905659, 0.0 ], [ 116.757013183000169, 0.084924083905174, 0.0 ], [ 116.757322288000225, 0.085307085904827, 0.0 ], [ 116.757488725000186, 0.085594336904379, 0.0 ], [ 116.757714610000164, 0.085989307904007, 0.0 ], [ 116.758178260000278, 0.086743342903218, 0.0 ], [ 116.758534918000151, 0.08715028190271, 0.0 ], [ 116.758598730172494, 0.087206690437006, 0.0 ], [ 116.758935776096024, 0.087504631504238, 0.0 ], [ 116.759022350000137, 0.087581160902148, 0.0 ], [ 116.759486006000344, 0.087856445901775, 0.0 ], [ 116.759689435352271, 0.087938367341936, 0.0 ], [ 116.759961551000217, 0.088047948901736, 0.0 ], [ 116.760103193606099, 0.088170176496342, 0.0 ], [ 116.760211211000296, 0.088263387901482, 0.0 ], [ 116.760448983000501, 0.088466858901148, 0.0 ], [ 116.760698642000179, 0.088825922900764, 0.0 ], [ 116.760781860000208, 0.08905332990063, 0.0 ], [ 116.760960186000048, 0.089567986900108, 0.0 ], [ 116.760982553060117, 0.089883240432124, 0.0 ], [ 116.760980255151949, 0.089924264412941, 0.0 ], [ 116.760948295000063, 0.090106581899351, 0.0 ], [ 116.760932064000258, 0.090185945899217, 0.0 ], [ 116.760893138105487, 0.090376286561222, 0.0 ], [ 116.760865073000119, 0.090513519899042, 0.0 ], [ 116.760788951011477, 0.090700842980749, 0.0 ], [ 116.760758072000087, 0.090776830898686, 0.0 ], [ 116.760591629000146, 0.091052110898357, 0.0 ], [ 116.760373331000167, 0.091315829897987, 0.0 ], [ 116.760234967000201, 0.091482983897826, 0.0 ], [ 116.759842640000116, 0.091818107897467, 0.0 ], [ 116.759801249238464, 0.091850306634202, 0.0 ], [ 116.759751500644853, 0.091906625795126, 0.0 ], [ 116.759547419907321, 0.092047765758669, 0.0 ], [ 116.759057983000218, 0.092428508896795, 0.0 ], [ 116.758475436000012, 0.092919223896169, 0.0 ], [ 116.75816632800003, 0.093278283895918, 0.0 ], [ 116.757973107966535, 0.093511708563253, 0.0 ], [ 116.757869111000275, 0.09363734489544, 0.0 ], [ 116.757743610019034, 0.09384348523869, 0.0 ], [ 116.757643223000201, 0.094008374894975, 0.0 ], [ 116.757619456163695, 0.094166285276451, 0.0 ], [ 116.75758377700015, 0.094403342894657, 0.0 ], [ 116.757583775000128, 0.094618780894346, 0.0 ], [ 116.75758935200021, 0.094731046894229, 0.0 ], [ 116.757595664000149, 0.094858156894003, 0.0 ], [ 116.757655105000268, 0.095037688893917, 0.0 ], [ 116.757655103000332, 0.09534887589353, 0.0 ], [ 116.757678517360802, 0.095437272809409, 0.0 ], [ 116.757702657000166, 0.095528407893356, 0.0 ], [ 116.75783342999992, 0.095624158893263, 0.0 ], [ 116.757912519317614, 0.09564406523614, 0.0 ], [ 116.757924167000397, 0.095646996893086, 0.0 ], [ 116.757976093000181, 0.095660065893155, 0.0 ], [ 116.758190089000422, 0.095851567892939, 0.0 ], [ 116.758296323000124, 0.095992293892851, 0.0 ], [ 116.758415972000194, 0.096150788892721, 0.0 ], [ 116.758515664475112, 0.096320156822684, 0.0 ], [ 116.758606187000055, 0.096473945892464, 0.0 ], [ 116.758698272274771, 0.096523026903739, 0.0 ], [ 116.758760760958438, 0.096556333074106, 0.0 ], [ 116.758765765652242, 0.096589084251145, 0.0 ], [ 116.759228019223869, 0.097041502640171, 0.0 ], [ 116.759561143764614, 0.09762447058615, 0.0 ], [ 116.759656335340978, 0.097884914726966, 0.0 ], [ 116.759687965857694, 0.097971455819665, 0.0 ], [ 116.759795040489806, 0.098264412017165, 0.0 ], [ 116.75985857639003, 0.098438246248958, 0.0 ], [ 116.760011237924274, 0.098896230843581, 0.0 ], [ 116.760060830576109, 0.099045008804652, 0.0 ], [ 116.760372045863662, 0.099413280223175, 0.0 ], [ 116.760365688000135, 0.099490086888868, 0.0 ], [ 116.760279524000268, 0.099544299888781, 0.0 ], [ 116.760270576000195, 0.099549929888661, 0.0 ], [ 116.760175467000053, 0.099621740888543, 0.0 ], [ 116.760270576000195, 0.099645678888581, 0.0 ], [ 116.760328165000274, 0.099641537888769, 0.0 ], [ 116.760437018000118, 0.099633711888742, 0.0 ], [ 116.760620904760685, 0.099707763253929, 0.0 ], [ 116.76069944405684, 0.099800701423055, 0.0 ], [ 116.760750196196739, 0.099860758120638, 0.0 ], [ 116.760774668877289, 0.099889717460879, 0.0 ], [ 116.760806848306416, 0.099906729802271, 0.0 ], [ 116.760817453000058, 0.099920964888402, 0.0 ], [ 116.76085311700011, 0.100100495888237, 0.0 ], [ 116.760960112000078, 0.100327903887916, 0.0 ], [ 116.761114665000164, 0.100399716887825, 0.0 ], [ 116.761340549000039, 0.100411687887737, 0.0 ], [ 116.761590212000215, 0.10036381488793, 0.0 ], [ 116.761699285412305, 0.100388217207155, 0.0 ], [ 116.763638350197866, 0.101667174830859, 0.0 ], [ 116.76368809455775, 0.101720745678767, 0.0 ], [ 116.76438074203196, 0.102466673727731, 0.0 ], [ 116.764562018994155, 0.102589683094282, 0.0 ], [ 116.764586137000109, 0.102613963885474, 0.0 ], [ 116.765046820000251, 0.102978017885075, 0.0 ], [ 116.765204555686921, 0.103044557755561, 0.0 ], [ 116.765363482000396, 0.103111599884738, 0.0 ], [ 116.765742056065591, 0.103271297689273, 0.0 ], [ 116.76576806400044, 0.103282268884596, 0.0 ], [ 116.766452850000348, 0.103397173884565, 0.0 ], [ 116.767023506000086, 0.103282277884634, 0.0 ], [ 116.767337368000113, 0.103167380884876, 0.0 ], [ 116.767497170000155, 0.103078898884805, 0.0 ], [ 116.767622698000096, 0.10300939388494, 0.0 ], [ 116.768107756000219, 0.102679060885473, 0.0 ], [ 116.768592816999984, 0.102233825885801, 0.0 ], [ 116.768878147000109, 0.101788589886312, 0.0 ], [ 116.76911335719214, 0.101277622699083, 0.0 ], [ 116.769149214000421, 0.101199727886917, 0.0 ], [ 116.76926362249435, 0.101063608482811, 0.0 ], [ 116.769620008000231, 0.100639592887465, 0.0 ], [ 116.770119337000196, 0.100151270888264, 0.0 ], [ 116.770533064000048, 0.09980657288839, 0.0 ], [ 116.770666366424379, 0.099710717431814, 0.0 ], [ 116.771164899039007, 0.099451126478053, 0.0 ], [ 116.771446117000224, 0.09933261588903, 0.0 ], [ 116.771916909000268, 0.099217719889162, 0.0 ], [ 116.772202238000062, 0.099160270889384, 0.0 ], [ 116.772701562000094, 0.099016649889382, 0.0 ], [ 116.773101022000461, 0.098973563889464, 0.0 ], [ 116.773571813000274, 0.09904538088948, 0.0 ], [ 116.774014069000103, 0.099088471889401, 0.0 ], [ 116.774193430379711, 0.099159130901855, 0.0 ], [ 116.774439503619291, 0.099256070901331, 0.0 ], [ 116.774670321000087, 0.099347000889189, 0.0 ], [ 116.774946244412675, 0.099567804880707, 0.0 ], [ 116.775226709000307, 0.099792242888612, 0.0 ], [ 116.775297060431569, 0.099843887085984, 0.0 ], [ 116.775911494000269, 0.100294935888046, 0.0 ], [ 116.776027864037403, 0.10035695971483, 0.0 ], [ 116.776396550000044, 0.100553464887809, 0.0 ], [ 116.776981469000106, 0.100711456887571, 0.0 ], [ 116.777242512919855, 0.100778844400833, 0.0 ], [ 116.777537859000034, 0.100855086887378, 0.0 ], [ 116.777713294623254, 0.100872749352745, 0.0 ], [ 116.77776301300004, 0.100877754887502, 0.0 ], [ 116.77796585200015, 0.100898176887326, 0.0 ], [ 116.778365310000027, 0.100826366887368, 0.0 ], [ 116.77896496684113, 0.100579964557583, 0.0 ], [ 116.7790643660001, 0.100539120887802, 0.0 ], [ 116.779335430000103, 0.100438585887816, 0.0 ], [ 116.779378228000098, 0.100438585887816, 0.0 ], [ 116.779506626000256, 0.100381136887893, 0.0 ], [ 116.779763423000233, 0.100323687887908, 0.0 ], [ 116.779906087000228, 0.100366776888028, 0.0 ], [ 116.779948885000138, 0.10039550188792, 0.0 ], [ 116.780091674198019, 0.100428676395958, 0.0 ], [ 116.780319811000226, 0.100481679887634, 0.0 ], [ 116.780647936000278, 0.100754569887363, 0.0 ], [ 116.780961794000149, 0.101199809886966, 0.0 ], [ 116.781095391632832, 0.101624549756223, 0.0 ], [ 116.781103764087902, 0.101651167859727, 0.0 ], [ 116.781232850000038, 0.102061563886037, 0.0 ], [ 116.781446843000097, 0.102535528885358, 0.0 ], [ 116.781646569000046, 0.102966406885121, 0.0 ], [ 116.781832031000206, 0.103095670884949, 0.0 ], [ 116.782031762000244, 0.103282384884741, 0.0 ], [ 116.782245756000151, 0.103426011884442, 0.0 ], [ 116.782573882000079, 0.103555277884301, 0.0 ], [ 116.782779120031975, 0.103598324678731, 0.0 ], [ 116.78291627600008, 0.103627091884367, 0.0 ], [ 116.783158806000273, 0.103598368884185, 0.0 ], [ 116.783415602000048, 0.1035840078843, 0.0 ], [ 116.783800794000086, 0.103497834884383, 0.0 ], [ 116.78427158700012, 0.103354212884601, 0.0 ], [ 116.784458923618885, 0.103278774783203, 0.0 ], [ 116.784556915000152, 0.10323931488472, 0.0 ], [ 116.784799446000108, 0.103239316884581, 0.0 ], [ 116.784984909000087, 0.103239317884652, 0.0 ], [ 116.7852417040002, 0.103311131884666, 0.0 ], [ 116.785484231000325, 0.103426033884482, 0.0 ], [ 116.785810001676211, 0.103732139120784, 0.0 ], [ 116.785933032821731, 0.103827048861717, 0.0 ], [ 116.786025267145803, 0.103955792603374, 0.0 ], [ 116.78622599705578, 0.104182373384779, 0.0 ], [ 116.786383008000229, 0.104359604883494, 0.0 ], [ 116.786782466000176, 0.104833571882923, 0.0 ], [ 116.787231446561975, 0.105400802296298, 0.0 ], [ 116.787510047000069, 0.105752778881861, 0.0 ], [ 116.787698496000061, 0.105956553881589, 0.0 ], [ 116.787895237000185, 0.106169294881473, 0.0 ], [ 116.788124145529082, 0.10661923055294, 0.0 ], [ 116.788194828000258, 0.106758161880737, 0.0 ], [ 116.788294691000189, 0.107016687880572, 0.0 ], [ 116.788294689000182, 0.107303938880118, 0.0 ], [ 116.788266155000116, 0.107605552879772, 0.0 ], [ 116.788023620000232, 0.108323676878963, 0.0 ], [ 116.787976028000358, 0.108454344879013, 0.0 ], [ 116.787709753, 0.109185427877938, 0.0 ], [ 116.787538551000182, 0.109803014877505, 0.0 ], [ 116.78745294700019, 0.110420603876836, 0.0 ], [ 116.787452943000176, 0.111224906875804, 0.0 ], [ 116.787458519000097, 0.111373705875509, 0.0 ], [ 116.787469252000236, 0.111660089875369, 0.0 ], [ 116.787481471000206, 0.111986120874934, 0.0 ], [ 116.787524266000162, 0.112531897874395, 0.0 ], [ 116.787681191000118, 0.113135125873708, 0.0 ], [ 116.787880918000297, 0.113637815873153, 0.0 ], [ 116.788052112000116, 0.1139394308728, 0.0 ], [ 116.788196603045364, 0.114121264380901, 0.0 ], [ 116.788394503000063, 0.114370309872122, 0.0 ], [ 116.788791193944519, 0.114721992747489, 0.0 ], [ 116.789350348000227, 0.115217705871263, 0.0 ], [ 116.789394034985122, 0.115261687851991, 0.0 ], [ 116.789649941000249, 0.115519321870952, 0.0 ], [ 116.789661858064591, 0.115543316660677, 0.0 ], [ 116.789692740000163, 0.115605496870978, 0.0 ], [ 116.789784773000221, 0.115648736870898, 0.0 ], [ 116.78988796500019, 0.115697763870759, 0.0 ], [ 116.789911956777587, 0.115701191473257, 0.0 ], [ 116.78997124600005, 0.1157096618709, 0.0 ], [ 116.790102117000245, 0.115709661870659, 0.0 ], [ 116.790104193532031, 0.115710584784437, 0.0 ], [ 116.790209191000201, 0.115757250870694, 0.0 ], [ 116.790447139000136, 0.115900017870463, 0.0 ], [ 116.790768366000236, 0.116102272870236, 0.0 ], [ 116.790925105000042, 0.116218562870181, 0.0 ], [ 116.791137182000142, 0.116375910870047, 0.0 ], [ 116.791636869000129, 0.116780418869489, 0.0 ], [ 116.792695730000261, 0.117767894868358, 0.0 ], [ 116.793028855000301, 0.11814860886815, 0.0 ], [ 116.793302492000251, 0.118386554867748, 0.0 ], [ 116.793718898000236, 0.118565014867528, 0.0 ], [ 116.794021087347474, 0.118636117980107, 0.0 ], [ 116.794123406000026, 0.118660192867582, 0.0 ], [ 116.794539811000149, 0.118648295867541, 0.0 ], [ 116.794968115000117, 0.118612603867415, 0.0 ], [ 116.795634364000165, 0.118291376867804, 0.0 ], [ 116.796229229000204, 0.117898765868393, 0.0 ], [ 116.796959915229365, 0.117399583903307, 0.0 ], [ 116.797430856000133, 0.117077851869115, 0.0 ], [ 116.797621986968167, 0.116972730158664, 0.0 ], [ 116.797668804000082, 0.11694698086944, 0.0 ], [ 116.797697106708668, 0.116953133704101, 0.0 ], [ 116.797721601526661, 0.116958458726764, 0.0 ], [ 116.797942441000288, 0.117006467869404, 0.0 ], [ 116.798097107000387, 0.117268207869021, 0.0 ], [ 116.798204182000148, 0.11763702486855, 0.0 ], [ 116.798311256000247, 0.118136711868001, 0.0 ], [ 116.798321737000052, 0.118377745867712, 0.0 ], [ 116.798335053000145, 0.11868398786743, 0.0 ], [ 116.798323154000059, 0.119433517866641, 0.0 ], [ 116.798394537000064, 0.11992130686587, 0.0 ], [ 116.798489717000265, 0.120206842865629, 0.0 ], [ 116.798691971000238, 0.120480480865475, 0.0 ], [ 116.799001302000079, 0.120766015865024, 0.0 ], [ 116.799441501000118, 0.121039653864749, 0.0 ], [ 116.800000675000177, 0.121277599864578, 0.0 ], [ 116.800595539000284, 0.121491751864188, 0.0 ], [ 116.801119642000316, 0.121652065863941, 0.0 ], [ 116.80160681100007, 0.121801081863922, 0.0 ], [ 116.802273060000189, 0.121991438863731, 0.0 ], [ 116.802644345269144, 0.122135827001575, 0.0 ], [ 116.802936703328413, 0.122230413433336, 0.0 ], [ 116.803165357000267, 0.122300768863458, 0.0 ], [ 116.803288469583691, 0.122344220161223, 0.0 ], [ 116.803359174129142, 0.122367095160371, 0.0 ], [ 116.803384662245108, 0.12237817035421, 0.0 ], [ 116.803772121000122, 0.122514919863148, 0.0 ], [ 116.803912164000153, 0.122582347863175, 0.0 ], [ 116.804414574000191, 0.122824249862957, 0.0 ], [ 116.805104619000147, 0.123109784862406, 0.0 ], [ 116.80551057448929, 0.123311375791965, 0.0 ], [ 116.805522104183353, 0.123316500100169, 0.0 ], [ 116.805528216369311, 0.123320136463933, 0.0 ], [ 116.805874137681897, 0.123491915389643, 0.0 ], [ 116.806254137198835, 0.123680616997314, 0.0 ], [ 116.806280932000163, 0.123693922861828, 0.0 ], [ 116.806785037000026, 0.123944253861638, 0.0 ], [ 116.807186648000254, 0.124097261861431, 0.0 ], [ 116.807546350999985, 0.124219713861331, 0.0 ], [ 116.807745820000051, 0.124287617861219, 0.0 ], [ 116.807971870000259, 0.124394693860966, 0.0 ], [ 116.808412068999985, 0.12451366686079, 0.0 ], [ 116.80904262600005, 0.124561255860981, 0.0 ], [ 116.809209189000029, 0.124585050860781, 0.0 ], [ 116.809470930000245, 0.124620742860867, 0.0 ], [ 116.809780259000306, 0.124644537860921, 0.0 ], [ 116.810232356000185, 0.124680229860804, 0.0 ], [ 116.810770062000188, 0.124734680860683, 0.0 ], [ 116.811172245000208, 0.124775407860606, 0.0 ], [ 116.811945204000082, 0.124850817860593, 0.0 ], [ 116.812147823000302, 0.124870585860502, 0.0 ], [ 116.812457154000256, 0.124989558860287, 0.0 ], [ 116.812814072000037, 0.12520371086017, 0.0 ], [ 116.812992532000038, 0.125417861859952, 0.0 ], [ 116.813123403000347, 0.125632013859702, 0.0 ], [ 116.81323047800015, 0.125917548859297, 0.0 ], [ 116.813337554000213, 0.126191186859, 0.0 ], [ 116.813337554000213, 0.126500516858856, 0.0 ], [ 116.813408938000052, 0.127023998858115, 0.0 ], [ 116.813415732381344, 0.127048705753625, 0.0 ], [ 116.813539808000229, 0.127499890857454, 0.0 ], [ 116.813587398000209, 0.127737836857314, 0.0 ], [ 116.813706371000208, 0.128011474856934, 0.0 ], [ 116.813842016181141, 0.128230595007015, 0.0 ], [ 116.814188101166323, 0.128727394421547, 0.0 ], [ 116.814272274493078, 0.128852575265804, 0.0 ], [ 116.814342340294161, 0.128956775687902, 0.0 ], [ 116.814551077000232, 0.12916551385572, 0.0 ], [ 116.814668259148846, 0.129315245537103, 0.0 ], [ 116.814765230000035, 0.129439151855465, 0.0 ], [ 116.815336302000347, 0.130022118854655, 0.0 ], [ 116.815764418000072, 0.130299135854425, 0.0 ], [ 116.815943064000294, 0.130414730854219, 0.0 ], [ 116.816359470000052, 0.130724059853943, 0.0 ], [ 116.8169186410002, 0.131116671853551, 0.0 ], [ 116.817267774706679, 0.131342264942186, 0.0 ], [ 116.817691968000076, 0.131616357853079, 0.0 ], [ 116.818007030000359, 0.131884037852672, 0.0 ], [ 116.818519117999983, 0.132319112852195, 0.0 ], [ 116.81886979900014, 0.132663320851648, 0.0 ], [ 116.819036361000144, 0.132925061851462, 0.0 ], [ 116.819179130000208, 0.133186802851119, 0.0 ], [ 116.819187954000256, 0.133292689851216, 0.0 ], [ 116.819202924000123, 0.133472337851037, 0.0 ], [ 116.819202924000052, 0.133674591850682, 0.0 ], [ 116.819155334000158, 0.133936332850374, 0.0 ], [ 116.819095849000092, 0.134376532849775, 0.0 ], [ 116.819059792000161, 0.134538788849787, 0.0 ], [ 116.818976877000097, 0.13491191184923, 0.0 ], [ 116.818822212000086, 0.13538780384876, 0.0 ], [ 116.81848908700033, 0.13600646384806, 0.0 ], [ 116.818344696227513, 0.136245611490165, 0.0 ], [ 116.818200328304357, 0.136484721275154, 0.0 ], [ 116.818008055274248, 0.136741798072415, 0.0 ], [ 116.817572995000049, 0.137196193846771, 0.0 ], [ 116.817097102000147, 0.137553113846278, 0.0 ], [ 116.81679966900009, 0.137683983846146, 0.0 ], [ 116.816442751000267, 0.137707778846175, 0.0 ], [ 116.816299413000038, 0.137699587846207, 0.0 ], [ 116.816287949000326, 0.13769893284633, 0.0 ], [ 116.816026345000239, 0.137683983846146, 0.0 ], [ 116.815728912000225, 0.13756501084625, 0.0 ], [ 116.815312506000211, 0.1373627568467, 0.0 ], [ 116.814955588000117, 0.137208091846764, 0.0 ], [ 116.814202092000144, 0.137048964846797, 0.0 ], [ 116.813804887000103, 0.137021194846838, 0.0 ], [ 116.813783433000268, 0.137019694846861, 0.0 ], [ 116.81373568700019, 0.13701635684694, 0.0 ], [ 116.813364759000095, 0.136958903847021, 0.0 ], [ 116.813050898000114, 0.136887088847129, 0.0 ], [ 116.812751303000013, 0.136772185847279, 0.0 ], [ 116.812537308000046, 0.13665728284732, 0.0 ], [ 116.812380377000082, 0.136542381847599, 0.0 ], [ 116.812294781000261, 0.136384392847674, 0.0 ], [ 116.812237715000265, 0.136240766847747, 0.0 ], [ 116.812209184000068, 0.136010965848233, 0.0 ], [ 116.812194919000348, 0.135692594848334, 0.0 ], [ 116.812206811000181, 0.135381406848811, 0.0 ], [ 116.812171147000171, 0.135261717849047, 0.0 ], [ 116.812077962923425, 0.135083472390226, 0.0 ], [ 116.812052262000108, 0.13503431084916, 0.0 ], [ 116.811876309, 0.134840414849324, 0.0 ], [ 116.811695602000242, 0.134744661849366, 0.0 ], [ 116.811571959000176, 0.134687210849576, 0.0 ], [ 116.811565862774202, 0.134686187925169, 0.0 ], [ 116.811286631000101, 0.134639333849607, 0.0 ], [ 116.811048857000117, 0.134629756849541, 0.0 ], [ 116.810763527000233, 0.134629754849718, 0.0 ], [ 116.810411622000146, 0.134715926849611, 0.0 ], [ 116.810259445000227, 0.134773375849523, 0.0 ], [ 116.810173847000144, 0.134792525849399, 0.0 ], [ 116.809869495000214, 0.134869123849269, 0.0 ], [ 116.80948933100035, 0.134885067849368, 0.0 ], [ 116.809342357671753, 0.134880597972831, 0.0 ], [ 116.808798406000165, 0.134864054849274, 0.0 ], [ 116.808783383630498, 0.134864054849475, 0.0 ], [ 116.80834154900019, 0.134864054849234, 0.0 ], [ 116.807865658000168, 0.134768875849436, 0.0 ], [ 116.807678309576602, 0.134713365327978, 0.0 ], [ 116.807351695000065, 0.134616590849647, 0.0 ], [ 116.807062285108884, 0.134544238536091, 0.0 ], [ 116.806894838000233, 0.134502376849872, 0.0 ], [ 116.806815405336437, 0.134491420625819, 0.0 ], [ 116.806342801000099, 0.134426233849831, 0.0 ], [ 116.805828838000281, 0.134483340849903, 0.0 ], [ 116.805712617426281, 0.13455528719814, 0.0 ], [ 116.80542909000016, 0.13473080484942, 0.0 ], [ 116.804686699000158, 0.135968124848135, 0.0 ], [ 116.804382127000196, 0.136957980847002, 0.0 ], [ 116.804153698000476, 0.137681336846209, 0.0 ], [ 116.804114698000205, 0.138097342845768, 0.0 ], [ 116.804096592000249, 0.138290478845432, 0.0 ], [ 116.80413466200001, 0.138823477844812, 0.0 ], [ 116.804267496403071, 0.139236738274974, 0.0 ], [ 116.804305984000123, 0.139356476844496, 0.0 ], [ 116.804344056000446, 0.139837127843806, 0.0 ], [ 116.804352568000141, 0.13991799484378, 0.0 ], [ 116.80436922500013, 0.140076243843503, 0.0 ], [ 116.804391643000187, 0.140289225843336, 0.0 ], [ 116.804344056000446, 0.140717528842766, 0.0 ], [ 116.804314360000106, 0.140749924842808, 0.0 ], [ 116.804082315000215, 0.141003063842441, 0.0 ], [ 116.803467392000115, 0.141290027842253, 0.0 ], [ 116.803368476000131, 0.141336188842158, 0.0 ], [ 116.802821200000295, 0.141336188842158, 0.0 ], [ 116.801821827000111, 0.141145831842365, 0.0 ], [ 116.801591544130787, 0.141044731939239, 0.0 ], [ 116.80084624900023, 0.140717528842766, 0.0 ], [ 116.800132410000117, 0.140098868843488, 0.0 ], [ 116.799442367000182, 0.139432619844326, 0.0 ], [ 116.798918884000202, 0.138718781845228, 0.0 ], [ 116.798514377000174, 0.138195299845551, 0.0 ], [ 116.798157458000261, 0.138028737845869, 0.0 ], [ 116.797824333000065, 0.13805253284571, 0.0 ], [ 116.797586386000191, 0.1382666838456, 0.0 ], [ 116.797458567367968, 0.138692747746229, 0.0 ], [ 116.797443619000092, 0.138742575844987, 0.0 ], [ 116.797277057000173, 0.139456414844173, 0.0 ], [ 116.797134288000251, 0.140003690843581, 0.0 ], [ 116.79699152200034, 0.140313020843184, 0.0 ], [ 116.79688290660512, 0.14052037694797, 0.0 ], [ 116.796729781000167, 0.140812706842685, 0.0 ], [ 116.7964491150003, 0.141355324842177, 0.0 ], [ 116.79637286, 0.141502750841932, 0.0 ], [ 116.795896970000058, 0.142097615841251, 0.0 ], [ 116.79546866600019, 0.142716275840501, 0.0 ], [ 116.795206926000347, 0.143215962840045, 0.0 ], [ 116.79513554100005, 0.14376323883936, 0.0 ], [ 116.79513554100005, 0.144239130838959, 0.0 ], [ 116.795064158000145, 0.144643639838539, 0.0 ], [ 116.79491657400014, 0.144761706838344, 0.0 ], [ 116.794826212000117, 0.14483399683831, 0.0 ], [ 116.794493088000138, 0.144833996838069, 0.0 ], [ 116.794112374000107, 0.144786406838399, 0.0 ], [ 116.793517507999951, 0.144572255838478, 0.0 ], [ 116.792827465000187, 0.14452466683849, 0.0 ], [ 116.792208805000186, 0.144596049838493, 0.0 ], [ 116.791756707000161, 0.144715022838303, 0.0 ], [ 116.791280814000103, 0.144929174838039, 0.0 ], [ 116.790638361000205, 0.14483399683831, 0.0 ], [ 116.789995906000158, 0.144572255838478, 0.0 ], [ 116.789115505000069, 0.144167746838968, 0.0 ], [ 116.788734790000035, 0.143953595839205, 0.0 ], [ 116.788020954000089, 0.143715649839488, 0.0 ], [ 116.787402292000181, 0.143668060839551, 0.0 ], [ 116.786937069000089, 0.143723886839549, 0.0 ], [ 116.786807429000163, 0.143739443839597, 0.0 ], [ 116.786331535000016, 0.143739443839517, 0.0 ], [ 116.785903231000063, 0.14354908783955, 0.0 ], [ 116.785546313000324, 0.143073194840103, 0.0 ], [ 116.785165600000113, 0.142549713840706, 0.0 ], [ 116.784761091000235, 0.142240383841096, 0.0 ], [ 116.784237611000179, 0.141954848841491, 0.0 ], [ 116.783785512000236, 0.141931053841418, 0.0 ], [ 116.783333414000069, 0.14209761584109, 0.0 ], [ 116.782643371000063, 0.142621097840736, 0.0 ], [ 116.782215068000227, 0.143120784840117, 0.0 ], [ 116.781905739000265, 0.143263551839912, 0.0 ], [ 116.781429846000151, 0.143287346839918, 0.0 ], [ 116.780858776000173, 0.143025605840299, 0.0 ], [ 116.780240116000144, 0.142716275840501, 0.0 ], [ 116.780078562000085, 0.14264942584062, 0.0 ], [ 116.779550072000092, 0.142430740840996, 0.0 ], [ 116.778455520000122, 0.142311767840999, 0.0 ], [ 116.777622709000184, 0.14228797284097, 0.0 ], [ 116.776932663000082, 0.142454535840928, 0.0 ], [ 116.776504362000082, 0.142692481840459, 0.0 ], [ 116.776242621000137, 0.143215962840045, 0.0 ], [ 116.776147441000163, 0.143882211839239, 0.0 ], [ 116.776072023000097, 0.144171320838881, 0.0 ], [ 116.776004676000341, 0.144429487838771, 0.0 ], [ 116.775861907000234, 0.144786406838157, 0.0 ], [ 116.775671551000173, 0.145190915837819, 0.0 ], [ 116.775362220000261, 0.145428861837493, 0.0 ], [ 116.77500530200011, 0.145666807837233, 0.0 ], [ 116.774814943, 0.146214083836673, 0.0 ], [ 116.774862532999975, 0.146808948836138, 0.0 ], [ 116.774872658000191, 0.147062054835625, 0.0 ], [ 116.774885442285637, 0.147381647001485, 0.0 ], [ 116.774886329000111, 0.147403813835352, 0.0 ], [ 116.775076685000016, 0.147832116834874, 0.0 ], [ 116.775140101477618, 0.148276029492255, 0.0 ], [ 116.775171864000299, 0.14849836583415, 0.0 ], [ 116.775162084000073, 0.148674410833958, 0.0 ], [ 116.775148068999954, 0.148926668833663, 0.0 ], [ 116.775076685000016, 0.149283588833273, 0.0 ], [ 116.775040458000149, 0.149308947833135, 0.0 ], [ 116.774838740000433, 0.149450150832927, 0.0 ], [ 116.774362846, 0.149473945833084, 0.0 ], [ 116.773934545000358, 0.149283588833232, 0.0 ], [ 116.773482447000177, 0.149093231833456, 0.0 ], [ 116.773006554000247, 0.148974258833624, 0.0 ], [ 116.772411688000133, 0.149045642833398, 0.0 ], [ 116.771745439000071, 0.149164615833365, 0.0 ], [ 116.77151816200012, 0.149316134833306, 0.0 ], [ 116.771388521000077, 0.149402561833204, 0.0 ], [ 116.770936424000155, 0.149854658832663, 0.0 ], [ 116.770865040000075, 0.15021157783216, 0.0 ], [ 116.771007807000174, 0.15056849783185, 0.0 ], [ 116.771091827000177, 0.150646054831836, 0.0 ], [ 116.771115795000014, 0.150668178831698, 0.0 ], [ 116.771166543459898, 0.150715023524763, 0.0 ], [ 116.771317137000494, 0.150854032831374, 0.0 ], [ 116.771745439000071, 0.151306129831031, 0.0 ], [ 116.772007180000301, 0.151615459830549, 0.0 ], [ 116.77214994900018, 0.151782022830428, 0.0 ], [ 116.772187223834038, 0.152005671302203, 0.0 ], [ 116.772221333000246, 0.152210325829939, 0.0 ], [ 116.772221333000246, 0.1526624228295, 0.0 ], [ 116.77214994900018, 0.153233493828776, 0.0 ], [ 116.77209195200021, 0.153375262828604, 0.0 ], [ 116.771999680881876, 0.153600814325222, 0.0 ], [ 116.771935797000268, 0.153756974828246, 0.0 ], [ 116.771816824000396, 0.154280456827564, 0.0 ], [ 116.771721646000273, 0.155089472826664, 0.0 ], [ 116.771721793000097, 0.155092787826747, 0.0 ], [ 116.771802656946562, 0.156912228317248, 0.0 ], [ 116.771816824000396, 0.157230987824257, 0.0 ], [ 116.77181682400672, 0.1582246926558, 0.0 ], [ 116.771816824000396, 0.158420718822978, 0.0 ], [ 116.771602673000217, 0.158920405822475, 0.0 ], [ 116.771466658000037, 0.159151631822192, 0.0 ], [ 116.771364727000261, 0.159324913821909, 0.0 ], [ 116.770984013000103, 0.159872189821401, 0.0 ], [ 116.770627093000314, 0.160038751821163, 0.0 ], [ 116.770222584000123, 0.160038751821203, 0.0 ], [ 116.770008433000228, 0.159824600821393, 0.0 ], [ 116.769991330000153, 0.159739084821604, 0.0 ], [ 116.769897497000059, 0.159269919822135, 0.0 ], [ 116.769865666000129, 0.15911076282245, 0.0 ], [ 116.769627718999971, 0.15834933482317, 0.0 ], [ 116.769413569000221, 0.158016210823408, 0.0 ], [ 116.769128032000069, 0.157968620823585, 0.0 ], [ 116.768890086000212, 0.157992415823443, 0.0 ], [ 116.768652141000103, 0.15837312982293, 0.0 ], [ 116.768319017000096, 0.158944199822479, 0.0 ], [ 116.767747946000455, 0.159824600821433, 0.0 ], [ 116.767010311000078, 0.160847768820379, 0.0 ], [ 116.765969000000126, 0.162329634818659, 0.0 ], [ 116.765772992000166, 0.162608569818461, 0.0 ], [ 116.765444653000159, 0.163046355817838, 0.0 ], [ 116.765370363000244, 0.163145408817664, 0.0 ], [ 116.764702236000062, 0.164036246816611, 0.0 ], [ 116.764345317000149, 0.164702495815958, 0.0 ], [ 116.76417875300001, 0.165630485814893, 0.0 ], [ 116.76420254900016, 0.165987404814486, 0.0 ], [ 116.764310257000119, 0.166396696814123, 0.0 ], [ 116.764321521000042, 0.166439501814187, 0.0 ], [ 116.76433876621671, 0.166452435545369, 0.0 ], [ 116.7644167010003, 0.16651088581388, 0.0 ], [ 116.764607056000187, 0.166725037813582, 0.0 ], [ 116.764963977000136, 0.166986778813411, 0.0 ], [ 116.765463663000091, 0.167177134813214, 0.0 ], [ 116.766058528000116, 0.167343697812996, 0.0 ], [ 116.766700983000334, 0.167510259812793, 0.0 ], [ 116.767295846000039, 0.167772000812431, 0.0 ], [ 116.767962095000115, 0.168152713812019, 0.0 ], [ 116.76846178199996, 0.168509633811731, 0.0 ], [ 116.769080443000291, 0.168676195811665, 0.0 ], [ 116.769413569000221, 0.168961730811151, 0.0 ], [ 116.769603926000173, 0.169390033810733, 0.0 ], [ 116.769603926001622, 0.169496745245188, 0.0 ], [ 116.769603926000173, 0.169865925810144, 0.0 ], [ 116.769603926000173, 0.16993831181025, 0.0 ], [ 116.769603926000173, 0.170222844809952, 0.0 ], [ 116.769508746000071, 0.170627353809232, 0.0 ], [ 116.769342183999981, 0.170984272808889, 0.0 ], [ 116.769175622000205, 0.171388780808562, 0.0 ], [ 116.769032855000205, 0.171840878807976, 0.0 ], [ 116.768961469000118, 0.172126413807722, 0.0 ], [ 116.768937676000192, 0.172411949807277, 0.0 ], [ 116.768652141000103, 0.172840252806727, 0.0 ], [ 116.76798589200034, 0.173316144806335, 0.0 ], [ 116.767319643000221, 0.173530295806027, 0.0 ], [ 116.766891339000139, 0.173839625805719, 0.0 ], [ 116.766629597000133, 0.174196544805271, 0.0 ], [ 116.766486831000179, 0.174624847804969, 0.0 ], [ 116.766463037000307, 0.175124534804346, 0.0 ], [ 116.766533886197735, 0.17534495603099, 0.0 ], [ 116.766677187000184, 0.175790783803786, 0.0 ], [ 116.766705073000153, 0.175870637803493, 0.0 ], [ 116.766811080999972, 0.176174206803241, 0.0 ], [ 116.766947412219565, 0.176564608695091, 0.0 ], [ 116.767023849889881, 0.176630126697832, 0.0 ], [ 116.767204439318803, 0.177268695898524, 0.0 ], [ 116.767239078485943, 0.177420434139172, 0.0 ], [ 116.767795533000154, 0.179312386799734, 0.0 ], [ 116.768033481000188, 0.180050018798774, 0.0 ], [ 116.768163546000252, 0.1804402157985, 0.0 ], [ 116.768223837000022, 0.180621089798156, 0.0 ], [ 116.768223837000278, 0.180627811171005, 0.0 ], [ 116.768223837000022, 0.180922578797933, 0.0 ], [ 116.768223837000022, 0.180978008797778, 0.0 ], [ 116.768128658000094, 0.181239749797449, 0.0 ], [ 116.767248259000027, 0.181882203796676, 0.0 ], [ 116.766772366000112, 0.18226291779646, 0.0 ], [ 116.766486831000179, 0.182548452796006, 0.0 ], [ 116.766272679000181, 0.183000550795528, 0.0 ], [ 116.766225090000177, 0.18333367579524, 0.0 ], [ 116.766225090000177, 0.183666799794752, 0.0 ], [ 116.766280505000239, 0.183814569794594, 0.0 ], [ 116.766296475000146, 0.1838571567947, 0.0 ], [ 116.766313368252213, 0.183869081440671, 0.0 ], [ 116.766700983000334, 0.184142691794144, 0.0 ], [ 116.767557588000088, 0.184428227793888, 0.0 ], [ 116.768009686000099, 0.184666173793603, 0.0 ], [ 116.768128658000094, 0.184761351793619, 0.0 ], [ 116.768128658000322, 0.184923252487509, 0.0 ], [ 116.768128658000094, 0.184975503793469, 0.0 ], [ 116.767938302000061, 0.185213449793116, 0.0 ], [ 116.767873229000145, 0.185262254793051, 0.0 ], [ 116.767652767000214, 0.185427600792812, 0.0 ], [ 116.767343436000303, 0.185665546792696, 0.0 ], [ 116.767129284000077, 0.185903493792231, 0.0 ], [ 116.767105490000262, 0.186212822792018, 0.0 ], [ 116.76715308100006, 0.18656974279134, 0.0 ], [ 116.767192551433965, 0.186656578276123, 0.0 ], [ 116.76727205300017, 0.1868314827911, 0.0 ], [ 116.767288197000198, 0.18684762679137, 0.0 ], [ 116.767509999000154, 0.187069428791201, 0.0 ], [ 116.767795533000154, 0.187283580790786, 0.0 ], [ 116.76798589200034, 0.187664294790307, 0.0 ], [ 116.76798589200034, 0.187685484827945, 0.0 ], [ 116.76798589200034, 0.188045007789889, 0.0 ], [ 116.767973020000127, 0.188154416789687, 0.0 ], [ 116.767938302000061, 0.188449516789431, 0.0 ], [ 116.767621897000183, 0.189624733788072, 0.0 ], [ 116.767605177000164, 0.189686836788166, 0.0 ], [ 116.767224464000037, 0.190662415787023, 0.0 ], [ 116.766558214000227, 0.191328664786257, 0.0 ], [ 116.766225090000177, 0.191447637786141, 0.0 ], [ 116.765891965000137, 0.191733172785697, 0.0 ], [ 116.765772992000166, 0.192137680785303, 0.0 ], [ 116.765796788000245, 0.1924708057849, 0.0 ], [ 116.766147266019274, 0.192797918209678, 0.0 ], [ 116.766153707000171, 0.192803929784677, 0.0 ], [ 116.766534421000017, 0.193208438784125, 0.0 ], [ 116.766748566000146, 0.193394031783991, 0.0 ], [ 116.766891339000139, 0.193517768783801, 0.0 ], [ 116.767248259000027, 0.193803303783272, 0.0 ], [ 116.767557588000088, 0.1942078117829, 0.0 ], [ 116.76759834978003, 0.194493147656628, 0.0 ], [ 116.767628970999979, 0.194707498782464, 0.0 ], [ 116.767557588000088, 0.195088212781873, 0.0 ], [ 116.767496905000328, 0.195236547781849, 0.0 ], [ 116.767349291000386, 0.195597381781458, 0.0 ], [ 116.767343436000303, 0.195611693781367, 0.0 ], [ 116.767129284000077, 0.195778256781173, 0.0 ], [ 116.766653394000073, 0.195968613780971, 0.0 ], [ 116.766248886000085, 0.19618276478079, 0.0 ], [ 116.765963350000121, 0.196444505780631, 0.0 ], [ 116.765654019000252, 0.196991781779778, 0.0 ], [ 116.765511252000024, 0.197491468779314, 0.0 ], [ 116.765511252000024, 0.19770514777909, 0.0 ], [ 116.765511252000024, 0.198014949778762, 0.0 ], [ 116.765581893000089, 0.198332834778277, 0.0 ], [ 116.765606430000091, 0.198443252778262, 0.0 ], [ 116.765636089559905, 0.198576719439421, 0.0 ], [ 116.765749199000084, 0.199085706777658, 0.0 ], [ 116.765963350000121, 0.199490215777114, 0.0 ], [ 116.766463037000307, 0.199775750776776, 0.0 ], [ 116.767034108000132, 0.200085080776342, 0.0 ], [ 116.767414821000258, 0.20010887577648, 0.0 ], [ 116.767724150000177, 0.199942312776573, 0.0 ], [ 116.768486547621649, 0.199659137592933, 0.0 ], [ 116.769036633712489, 0.199315333776694, 0.0 ], [ 116.769104764679085, 0.19930038874106, 0.0 ], [ 116.76922321100011, 0.199228474777313, 0.0 ], [ 116.769508746000071, 0.199061912777588, 0.0 ], [ 116.769746692000155, 0.199157090777617, 0.0 ], [ 116.769889460000101, 0.199561599777049, 0.0 ], [ 116.769889460001906, 0.19963119403227, 0.0 ], [ 116.769889460000101, 0.200371842776013, 0.0 ], [ 116.769889460000101, 0.200465794776009, 0.0 ], [ 116.7699846390001, 0.20141757877484, 0.0 ], [ 116.77000192002032, 0.201525584698677, 0.0 ], [ 116.770032808000209, 0.201718633774651, 0.0 ], [ 116.770079817000124, 0.202012444774377, 0.0 ], [ 116.77017127400029, 0.202225844774069, 0.0 ], [ 116.770293968000146, 0.202512130773764, 0.0 ], [ 116.770680191000324, 0.202915908773332, 0.0 ], [ 116.770703775000158, 0.202940563773267, 0.0 ], [ 116.770817451000127, 0.203059406773114, 0.0 ], [ 116.771602673000217, 0.203582888772536, 0.0 ], [ 116.771872373890531, 0.203696762492725, 0.0 ], [ 116.772673429000108, 0.204034985772015, 0.0 ], [ 116.774113666642549, 0.204212245750652, 0.0 ], [ 116.774259251398817, 0.203959851981374, 0.0 ], [ 116.774933918000315, 0.205391278770573, 0.0 ], [ 116.774749955001738, 0.205502970772637, 0.0 ], [ 116.774267669000253, 0.205795787770084, 0.0 ], [ 116.773530034000061, 0.206057527769744, 0.0 ], [ 116.772863785000013, 0.206152706769564, 0.0 ], [ 116.772340305000185, 0.206366857769522, 0.0 ], [ 116.77188820800005, 0.206557214769297, 0.0 ], [ 116.770056022000134, 0.206890339768893, 0.0 ], [ 116.769603926000173, 0.207104490768668, 0.0 ], [ 116.769365979000241, 0.207413820768135, 0.0 ], [ 116.769395722000198, 0.20789566176775, 0.0 ], [ 116.769432843967365, 0.207982280221266, 0.0 ], [ 116.76948901500009, 0.208113346767519, 0.0 ], [ 116.769583042000178, 0.208332743767269, 0.0 ], [ 116.769663410000064, 0.208520269767045, 0.0 ], [ 116.769990587000265, 0.209055648766432, 0.0 ], [ 116.770036401238301, 0.209122608110154, 0.0 ], [ 116.770377249000106, 0.209620770765807, 0.0 ], [ 116.770615195000033, 0.210096662765213, 0.0 ], [ 116.770669372433503, 0.210665521705448, 0.0 ], [ 116.770674682000134, 0.210721271764386, 0.0 ], [ 116.770681614000054, 0.210852976764449, 0.0 ], [ 116.770734170000182, 0.211851515763307, 0.0 ], [ 116.770734170000182, 0.212654583762518, 0.0 ], [ 116.770820617999973, 0.212935539762026, 0.0 ], [ 116.77085314300021, 0.213041245761938, 0.0 ], [ 116.771091088000048, 0.213457651761465, 0.0 ], [ 116.771325407000248, 0.213984867760845, 0.0 ], [ 116.77144800800005, 0.214260719760583, 0.0 ], [ 116.771583219297653, 0.214472084520478, 0.0 ], [ 116.77196554100037, 0.215069736759545, 0.0 ], [ 116.772607994000381, 0.215973931758669, 0.0 ], [ 116.772728355000098, 0.216112809758554, 0.0 ], [ 116.773226654000155, 0.216687769757844, 0.0 ], [ 116.77340108800027, 0.216862203757613, 0.0 ], [ 116.773821520000212, 0.21728263575726, 0.0 ], [ 116.774178437999979, 0.217734732756656, 0.0 ], [ 116.774535358000108, 0.218400981755984, 0.0 ], [ 116.774892277000021, 0.218972052755297, 0.0 ], [ 116.775154018000251, 0.219186203754995, 0.0 ], [ 116.775534732000352, 0.219400355754811, 0.0 ], [ 116.776034419000197, 0.2195431227547, 0.0 ], [ 116.776462721000115, 0.2195431227547, 0.0 ], [ 116.776891024000093, 0.21966209675467, 0.0 ], [ 116.777176559000054, 0.219923836754285, 0.0 ], [ 116.777343121000229, 0.220352139753709, 0.0 ], [ 116.777411159118088, 0.221100559846015, 0.0 ], [ 116.777424873000285, 0.221251412752841, 0.0 ], [ 116.7774620940001, 0.221660843752317, 0.0 ], [ 116.777521604000015, 0.222009399751818, 0.0 ], [ 116.777628657000307, 0.222636422751154, 0.0 ], [ 116.777557274000173, 0.223159903750741, 0.0 ], [ 116.777414504, 0.223445439750279, 0.0 ], [ 116.777229636000101, 0.223607762750217, 0.0 ], [ 116.776438927000086, 0.224302044749347, 0.0 ], [ 116.77601062300009, 0.224730347748837, 0.0 ], [ 116.775986830000164, 0.22501588374851, 0.0 ], [ 116.776082006000152, 0.225372802748198, 0.0 ], [ 116.776129596000175, 0.225563159747841, 0.0 ], [ 116.776136902563223, 0.225572901804823, 0.0 ], [ 116.776486516000375, 0.226039051747255, 0.0 ], [ 116.776580057529742, 0.226236527745464, 0.0 ], [ 116.776615529000267, 0.226311411747134, 0.0 ], [ 116.776657587000116, 0.226400201747066, 0.0 ], [ 116.776700668000188, 0.226491149746798, 0.0 ], [ 116.776744248122839, 0.226556520032703, 0.0 ], [ 116.776825591646684, 0.226678535509198, 0.0 ], [ 116.776918073842069, 0.226642965434226, 0.0 ], [ 116.776923560642444, 0.226680001337352, 0.0 ], [ 116.776937109529925, 0.226771456328443, 0.0 ], [ 116.776903797076045, 0.226804768782189, 0.0 ], [ 116.776935115762242, 0.226872625935512, 0.0 ], [ 116.777226302428474, 0.226348726824197, 0.0 ], [ 116.780047962655303, 0.226093333954161, 0.0 ], [ 116.794988052108437, 0.224741083335686, 0.0 ], [ 116.80364257897017, 0.225985889620412, 0.0 ], [ 116.812241689124306, 0.229749933100193, 0.0 ], [ 116.812007943343446, 0.219782489898841, 0.0 ], [ 116.810552461508109, 0.218183961964336, 0.0 ], [ 116.809915549844447, 0.21748445403418, 0.0 ], [ 116.805160101977137, 0.21307987656572, 0.0 ], [ 116.80382860240546, 0.209824347658047, 0.0 ], [ 116.803067755670895, 0.207143328350315, 0.0 ], [ 116.80116559394628, 0.204079293713021, 0.0 ], [ 116.797741669092076, 0.201398241908587, 0.0 ], [ 116.797741706570207, 0.198334231806307, 0.0 ], [ 116.797770421083172, 0.198160797622649, 0.0 ], [ 116.798122173871903, 0.196036228843716, 0.0 ], [ 116.799643957141797, 0.193929740037865, 0.0 ], [ 116.800785300361539, 0.191823246241016, 0.0 ], [ 116.800319165758097, 0.18419614604976, 0.0 ], [ 116.8000245610842, 0.179375694305532, 0.0 ], [ 116.800975669575507, 0.178418201372198, 0.0 ], [ 116.801378232759546, 0.17813763328091, 0.0 ], [ 116.803448543161394, 0.176694721805342, 0.0 ], [ 116.805275178884912, 0.175421639651518, 0.0 ], [ 116.805921416483727, 0.174971241390026, 0.0 ], [ 116.80782363249277, 0.173056253564159, 0.0 ], [ 116.808774749862025, 0.171141255591116, 0.0 ], [ 116.808645842696464, 0.169453957478999, 0.0 ], [ 116.808584554714145, 0.168651743759441, 0.0 ], [ 116.80801391451908, 0.166736730529015, 0.0 ], [ 116.805731292618361, 0.165396202865862, 0.0 ], [ 116.804239933236758, 0.164270126801154, 0.0 ], [ 116.803448674961246, 0.163672673889158, 0.0 ], [ 116.801736719972396, 0.161566149376914, 0.0 ], [ 116.801356297675184, 0.159842639496573, 0.0 ], [ 116.802117191916409, 0.158119140668354, 0.0 ], [ 116.802149677427877, 0.158114468939419, 0.0 ], [ 116.803448729901831, 0.157927652694992, 0.0 ], [ 116.805675272918748, 0.158114468939419, 0.0 ], [ 116.805731361811425, 0.158119175031343, 0.0 ], [ 116.80763354973945, 0.158885195881363, 0.0 ], [ 116.809725955771967, 0.159842719277284, 0.0 ], [ 116.81105748213119, 0.160991736409202, 0.0 ], [ 116.813130734218021, 0.161513560965564, 0.0 ], [ 116.813340111944441, 0.161566260026887, 0.0 ], [ 116.815622743896753, 0.161949282693787, 0.0 ], [ 116.817144506166898, 0.161374793994509, 0.0 ], [ 116.817905408400165, 0.158693788722452, 0.0 ], [ 116.817675236719069, 0.15811446893954, 0.0 ], [ 116.816591394234763, 0.155386542597453, 0.0 ], [ 116.816478792533474, 0.155103135043532, 0.0 ], [ 116.813910853654519, 0.152182724883807, 0.0 ], [ 116.811057574252629, 0.150650693559096, 0.0 ], [ 116.82107422498089, 0.146032096354823, 0.0 ], [ 116.825354207750593, 0.140430727499477, 0.0 ], [ 116.825354317925147, 0.124703711974002, 0.0 ], [ 116.810676451206447, 0.117453570698481, 0.0 ], [ 116.809678760583026, 0.116960760647602, 0.0 ], [ 116.809193104570994, 0.116720870531881, 0.0 ], [ 116.836337983576129, 0.117090338890326, 0.0 ], [ 116.820169415866417, 0.103493675327645, 0.0 ], [ 116.807234572952154, 0.09296105708754, 0.0 ], [ 116.796962795174707, 0.084343470294359, 0.0 ], [ 116.796201959540909, 0.076300439719542, 0.0 ], [ 116.795631346991357, 0.066342404411066, 0.0 ], [ 116.794870517701057, 0.054086361669705, 0.0 ], [ 116.791827083304184, 0.029382776100755, 0.0 ], [ 116.790305353426191, 0.016169234283769, 0.0 ], [ 116.791827106550954, 0.011190220691889, 0.0 ], [ 116.792778202344351, 0.006211205898223, 0.0 ], [ 116.794299952313281, 0.002859945759727, 0.0 ], [ 116.79658257632255, 0.001136440400402, 0.0 ], [ 116.802479355744836, -0.002885074106041, 0.0 ], [ 116.807044604638946, -0.00728959243757, 0.0 ], [ 116.811990292130986, -0.010545108450014, 0.0 ], [ 116.81503379250529, -0.012651619650096, 0.0 ], [ 116.815414217407593, -0.024907674663428, 0.0 ], [ 116.82074035686621, -0.01629014101616, 0.0 ], [ 116.823022983076115, -0.017630649600306, 0.0 ], [ 116.826827360312578, -0.020120165879628, 0.0 ], [ 116.830631738980998, -0.021843679020811, 0.0 ], [ 116.834626338311438, -0.022801188762978, 0.0 ], [ 116.838050280862447, -0.023950199194702, 0.0 ], [ 116.840986053823826, -0.024592715552035, 0.0 ], [ 116.845278606526477, -0.025865219128009, 0.0 ], [ 116.845468816269616, -0.032759260916445, 0.0 ], [ 116.85231670433356, -0.035631789535453, 0.0 ], [ 116.859354813912162, -0.038504319738148, 0.0 ], [ 116.869436434409309, -0.04252586432574, 0.0 ], [ 116.863729849241196, -0.044249366183485, 0.0 ], [ 116.85910517290452, -0.044896002100003, 0.0 ], [ 116.85964397556458, -0.045411316156396, 0.0 ], [ 116.859726461481912, -0.045492256292247, 0.0 ], [ 116.859927462729004, -0.045708310255139, 0.0 ], [ 116.860113997602809, -0.045937136337315, 0.0 ], [ 116.860285267332529, -0.046177754670508, 0.0 ], [ 116.860440538513899, -0.046429134890031, 0.0 ], [ 116.860579146251169, -0.046690200546927, 0.0 ], [ 116.860593913670215, -0.046720634573666, 0.0 ], [ 116.860602759851531, -0.046739039981606, 0.0 ], [ 116.860750154510981, -0.046783608162835, 0.0 ], [ 116.861191433025809, -0.04693169326193, 0.0 ], [ 116.861214851062087, -0.046939624018402, 0.0 ], [ 116.861490042172548, -0.047043897250794, 0.0 ], [ 116.861757869937463, -0.047166066881556, 0.0 ], [ 116.861915819982798, -0.047251062306059, 0.0 ], [ 116.861616002245654, -0.048001797159414, 0.0 ], [ 116.861059966893379, -0.049394093204981, 0.0 ], [ 116.860915545833834, -0.049755719209828, 0.0 ], [ 116.860719317468181, -0.050247069123311, 0.0 ], [ 116.860718934759319, -0.050248027414723, 0.0 ], [ 116.860640341870536, -0.050444821628964, 0.0 ], [ 116.860079108630671, -0.050495999043631, 0.0 ], [ 116.856136011664333, -0.050855559731266, 0.0 ], [ 116.855610826390503, -0.050903449977968, 0.0 ], [ 116.850681203232611, -0.05135296891821, 0.0 ], [ 116.848014554153153, -0.051596133197151, 0.0 ], [ 116.847345218288211, -0.051657168041979, 0.0 ], [ 116.846398534170987, -0.051743493473815, 0.0 ], [ 116.834057987604339, -0.052868791118723, 0.0 ], [ 116.834025852711648, -0.052858007205313, 0.0 ], [ 116.834002434708552, -0.052850076442956, 0.0 ], [ 116.833901435038683, -0.052814203304405, 0.0 ], [ 116.83382728308257, -0.052851878918391, 0.0 ], [ 116.833723299657152, -0.052899310363558, 0.0 ], [ 116.831984664833072, -0.053057851584735, 0.0 ], [ 116.829660170786639, -0.053269815560523, 0.0 ], [ 116.829563983090708, -0.053247236310921, 0.0 ], [ 116.829544669041326, -0.053241979768467, 0.0 ], [ 116.828637803643261, -0.052992983378987, 0.0 ], [ 116.828375742123484, -0.052912309511912, 0.0 ], [ 116.828100551503454, -0.052808036227489, 0.0 ], [ 116.82783272423957, -0.052685866582903, 0.0 ], [ 116.827810594920976, -0.052674803740487, 0.0 ], [ 116.827369677661082, -0.052452857893415, 0.0 ], [ 116.827151056924748, -0.052342810116651, 0.0 ], [ 116.826913869220348, -0.05221433011019, 0.0 ], [ 116.826664172866273, -0.052058011596392, 0.0 ], [ 116.826425166416641, -0.051885586797745, 0.0 ], [ 116.826401894552106, -0.051867487110352, 0.0 ], [ 116.825659914927897, -0.051286499477927, 0.0 ], [ 116.825455893716125, -0.051116806442471, 0.0 ], [ 116.825241287308302, -0.050914449943541, 0.0 ], [ 116.825040286546241, -0.050698396189625, 0.0 ], [ 116.824853752143866, -0.050469570355679, 0.0 ], [ 116.824682482870031, -0.050228952309351, 0.0 ], [ 116.824527212124806, -0.049977572413893, 0.0 ], [ 116.824388604800646, -0.049716507116007, 0.0 ], [ 116.824267254434588, -0.049446874337203, 0.0 ], [ 116.824163680665549, -0.049169828685985, 0.0 ], [ 116.824078327013112, -0.048886556513548, 0.0 ], [ 116.8240591598002, -0.048803797861639, 0.0 ], [ 116.824008680808902, -0.048732775412452, 0.0 ], [ 116.82385341005515, -0.048481395536782, 0.0 ], [ 116.823731220374896, -0.04825350326238, 0.0 ], [ 116.823140887733686, -0.047072837530397, 0.0 ], [ 116.823124470078426, -0.047039664528039, 0.0 ], [ 116.82300311969145, -0.046770031782695, 0.0 ], [ 116.822899545899418, -0.046492986163228, 0.0 ], [ 116.822818002635969, -0.046223937975675, 0.0 ], [ 116.822640577787695, -0.046075232650989, 0.0 ], [ 116.822534656773556, -0.045978673543736, 0.0 ], [ 116.822404610507704, -0.045856277009244, 0.0 ], [ 116.822146803061614, -0.045684405300477, 0.0 ], [ 116.822131298529015, -0.045674022350055, 0.0 ], [ 116.822093674763039, -0.045648435650108, 0.0 ], [ 116.821712961096566, -0.045386694885989, 0.0 ], [ 116.82163309359477, -0.045330497942185, 0.0 ], [ 116.821038228498495, -0.04490219488309, 0.0 ], [ 116.820967681595633, -0.044850350394652, 0.0 ], [ 116.820491789523686, -0.044493431185881, 0.0 ], [ 116.82044082128715, -0.044454634638686, 0.0 ], [ 116.820213528243784, -0.044266842037028, 0.0 ], [ 116.820082962283664, -0.044146911898844, 0.0 ], [ 116.820027954033137, -0.044112265496127, 0.0 ], [ 116.819433088922025, -0.043731551643482, 0.0 ], [ 116.819347329865835, -0.043675274718843, 0.0 ], [ 116.819159291568155, -0.043541646504364, 0.0 ], [ 116.818750288712053, -0.043234894227602, 0.0 ], [ 116.818674679887792, -0.043485820693768, 0.0 ], [ 116.818571104769262, -0.043762865734173, 0.0 ], [ 116.818505661798042, -0.043914065925346, 0.0 ], [ 116.818386688703939, -0.044175806689739, 0.0 ], [ 116.818330779995023, -0.044294238569398, 0.0 ], [ 116.818291222979497, -0.044368742840489, 0.0 ], [ 116.818284863704349, -0.04456430048821, 0.0 ], [ 116.818279999287995, -0.044631371726575, 0.0 ], [ 116.818331737721437, -0.044810850039074, 0.0 ], [ 116.818389156810682, -0.045053070305818, 0.0 ], [ 116.818412161634527, -0.04516349339296, 0.0 ], [ 116.818428345807305, -0.045202317009005, 0.0 ], [ 116.81853191957434, -0.045479362559619, 0.0 ], [ 116.818617273226408, -0.045762634637033, 0.0 ], [ 116.818684041266295, -0.046050920226046, 0.0 ], [ 116.818731937781848, -0.046342984843047, 0.0 ], [ 116.818760757672294, -0.04663757782101, 0.0 ], [ 116.818770377526079, -0.046933425546162, 0.0 ], [ 116.818770377515591, -0.047790037784295, 0.0 ], [ 116.818760756190613, -0.048085903639951, 0.0 ], [ 116.818737942565349, -0.048332581022423, 0.0 ], [ 116.818666558737789, -0.048927446424695, 0.0 ], [ 116.818660550939711, -0.048975361868345, 0.0 ], [ 116.818612652895155, -0.049267426229994, 0.0 ], [ 116.818545883344257, -0.049555711463577, 0.0 ], [ 116.818460528204341, -0.049838983086524, 0.0 ], [ 116.818356952980366, -0.050116028086325, 0.0 ], [ 116.818235601197586, -0.050385660111973, 0.0 ], [ 116.818096992502731, -0.050646724557324, 0.0 ], [ 116.818067335577965, -0.05069766695265, 0.0 ], [ 116.817758005531999, -0.051221148465094, 0.0 ], [ 116.817632390388823, -0.051421585008208, 0.0 ], [ 116.817461119852837, -0.051662202001864, 0.0 ], [ 116.817274584256637, -0.051891026692972, 0.0 ], [ 116.817073582376224, -0.052107079218815, 0.0 ], [ 116.816858974932757, -0.052309434409242, 0.0 ], [ 116.816631680909836, -0.052497225748213, 0.0 ], [ 116.816392673615312, -0.052669649083959, 0.0 ], [ 116.816377188041557, -0.052680019272252, 0.0 ], [ 116.815948884926314, -0.052965554557421, 0.0 ], [ 116.81571467340251, -0.053111501350276, 0.0 ], [ 116.815455355744135, -0.05325104261186, 0.0 ], [ 116.815187527963587, -0.053373210618003, 0.0 ], [ 116.815087124667542, -0.053413660829845, 0.0 ], [ 116.814658821583492, -0.053580223022945, 0.0 ], [ 116.814484033859813, -0.05364404441589, 0.0 ], [ 116.814202658011439, -0.053729973114677, 0.0 ], [ 116.813916302228208, -0.05379719095111, 0.0 ], [ 116.813626192730368, -0.05384541008881, 0.0 ], [ 116.813333571811754, -0.053874424047324, 0.0 ], [ 116.813287288105229, -0.053877236571889, 0.0 ], [ 116.813016224127438, -0.053892295611813, 0.0 ], [ 116.813011526450254, -0.053898895348105, 0.0 ], [ 116.81282499084999, -0.054127719944271, 0.0 ], [ 116.812623988970756, -0.054343772375237, 0.0 ], [ 116.812409381533655, -0.054546127471542, 0.0 ], [ 116.812182087522515, -0.054733918717347, 0.0 ], [ 116.811976330431278, -0.054882354806026, 0.0 ], [ 116.810606028315888, -0.055007308853815, 0.0 ], [ 116.805137675881298, -0.055505952317669, 0.0 ], [ 116.798810245675568, -0.064389245947579, 0.0 ], [ 116.79842428846905, -0.064616279478095, 0.0 ], [ 116.798404088898906, -0.064628090772823, 0.0 ], [ 116.798144771316188, -0.064767631632829, 0.0 ], [ 116.797876943635373, -0.064889799246062, 0.0 ], [ 116.797601752736327, -0.064994070473115, 0.0 ], [ 116.797320377030005, -0.065079998808617, 0.0 ], [ 116.797034021411235, -0.065147216295147, 0.0 ], [ 116.796747380476731, -0.065194974031946, 0.0 ], [ 116.796390461269496, -0.065242563157786, 0.0 ], [ 116.79638699289238, -0.065243024224066, 0.0 ], [ 116.796094372187099, -0.06527203786048, 0.0 ], [ 116.795800493129306, -0.065281722094729, 0.0 ], [ 116.795506614155414, -0.065272035458122, 0.0 ], [ 116.795482504515746, -0.065270378919417, 0.0 ], [ 116.79514937995954, -0.065246584213473, 0.0 ], [ 116.794880869149722, -0.065219224724766, 0.0 ], [ 116.794590760265436, -0.065171003560028, 0.0 ], [ 116.794304405236318, -0.065103783749171, 0.0 ], [ 116.794023030278638, -0.065017853139309, 0.0 ], [ 116.793747840282904, -0.064913579699129, 0.0 ], [ 116.793618357970402, -0.064857170701794, 0.0 ], [ 116.793356617304539, -0.064738197588347, 0.0 ], [ 116.793218272991069, -0.064672436832415, 0.0 ], [ 116.792958956608544, -0.064532893916794, 0.0 ], [ 116.792848038026207, -0.064463454877133, 0.0 ], [ 116.792709907988325, -0.064687080922692, 0.0 ], [ 116.792538637373539, -0.064927697344693, 0.0 ], [ 116.792352101732433, -0.065156521462264, 0.0 ], [ 116.792151099839586, -0.065372573414801, 0.0 ], [ 116.791936492417307, -0.065574928034726, 0.0 ], [ 116.791818849915941, -0.065675250345011, 0.0 ], [ 116.791414341387593, -0.066008374877351, 0.0 ], [ 116.791391329145881, -0.066027198881358, 0.0 ], [ 116.791010615237582, -0.066336528802613, 0.0 ], [ 116.790923976011499, -0.066405173252095, 0.0 ], [ 116.790684968804783, -0.066577596008172, 0.0 ], [ 116.790435271828855, -0.066733912428044, 0.0 ], [ 116.790175954325193, -0.06687345314184, 0.0 ], [ 116.789908126732186, -0.066995620615, 0.0 ], [ 116.789906952913952, -0.066996109901155, 0.0 ], [ 116.789621417510517, -0.067115082896805, 0.0 ], [ 116.789347400529394, -0.067218864698113, 0.0 ], [ 116.789315431116052, -0.067229655324417, 0.0 ], [ 116.788958511872906, -0.067348628295834, 0.0 ], [ 116.788715854802874, -0.067421732591029, 0.0 ], [ 116.787264408923065, -0.06335640351658, 0.0 ], [ 116.787263947897159, -0.063355112238193, 0.0 ], [ 116.786650212649946, -0.063189175924733, 0.0 ], [ 116.785996647635159, -0.0627201811582, 0.0 ], [ 116.785366831250897, -0.062204876842731, 0.0 ], [ 116.785049236903191, -0.062012395418985, 0.0 ], [ 116.784701510203789, -0.061907208183719, 0.0 ], [ 116.784563368657885, -0.061867397086859, 0.0 ], [ 116.7841455699362, -0.061740019427976, 0.0 ], [ 116.78408196803305, -0.061728661945462, 0.0 ], [ 116.784061613391103, -0.061722795928609, 0.0 ], [ 116.78352077314662, -0.061626217313971, 0.0 ], [ 116.7830949887597, -0.061566247682881, 0.0 ], [ 116.783021758954675, -0.06155789577524, 0.0 ], [ 116.782713722999134, -0.061514510428597, 0.0 ], [ 116.782654566542234, -0.061516017236897, 0.0 ], [ 116.782612798685179, -0.061511253584993, 0.0 ], [ 116.782074884260325, -0.061480424400663, 0.0 ], [ 116.781647894320841, -0.06134317763464, 0.0 ], [ 116.781594237477947, -0.061329181079889, 0.0 ], [ 116.781490132830697, -0.06129571887193, 0.0 ], [ 116.781272445890266, -0.061245240740923, 0.0 ], [ 116.781182296315308, -0.061221724943118, 0.0 ], [ 116.780748229747132, -0.061064658343845, 0.0 ], [ 116.780698504015191, -0.061147168580812, 0.0 ], [ 116.780691069294036, -0.061148626369161, 0.0 ], [ 116.780887734694687, -0.061300222615066, 0.0 ], [ 116.781036519045642, -0.061366348993423, 0.0 ], [ 116.781867079461804, -0.061658818882088, 0.0 ], [ 116.781891095587937, -0.061668738555943, 0.0 ], [ 116.782144212805235, -0.061831814157788, 0.0 ], [ 116.782296985199494, -0.061937174429778, 0.0 ], [ 116.782474588059983, -0.062104484445476, 0.0 ], [ 116.782672073849497, -0.062314313095548, 0.0 ], [ 116.782826075321353, -0.062488322453246, 0.0 ], [ 116.783261761054703, -0.063058065329711, 0.0 ], [ 116.783279118254072, -0.063082389115645, 0.0 ], [ 116.783294837989942, -0.063107816291086, 0.0 ], [ 116.783312055400046, -0.063140927717549, 0.0 ], [ 116.7834905149777, -0.063521641476705, 0.0 ], [ 116.783490961698561, -0.063522637278494, 0.0 ], [ 116.783755210223347, -0.064212315411457, 0.0 ], [ 116.783756157237875, -0.064234361929779, 0.0 ], [ 116.783755632073692, -0.064555711344116, 0.0 ], [ 116.783753891127475, -0.064594748213411, 0.0 ], [ 116.783753843465519, -0.064595111525806, 0.0 ], [ 116.783728509211173, -0.06470971057655, 0.0 ], [ 116.783713550084812, -0.064746068474875, 0.0 ], [ 116.783695456932449, -0.064781059315995, 0.0 ], [ 116.783684311740899, -0.064798237524156, 0.0 ], [ 116.783654283949062, -0.064842097965998, 0.0 ], [ 116.78354949273313, -0.064985700743211, 0.0 ], [ 116.783479918547727, -0.065153497317035, 0.0 ], [ 116.783314114552681, -0.06551826131233, 0.0 ], [ 116.783297519986561, -0.065540033509214, 0.0 ], [ 116.783282465934576, -0.06555719346584, 0.0 ], [ 116.782996930614303, -0.065866523398215, 0.0 ], [ 116.782956622883162, -0.065905098298272, 0.0 ], [ 116.782934379561638, -0.065922716563206, 0.0 ], [ 116.782776025843333, -0.066040204807962, 0.0 ], [ 116.782609403316371, -0.065602112680184, 0.0 ], [ 116.782328110449328, -0.065810813838938, 0.0 ], [ 116.782299093269984, -0.065832342713077, 0.0 ], [ 116.781882687594802, -0.065963213068487, 0.0 ], [ 116.78146653771563, -0.066094628819702, 0.0 ], [ 116.781158098566749, -0.066158063566593, 0.0 ], [ 116.781103833456967, -0.066169223931295, 0.0 ], [ 116.781068312014469, -0.066176099049036, 0.0 ], [ 116.781061773546881, -0.066177364558802, 0.0 ], [ 116.78060967595485, -0.065939418458391, 0.0 ], [ 116.779836351128409, -0.065582499307838, 0.0 ], [ 116.779265280486285, -0.065249374767314, 0.0 ], [ 116.778836977505762, -0.064951942141625, 0.0 ], [ 116.778372982609739, -0.064666406821163, 0.0 ], [ 116.778218317644104, -0.064345179585701, 0.0 ], [ 116.778111241898614, -0.064023952350195, 0.0 ], [ 116.777827558914922, -0.063942900069066, 0.0 ], [ 116.777778117357968, -0.063928773910052, 0.0 ], [ 116.777444992816825, -0.063667033199457, 0.0 ], [ 116.777405713658155, -0.063664965875412, 0.0 ], [ 116.777225521403324, -0.063655482072475, 0.0 ], [ 116.777218944021229, -0.06365513589455, 0.0 ], [ 116.77708807366534, -0.063964465825166, 0.0 ], [ 116.777254635935847, -0.064202411925604, 0.0 ], [ 116.777421198206511, -0.064499844550918, 0.0 ], [ 116.777505052861756, -0.064897019408911, 0.0 ], [ 116.777512221504253, -0.064936446938804, 0.0 ], [ 116.77755020636107, -0.06514536364568, 0.0 ], [ 116.777590178202303, -0.065365208782357, 0.0 ], [ 116.777361749945285, -0.066164707679542, 0.0 ], [ 116.77730679826945, -0.066222667251392, 0.0 ], [ 116.777150237084157, -0.06638779814123, 0.0 ], [ 116.777019975296611, -0.067345605539966, 0.0 ], [ 116.776947982898449, -0.067874961268791, 0.0 ], [ 116.77691229098393, -0.068196188504198, 0.0 ], [ 116.777013403468132, -0.068586627338963, 0.0 ], [ 116.776764178400327, -0.06986026347264, 0.0 ], [ 116.776626700182319, -0.070562829863435, 0.0 ], [ 116.776605081345636, -0.070673310388312, 0.0 ], [ 116.776402981332041, -0.070811099841789, 0.0 ], [ 116.776138966156424, -0.070694622558383, 0.0 ], [ 116.776055685021163, -0.070884979438745, 0.0 ], [ 116.775912917361154, -0.071230001284478, 0.0 ], [ 116.776305528426903, -0.07150363929966, 0.0 ], [ 116.776293631122087, -0.071705893484988, 0.0 ], [ 116.776021975080241, -0.0718116333243, 0.0 ], [ 116.775853698473654, -0.071877133584285, 0.0 ], [ 116.775762752149703, -0.071912533678712, 0.0 ], [ 116.775420109765335, -0.072169515467116, 0.0 ], [ 116.77478267338229, -0.07303839164723, 0.0 ], [ 116.774196137918338, -0.073238963201475, 0.0 ], [ 116.774183021882337, -0.073237564500833, 0.0 ], [ 116.773897483095823, -0.073154282355176, 0.0 ], [ 116.773849665500677, -0.073140335556533, 0.0 ], [ 116.77327573950663, -0.073140811448509, 0.0 ], [ 116.773229713570345, -0.073341608442009, 0.0 ], [ 116.773185649389205, -0.073533846888284, 0.0 ], [ 116.773175325901519, -0.073578885083928, 0.0 ], [ 116.773174503989651, -0.073581184609527, 0.0 ], [ 116.77316819270176, -0.073579842549025, 0.0 ], [ 116.773139127672636, -0.073571573407705, 0.0 ], [ 116.77280970720517, -0.073465688257645, 0.0 ], [ 116.772351047757041, -0.073327023773062, 0.0 ], [ 116.772344465345526, -0.073325033741784, 0.0 ], [ 116.772300412068489, -0.073418646958329, 0.0 ], [ 116.772289664102644, -0.073441486386681, 0.0 ], [ 116.772272737064512, -0.073473979557264, 0.0 ], [ 116.772251683520068, -0.073507249698299, 0.0 ], [ 116.772241036257455, -0.073521173982589, 0.0 ], [ 116.772209503905955, -0.073560272249032, 0.0 ], [ 116.772173860865323, -0.073602516584364, 0.0 ], [ 116.771916598933927, -0.07390742488559, 0.0 ], [ 116.771583575788242, -0.074373657293671, 0.0 ], [ 116.771309229707086, -0.074853762394499, 0.0 ], [ 116.771288001824459, -0.074887337080122, 0.0 ], [ 116.771264148119172, -0.074918633316106, 0.0 ], [ 116.771237675795163, -0.074947717463651, 0.0 ], [ 116.771208786322944, -0.074974368174511, 0.0 ], [ 116.771185374303599, -0.074992850607649, 0.0 ], [ 116.77117177642593, -0.07500219110909, 0.0 ], [ 116.771148590948741, -0.075017307567247, 0.0 ], [ 116.771131030891596, -0.075028756366297, 0.0 ], [ 116.771114557736922, -0.075039284322547, 0.0 ], [ 116.770844329936125, -0.075211986300778, 0.0 ], [ 116.770828183810423, -0.075221832223986, 0.0 ], [ 116.770808260982761, -0.075232589314581, 0.0 ], [ 116.770488204913534, -0.075392316577272, 0.0 ], [ 116.770462683035291, -0.075405053531786, 0.0 ], [ 116.77042410134969, -0.075421705684886, 0.0 ], [ 116.770393906058061, -0.075431290378914, 0.0 ], [ 116.770386730907987, -0.075433567939911, 0.0 ], [ 116.770382489875189, -0.075434514490058, 0.0 ], [ 116.770348475729747, -0.075442106059193, 0.0 ], [ 116.770346262231527, -0.075442399435415, 0.0 ], [ 116.770309626959204, -0.075447255061601, 0.0 ], [ 116.770287127015635, -0.075448244050246, 0.0 ], [ 116.77027048025866, -0.075448975761298, 0.0 ], [ 116.770258198314238, -0.075448975761378, 0.0 ], [ 116.7702400077509, -0.075448975761459, 0.0 ], [ 116.770136718377827, -0.0754489757617, 0.0 ], [ 116.76991259509677, -0.0754489757617, 0.0 ], [ 116.769842177273489, -0.075448975761298, 0.0 ], [ 116.76979703565722, -0.075446686250675, 0.0 ], [ 116.769567924930925, -0.075423386855439, 0.0 ], [ 116.76938615004282, -0.075404901273837, 0.0 ], [ 116.769319787240988, -0.075398152514088, 0.0 ], [ 116.769308493926147, -0.075397004041468, 0.0 ], [ 116.769267469398898, -0.075392832055512, 0.0 ], [ 116.769098492073368, -0.07537564791988, 0.0 ], [ 116.769095094652954, -0.075375302419556, 0.0 ], [ 116.76906224080534, -0.075370722229008, 0.0 ], [ 116.769023985626916, -0.075362184110061, 0.0 ], [ 116.768986615184744, -0.075350321854975, 0.0 ], [ 116.768956349940211, -0.075337959728047, 0.0 ], [ 116.76892705704195, -0.075323416122071, 0.0 ], [ 116.768738858731936, -0.07522125132486, 0.0 ], [ 116.768666091929745, -0.075219534085503, 0.0 ], [ 116.768585477598336, -0.075217631650691, 0.0 ], [ 116.768414925795838, -0.075211956891967, 0.0 ], [ 116.768408171154249, -0.075211732145238, 0.0 ], [ 116.76827757165276, -0.075619586935859, 0.0 ], [ 116.768238703201931, -0.075740970880969, 0.0 ], [ 116.768117491077561, -0.076196959400729, 0.0 ], [ 116.767991784393416, -0.076669855955556, 0.0 ], [ 116.767979965207701, -0.076707614811189, 0.0 ], [ 116.767975437129124, -0.0767186202251, 0.0 ], [ 116.767962087120864, -0.076746889920486, 0.0 ], [ 116.767947136675872, -0.076778548667642, 0.0 ], [ 116.767946876984837, -0.076779050890557, 0.0 ], [ 116.767921857420717, -0.07681793183722, 0.0 ], [ 116.767526541500274, -0.077368273623293, 0.0 ], [ 116.767530638218489, -0.077371543417333, 0.0 ], [ 116.767367474509783, -0.077598692889557, 0.0 ], [ 116.767212678002849, -0.078125402304579, 0.0 ], [ 116.766982938234335, -0.078734275049626, 0.0 ], [ 116.76696263574928, -0.078787909664988, 0.0 ], [ 116.766903519483535, -0.078944081585724, 0.0 ], [ 116.766919578114098, -0.078960140215497, 0.0 ], [ 116.766925093180163, -0.078965655281241, 0.0 ], [ 116.766864965118387, -0.07917859220375, 0.0 ], [ 116.766834767323459, -0.079285534370299, 0.0 ], [ 116.766815635154629, -0.079353288838167, 0.0 ], [ 116.766657203961245, -0.079752419683315, 0.0 ], [ 116.766586962185499, -0.079844920616833, 0.0 ], [ 116.766382601762629, -0.080017004812687, 0.0 ], [ 116.766094419576831, -0.080259672138756, 0.0 ], [ 116.766076395023404, -0.080274849933367, 0.0 ], [ 116.765658593459136, -0.080468647887939, 0.0 ], [ 116.767602809785373, -0.083014412738842, 0.0 ], [ 116.767597334710715, -0.083017541352977, 0.0 ], [ 116.754612349901578, -0.083925685232654, 0.0 ], [ 116.754235159386724, -0.083788524907546, 0.0 ], [ 116.753920260672814, -0.083674016169334, 0.0 ], [ 116.753727188827853, -0.083598701527807, 0.0 ], [ 116.753459363097164, -0.083476531522265, 0.0 ], [ 116.753200047626621, -0.083336988420636, 0.0 ], [ 116.752950352844223, -0.083180669768478, 0.0 ], [ 116.752912741734789, -0.083155091578569, 0.0 ], [ 116.752151314467014, -0.082631609996194, 0.0 ], [ 116.751949920723746, -0.082484763377388, 0.0 ], [ 116.751949430026954, -0.08248438425666, 0.0 ], [ 116.75157870895103, -0.082197917795308, 0.0 ], [ 116.751519066402139, -0.082151830343637, 0.0 ], [ 116.750997129144196, -0.081790488934029, 0.0 ], [ 116.750807779857041, -0.081651951812859, 0.0 ], [ 116.750785429582066, -0.081634573443999, 0.0 ], [ 116.750238153761742, -0.081206270368442, 0.0 ], [ 116.750155242211846, -0.081139788839611, 0.0 ], [ 116.750117308849582, -0.081108629272866, 0.0 ], [ 116.749730091136982, -0.081142300240813, 0.0 ], [ 116.749637273351453, -0.081149397020155, 0.0 ], [ 116.749546090383404, -0.081154476893145, 0.0 ], [ 116.749022608889447, -0.08117827132407, 0.0 ], [ 116.748526035543193, -0.081173187777686, 0.0 ], [ 116.748389993615064, -0.081162118851176, 0.0 ], [ 116.747774200410987, -0.081102525745221, 0.0 ], [ 116.747346376729254, -0.081084699608148, 0.0 ], [ 116.74682907827156, -0.081068012380694, 0.0 ], [ 116.746630401454212, -0.081079365270969, 0.0 ], [ 116.746195425565432, -0.081104220881656, 0.0 ], [ 116.745646887506666, -0.081101802921439, 0.0 ], [ 116.74535426803979, -0.081072786343415, 0.0 ], [ 116.745278613340545, -0.081062099148477, 0.0 ], [ 116.744968348295046, -0.081015559280714, 0.0 ], [ 116.744326828937403, -0.080919331147922, 0.0 ], [ 116.744200346430048, -0.08089849827183, 0.0 ], [ 116.743272356657755, -0.080731935670381, 0.0 ], [ 116.743184386022051, -0.080715234099172, 0.0 ], [ 116.742900166138085, -0.080648589007899, 0.0 ], [ 116.742376074732732, -0.080507487281858, 0.0 ], [ 116.742281506329874, -0.080482026522848, 0.0 ], [ 116.742279372279953, -0.080481451404377, 0.0 ], [ 116.742266668693887, -0.080477923340011, 0.0 ], [ 116.742215589491792, -0.080463737525969, 0.0 ], [ 116.741549340476325, -0.080273380415996, 0.0 ], [ 116.741444040534873, -0.080241889533043, 0.0 ], [ 116.740682613103374, -0.080003943173413, 0.0 ], [ 116.740570322032283, -0.079967217014661, 0.0 ], [ 116.740295133228585, -0.07986294335249, 0.0 ], [ 116.740027307807665, -0.079740773461571, 0.0 ], [ 116.739947178005735, -0.079699983854687, 0.0 ], [ 116.739814111977964, -0.079630558045126, 0.0 ], [ 116.739461502900596, -0.079691005182833, 0.0 ], [ 116.739412500120963, -0.079699125370823, 0.0 ], [ 116.738658411846544, -0.079819779219856, 0.0 ], [ 116.737843202226628, -0.080003201078272, 0.0 ], [ 116.737739727038402, -0.080025199082502, 0.0 ], [ 116.737711469046545, -0.080030762938466, 0.0 ], [ 116.736236202871567, -0.080316297778171, 0.0 ], [ 116.735974352598276, -0.080358951809271, 0.0 ], [ 116.735698527396906, -0.080386824727858, 0.0 ], [ 116.735031485292296, -0.080433362306878, 0.0 ], [ 116.734714271744153, -0.080507378679467, 0.0 ], [ 116.733930058040855, -0.080709033332675, 0.0 ], [ 116.733924660886601, -0.080710417583512, 0.0 ], [ 116.733075180807063, -0.080927726117828, 0.0 ], [ 116.732940293351248, -0.080962232159801, 0.0 ], [ 116.732495026706573, -0.081084680320996, 0.0 ], [ 116.732432931875891, -0.081117361785628, 0.0 ], [ 116.732102247126491, -0.081391031767669, 0.0 ], [ 116.731984215513549, -0.081485418016454, 0.0 ], [ 116.731745208841829, -0.081657839443768, 0.0 ], [ 116.731618837788915, -0.081739801006898, 0.0 ], [ 116.73099334607015, -0.08213073307947, 0.0 ], [ 116.730829566947804, -0.08223309495751, 0.0 ], [ 116.729928529806628, -0.082978209671965, 0.0 ], [ 116.72981180151973, -0.083071517680451, 0.0 ], [ 116.729634082988909, -0.083201972059121, 0.0 ], [ 116.728026458958283, -0.084322425622576, 0.0 ], [ 116.72796517082017, -0.084364392581972, 0.0 ], [ 116.727715474472291, -0.084520707585901, 0.0 ], [ 116.727606819002872, -0.084581857121961, 0.0 ], [ 116.726535106100101, -0.085165533151816, 0.0 ], [ 116.726384444785879, -0.085243922944318, 0.0 ], [ 116.726116618003331, -0.085366089074608, 0.0 ], [ 116.72585313553013, -0.085466339961985, 0.0 ], [ 116.725152624051475, -0.085707895364787, 0.0 ], [ 116.724216260289623, -0.086050467093981, 0.0 ], [ 116.724125863786028, -0.086082444692186, 0.0 ], [ 116.723844489185652, -0.086168371648822, 0.0 ], [ 116.723558134758491, -0.086235587840103, 0.0 ], [ 116.723268026719566, -0.086283805437183, 0.0 ], [ 116.722975407356614, -0.086312817966246, 0.0 ], [ 116.722965878242448, -0.086313436439162, 0.0 ], [ 116.72272279027203, -0.086328952599916, 0.0 ], [ 116.721890797595776, -0.086502284073988, 0.0 ], [ 116.721856819724209, -0.086509225271152, 0.0 ], [ 116.721788996545428, -0.086522261959841, 0.0 ], [ 116.720888699707842, -0.086688105759735, 0.0 ], [ 116.719869428540562, -0.086877737202172, 0.0 ], [ 116.719639347858958, -0.086914361296439, 0.0 ], [ 116.719346728577833, -0.086943373772576, 0.0 ], [ 116.719331299837194, -0.086944364890478, 0.0 ], [ 116.718569872191054, -0.086991953820813, 0.0 ], [ 116.718564211495632, -0.086992304001737, 0.0 ], [ 116.718346575380806, -0.087005628577487, 0.0 ], [ 116.717398275413146, -0.087063687385943, 0.0 ], [ 116.717280531396312, -0.087067288421374, 0.0 ], [ 116.717125519339518, -0.087072029247674, 0.0 ], [ 116.716350537439325, -0.087072028946252, 0.0 ], [ 116.716959564639225, -0.087700702078672, 0.0 ], [ 116.717620214558963, -0.088339330284196, 0.0 ], [ 116.717685397204278, -0.088403633657326, 0.0 ], [ 116.717886395561777, -0.088619686774396, 0.0 ], [ 116.717903251998905, -0.088639149449316, 0.0 ], [ 116.718640885817109, -0.08949575519621, 0.0 ], [ 116.718810561417996, -0.089705117583401, 0.0 ], [ 116.718981828370332, -0.089945734705867, 0.0 ], [ 116.719065435647451, -0.090076519641621, 0.0 ], [ 116.719559795920588, -0.090879854378109, 0.0 ], [ 116.719879735001228, -0.091331533558397, 0.0 ], [ 116.719957407584289, -0.091444795309084, 0.0 ], [ 116.720013076689398, -0.091530768259266, 0.0 ], [ 116.720298612332172, -0.091982865665269, 0.0 ], [ 116.720398211693634, -0.092148271579971, 0.0 ], [ 116.720536816791963, -0.092409335703309, 0.0 ], [ 116.72065816499331, -0.092678967163362, 0.0 ], [ 116.720761736664343, -0.092956011356528, 0.0 ], [ 116.720847088293866, -0.093239281935952, 0.0 ], [ 116.72091385439208, -0.093527565892559, 0.0 ], [ 116.720961749055263, -0.093819628748502, 0.0 ], [ 116.720990567189858, -0.094114219845139, 0.0 ], [ 116.721000185391944, -0.094410077696231, 0.0 ], [ 116.720990562473801, -0.094705935392, 0.0 ], [ 116.720977586832433, -0.094863157014286, 0.0 ], [ 116.720929997787579, -0.095339049583827, 0.0 ], [ 116.720914150591042, -0.095476418590874, 0.0 ], [ 116.720866251256879, -0.095768480669418, 0.0 ], [ 116.720817715522429, -0.09597803394128, 0.0 ], [ 116.720799480544713, -0.096056763542277, 0.0 ], [ 116.720714124377537, -0.096340032736374, 0.0 ], [ 116.720610548264034, -0.096617075248455, 0.0 ], [ 116.720489195733109, -0.09688670473839, 0.0 ], [ 116.720350586436112, -0.097147766610446, 0.0 ], [ 116.720195313920158, -0.09739914295623, 0.0 ], [ 116.720024043086966, -0.097639757342993, 0.0 ], [ 116.719983370156726, -0.097692313635117, 0.0 ], [ 116.719721629344434, -0.098025437648306, 0.0 ], [ 116.719702227792453, -0.098048883169717, 0.0 ], [ 116.719575766529118, -0.098201703426268, 0.0 ], [ 116.719374764650752, -0.098417753333964, 0.0 ], [ 116.719316184758384, -0.098475659152162, 0.0 ], [ 116.719092133165077, -0.09869312120555, 0.0 ], [ 116.718954719743778, -0.09885998058274, 0.0 ], [ 116.718750870390778, -0.099120454237335, 0.0 ], [ 116.718691815334921, -0.099221691343254, 0.0 ], [ 116.718455748885987, -0.099744410780901, 0.0 ], [ 116.718432206047936, -0.099795689189217, 0.0 ], [ 116.718122319701592, -0.100459730569608, 0.0 ], [ 116.717903604191676, -0.100959651164967, 0.0 ], [ 116.717785117859052, -0.10132827576197, 0.0 ], [ 116.717545650416824, -0.102177296989121, 0.0 ], [ 116.717478056144955, -0.102395762756881, 0.0 ], [ 116.71737447987168, -0.102672805126358, 0.0 ], [ 116.717343980482866, -0.10274514757759, 0.0 ], [ 116.716928299596574, -0.103707776678089, 0.0 ], [ 116.716604362767015, -0.104550011931595, 0.0 ], [ 116.716565462379236, -0.104647758674215, 0.0 ], [ 116.716524022018945, -0.104739833528167, 0.0 ], [ 116.716444109643447, -0.104917387969422, 0.0 ], [ 116.716305500150028, -0.105178449635444, 0.0 ], [ 116.716238149849261, -0.105292019742372, 0.0 ], [ 116.715787594200663, -0.106027137623666, 0.0 ], [ 116.715265650487112, -0.106881226132113, 0.0 ], [ 116.715174648053448, -0.107024064767079, 0.0 ], [ 116.71500337700833, -0.107264678877895, 0.0 ], [ 116.714816841068583, -0.107493500671223, 0.0 ], [ 116.714768413407853, -0.107548192947188, 0.0 ], [ 116.714125959159972, -0.108262031784211, 0.0 ], [ 116.713973384754809, -0.108423389111439, 0.0 ], [ 116.713879987191362, -0.108514728108375, 0.0 ], [ 116.713407989878263, -0.108963124574699, 0.0 ], [ 116.712888395420237, -0.109459101269522, 0.0 ], [ 116.712759402431018, -0.109577526109619, 0.0 ], [ 116.712744389145215, -0.109590721677669, 0.0 ], [ 116.712546815667991, -0.109763598321499, 0.0 ], [ 116.712111062021648, -0.110236965564693, 0.0 ], [ 116.711992608871881, -0.110360835863049, 0.0 ], [ 116.711778001386236, -0.110563188045656, 0.0 ], [ 116.711550707496343, -0.110750976397461, 0.0 ], [ 116.71131170051008, -0.110923396779783, 0.0 ], [ 116.711101226072728, -0.111056646979765, 0.0 ], [ 116.710315273700388, -0.111524191554768, 0.0 ], [ 116.710172855293777, -0.111621481798383, 0.0 ], [ 116.710048165232521, -0.111724167502122, 0.0 ], [ 116.709938495015933, -0.111811650272079, 0.0 ], [ 116.709699488030282, -0.111984070593926, 0.0 ], [ 116.709546647093475, -0.11208244759153, 0.0 ], [ 116.709331926238889, -0.112214583684422, 0.0 ], [ 116.709296678758818, -0.112236274470704, 0.0 ], [ 116.70902079780457, -0.112490084751826, 0.0 ], [ 116.708952263210591, -0.112551852456828, 0.0 ], [ 116.708737403748913, -0.112729367475055, 0.0 ], [ 116.708724969311447, -0.112739640698912, 0.0 ], [ 116.708485962322982, -0.112912060972372, 0.0 ], [ 116.708470501289028, -0.112922414625808, 0.0 ], [ 116.708182311193411, -0.113114540750141, 0.0 ], [ 116.708173662716959, -0.113196701238388, 0.0 ], [ 116.708160235629705, -0.113310487020054, 0.0 ], [ 116.708115737234408, -0.113585155949266, 0.0 ], [ 116.708016150133176, -0.11409968967632, 0.0 ], [ 116.708012031152634, -0.11412097108753, 0.0 ], [ 116.70793756716769, -0.114856305960303, 0.0 ], [ 116.707936974067565, -0.114862125546, 0.0 ], [ 116.707865558991088, -0.115558425999354, 0.0 ], [ 116.707865558787049, -0.117392628620835, 0.0 ], [ 116.707880399941857, -0.118060458752358, 0.0 ], [ 116.707887321232491, -0.118099218114822, 0.0 ], [ 116.707957099862398, -0.118221330464573, 0.0 ], [ 116.708052499833329, -0.118397179039573, 0.0 ], [ 116.7084808028998, -0.119229990579235, 0.0 ], [ 116.708520543524216, -0.119309155435845, 0.0 ], [ 116.70864189097226, -0.119578786940971, 0.0 ], [ 116.708713503764642, -0.119764285790223, 0.0 ], [ 116.708992478564269, -0.12053683072952, 0.0 ], [ 116.709061604037117, -0.120706985586077, 0.0 ], [ 116.709239827130475, -0.120953102764407, 0.0 ], [ 116.70934501945608, -0.121104789529533, 0.0 ], [ 116.709500287198466, -0.121356168605879, 0.0 ], [ 116.709542590037543, -0.121431593322509, 0.0 ], [ 116.709825429986751, -0.121947360601566, 0.0 ], [ 116.710099320512697, -0.122336573031057, 0.0 ], [ 116.710612762055248, -0.123028602395795, 0.0 ], [ 116.710748902314819, -0.123222510143912, 0.0 ], [ 116.710858930692027, -0.12339677564626, 0.0 ], [ 116.711430001543349, -0.124348560661782, 0.0 ], [ 116.711439923589296, -0.124365177770908, 0.0 ], [ 116.711803462059578, -0.124976985253694, 0.0 ], [ 116.712075644681775, -0.125339895606858, 0.0 ], [ 116.712445979846123, -0.125825959600527, 0.0 ], [ 116.712451674300581, -0.125833449715607, 0.0 ], [ 116.712975156487076, -0.126523493526158, 0.0 ], [ 116.713140262893972, -0.126756010254327, 0.0 ], [ 116.713150331011988, -0.126771246762484, 0.0 ], [ 116.713668583937419, -0.127558991374654, 0.0 ], [ 116.714227435716538, -0.128304126858369, 0.0 ], [ 116.714289537512556, -0.128388966515253, 0.0 ], [ 116.715176408923583, -0.129630584735209, 0.0 ], [ 116.715559207520144, -0.130114119437548, 0.0 ], [ 116.715610200199677, -0.130179762744667, 0.0 ], [ 116.715781466476543, -0.130420380413096, 0.0 ], [ 116.715794390792212, -0.130439963786184, 0.0 ], [ 116.715933120634844, -0.130651361903039, 0.0 ], [ 116.716409207793362, -0.130438348782232, 0.0 ], [ 116.716514598277627, -0.130392806987465, 0.0 ], [ 116.716789788797655, -0.130288538402484, 0.0 ], [ 116.717051847160064, -0.130207869628824, 0.0 ], [ 116.717625783600042, -0.130050293554434, 0.0 ], [ 116.717810852070656, -0.129982461353748, 0.0 ], [ 116.717923070451221, -0.129945760146278, 0.0 ], [ 116.718684497602723, -0.129707814577516, 0.0 ], [ 116.718853654422361, -0.129658589974028, 0.0 ], [ 116.719140009396753, -0.129591374919121, 0.0 ], [ 116.719258075786641, -0.129569379920303, 0.0 ], [ 116.719948119733445, -0.129450406013849, 0.0 ], [ 116.720120161881255, -0.129424184538976, 0.0 ], [ 116.720412781692346, -0.129395173122374, 0.0 ], [ 116.720706609116121, -0.129385491000644, 0.0 ], [ 116.722062914161384, -0.129385491031345, 0.0 ], [ 116.722062952122386, -0.129385490614561, 0.0 ], [ 116.722356829989451, -0.129395179235393, 0.0 ], [ 116.722388621441041, -0.129397391355708, 0.0 ], [ 116.723364200382264, -0.129468774596055, 0.0 ], [ 116.723625028187911, -0.129495580362667, 0.0 ], [ 116.723915135775343, -0.129543803265316, 0.0 ], [ 116.724201489404678, -0.129611024688388, 0.0 ], [ 116.724482862866168, -0.129696956780509, 0.0 ], [ 116.724758051274819, -0.129801231568879, 0.0 ], [ 116.724772229306751, -0.129807172645181, 0.0 ], [ 116.724887599683129, -0.129855749781486, 0.0 ], [ 116.725127423270976, -0.129913307133668, 0.0 ], [ 116.725248452165999, -0.129944148932483, 0.0 ], [ 116.725529825657063, -0.130030081028401, 0.0 ], [ 116.725744584890251, -0.130109671511049, 0.0 ], [ 116.726458423340844, -0.130395206527499, 0.0 ], [ 116.72651885254993, -0.130419890839741, 0.0 ], [ 116.726742135199913, -0.130520253804544, 0.0 ], [ 116.727432179207682, -0.130853378715285, 0.0 ], [ 116.727476721566092, -0.130875186730086, 0.0 ], [ 116.727736036268212, -0.131014730742185, 0.0 ], [ 116.727890162542565, -0.131108512696288, 0.0 ], [ 116.728675384447754, -0.131608198742695, 0.0 ], [ 116.728770952134241, -0.131670736284888, 0.0 ], [ 116.728958959675168, -0.131804343591283, 0.0 ], [ 116.72948822400275, -0.132201291454034, 0.0 ], [ 116.729945392143776, -0.132527840108183, 0.0 ], [ 116.730080713918554, -0.132628383849403, 0.0 ], [ 116.730308004506, -0.132816177215895, 0.0 ], [ 116.730522608366286, -0.13301853416862, 0.0 ], [ 116.730723606531569, -0.133234588184815, 0.0 ], [ 116.730897914554703, -0.133447449889097, 0.0 ], [ 116.731135861193962, -0.133756780336617, 0.0 ], [ 116.731148084934318, -0.133772744535629, 0.0 ], [ 116.731319351538716, -0.134013362465097, 0.0 ], [ 116.731474619590003, -0.134264742050842, 0.0 ], [ 116.731478083787351, -0.134270793575825, 0.0 ], [ 116.731763619076077, -0.134770479753919, 0.0 ], [ 116.731898759492807, -0.135025493034695, 0.0 ], [ 116.731954643462089, -0.135143874452205, 0.0 ], [ 116.732192589554131, -0.135667356115955, 0.0 ], [ 116.732258053231277, -0.135818606798632, 0.0 ], [ 116.732361624279875, -0.136095651585648, 0.0 ], [ 116.732446975223127, -0.136378922705913, 0.0 ], [ 116.732513740574731, -0.136667207147908, 0.0 ], [ 116.732529172680799, -0.136749269084557, 0.0 ], [ 116.732648146166127, -0.137415518115133, 0.0 ], [ 116.732680607908407, -0.137625519466718, 0.0 ], [ 116.73270192318634, -0.137821421176417, 0.0 ], [ 116.732737058352129, -0.138225476763788, 0.0 ], [ 116.732749512302675, -0.138368697645491, 0.0 ], [ 116.732757014282271, -0.138467387406672, 0.0 ], [ 116.732766631547079, -0.138763245571958, 0.0 ], [ 116.73276268371859, -0.138952777303988, 0.0 ], [ 116.732742837388699, -0.139429098354125, 0.0 ], [ 116.732742837349534, -0.139819871863692, 0.0 ], [ 116.732779635377, -0.140353443054307, 0.0 ], [ 116.732780809310469, -0.140370956805319, 0.0 ], [ 116.732790426531039, -0.140666757639574, 0.0 ], [ 116.732790427212052, -0.141237828649239, 0.0 ], [ 116.732790427212052, -0.141237885981764, 0.0 ], [ 116.732780803247806, -0.141533743926042, 0.0 ], [ 116.732751979323851, -0.141828334736992, 0.0 ], [ 116.73270407886757, -0.142120396929978, 0.0 ], [ 116.732637306995827, -0.142408679848682, 0.0 ], [ 116.732605525202104, -0.142522149124836, 0.0 ], [ 116.732543475762554, -0.14273311744062, 0.0 ], [ 116.732487872068475, -0.143011134611324, 0.0 ], [ 116.732423155095532, -0.143289080720867, 0.0 ], [ 116.732337797711608, -0.14357234987979, 0.0 ], [ 116.732253801756713, -0.14379701714146, 0.0 ], [ 116.732234220353121, -0.143849392286256, 0.0 ], [ 116.732175852926517, -0.143984944041705, 0.0 ], [ 116.731966013527213, -0.144451253624182, 0.0 ], [ 116.731779925264803, -0.144869953231371, 0.0 ], [ 116.73170835843348, -0.145023217013798, 0.0 ], [ 116.731600067171613, -0.145230568002108, 0.0 ], [ 116.731362120965997, -0.145658871075914, 0.0 ], [ 116.73133180161912, -0.145712581691177, 0.0 ], [ 116.731176527770899, -0.145963957689401, 0.0 ], [ 116.731005255599925, -0.146204571660084, 0.0 ], [ 116.730972881257628, -0.146244284670332, 0.0 ], [ 116.730967727472873, -0.146246089297548, 0.0 ], [ 116.730518997109755, -0.146742522895514, 0.0 ], [ 116.729186437489858, -0.146731823274428, 0.0 ], [ 116.728558719484923, -0.146521165967685, 0.0 ], [ 116.727812110850181, -0.146659994108448, 0.0 ], [ 116.726485240045122, -0.145136005877834, 0.0 ], [ 116.726484286799888, -0.145134911020166, 0.0 ], [ 116.726192852720857, -0.145391002128687, 0.0 ], [ 116.726112648870725, -0.145446210704377, 0.0 ], [ 116.725396267880413, -0.145831954316682, 0.0 ], [ 116.724427774618619, -0.146531421677373, 0.0 ], [ 116.723792924051338, -0.147210980077971, 0.0 ], [ 116.723474603504712, -0.146893609741614, 0.0 ], [ 116.723473677251363, -0.146892686253164, 0.0 ], [ 116.723170828664465, -0.147216862188337, 0.0 ], [ 116.723116840305067, -0.147276567509276, 0.0 ], [ 116.722494373306134, -0.14777054361361, 0.0 ], [ 116.722137507867117, -0.14803846725687, 0.0 ], [ 116.721658454776943, -0.148398125607725, 0.0 ], [ 116.721425575380565, -0.148572964291804, 0.0 ], [ 116.721147821926422, -0.148781493023289, 0.0 ], [ 116.720638393721345, -0.149163955976973, 0.0 ], [ 116.71975073176003, -0.149669774628206, 0.0 ], [ 116.719358914203909, -0.149891129996537, 0.0 ], [ 116.718763736794045, -0.150230281344646, 0.0 ], [ 116.718616612632829, -0.1503160324262, 0.0 ], [ 116.718082852601214, -0.150620186110981, 0.0 ], [ 116.718029724179686, -0.150652581494632, 0.0 ], [ 116.717770854657559, -0.150810428779881, 0.0 ], [ 116.716912157786496, -0.151334024411812, 0.0 ], [ 116.716541881159117, -0.151760931644322, 0.0 ], [ 116.716391326184194, -0.151934512683914, 0.0 ], [ 116.716315337913372, -0.152022122691506, 0.0 ], [ 116.716108132713629, -0.152261018090175, 0.0 ], [ 116.715698632673238, -0.152733147481691, 0.0 ], [ 116.715578381877833, -0.152982238421679, 0.0 ], [ 116.715541516069877, -0.153058603307616, 0.0 ], [ 116.715498757948751, -0.153147173696278, 0.0 ], [ 116.715284812666781, -0.153840875182343, 0.0 ], [ 116.715179389961179, -0.154182700303071, 0.0 ], [ 116.715027624669517, -0.154674787660315, 0.0 ], [ 116.715165639846902, -0.15530680194912, 0.0 ], [ 116.715251880271197, -0.155701723655897, 0.0 ], [ 116.715411114617822, -0.156430907131957, 0.0 ], [ 116.715415981147871, -0.15645319248484, 0.0 ], [ 116.715441650884486, -0.156570742187829, 0.0 ], [ 116.715827123567067, -0.157812820831503, 0.0 ], [ 116.716129930187904, -0.158146213976085, 0.0 ], [ 116.716679486731437, -0.158751281283829, 0.0 ], [ 116.71675309884759, -0.158832328966302, 0.0 ], [ 116.717240523404868, -0.159368988327351, 0.0 ], [ 116.717319684390077, -0.159425298719018, 0.0 ], [ 116.717792179494367, -0.159761403484283, 0.0 ], [ 116.718625369710495, -0.160354085182653, 0.0 ], [ 116.720381411933232, -0.161539056762292, 0.0 ], [ 116.722151730921766, -0.162367109191248, 0.0 ], [ 116.724278969060592, -0.163195161620376, 0.0 ], [ 116.72596612517826, -0.163563621007841, 0.0 ], [ 116.725980405646752, -0.163566739730562, 0.0 ], [ 116.726167000272866, -0.163607490275389, 0.0 ], [ 116.726675091822457, -0.16390483789846, 0.0 ], [ 116.729543141922832, -0.164486470463996, 0.0 ], [ 116.730077721060738, -0.164594881589431, 0.0 ], [ 116.730374854661136, -0.164574622491893, 0.0 ], [ 116.731177237057082, -0.164519914608076, 0.0 ], [ 116.731284198043198, -0.164512621811606, 0.0 ], [ 116.73187328370723, -0.164472456887272, 0.0 ], [ 116.731878219293179, -0.1644721203699, 0.0 ], [ 116.731877040338276, -0.16445787490681, 0.0 ], [ 116.73194880974593, -0.164179290130907, 0.0 ], [ 116.732037567545916, -0.16383476206727, 0.0 ], [ 116.73203932992574, -0.163827919683498, 0.0 ], [ 116.732020793651273, -0.163582566246388, 0.0 ], [ 116.732025931787092, -0.163557614920764, 0.0 ], [ 116.733313677304196, -0.16348143927369, 0.0 ], [ 116.73552008660532, -0.163717840289677, 0.0 ], [ 116.735609511351598, -0.160376322755971, 0.0 ], [ 116.735668861508415, -0.160379842925217, 0.0 ], [ 116.735961481406946, -0.160408861429677, 0.0 ], [ 116.736053705690892, -0.160422066458235, 0.0 ], [ 116.736798468480231, -0.160536645710497, 0.0 ], [ 116.737636726613118, -0.160595128236326, 0.0 ], [ 116.737897316154559, -0.160621008449126, 0.0 ], [ 116.738434235931749, -0.16069028822034, 0.0 ], [ 116.739409011928274, -0.160727072226098, 0.0 ], [ 116.74013384418916, -0.160727071796357, 0.0 ], [ 116.740133904084814, -0.160727071796799, 0.0 ], [ 116.740312236519713, -0.160730638162107, 0.0 ], [ 116.74172626728523, -0.160787199035564, 0.0 ], [ 116.742062731115453, -0.160779675486689, 0.0 ], [ 116.742162565205575, -0.160778560081348, 0.0 ], [ 116.742267035470135, -0.160779784221412, 0.0 ], [ 116.743038664082206, -0.160797860103415, 0.0 ], [ 116.744408012473826, -0.160759583810522, 0.0 ], [ 116.7448266581914, -0.160767530273578, 0.0 ], [ 116.744886889709534, -0.160771914817533, 0.0 ], [ 116.746117089770905, -0.160869837151059, 0.0 ], [ 116.747748119490069, -0.160869836298377, 0.0 ], [ 116.7477481485151, -0.160869837255275, 0.0 ], [ 116.74774817754637, -0.1608698362989, 0.0 ], [ 116.747916427925745, -0.160873010733813, 0.0 ], [ 116.749177542020703, -0.160920599405236, 0.0 ], [ 116.749303170527455, -0.160927114020233, 0.0 ], [ 116.749368029386019, -0.160931869302046, 0.0 ], [ 116.750843294856793, -0.161050842244731, 0.0 ], [ 116.751071056266127, -0.161075105302694, 0.0 ], [ 116.751128672379181, -0.161083124678734, 0.0 ], [ 116.752270814062854, -0.161249686391061, 0.0 ], [ 116.752411408712732, -0.16127248524603, 0.0 ], [ 116.752598933677731, -0.161305971799362, 0.0 ], [ 116.753028092467304, -0.16135625895063, 0.0 ], [ 116.753691534584789, -0.161433998492321, 0.0 ], [ 116.757042065635304, -0.161826600280351, 0.0 ], [ 116.762365052905324, -0.163525814779062, 0.0 ], [ 116.766130077812804, -0.166139938490873, 0.0 ], [ 116.770739494700479, -0.169751355815119, 0.0 ], [ 116.772509813689126, -0.171121925353156, 0.0 ], [ 116.775593595152614, -0.175062312774494, 0.0 ], [ 116.776450201114685, -0.177860558914473, 0.0 ], [ 116.777363914141333, -0.182200695784205, 0.0 ], [ 116.777135485884344, -0.185627119629061, 0.0 ], [ 116.777306807077039, -0.187625866871742, 0.0 ], [ 116.777963578143755, -0.190077812048832, 0.0 ], [ 116.773892163141468, -0.190948773823396, 0.0 ], [ 116.773013559570316, -0.191136725597331, 0.0 ], [ 116.772613900000223, -0.191222221786119, 0.0 ], [ 116.771054007341846, -0.191847067252046, 0.0 ], [ 116.770813995100681, -0.191943208815551, 0.0 ] ] ] ] } },
{ "type": "Feature", "properties": { "Toponim": "Kedang Murung", "subws_id": 11, "Kelas": 1, "Kls_Pr": "Dipertahankan" }, "geometry": { "type": "MultiPolygon", "coordinates": [ [ [ [ 116.61465760130983, -0.236781585573152, 0.0 ], [ 116.617035316048842, -0.236781651899484, 0.0 ], [ 116.619115825150473, -0.236482494655569, 0.0 ], [ 116.620453318659244, -0.235435279071303, 0.0 ], [ 116.622385237059504, -0.234537686706101, 0.0 ], [ 116.622682181619581, -0.244411791937539, 0.0 ], [ 116.617778173478072, -0.243214792771839, 0.0 ], [ 116.614211608130873, -0.24291547585144, 0.0 ], [ 116.611536635949818, -0.244411472069358, 0.0 ], [ 116.609901905168783, -0.246206712050139, 0.0 ], [ 116.609430389811081, -0.246538973247849, 0.0 ], [ 116.606929700730461, -0.248301125711417, 0.0 ], [ 116.606703762480805, -0.248441090927458, 0.0 ], [ 116.603065844290683, -0.25069472440949, 0.0 ], [ 116.598458929308933, -0.253836332047518, 0.0 ], [ 116.593852022962295, -0.25667872043244, 0.0 ], [ 116.591622861193144, -0.258473932597381, 0.0 ], [ 116.591325517129889, -0.262513310961944, 0.0 ], [ 116.587139872925249, -0.262513172547281, 0.0 ], [ 116.583720770849339, -0.262513058434553, 0.0 ], [ 116.583597956008447, -0.262513054317985, 0.0 ], [ 116.583578731243463, -0.262445306353867, 0.0 ], [ 116.583300776864675, -0.261465796679378, 0.0 ], [ 116.583300821140085, -0.260119335384486, 0.0 ], [ 116.582112025371828, -0.258324014351838, 0.0 ], [ 116.580918790604713, -0.257122671163585, 0.0 ], [ 116.580626006468364, -0.256827897467562, 0.0 ], [ 116.57809975080616, -0.255032533230676, 0.0 ], [ 116.57714863009889, -0.25452181494653, 0.0 ], [ 116.575870690013488, -0.253835606132156, 0.0 ], [ 116.574425426521884, -0.252484455726682, 0.0 ], [ 116.573790260996773, -0.251890651103548, 0.0 ], [ 116.573072734827775, -0.25044582341755, 0.0 ], [ 116.573047276769671, -0.2503945604751, 0.0 ], [ 116.572898732933666, -0.248449669648134, 0.0 ], [ 116.573196017627183, -0.246205580044518, 0.0 ], [ 116.574087708633954, -0.244559935751838, 0.0 ], [ 116.575573871664631, -0.24141824316225, 0.0 ], [ 116.577803056324285, -0.238575785542552, 0.0 ], [ 116.579252851329016, -0.237637564336703, 0.0 ], [ 116.57988358820343, -0.237229388898798, 0.0 ], [ 116.582558555108733, -0.235583795574372, 0.0 ], [ 116.584787697823188, -0.234087794174099, 0.0 ], [ 116.589097320145157, -0.233040673477658, 0.0 ], [ 116.592069466539982, -0.232591939493526, 0.0 ], [ 116.595338818818519, -0.232442427198515, 0.0 ], [ 116.599202578528036, -0.233040966580201, 0.0 ], [ 116.602471904320169, -0.233938702894022, 0.0 ], [ 116.606930070854105, -0.235434901881404, 0.0 ], [ 116.610793820455783, -0.236631869592947, 0.0 ], [ 116.61465760130983, -0.236781585573152, 0.0 ] ] ], [ [ [ 116.689841701885115, -0.180873017638223, 0.0 ], [ 116.688558085252424, -0.181734492934525, 0.0 ], [ 116.688542517043601, -0.174931207134592, 0.0 ], [ 116.688952373945526, -0.175093314843706, 0.0 ], [ 116.690721388639659, -0.175840189931127, 0.0 ], [ 116.69243334879728, -0.17595511851502, 0.0 ], [ 116.693802916582186, -0.176070040415473, 0.0 ], [ 116.694487691666467, -0.176644548771416, 0.0 ], [ 116.694715944376313, -0.177219049606543, 0.0 ], [ 116.694749496628873, -0.177624469982538, 0.0 ], [ 116.69288522561456, -0.178766579999203, 0.0 ], [ 116.689841701885115, -0.180873017638223, 0.0 ] ] ], [ [ [ 116.700594031257722, -0.154066892150852, 0.0 ], [ 116.700370982446273, -0.15459082481775, 0.0 ], [ 116.699848105271528, -0.154271288484125, 0.0 ], [ 116.699501631859093, -0.156668466856089, 0.0 ], [ 116.699224417471669, -0.15722660930477, 0.0 ], [ 116.698254299542512, -0.157686193201548, 0.0 ], [ 116.696827658661945, -0.158145770262683, 0.0 ], [ 116.695458076413999, -0.159064945816719, 0.0 ], [ 116.694944478048086, -0.159696885784349, 0.0 ], [ 116.693803155906409, -0.160730963517456, 0.0 ], [ 116.692661830180356, -0.161937390683997, 0.0 ], [ 116.691006917123332, -0.163143808686973, 0.0 ], [ 116.689637339909623, -0.163718285163458, 0.0 ], [ 116.688324819971513, -0.164809808524588, 0.0 ], [ 116.68775413980255, -0.166475840913986, 0.0 ], [ 116.687468794579459, -0.16768227928064, 0.0 ], [ 116.686898126704534, -0.168601465084135, 0.0 ], [ 116.685985065531383, -0.169520645182716, 0.0 ], [ 116.685585590320656, -0.170669632691308, 0.0 ], [ 116.685585575355645, -0.171588827555422, 0.0 ], [ 116.685587171938394, -0.171617768258102, 0.0 ], [ 116.673381643098878, -0.171495107331613, 0.0 ], [ 116.673070979314232, -0.172677356251432, 0.0 ], [ 116.672525037136822, -0.174754968906088, 0.0 ], [ 116.672715394017359, -0.179537685522533, 0.0 ], [ 116.672001555715866, -0.1867807648163, 0.0 ], [ 116.671002182093076, -0.188041879148063, 0.0 ], [ 116.668717899527635, -0.189755091070314, 0.0 ], [ 116.66867486674613, -0.189935064363405, 0.0 ], [ 116.66771836773971, -0.193935365248596, 0.0 ], [ 116.666668958738384, -0.194038247824589, 0.0 ], [ 116.666527235572161, -0.194049866438458, 0.0 ], [ 116.666389954320763, -0.194056801075925, 0.0 ], [ 116.665033661099585, -0.194104389281032, 0.0 ], [ 116.664956842408628, -0.194106422678044, 0.0 ], [ 116.664082790566709, -0.194122030702717, 0.0 ], [ 116.663624343783354, -0.194130217210593, 0.0 ], [ 116.663544566203711, -0.194130928651238, 0.0 ], [ 116.663250689119863, -0.194121237434995, 0.0 ], [ 116.662958070855652, -0.194092217060209, 0.0 ], [ 116.662903391662198, -0.194084624565223, 0.0 ], [ 116.662215018571288, -0.193984699051798, 0.0 ], [ 116.661428126385289, -0.193870472296927, 0.0 ], [ 116.661192699212279, -0.19382983952049, 0.0 ], [ 116.660906346993031, -0.193762615872918, 0.0 ], [ 116.660786172450813, -0.19372838675939, 0.0 ], [ 116.659637785790977, -0.19338387024141, 0.0 ], [ 116.658656189643423, -0.193109935861783, 0.0 ], [ 116.658412075780959, -0.193034225927425, 0.0 ], [ 116.65836997922267, -0.193018274243843, 0.0 ], [ 116.658425783355099, -0.201358225730537, 0.0 ], [ 116.654796611983784, -0.202218146277116, 0.0 ], [ 116.653332097970079, -0.203528960413827, 0.0 ], [ 116.652843625351466, -0.206481518031053, 0.0 ], [ 116.652537300741344, -0.209194107469978, 0.0 ], [ 116.652030488257211, -0.213686626971288, 0.0 ], [ 116.648938985994036, -0.214669780305713, 0.0 ], [ 116.646009728395157, -0.214178552673092, 0.0 ], [ 116.644138372932801, -0.216226544873708, 0.0 ], [ 116.639558514932872, -0.216498141596829, 0.0 ], [ 116.636342404142354, -0.20907827726078, 0.0 ], [ 116.634425493974049, -0.204655792858747, 0.0 ], [ 116.634440829955111, -0.20482829129069, 0.0 ], [ 116.63451221350789, -0.205851460592095, 0.0 ], [ 116.634513642092273, -0.205872648571426, 0.0 ], [ 116.634523255874441, -0.206168504008276, 0.0 ], [ 116.634521833490936, -0.20628221177618, 0.0 ], [ 116.634498039417863, -0.20723399614667, 0.0 ], [ 116.634496507924467, -0.20728418190614, 0.0 ], [ 116.634448919448076, -0.208604783612651, 0.0 ], [ 116.634442246011361, -0.208736745074447, 0.0 ], [ 116.634413418827563, -0.209031332712545, 0.0 ], [ 116.634406112233819, -0.209084735054541, 0.0 ], [ 116.634332900133487, -0.209597218254155, 0.0 ], [ 116.634332900303889, -0.21003502200668, 0.0 ], [ 116.634332898555854, -0.210035075745027, 0.0 ], [ 116.634332900302695, -0.210035129503009, 0.0 ], [ 116.634323272897262, -0.210330984483245, 0.0 ], [ 116.634305050115259, -0.210537889785835, 0.0 ], [ 116.634233666054712, -0.211180345387037, 0.0 ], [ 116.634223061589026, -0.211268027711563, 0.0 ], [ 116.63417515793212, -0.211560086510553, 0.0 ], [ 116.634153123894905, -0.21166506879488, 0.0 ], [ 116.633962767077847, -0.21252167516841, 0.0 ], [ 116.633918026174129, -0.212704972207022, 0.0 ], [ 116.633896074034283, -0.212784530979952, 0.0 ], [ 116.633895104779327, -0.212787923375393, 0.0 ], [ 116.633728902258639, -0.213369632520072, 0.0 ], [ 116.633604792674092, -0.214114291574612, 0.0 ], [ 116.633574843172099, -0.214297966579789, 0.0 ], [ 116.63351235532194, -0.214541016480566, 0.0 ], [ 116.633428157835326, -0.214820422926667, 0.0 ], [ 116.633395795896462, -0.21491307568859, 0.0 ], [ 116.633089566813439, -0.215760309639171, 0.0 ], [ 116.632821634984111, -0.216687765785741, 0.0 ], [ 116.632766944303313, -0.216863637310112, 0.0 ], [ 116.632481408626717, -0.217720243794576, 0.0 ], [ 116.632476372726046, -0.217735264169054, 0.0 ], [ 116.63237279246664, -0.218012302536268, 0.0 ], [ 116.632273334366857, -0.218236590786614, 0.0 ], [ 116.631797442118781, -0.219235965128436, 0.0 ], [ 116.631775543704066, -0.219281301990937, 0.0 ], [ 116.631670156725022, -0.219483410242148, 0.0 ], [ 116.630822300761309, -0.221014261410662, 0.0 ], [ 116.630236059993564, -0.222092944273345, 0.0 ], [ 116.630185458803453, -0.222183561869639, 0.0 ], [ 116.630102097399543, -0.222323053470538, 0.0 ], [ 116.629601766566466, -0.223127156706336, 0.0 ], [ 116.629253523664559, -0.223910702535931, 0.0 ], [ 116.629181929772912, -0.22406402097922, 0.0 ], [ 116.629043316455707, -0.224325078059357, 0.0 ], [ 116.628888040128672, -0.224576449413833, 0.0 ], [ 116.628805621186231, -0.224696389945664, 0.0 ], [ 116.628480921681586, -0.225152998562527, 0.0 ], [ 116.627962464753068, -0.225952286648007, 0.0 ], [ 116.627936255839529, -0.225992228806747, 0.0 ], [ 116.627817995749609, -0.226161854878822, 0.0 ], [ 116.627108021927185, -0.227132152050304, 0.0 ], [ 116.626552167029729, -0.227896452731169, 0.0 ], [ 116.626087506547449, -0.228546976008081, 0.0 ], [ 116.626037812495269, -0.228615192635757, 0.0 ], [ 116.625697944699425, -0.229072707056359, 0.0 ], [ 116.622822099759631, -0.227400099822165, 0.0 ], [ 116.622044262568565, -0.226947705394867, 0.0 ], [ 116.621682584495531, -0.227157097963067, 0.0 ], [ 116.620977812758426, -0.227645640196758, 0.0 ], [ 116.620673693029289, -0.227804311356153, 0.0 ], [ 116.620297785819545, -0.228128552043536, 0.0 ], [ 116.620199998093653, -0.228212899342253, 0.0 ], [ 116.619884092107711, -0.228485385639369, 0.0 ], [ 116.619773463615701, -0.228580808796671, 0.0 ], [ 116.619746607233424, -0.228585049278062, 0.0 ], [ 116.619722728473604, -0.22863479669535, 0.0 ], [ 116.619639301672294, -0.228808602530166, 0.0 ], [ 116.61939919821819, -0.228896721271543, 0.0 ], [ 116.619266397653931, -0.228878129192538, 0.0 ], [ 116.618967745655254, -0.229195418883143, 0.0 ], [ 116.618892839733348, -0.229274999384687, 0.0 ], [ 116.618714549015522, -0.229358003353376, 0.0 ], [ 116.61866138245702, -0.229381797784588, 0.0 ], [ 116.618535231765605, -0.229565271129097, 0.0 ], [ 116.618259214289225, -0.229722315555476, 0.0 ], [ 116.618167545351568, -0.229783428182042, 0.0 ], [ 116.617718996443344, -0.230049562827911, 0.0 ], [ 116.617565521218424, -0.230137729446459, 0.0 ], [ 116.617559652753897, -0.230141100691995, 0.0 ], [ 116.617412372388316, -0.230243064022271, 0.0 ], [ 116.617312188808157, -0.230312421884054, 0.0 ], [ 116.617023539990129, -0.230337705200792, 0.0 ], [ 116.616863109078807, -0.230340975417372, 0.0 ], [ 116.616603146411919, -0.230340975416245, 0.0 ], [ 116.616032038787566, -0.230340975416245, 0.0 ], [ 116.615565664456469, -0.230420919603023, 0.0 ], [ 116.615232539889718, -0.230464707388282, 0.0 ], [ 116.614970799178593, -0.230583680438497, 0.0 ], [ 116.614726108950265, -0.230633857541192, 0.0 ], [ 116.614304550096776, -0.230702653488714, 0.0 ], [ 116.613619613562491, -0.230766928055007, 0.0 ], [ 116.613426271543602, -0.230774076172531, 0.0 ], [ 116.612895909181631, -0.230788314084641, 0.0 ], [ 116.61192080606142, -0.230625321006124, 0.0 ], [ 116.611245039135611, -0.230468276580011, 0.0 ], [ 116.610810647070124, -0.230338883198855, 0.0 ], [ 116.610617933122981, -0.23027358729238, 0.0 ], [ 116.610045790788973, -0.230078044975441, 0.0 ], [ 116.609527068288941, -0.229830581031135, 0.0 ], [ 116.608694256938008, -0.229397519128337, 0.0 ], [ 116.607950028986949, -0.228974239482243, 0.0 ], [ 116.607842202614776, -0.228904824791482, 0.0 ], [ 116.607489032054104, -0.228671414664618, 0.0 ], [ 116.606749047564776, -0.227980847533649, 0.0 ], [ 116.606451487756004, -0.227632853858012, 0.0 ], [ 116.606047106567601, -0.227159933487422, 0.0 ], [ 116.604310100034056, -0.225476464827657, 0.0 ], [ 116.603278504580842, -0.224711971618725, 0.0 ], [ 116.602409965312603, -0.224050194343977, 0.0 ], [ 116.602329198746517, -0.223983353048079, 0.0 ], [ 116.60171053888493, -0.223489614889959, 0.0 ], [ 116.600895573489865, -0.2229839794268, 0.0 ], [ 116.599426256318836, -0.221996503110389, 0.0 ], [ 116.598099706808554, -0.22148491899469, 0.0 ], [ 116.597534584819726, -0.22128266480918, 0.0 ], [ 116.597058692618035, -0.2210804106241, 0.0 ], [ 116.596630389636985, -0.221020924099011, 0.0 ], [ 116.59610690821593, -0.220997129488864, 0.0 ], [ 116.59552988892176, -0.221032821404099, 0.0 ], [ 116.595131329203014, -0.221193435021759, 0.0 ], [ 116.594869588492983, -0.221312408071904, 0.0 ], [ 116.594641471257248, -0.221389616984095, 0.0 ], [ 116.594555687733731, -0.221418651406216, 0.0 ], [ 116.594551340843665, -0.22142012266137, 0.0 ], [ 116.594482926079422, -0.221443278427057, 0.0 ], [ 116.594048674445602, -0.221627686654907, 0.0 ], [ 116.593560884939649, -0.221942965237761, 0.0 ], [ 116.593238705919461, -0.222199709079819, 0.0 ], [ 116.593134405694514, -0.222378393961008, 0.0 ], [ 116.592579113635594, -0.222974037321629, 0.0 ], [ 116.592446557533904, -0.223086200090292, 0.0 ], [ 116.592429960275368, -0.223134029161728, 0.0 ], [ 116.592229281057058, -0.223353503438302, 0.0 ], [ 116.591491547588333, -0.224160330962088, 0.0 ], [ 116.590649247484635, -0.225081518530441, 0.0 ], [ 116.590422159931563, -0.225329874402087, 0.0 ], [ 116.589843169625695, -0.225963091026236, 0.0 ], [ 116.589418104526018, -0.226217785903325, 0.0 ], [ 116.589165286794483, -0.226506295549803, 0.0 ], [ 116.587778061028089, -0.227703759299795, 0.0 ], [ 116.587444936487245, -0.228022607074113, 0.0 ], [ 116.587178436854813, -0.228346213770484, 0.0 ], [ 116.58694049075433, -0.228508017118933, 0.0 ], [ 116.586702544653036, -0.22875072214117, 0.0 ], [ 116.586321830892771, -0.228922043333356, 0.0 ], [ 116.585922081443485, -0.229288480327871, 0.0 ], [ 116.585412876787984, -0.229721542230514, 0.0 ], [ 116.585079752246813, -0.230007077550823, 0.0 ], [ 116.58417555706481, -0.230746296769353, 0.0 ], [ 116.5837377362393, -0.231098456997771, 0.0 ], [ 116.58352234589573, -0.231182511768858, 0.0 ], [ 116.583347504634872, -0.23125074250198, 0.0 ], [ 116.583283259187681, -0.231378043665665, 0.0 ], [ 116.582968242144673, -0.23172169862213, 0.0 ], [ 116.582938156913244, -0.23174534125075, 0.0 ], [ 116.582617010105807, -0.231931268349016, 0.0 ], [ 116.582152908743055, -0.232313123900668, 0.0 ], [ 116.580918718560469, -0.233082842637771, 0.0 ], [ 116.579829529548121, -0.233729619412204, 0.0 ], [ 116.579084254094226, -0.234046757896947, 0.0 ], [ 116.578823408749216, -0.234174719773186, 0.0 ], [ 116.578577939431781, -0.234295138680243, 0.0 ], [ 116.578453696927198, -0.234356087827585, 0.0 ], [ 116.578319852245471, -0.234403677047657, 0.0 ], [ 116.577516810838034, -0.234734341156798, 0.0 ], [ 116.577316055026898, -0.234811358678336, 0.0 ], [ 116.577071839832769, -0.234904838054939, 0.0 ], [ 116.576859397020854, -0.234985195146764, 0.0 ], [ 116.576452884417364, -0.235127695544626, 0.0 ], [ 116.575945382449362, -0.23530559708667, 0.0 ], [ 116.574700096957926, -0.23574212373137, 0.0 ], [ 116.574414561809107, -0.235837302466074, 0.0 ], [ 116.574039796552512, -0.235986018491732, 0.0 ], [ 116.573391393482268, -0.236229913448433, 0.0 ], [ 116.57320698547332, -0.236283451080202, 0.0 ], [ 116.57305232056801, -0.236390527134861, 0.0 ], [ 116.572407882966814, -0.236621037193725, 0.0 ], [ 116.571783274325441, -0.236876829543947, 0.0 ], [ 116.570974257962376, -0.237144518652691, 0.0 ], [ 116.570627547137548, -0.237310336954764, 0.0 ], [ 116.570563801049119, -0.237340824226914, 0.0 ], [ 116.570462673669141, -0.237394362332357, 0.0 ], [ 116.569897551736702, -0.237703691769095, 0.0 ], [ 116.569868725579141, -0.23772959355018, 0.0 ], [ 116.569645961825813, -0.237929758197109, 0.0 ], [ 116.56948709486079, -0.238072508293293, 0.0 ], [ 116.569362948863983, -0.238290520606299, 0.0 ], [ 116.569243199738111, -0.238500811569636, 0.0 ], [ 116.569155843950838, -0.238684406867587, 0.0 ], [ 116.568892229524451, -0.239238444117819, 0.0 ], [ 116.568852923557145, -0.239358982319139, 0.0 ], [ 116.568727054527486, -0.239744980300209, 0.0 ], [ 116.568713769789426, -0.239785720118907, 0.0 ], [ 116.568434183255619, -0.240499558854242, 0.0 ], [ 116.568283983600381, -0.240869049816517, 0.0 ], [ 116.568136750617626, -0.241231242697406, 0.0 ], [ 116.567922599080049, -0.241623854211344, 0.0 ], [ 116.56772789759782, -0.241993115559468, 0.0 ], [ 116.567459319104373, -0.242502488339908, 0.0 ], [ 116.567405066431633, -0.242605381494242, 0.0 ], [ 116.567126915527609, -0.243117179663068, 0.0 ], [ 116.567107633941433, -0.243152657811541, 0.0 ], [ 116.5668756365436, -0.243634498294553, 0.0 ], [ 116.566780458103324, -0.244080647646937, 0.0 ], [ 116.566736398822513, -0.244241250390156, 0.0 ], [ 116.56659604943799, -0.244752845011321, 0.0 ], [ 116.566500871044894, -0.245306069903925, 0.0 ], [ 116.56650187881614, -0.245365326076704, 0.0 ], [ 116.566520996053981, -0.246489410000733, 0.0 ], [ 116.566523942238319, -0.246662644990262, 0.0 ], [ 116.566524665750549, -0.246705193002018, 0.0 ], [ 116.566613895539007, -0.247175136550106, 0.0 ], [ 116.566625792843595, -0.24756179896311, 0.0 ], [ 116.566638300472817, -0.247613497159976, 0.0 ], [ 116.566732868588645, -0.248004378709677, 0.0 ], [ 116.566795818141557, -0.248225717455736, 0.0 ], [ 116.566917276816469, -0.248652781833024, 0.0 ], [ 116.567023506572014, -0.248890790254514, 0.0 ], [ 116.567387220365674, -0.249705693326892, 0.0 ], [ 116.567516436878321, -0.250014889978493, 0.0 ], [ 116.567553782636111, -0.250104253045093, 0.0 ], [ 116.568112955972893, -0.251002499573746, 0.0 ], [ 116.568422285902983, -0.251490289079353, 0.0 ], [ 116.568868558169569, -0.25226310202704, 0.0 ], [ 116.568877259886904, -0.252278170855637, 0.0 ], [ 116.56904115863469, -0.252493099111166, 0.0 ], [ 116.569163880210084, -0.25265402977652, 0.0 ], [ 116.570271454947203, -0.253687918878223, 0.0 ], [ 116.570863387842721, -0.254240471179198, 0.0 ], [ 116.571855960285546, -0.255167008964371, 0.0 ], [ 116.574620152036132, -0.257623724329724, 0.0 ], [ 116.575281805622993, -0.258211778520922, 0.0 ], [ 116.575390080088724, -0.258308009018065, 0.0 ], [ 116.575508320778738, -0.258475196854574, 0.0 ], [ 116.576264989378714, -0.259122410247554, 0.0 ], [ 116.577410174351073, -0.259967321570152, 0.0 ], [ 116.577984560953581, -0.260314469737529, 0.0 ], [ 116.578482758189438, -0.260671593274287, 0.0 ], [ 116.578749126483117, -0.260872262151444, 0.0 ], [ 116.579268756451128, -0.261263726014216, 0.0 ], [ 116.579881770107747, -0.261725540584902, 0.0 ], [ 116.580726478764845, -0.262356097750851, 0.0 ], [ 116.581257216668121, -0.262785110889271, 0.0 ], [ 116.581440317067248, -0.262933117044261, 0.0 ], [ 116.581524966879513, -0.26302018542236, 0.0 ], [ 116.582064925580823, -0.263575571515177, 0.0 ], [ 116.582312146455791, -0.263808067514367, 0.0 ], [ 116.583342051744637, -0.264776630583026, 0.0 ], [ 116.583962545656306, -0.265360167238598, 0.0 ], [ 116.584426540533784, -0.265782521842562, 0.0 ], [ 116.584854843860853, -0.266210824782343, 0.0 ], [ 116.585157332729665, -0.266533076225158, 0.0 ], [ 116.585598425105303, -0.267002986592525, 0.0 ], [ 116.585848268373596, -0.26721118977564, 0.0 ], [ 116.586946477441316, -0.268289521515863, 0.0 ], [ 116.587162920958335, -0.268502047456133, 0.0 ], [ 116.587460353411871, -0.268829223340928, 0.0 ], [ 116.587945400652202, -0.269218560108955, 0.0 ], [ 116.588281862231597, -0.269488631251701, 0.0 ], [ 116.588949300969162, -0.269909796147089, 0.0 ], [ 116.589299082095081, -0.270263145555869, 0.0 ], [ 116.589688124005889, -0.270620064981669, 0.0 ], [ 116.590326403713362, -0.271287759025015, 0.0 ], [ 116.590462638129765, -0.271430271637541, 0.0 ], [ 116.590876664636852, -0.27186571275459, 0.0 ], [ 116.590990878895568, -0.272004911339351, 0.0 ], [ 116.591249446554556, -0.272085614696871, 0.0 ], [ 116.591427906113381, -0.27217484415516, 0.0 ], [ 116.591523085031383, -0.272359252881609, 0.0 ], [ 116.591517136037254, -0.272573404326643, 0.0 ], [ 116.59255220194656, -0.273751237524801, 0.0 ], [ 116.592921018123135, -0.274185489219082, 0.0 ], [ 116.593034488073499, -0.274286351086091, 0.0 ], [ 116.59304047091797, -0.274291669161886, 0.0 ], [ 116.593097481846428, -0.274342345619545, 0.0 ], [ 116.593135169622471, -0.2743758458648, 0.0 ], [ 116.593307680545365, -0.274589997355228, 0.0 ], [ 116.59332069366809, -0.274637519350708, 0.0 ], [ 116.593364310684763, -0.274796802234706, 0.0 ], [ 116.593650000347722, -0.275112988964988, 0.0 ], [ 116.594455386185558, -0.276958339500593, 0.0 ], [ 116.594520015927827, -0.277624404999695, 0.0 ], [ 116.594574839757954, -0.27773405266004, 0.0 ], [ 116.594691337120096, -0.277967047384115, 0.0 ], [ 116.594684198737738, -0.278473872577783, 0.0 ], [ 116.5946724342121, -0.279615033189917, 0.0 ], [ 116.59466992197099, -0.279858718881701, 0.0 ], [ 116.594723459843522, -0.280012194116564, 0.0 ], [ 116.594709183077498, -0.28021206884079, 0.0 ], [ 116.594555707842318, -0.280486896586765, 0.0 ], [ 116.594395094225121, -0.280643941012764, 0.0 ], [ 116.594395094225362, -0.280747447566388, 0.0 ], [ 116.594434355331416, -0.280865230886094, 0.0 ], [ 116.594437924523476, -0.281007998546308, 0.0 ], [ 116.594366540692889, -0.281129351057475, 0.0 ], [ 116.594298726053864, -0.281304241441148, 0.0 ], [ 116.594280880096704, -0.281400609611872, 0.0 ], [ 116.594226957883834, -0.281548895697245, 0.0 ], [ 116.594235992935666, -0.281746028506115, 0.0 ], [ 116.594512010412274, -0.282231438550757, 0.0 ], [ 116.594639085569924, -0.282482154395429, 0.0 ], [ 116.594684110123524, -0.282570986622174, 0.0 ], [ 116.594781272579127, -0.282762685522928, 0.0 ], [ 116.594864170641543, -0.282926241163722, 0.0 ], [ 116.595187777337927, -0.283516347492266, 0.0 ], [ 116.595654373410952, -0.284678263199607, 0.0 ], [ 116.595673187383255, -0.284725113681947, 0.0 ], [ 116.595695437938133, -0.284905198750646, 0.0 ], [ 116.595699050727418, -0.284917241380788, 0.0 ], [ 116.595739812291242, -0.285220041570603, 0.0 ], [ 116.59570205254839, -0.2857335741394, 0.0 ], [ 116.595692223071339, -0.285867254963484, 0.0 ], [ 116.59582867424794, -0.286255520583921, 0.0 ], [ 116.59590161563959, -0.286463071998754, 0.0 ], [ 116.595956411737248, -0.286564836180032, 0.0 ], [ 116.596058820244707, -0.286755023407207, 0.0 ], [ 116.596066900207035, -0.286770029051546, 0.0 ], [ 116.596168115272505, -0.286957999887349, 0.0 ], [ 116.596653525317763, -0.287510034840203, 0.0 ], [ 116.596993068470951, -0.287798646520139, 0.0 ], [ 116.59703423907861, -0.287833641536513, 0.0 ], [ 116.59708327822122, -0.287916233777005, 0.0 ], [ 116.597215078114914, -0.288138212545064, 0.0 ], [ 116.597218821269891, -0.288250507184562, 0.0 ], [ 116.597224595958949, -0.288423747865145, 0.0 ], [ 116.59703423907861, -0.288880604378015, 0.0 ], [ 116.597916666666421, -0.288958333010213, 0.0 ], [ 116.59799907278952, -0.287828332005471, 0.0 ], [ 116.596952945049793, -0.285865450196798, 0.0 ], [ 116.600020239750137, -0.284788386915063, 0.0 ], [ 116.601372854490904, -0.286544292824537, 0.0 ], [ 116.60204610762753, -0.28628805687084, 0.0 ], [ 116.602916666666275, -0.285589900042978, 0.0 ], [ 116.603792053663113, -0.283294871478157, 0.0 ], [ 116.605819629629323, -0.282113418488013, 0.0 ], [ 116.606188888888326, -0.280409401395918, 0.0 ], [ 116.607912724014028, -0.280002852539825, 0.0 ], [ 116.609811579999985, -0.278468359688614, 0.0 ], [ 116.61080312499017, -0.277468428376443, 0.0 ], [ 116.613837370171538, -0.274408517016282, 0.0 ], [ 116.6146718507256, -0.274142417347006, 0.0 ], [ 116.62399042480358, -0.273866114033627, 0.0 ], [ 116.624455160757023, -0.277178649533557, 0.0 ], [ 116.625132311040474, -0.281825500485445, 0.0 ], [ 116.62532370257216, -0.283234476524504, 0.0 ], [ 116.625981177315978, -0.288074637955197, 0.0 ], [ 116.626320985317165, -0.287835990107011, 0.0 ], [ 116.627761366802687, -0.286824406892677, 0.0 ], [ 116.631585550549318, -0.284138670943588, 0.0 ], [ 116.634911120531598, -0.28180310950881, 0.0 ], [ 116.635065810628404, -0.281750452347539, 0.0 ], [ 116.636119093148011, -0.284856135092721, 0.0 ], [ 116.636309080457323, -0.292133062212688, 0.0 ], [ 116.635487183705877, -0.293967658693267, 0.0 ], [ 116.63401439307907, -0.297303430147266, 0.0 ], [ 116.630970743735986, -0.301899275479105, 0.0 ], [ 116.627356461378412, -0.305729105881722, 0.0 ], [ 116.622869677582187, -0.307813663052521, 0.0 ], [ 116.622600926137906, -0.30783541247887, 0.0 ], [ 116.618225731495627, -0.312622693698162, 0.0 ], [ 116.616841873310321, -0.313268243500527, 0.0 ], [ 116.61639032375929, -0.313478884826818, 0.0 ], [ 116.610426644529355, -0.316260854821653, 0.0 ], [ 116.604910235115995, -0.318367114267085, 0.0 ], [ 116.596350314369303, -0.321047738669849, 0.0 ], [ 116.595674063514366, -0.321211101641691, 0.0 ], [ 116.595160130692193, -0.320603164588323, 0.0 ], [ 116.592236622280723, -0.31715988708966, 0.0 ], [ 116.591032267166014, -0.315875678892291, 0.0 ], [ 116.5895434037174, -0.314288098368778, 0.0 ], [ 116.589564999121947, -0.313770125434252, 0.0 ], [ 116.589594721270743, -0.313057228439777, 0.0 ], [ 116.589714419276277, -0.310186210117781, 0.0 ], [ 116.589754458163725, -0.309225850936093, 0.0 ], [ 116.589931539859222, -0.304978394360061, 0.0 ], [ 116.58870244457944, -0.302175325035001, 0.0 ], [ 116.590742559523321, -0.299642856807796, 0.0 ], [ 116.593804625198885, -0.298745052232385, 0.0 ], [ 116.59356202893224, -0.297205192464631, 0.0 ], [ 116.591436233617827, -0.297139634215999, 0.0 ], [ 116.589871933621566, -0.295970026019527, 0.0 ], [ 116.587703319437253, -0.294314916605433, 0.0 ], [ 116.587723663719373, -0.290957347328205, 0.0 ], [ 116.588313076384352, -0.288340842210146, 0.0 ], [ 116.589151724477361, -0.288257204692194, 0.0 ], [ 116.591237036219198, -0.287367356551899, 0.0 ], [ 116.592997491280883, -0.285800545304671, 0.0 ], [ 116.593328487045511, -0.285306575105326, 0.0 ], [ 116.594077964791893, -0.284188071924969, 0.0 ], [ 116.594387733111617, -0.284233720009592, 0.0 ], [ 116.594976963427072, -0.286751389358883, 0.0 ], [ 116.59580801043073, -0.287983621655459, 0.0 ], [ 116.595800430654464, -0.288675784643629, 0.0 ], [ 116.596806893748266, -0.288813746711133, 0.0 ], [ 116.59694812005641, -0.288531294073855, 0.0 ], [ 116.597009986042508, -0.288369490725585, 0.0 ], [ 116.597019503886855, -0.288198169533455, 0.0 ], [ 116.596829147006773, -0.287936428822875, 0.0 ], [ 116.596467468933596, -0.287579509672498, 0.0 ], [ 116.596177174690894, -0.287303492195901, 0.0 ], [ 116.595905916136118, -0.28687518921553, 0.0 ], [ 116.595705587077404, -0.286590276776701, 0.0 ], [ 116.595678326556339, -0.286538855451145, 0.0 ], [ 116.595587068362065, -0.28632315426279, 0.0 ], [ 116.595601345127164, -0.286170868758622, 0.0 ], [ 116.595529961297444, -0.285913886970434, 0.0 ], [ 116.595539479141138, -0.285542691053792, 0.0 ], [ 116.59551092560902, -0.285233361123161, 0.0 ], [ 116.59551092560902, -0.284909754426546, 0.0 ], [ 116.595477613155779, -0.284567112042421, 0.0 ], [ 116.595220631366189, -0.284053148465627, 0.0 ], [ 116.595020756641844, -0.283639122250902, 0.0 ], [ 116.594816122994985, -0.283253649568513, 0.0 ], [ 116.594587694739118, -0.282739685991832, 0.0 ], [ 116.594548630295634, -0.282661557103432, 0.0 ], [ 116.594392578936336, -0.282349454387155, 0.0 ], [ 116.59418794528969, -0.281983017392648, 0.0 ], [ 116.594088007927553, -0.2817545891364, 0.0 ], [ 116.593964275954718, -0.281783142668388, 0.0 ], [ 116.593783436918798, -0.282187651038924, 0.0 ], [ 116.593755160613085, -0.282235249487995, 0.0 ], [ 116.593688889013151, -0.282346806680131, 0.0 ], [ 116.593497901598028, -0.282668302161466, 0.0 ], [ 116.593317062562264, -0.283125158674126, 0.0 ], [ 116.593038487055466, -0.283519645021939, 0.0 ], [ 116.592676570171264, -0.284032149657559, 0.0 ], [ 116.592636536713485, -0.284088840380564, 0.0 ], [ 116.592289378729049, -0.284600898415606, 0.0 ], [ 116.592160644512703, -0.284790781376651, 0.0 ], [ 116.591672855006024, -0.285349954712324, 0.0 ], [ 116.59131093369156, -0.285655325847459, 0.0 ], [ 116.590949235766161, -0.285960508446692, 0.0 ], [ 116.590376048758316, -0.28642071216386, 0.0 ], [ 116.590257580099589, -0.286479946495016, 0.0 ], [ 116.58983683491121, -0.286690319097585, 0.0 ], [ 116.58961462123645, -0.2868014259243, 0.0 ], [ 116.58911574031012, -0.286996933325124, 0.0 ], [ 116.588734220663781, -0.287146447769921, 0.0 ], [ 116.588222636547584, -0.28721783160001, 0.0 ], [ 116.587615873990785, -0.287277318125161, 0.0 ], [ 116.58670008095234, -0.287529608070694, 0.0 ], [ 116.585657577583419, -0.287319355269634, 0.0 ], [ 116.585076362103266, -0.287286456287102, 0.0 ], [ 116.584470026375996, -0.287238623783344, 0.0 ], [ 116.583497026990116, -0.287109962701201, 0.0 ], [ 116.582659456715035, -0.287005266416976, 0.0 ], [ 116.58112708382788, -0.286862498756876, 0.0 ], [ 116.580922450181589, -0.286795873848667, 0.0 ], [ 116.580394209837962, -0.286803012231612, 0.0 ], [ 116.580037290687216, -0.286810150614522, 0.0 ], [ 116.579895606058273, -0.287702871794005, 0.0 ], [ 116.579860398478061, -0.287924706266071, 0.0 ], [ 116.584376732729211, -0.288386335300028, 0.0 ], [ 116.584331385125651, -0.288812279639658, 0.0 ], [ 116.583036997509268, -0.290614032819904, 0.0 ], [ 116.578787535529898, -0.290427090223613, 0.0 ], [ 116.575463076753906, -0.290700854280552, 0.0 ], [ 116.567897144005826, -0.291375609491848, 0.0 ], [ 116.56274657182739, -0.29214796039497, 0.0 ], [ 116.558792983222972, -0.292660848565908, 0.0 ], [ 116.558796516218251, -0.297033207993932, 0.0 ], [ 116.558724249314238, -0.301178710685879, 0.0 ], [ 116.558726426560852, -0.305965340107086, 0.0 ], [ 116.556479273771558, -0.306091698682354, 0.0 ], [ 116.538513899915742, -0.306093468230459, 0.0 ], [ 116.521587597748223, -0.306095078352543, 0.0 ], [ 116.516408388736252, -0.304280454501162, 0.0 ], [ 116.508229083323869, -0.305046061083347, 0.0 ], [ 116.508227565206283, -0.336834180340391, 0.0 ], [ 116.508193042886631, -0.336889889690975, 0.0 ], [ 116.506298065874347, -0.340268328034586, 0.0 ], [ 116.503051207653385, -0.342375813800273, 0.0 ], [ 116.502251619956411, -0.342894813346284, 0.0 ], [ 116.50135122957964, -0.34347924203913, 0.0 ], [ 116.497000387887468, -0.34630329851682, 0.0 ], [ 116.496242683157604, -0.346795110968299, 0.0 ], [ 116.494436350274597, -0.347967568226908, 0.0 ], [ 116.493994646342045, -0.348254269910201, 0.0 ], [ 116.492116831952828, -0.349473128102106, 0.0 ], [ 116.490989022157493, -0.350205170168186, 0.0 ], [ 116.490305904585185, -0.350648569900327, 0.0 ], [ 116.490828610058244, -0.351087772631872, 0.0 ], [ 116.490853194088515, -0.351108429337435, 0.0 ], [ 116.491519443170105, -0.351774678418171, 0.0 ], [ 116.491233907849434, -0.352440927499208, 0.0 ], [ 116.490662837208177, -0.352536105939358, 0.0 ], [ 116.490424891107665, -0.353154765800182, 0.0 ], [ 116.490615247988103, -0.353868604101031, 0.0 ], [ 116.490483349009452, -0.354334471602639, 0.0 ], [ 116.490020382736617, -0.355969668166811, 0.0 ], [ 116.490169099049425, -0.357189141930884, 0.0 ], [ 116.490050125999204, -0.358051696544652, 0.0 ], [ 116.489841923161194, -0.358468102220176, 0.0 ], [ 116.490169099049425, -0.358854764633245, 0.0 ], [ 116.490466531675153, -0.35936040009633, 0.0 ], [ 116.490466531675153, -0.359955265347092, 0.0 ], [ 116.491150626714202, -0.360014751872147, 0.0 ], [ 116.490942423876305, -0.360550130598033, 0.0 ], [ 116.490793707563483, -0.361263968898943, 0.0 ], [ 116.490526018200228, -0.361769604362063, 0.0 ], [ 116.490109612524179, -0.361858834149687, 0.0 ], [ 116.490109612524179, -0.362215753300235, 0.0 ], [ 116.490496274937641, -0.362513185925565, 0.0 ], [ 116.490377301887278, -0.363197280963969, 0.0 ], [ 116.489782436635977, -0.363524456851983, 0.0 ], [ 116.489336287697412, -0.363613686639624, 0.0 ], [ 116.489098341596716, -0.364003323378834, 0.0 ], [ 116.489247057909537, -0.36501459430516, 0.0 ], [ 116.489366030960014, -0.365549973030834, 0.0 ], [ 116.489485004010277, -0.365758175868696, 0.0 ], [ 116.489663463585458, -0.365787919131195, 0.0 ], [ 116.489514747272636, -0.36629355459439, 0.0 ], [ 116.48912808485953, -0.365996121968956, 0.0 ], [ 116.488533219607874, -0.366263811331748, 0.0 ], [ 116.488206043719515, -0.366353041119478, 0.0 ], [ 116.487908611093815, -0.36596637870647, 0.0 ], [ 116.488176300456914, -0.365549973030875, 0.0 ], [ 116.488057327406636, -0.364955107779891, 0.0 ], [ 116.48784912456874, -0.364389985791834, 0.0 ], [ 116.487581435205612, -0.363676147490872, 0.0 ], [ 116.487284002579912, -0.363378714865543, 0.0 ], [ 116.486837853641305, -0.363586917703274, 0.0 ], [ 116.486808110378533, -0.364389985791874, 0.0 ], [ 116.487165029529507, -0.365341770193124, 0.0 ], [ 116.487343489104873, -0.366085351756628, 0.0 ], [ 116.486956826691539, -0.366323297856846, 0.0 ], [ 116.486480934490359, -0.366501757432151, 0.0 ], [ 116.486183501864616, -0.366412527644509, 0.0 ], [ 116.486242988389819, -0.365579716293466, 0.0 ], [ 116.485975299026506, -0.364508958841844, 0.0 ], [ 116.485707609663478, -0.364330499266638, 0.0 ], [ 116.485172230937025, -0.364449472316849, 0.0 ], [ 116.484993771361744, -0.36501459430516, 0.0 ], [ 116.484517879160578, -0.365371513455688, 0.0 ], [ 116.48430967632261, -0.365728432606133, 0.0 ], [ 116.483976551781666, -0.36614483828166, 0.0 ], [ 116.48347091631787, -0.365579716293386, 0.0 ], [ 116.482995024116633, -0.365787919131195, 0.0 ], [ 116.482727334753562, -0.365996121968956, 0.0 ], [ 116.482072982976888, -0.366204324806633, 0.0 ], [ 116.481567347513206, -0.366025865231377, 0.0 ], [ 116.481240171624975, -0.365996121968956, 0.0 ], [ 116.481061712049637, -0.365579716293466, 0.0 ], [ 116.481121198574613, -0.364925364517379, 0.0 ], [ 116.481002225524605, -0.364568445367141, 0.0 ], [ 116.48049659006081, -0.364062809903819, 0.0 ], [ 116.480139670909836, -0.36379512054105, 0.0 ], [ 116.47981249502179, -0.36355717444057, 0.0 ], [ 116.479247373032706, -0.363646404228284, 0.0 ], [ 116.478622764518761, -0.364122296428986, 0.0 ], [ 116.477968412741987, -0.364211526216547, 0.0 ], [ 116.477670980116116, -0.363705890753313, 0.0 ], [ 116.47731406096517, -0.363081282240047, 0.0 ], [ 116.47716534465269, -0.362545903514413, 0.0 ], [ 116.476778682239114, -0.36215924110139, 0.0 ], [ 116.47630279003792, -0.362010524788684, 0.0 ], [ 116.475826897836839, -0.361653605638189, 0.0 ], [ 116.475410492160506, -0.361385916275359, 0.0 ], [ 116.475113059535019, -0.36093976733728, 0.0 ], [ 116.474845370171707, -0.360255672298627, 0.0 ], [ 116.47439922123317, -0.359839266623277, 0.0 ], [ 116.473774612719168, -0.360017726198575, 0.0 ], [ 116.473387950305664, -0.360523361661714, 0.0 ], [ 116.47297208857438, -0.360751255843965, 0.0 ], [ 116.473003820733183, -0.36018960710821, 0.0 ], [ 116.473153652560796, -0.357537633253378, 0.0 ], [ 116.473152840277237, -0.357537849663613, 0.0 ], [ 116.469650651837483, -0.358470912333217, 0.0 ], [ 116.462456173842554, -0.359622745015447, 0.0 ], [ 116.462475205959265, -0.358285509380241, 0.0 ], [ 116.462551434492369, -0.355834399414466, 0.0 ], [ 116.462018964812842, -0.353536448829718, 0.0 ], [ 116.4619430017312, -0.351391719998947, 0.0 ], [ 116.462095278878664, -0.349553393314806, 0.0 ], [ 116.46316059137817, -0.347638521362667, 0.0 ], [ 116.463921597180587, -0.345034254835027, 0.0 ], [ 116.464226090120718, -0.342353365318852, 0.0 ], [ 116.464226221455206, -0.339978847592854, 0.0 ], [ 116.464150258328416, -0.337757520617275, 0.0 ], [ 116.464150321144274, -0.336608560052737, 0.0 ], [ 116.463617819878081, -0.334770194552972, 0.0 ], [ 116.462552663179366, -0.333927565455104, 0.0 ], [ 116.460633111957677, -0.332089176050696, 0.0 ], [ 116.460699086578416, -0.332018127979498, 0.0 ], [ 116.462457915816017, -0.330568306020321, 0.0 ], [ 116.464810945007898, -0.328571829041161, 0.0 ], [ 116.465809200253474, -0.327644893407243, 0.0 ], [ 116.466811193910772, -0.326185488638925, 0.0 ], [ 116.466902525321728, -0.326052464935164, 0.0 ], [ 116.467235278920228, -0.324602641838621, 0.0 ], [ 116.467306582577947, -0.323461797702737, 0.0 ], [ 116.466950061102381, -0.322273417502458, 0.0 ], [ 116.466284559985226, -0.320086798988439, 0.0 ], [ 116.4654289133519, -0.317828876780512, 0.0 ], [ 116.464192977573958, -0.315333277539488, 0.0 ], [ 116.462600525334565, -0.312219719706937, 0.0 ], [ 116.460223727074975, -0.307299821332252, 0.0 ], [ 116.459130399700328, -0.304566543583526, 0.0 ], [ 116.458512430772018, -0.302831506067995, 0.0 ], [ 116.457846929900384, -0.300359670386875, 0.0 ], [ 116.457894466448394, -0.299337661257571, 0.0 ], [ 116.458298521058765, -0.298553329242522, 0.0 ], [ 116.458668370894998, -0.298255066607757, 0.0 ], [ 116.459035326963857, -0.297959137882172, 0.0 ], [ 116.459748367854388, -0.297555088509875, 0.0 ], [ 116.460651550209661, -0.297364947095704, 0.0 ], [ 116.46162603759204, -0.297174805430254, 0.0 ], [ 116.4632897948417, -0.297127270326507, 0.0 ], [ 116.465452680794058, -0.297103502891843, 0.0 ], [ 116.466950060684511, -0.297151037655516, 0.0 ], [ 116.469279323945045, -0.297364946475712, 0.0 ], [ 116.471893801356231, -0.297745228985779, 0.0 ], [ 116.474127990059742, -0.298196814369926, 0.0 ], [ 116.475340157422096, -0.29860086503711, 0.0 ], [ 116.47607696483135, -0.299195055758991, 0.0 ], [ 116.476671164114308, -0.299860550337145, 0.0 ], [ 116.477122755366295, -0.300763720942528, 0.0 ], [ 116.477645651142595, -0.30199963857381, 0.0 ], [ 116.477907098362877, -0.303306857952328, 0.0 ], [ 116.47795463502365, -0.304376402259843, 0.0 ], [ 116.477812025735375, -0.306087671511615, 0.0 ], [ 116.477598114614395, -0.307442426502482, 0.0 ], [ 116.477312898641486, -0.308654575596771, 0.0 ], [ 116.477027683745504, -0.309985563254448, 0.0 ], [ 116.476481019073034, -0.311839437650045, 0.0 ], [ 116.476053195672705, -0.313622008867807, 0.0 ], [ 116.475791747797999, -0.314739087054802, 0.0 ], [ 116.475672909273484, -0.316070073461975, 0.0 ], [ 116.475720445360892, -0.316925707340622, 0.0 ], [ 116.475744212923175, -0.31749612922682, 0.0 ], [ 116.475958124429482, -0.318114087979529, 0.0 ], [ 116.476040495089009, -0.318196457250993, 0.0 ], [ 116.476338410631016, -0.318494368901206, 0.0 ], [ 116.477194058317082, -0.31877958096491, 0.0 ], [ 116.478382456572646, -0.318945953221802, 0.0 ], [ 116.480283896242128, -0.318969721365837, 0.0 ], [ 116.482518084131968, -0.318969721617206, 0.0 ], [ 116.484657202621847, -0.31896972020685, 0.0 ], [ 116.48557605343855, -0.318920320414049, 0.0 ], [ 116.486867624096746, -0.318850883059895, 0.0 ], [ 116.490527891574544, -0.318779580674067, 0.0 ], [ 116.492690774690274, -0.318636976092411, 0.0 ], [ 116.494330766893995, -0.318351763306366, 0.0 ], [ 116.495186413908257, -0.317971482280518, 0.0 ], [ 116.495709310441356, -0.317234685740517, 0.0 ], [ 116.496160900381298, -0.31616514385117, 0.0 ], [ 116.49661249263221, -0.31466778374495, 0.0 ], [ 116.496678625058379, -0.314168795571355, 0.0 ], [ 116.496873941285031, -0.312695071570515, 0.0 ], [ 116.4968501729049, -0.309486443081604, 0.0 ], [ 116.496802637321153, -0.306467954333233, 0.0 ], [ 116.496945243119725, -0.3041387253114, 0.0 ], [ 116.49704031586829, -0.301334144053207, 0.0 ], [ 116.497206692690696, -0.297578857084189, 0.0 ], [ 116.497403476923253, -0.294863256158212, 0.0 ], [ 116.497620842928683, -0.293191977469308, 0.0 ], [ 116.497705819796792, -0.292658950630799, 0.0 ], [ 116.497991035119412, -0.29192215268541, 0.0 ], [ 116.498490161723225, -0.291613173390004, 0.0 ], [ 116.499203202329625, -0.291327961827764, 0.0 ], [ 116.500000001108674, -0.290997411414037, 0.0 ], [ 116.50689492832322, -0.290759735391176, 0.0 ], [ 116.512866631170255, -0.291829280906554, 0.0 ], [ 116.517560805692796, -0.293136500277928, 0.0 ], [ 116.521066581784282, -0.293463307027111, 0.0 ], [ 116.523638847330773, -0.293264178310404, 0.0 ], [ 116.525089249062589, -0.293072745252027, 0.0 ], [ 116.526111667263351, -0.29288129281051, 0.0 ], [ 116.527067995360042, -0.292720567361221, 0.0 ], [ 116.528642623107885, -0.292750276606035, 0.0 ], [ 116.529831021043719, -0.29352272661658, 0.0 ], [ 116.530989711385146, -0.294770528731213, 0.0 ], [ 116.531643330280772, -0.295691524545208, 0.0 ], [ 116.532386078186804, -0.296671940507934, 0.0 ], [ 116.533125671323845, -0.297836533690178, 0.0 ], [ 116.533577395895392, -0.298746155557723, 0.0 ], [ 116.534219333575706, -0.29970366063483, 0.0 ], [ 116.53493260198691, -0.300709042975875, 0.0 ], [ 116.53550321569881, -0.301546858730967, 0.0 ], [ 116.535975042763255, -0.302023621262085, 0.0 ], [ 116.536866341741373, -0.302201880272459, 0.0 ], [ 116.537787350945365, -0.301667109103136, 0.0 ], [ 116.538665577414832, -0.301140065662964, 0.0 ], [ 116.540044704112674, -0.299751782564221, 0.0 ], [ 116.542113393059239, -0.297669354308048, 0.0 ], [ 116.547392113351478, -0.292331628654092, 0.0 ], [ 116.549389440154826, -0.290943365012987, 0.0 ], [ 116.551981190603698, -0.289602996284716, 0.0 ], [ 116.555405143289306, -0.288166911232105, 0.0 ], [ 116.559304639013732, -0.286706908287186, 0.0 ], [ 116.562181697219344, -0.285869224086906, 0.0 ], [ 116.564786264688991, -0.285503003330415, 0.0 ], [ 116.565415396352691, -0.285414542619418, 0.0 ], [ 116.569314849317578, -0.28517531970652, 0.0 ], [ 116.571954114179491, -0.285007858263697, 0.0 ], [ 116.575235349368455, -0.285175540268214, 0.0 ], [ 116.578635468274669, -0.285438974567599, 0.0 ], [ 116.582439794558255, -0.285869982752121, 0.0 ], [ 116.585245485311574, -0.286229140815521, 0.0 ], [ 116.587004991611238, -0.286301016797909, 0.0 ], [ 116.588170076758303, -0.28620530835041, 0.0 ], [ 116.589668052933547, -0.285750559461906, 0.0 ], [ 116.590904495052172, -0.284912804506946, 0.0 ], [ 116.591903181423532, -0.283692047937166, 0.0 ], [ 116.592759207816314, -0.282255851410047, 0.0 ], [ 116.593344468427659, -0.280849514875928, 0.0 ], [ 116.593496361314862, -0.28048452832633, 0.0 ], [ 116.593829301383209, -0.278761068000484, 0.0 ], [ 116.593567805123769, -0.277205147114864, 0.0 ], [ 116.592711890243166, -0.275385896896894, 0.0 ], [ 116.591737068372026, -0.274165071108018, 0.0 ], [ 116.589549655162884, -0.271675535816423, 0.0 ], [ 116.586767815915778, -0.269138107722718, 0.0 ], [ 116.583890869437028, -0.266672488663748, 0.0 ], [ 116.581869882124764, -0.26468564170944, 0.0 ], [ 116.579611125976953, -0.262626975400579, 0.0 ], [ 116.577281030320336, -0.260927365526979, 0.0 ], [ 116.573714558384438, -0.258246292074777, 0.0 ], [ 116.571827937235781, -0.256482524277922, 0.0 ], [ 116.571013837453464, -0.255718282917644, 0.0 ], [ 116.568983077981812, -0.25365021979402, 0.0 ], [ 116.567769825858505, -0.252027128748033, 0.0 ], [ 116.567247429562315, -0.251328268124243, 0.0 ], [ 116.566700604162506, -0.250000468407155, 0.0 ], [ 116.566700387601401, -0.249999998857992, 0.0 ], [ 116.566135306125062, -0.24877534774987, 0.0 ], [ 116.565802552734667, -0.24749188867971, 0.0 ], [ 116.565707482566452, -0.246588713985945, 0.0 ], [ 116.565612412391161, -0.245376559929053, 0.0 ], [ 116.565826321839552, -0.244164403282689, 0.0 ], [ 116.566182842735202, -0.243142390328319, 0.0 ], [ 116.566800808274323, -0.241740091953601, 0.0 ], [ 116.567561384904138, -0.240052580480883, 0.0 ], [ 116.56817935024344, -0.238460141414113, 0.0 ], [ 116.56853412017395, -0.237824520178484, 0.0 ], [ 116.568749782828789, -0.237438128186124, 0.0 ], [ 116.5690126014659, -0.237142459698278, 0.0 ], [ 116.569510357803821, -0.236582487914755, 0.0 ], [ 116.570532380394638, -0.236059596326445, 0.0 ], [ 116.572719034038826, -0.235322795666599, 0.0 ], [ 116.574763078998643, -0.23456222596066, 0.0 ], [ 116.576640749268066, -0.233777889290854, 0.0 ], [ 116.578779867915159, -0.232874713977804, 0.0 ], [ 116.580253481927272, -0.231947769428181, 0.0 ], [ 116.581489415980101, -0.230997059722058, 0.0 ], [ 116.583367085931386, -0.229618528855306, 0.0 ], [ 116.585054610704773, -0.228168695188286, 0.0 ], [ 116.58719373098296, -0.226457414077188, 0.0 ], [ 116.588952559853524, -0.224698597552877, 0.0 ], [ 116.591234285251446, -0.22258326368598, 0.0 ], [ 116.592802971133381, -0.221133427389606, 0.0 ], [ 116.593295826689385, -0.220779585152803, 0.0 ], [ 116.593729922299829, -0.220467930506153, 0.0 ], [ 116.595060929272776, -0.219968806765141, 0.0 ], [ 116.596130487149793, -0.219826199584077, 0.0 ], [ 116.597081206373105, -0.219754896394149, 0.0 ], [ 116.598245836367781, -0.219778663009104, 0.0 ], [ 116.599386699751562, -0.219968806686918, 0.0 ], [ 116.600765242613491, -0.220325322794733, 0.0 ], [ 116.60164465836931, -0.220824446522102, 0.0 ], [ 116.601959812391996, -0.221112779527189, 0.0 ], [ 116.602761752206064, -0.221846462525872, 0.0 ], [ 116.603783773027672, -0.222916011391275, 0.0 ], [ 116.604615653696939, -0.223985562524205, 0.0 ], [ 116.605376229175363, -0.224793668894309, 0.0 ], [ 116.606184339106306, -0.225578004515215, 0.0 ], [ 116.607230130318769, -0.226433646002438, 0.0 ], [ 116.608180848661277, -0.227194215398527, 0.0 ], [ 116.609202873437482, -0.227978550871457, 0.0 ], [ 116.609963448116062, -0.228335069036322, 0.0 ], [ 116.610961702162953, -0.228739120854709, 0.0 ], [ 116.611936189594942, -0.229071870020288, 0.0 ], [ 116.613005748579695, -0.229262013181929, 0.0 ], [ 116.614241683049286, -0.229357082984161, 0.0 ], [ 116.61566775996009, -0.229357082704144, 0.0 ], [ 116.61711760943038, -0.229119404514852, 0.0 ], [ 116.617901950786333, -0.228739122195643, 0.0 ], [ 116.618781363705978, -0.228073622186819, 0.0 ], [ 116.619755852448094, -0.22726551760063, 0.0 ], [ 116.620849179324935, -0.226386108359334, 0.0 ], [ 116.621538451770775, -0.225601773404389, 0.0 ], [ 116.622417866237612, -0.224342080703393, 0.0 ], [ 116.623392350572189, -0.222773406716701, 0.0 ], [ 116.624057853591523, -0.221680087062262, 0.0 ], [ 116.62421552471163, -0.22135982045527, 0.0 ], [ 116.624344799767954, -0.220076814152883, 0.0 ], [ 116.625707526247268, -0.218485856845542, 0.0 ], [ 116.626458421376796, -0.217092902536513, 0.0 ], [ 116.627361603236977, -0.215191477334447, 0.0 ], [ 116.628193482728051, -0.21288600011061, 0.0 ], [ 116.628787681691421, -0.210651827016124, 0.0 ], [ 116.629191735596351, -0.208845472091724, 0.0 ], [ 116.629191737079964, -0.206777672801522, 0.0 ], [ 116.629096665054092, -0.204828710663975, 0.0 ], [ 116.628977825888754, -0.203069893178486, 0.0 ], [ 116.628668841837026, -0.200693110472595, 0.0 ], [ 116.628359858229658, -0.199076897670009, 0.0 ], [ 116.628098411136548, -0.197650827569975, 0.0 ], [ 116.627932035304241, -0.196129686201183, 0.0 ], [ 116.627813193908651, -0.194156957113766, 0.0 ], [ 116.627789426555054, -0.192112922566152, 0.0 ], [ 116.627860731064985, -0.190472940824821, 0.0 ], [ 116.628074643563934, -0.189641067240137, 0.0 ], [ 116.628550004341847, -0.188547746478334, 0.0 ], [ 116.629144202130078, -0.187406890015412, 0.0 ], [ 116.629904777407532, -0.186670085918603, 0.0 ], [ 116.631164478684795, -0.185671837519035, 0.0 ], [ 116.632804469588692, -0.184507211872039, 0.0 ], [ 116.634800978797969, -0.183485194697456, 0.0 ], [ 116.63674995284596, -0.182582015351369, 0.0 ], [ 116.638889070993116, -0.181868980987303, 0.0 ], [ 116.640362683121936, -0.181559999433794, 0.0 ], [ 116.641788761626259, -0.181251015807696, 0.0 ], [ 116.643500057359518, -0.181227249498093, 0.0 ], [ 116.645449033197394, -0.181393624171201, 0.0 ], [ 116.64711278931739, -0.181750141366841, 0.0 ], [ 116.649632194382718, -0.182439407486447, 0.0 ], [ 116.652127830131874, -0.183295051962924, 0.0 ], [ 116.654956218589959, -0.18441213935979, 0.0 ], [ 116.656691281080953, -0.18510140848375, 0.0 ], [ 116.658996775862803, -0.186123425819851, 0.0 ], [ 116.66115965977113, -0.186955301071127, 0.0 ], [ 116.66244313080847, -0.187311818230278, 0.0 ], [ 116.664106890151828, -0.187597033060027, 0.0 ], [ 116.665342823713033, -0.18764456804624, 0.0 ], [ 116.666673829375753, -0.187525729344129, 0.0 ], [ 116.667767157785434, -0.187145443867334, 0.0 ], [ 116.668551499374402, -0.186717622212479, 0.0 ], [ 116.669573522831953, -0.186123425837355, 0.0 ], [ 116.670072650324713, -0.185624301522123, 0.0 ], [ 116.670643082164361, -0.18479242656174, 0.0 ], [ 116.670880760795868, -0.183722873638373, 0.0 ], [ 116.671023370086616, -0.182724624119889, 0.0 ], [ 116.671047138246863, -0.18136985447205, 0.0 ], [ 116.671142209779163, -0.17951596137825, 0.0 ], [ 116.671189746882618, -0.176853963952287, 0.0 ], [ 116.671118442030064, -0.174405872808509, 0.0 ], [ 116.671070905300851, -0.172956033379693, 0.0 ], [ 116.670928298202369, -0.170745622685067, 0.0 ], [ 116.670809456908756, -0.168416370734194, 0.0 ], [ 116.670785688878624, -0.165944512717852, 0.0 ], [ 116.670838329845779, -0.164746931635928, 0.0 ], [ 116.670880760756958, -0.163781635368196, 0.0 ], [ 116.670887353277863, -0.16373109350277, 0.0 ], [ 116.671094673757125, -0.162141652450105, 0.0 ], [ 116.671455564242606, -0.159434980619579, 0.0 ], [ 116.671474960898919, -0.159289506072955, 0.0 ], [ 116.671997856284833, -0.157055326417999, 0.0 ], [ 116.672758431878933, -0.154844913486411, 0.0 ], [ 116.673732917327783, -0.152824641394851, 0.0 ], [ 116.67463610123805, -0.151422337189443, 0.0 ], [ 116.675848268180701, -0.14956844161294, 0.0 ], [ 116.67736941731701, -0.147738312425598, 0.0 ], [ 116.678629120733774, -0.14659745554852, 0.0 ], [ 116.680150271667259, -0.14543282789099, 0.0 ], [ 116.681107584622993, -0.144990993025292, 0.0 ], [ 116.681695190401982, -0.144719790639058, 0.0 ], [ 116.683525323848016, -0.144244433556938, 0.0 ], [ 116.685260387225213, -0.144078057601511, 0.0 ], [ 116.687138054977083, -0.144006754785036, 0.0 ], [ 116.688659203623473, -0.144101825410253, 0.0 ], [ 116.691059769880752, -0.144553415766791, 0.0 ], [ 116.691655896944837, -0.14470244728265, 0.0 ], [ 116.693719501593662, -0.145218346702416, 0.0 ], [ 116.693721780599674, -0.145218916706044, 0.0 ], [ 116.696407564686808, -0.146003257286627, 0.0 ], [ 116.697118939318784, -0.146240381019891, 0.0 ], [ 116.698650414171269, -0.14675087211341, 0.0 ], [ 116.699014101843488, -0.146872101097869, 0.0 ], [ 116.699331026010725, -0.1469777422787, 0.0 ], [ 116.701826661398215, -0.148094832478013, 0.0 ], [ 116.703799402929207, -0.14911685155432, 0.0 ], [ 116.704889442186925, -0.149927389770278, 0.0 ], [ 116.704417452142437, -0.151194457055776, 0.0 ], [ 116.703903850350073, -0.152113646468843, 0.0 ], [ 116.703161991402865, -0.152803033053343, 0.0 ], [ 116.702020676875605, -0.153262615296892, 0.0 ], [ 116.701278826660626, -0.15332005545044, 0.0 ], [ 116.700594031257722, -0.154066892150852, 0.0 ] ] ] ] } },
{ "type": "Feature", "properties": { "Toponim": "Muyuo", "subws_id": 23, "Kelas": 0, "Kls_Pr": "Dipertahankan" }, "geometry": { "type": "MultiPolygon", "coordinates": [ [ [ [ 115.751432063242589, -0.083046319841133, 0.0 ], [ 115.751364915784023, -0.083120181981257, 0.0 ], [ 115.749556525937408, -0.084167145066506, 0.0 ], [ 115.748554389027944, -0.08481030724962, 0.0 ], [ 115.747172982347536, -0.082392844692551, 0.0 ], [ 115.7469308975394, -0.081424505441175, 0.0 ], [ 115.747376828802359, -0.08129655909044, 0.0 ], [ 115.749631131192345, -0.079575939021965, 0.0 ], [ 115.749696453671433, -0.079530512424472, 0.0 ], [ 115.749765504455809, -0.079491068577616, 0.0 ], [ 115.749837744378453, -0.079457915469548, 0.0 ], [ 115.749912609372529, -0.079431311968954, 0.0 ], [ 115.749989514872269, -0.079411465803385, 0.0 ], [ 115.750067860379716, -0.079398531937591, 0.0 ], [ 115.750147034153144, -0.079392611363173, 0.0 ], [ 115.750226417982802, -0.079393750310038, 0.0 ], [ 115.750305392018745, -0.07940193988571, 0.0 ], [ 115.750383339610963, -0.079417116144578, 0.0 ], [ 115.750459652124079, -0.079439160586806, 0.0 ], [ 115.750533733689281, -0.079467901084484, 0.0 ], [ 115.750605005858205, -0.079503113224405, 0.0 ], [ 115.750672912118262, -0.07954452206143, 0.0 ], [ 115.75073692223917, -0.079591804264929, 0.0 ], [ 115.750796536412551, -0.079644590642942, 0.0 ], [ 115.75085128915444, -0.079702469025858, 0.0 ], [ 115.75090075294024, -0.079764987483954, 0.0 ], [ 115.750944541543475, -0.079831657856534, 0.0 ], [ 115.750982313050187, -0.079901959563691, 0.0 ], [ 115.751013772530357, -0.079975343670651, 0.0 ], [ 115.751038674339156, -0.080051237174953, 0.0 ], [ 115.751209846495669, -0.080662387611882, 0.0 ], [ 115.751228458914397, -0.080743952919878, 0.0 ], [ 115.751239381383911, -0.080825552734818, 0.0 ], [ 115.751432063242589, -0.083046319841133, 0.0 ] ] ] ] } },
{ "type": "Feature", "properties": { "Toponim": "Kedangpahu", "subws_id": 19, "Kelas": 1, "Kls_Pr": "Dipertahankan" }, "geometry": { "type": "MultiPolygon", "coordinates": [ [ [ [ 115.931360331161059, -0.280813726278726, 0.0 ], [ 115.932786945381622, -0.281495166619345, 0.0 ], [ 115.935075078278729, -0.282362968455498, 0.0 ], [ 115.937006617988658, -0.283111069350077, 0.0 ], [ 115.93864098977798, -0.283859146120508, 0.0 ], [ 115.940007903902696, -0.284637114823441, 0.0 ], [ 115.94110735806106, -0.285504809447763, 0.0 ], [ 115.942206793331337, -0.28658192476503, 0.0 ], [ 115.943543898154175, -0.288377070349446, 0.0 ], [ 115.944608607700133, -0.290052025975765, 0.0 ], [ 115.945292012083158, -0.291039354311081, 0.0 ], [ 115.946213115919207, -0.292415624779327, 0.0 ], [ 115.947015407683082, -0.293193543902352, 0.0 ], [ 115.948025698670676, -0.294180904577973, 0.0 ], [ 115.94882802157781, -0.294629735441911, 0.0 ], [ 115.949808653710107, -0.295018751916148, 0.0 ], [ 115.950908171087605, -0.295228277109513, 0.0 ], [ 115.951859134317971, -0.295108697063005, 0.0 ], [ 115.952483244273225, -0.294600165803027, 0.0 ], [ 115.953642321663679, -0.293463423758235, 0.0 ], [ 115.954504223259434, -0.292386488113177, 0.0 ], [ 115.954979801883184, -0.291249680511359, 0.0 ], [ 115.955098759903564, -0.290292345086912, 0.0 ], [ 115.95498001595125, -0.288916144553797, 0.0 ], [ 115.954445342006196, -0.286343219467697, 0.0 ], [ 115.95337593008189, -0.281795717497073, 0.0 ], [ 115.953078960814523, -0.279521988519643, 0.0 ], [ 115.95307902511081, -0.278794995479038, 0.0 ], [ 115.953079026700934, -0.278766817839793, 0.0 ], [ 115.953079066561884, -0.278325304537204, 0.0 ], [ 115.953227717636523, -0.277577388253766, 0.0 ], [ 115.953614116799315, -0.276709825324049, 0.0 ], [ 115.95408965612863, -0.27599185673208, 0.0 ], [ 115.954743456980154, -0.27575257911683, 0.0 ], [ 115.955605270694932, -0.275573151349461, 0.0 ], [ 115.956793958750126, -0.275573257120439, 0.0 ], [ 115.958279783584004, -0.276022145053093, 0.0 ], [ 115.960508480416365, -0.27712927748375, 0.0 ], [ 115.963393868421846, -0.27896644973558, 0.0 ], [ 115.964962823613448, -0.280330815046078, 0.0 ], [ 115.966745700412176, -0.282197810462432, 0.0 ], [ 115.968457224300465, -0.284423809696385, 0.0 ], [ 115.969669483874199, -0.286757466525229, 0.0 ], [ 115.970204226556291, -0.288660254112857, 0.0 ], [ 115.97045365910067, -0.290814322265864, 0.0 ], [ 115.970453499232377, -0.292573459711041, 0.0 ], [ 115.970203713681286, -0.294296671912672, 0.0 ], [ 115.969811313653068, -0.295696765785931, 0.0 ], [ 115.969276298976311, -0.29680963784572, 0.0 ], [ 115.968491667750996, -0.297814784452996, 0.0 ], [ 115.967421720282601, -0.299107110488033, 0.0 ], [ 115.96551487372345, -0.301016846552585, 0.0 ], [ 115.965134439439694, -0.301567286692806, 0.0 ], [ 115.964896652744301, -0.302069873481552, 0.0 ], [ 115.964777739192996, -0.302524604724045, 0.0 ], [ 115.964849004009437, -0.303122955788792, 0.0 ], [ 115.964991624441055, -0.303362308477964, 0.0 ], [ 115.965419537585873, -0.303553819969947, 0.0 ], [ 115.96591878107678, -0.30362566839869, 0.0 ], [ 115.966655777150507, -0.303577872428954, 0.0 ], [ 115.967535455661846, -0.303147148352936, 0.0 ], [ 115.968415164602618, -0.302357416486913, 0.0 ], [ 115.969461310200458, -0.301376230339106, 0.0 ], [ 115.970602577808393, -0.300107846096102, 0.0 ], [ 115.971939836076345, -0.299068104879267, 0.0 ], [ 115.973277282698334, -0.297303108984427, 0.0 ], [ 115.974436429059693, -0.295538094861222, 0.0 ], [ 115.976156879447061, -0.292465484613624, 0.0 ], [ 115.97739332456625, -0.290263680907175, 0.0 ], [ 115.978391984720403, -0.288540529331851, 0.0 ], [ 115.979295466271452, -0.287774728242764, 0.0 ], [ 115.98010380628304, -0.287487592901639, 0.0 ], [ 115.981102322248049, -0.287391947480671, 0.0 ], [ 115.981910606608963, -0.287727094578299, 0.0 ], [ 115.982813935990947, -0.288684533335165, 0.0 ], [ 115.983479488344656, -0.290024893860071, 0.0 ], [ 115.984097488793353, -0.291413118663528, 0.0 ], [ 115.984715462171721, -0.293088549792112, 0.0 ], [ 115.985301880569367, -0.294428759011539, 0.0 ], [ 115.985455747904126, -0.294780407405315, 0.0 ], [ 115.98603805855322, -0.296467804222638, 0.0 ], [ 115.986596658287837, -0.297461113963918, 0.0 ], [ 115.987095851175255, -0.298143278861058, 0.0 ], [ 115.987702042934444, -0.298657915854557, 0.0 ], [ 115.988189395029835, -0.29883746498207, 0.0 ], [ 115.988641101938484, -0.298849474577396, 0.0 ], [ 115.989366214108571, -0.298801672705409, 0.0 ], [ 115.99003191155451, -0.298550428486151, 0.0 ], [ 115.99089627699145, -0.297971645950813, 0.0 ], [ 115.991743748232523, -0.297449622703423, 0.0 ], [ 115.992243047381862, -0.296982954325279, 0.0 ], [ 115.992587778156079, -0.296887250452939, 0.0 ], [ 115.993092289089674, -0.296964788463701, 0.0 ], [ 115.993511497892882, -0.297205997991557, 0.0 ], [ 115.994034481983093, -0.297732594664831, 0.0 ], [ 115.994509902850098, -0.29840279091001, 0.0 ], [ 115.994843906395829, -0.29918466685366, 0.0 ], [ 115.99508153408577, -0.300441224515217, 0.0 ], [ 115.995497441845217, -0.301967056812324, 0.0 ], [ 115.995943114573222, -0.302954376414398, 0.0 ], [ 115.996507666147707, -0.303881872283825, 0.0 ], [ 115.997399110616854, -0.304809399087919, 0.0 ], [ 115.998379695408531, -0.305886523448514, 0.0 ], [ 115.999806063983272, -0.306754267274423, 0.0 ], [ 115.999999999944293, -0.306839484556249, 0.0 ], [ 116.000001661294988, -0.306840214718666, 0.0 ], [ 116.002258812436423, -0.307502939962787, 0.0 ], [ 116.006408593025597, -0.30891158101857, 0.0 ], [ 116.009949231298847, -0.310834185617658, 0.0 ], [ 116.013546564586861, -0.313608281266355, 0.0 ], [ 116.015084535141895, -0.314590476067283, 0.0 ], [ 116.016154306562512, -0.315368437765523, 0.0 ], [ 116.017521290325973, -0.315787417063982, 0.0 ], [ 116.018828877244005, -0.315787540497927, 0.0 ], [ 116.020849757802296, -0.315129541331526, 0.0 ], [ 116.023524429804667, -0.314531439062727, 0.0 ], [ 116.025842486760283, -0.313933300798133, 0.0 ], [ 116.028101058370282, -0.313873676715693, 0.0 ], [ 116.031488899318873, -0.313993664596068, 0.0 ], [ 116.037313580635157, -0.314592564611709, 0.0 ], [ 116.042662814052264, -0.314892238850184, 0.0 ], [ 116.046499388333572, -0.315108356516346, 0.0 ], [ 116.046671735179103, -0.315150469095668, 0.0 ], [ 116.04836997590651, -0.316324206300987, 0.0 ], [ 116.049639022131018, -0.315689682706393, 0.0 ], [ 116.050676959783985, -0.31619352162344, 0.0 ], [ 116.053242270383336, -0.317226819283453, 0.0 ], [ 116.056095084716048, -0.318722984950054, 0.0 ], [ 116.058294088231307, -0.320338764252698, 0.0 ], [ 116.060493095783983, -0.321954544223128, 0.0 ], [ 116.062038331584532, -0.323211250022483, 0.0 ], [ 116.063167596308347, -0.323570371784315, 0.0 ], [ 116.063940276949822, -0.323510607286739, 0.0 ], [ 116.064950750167853, -0.32297217420534, 0.0 ], [ 116.066904581861138, -0.324730568229323, 0.0 ], [ 116.067474984093479, -0.326798564322139, 0.0 ], [ 116.067703009051812, -0.329096300832083, 0.0 ], [ 116.068844045051023, -0.330704809746079, 0.0 ], [ 116.069080064177641, -0.331232954882503, 0.0 ], [ 116.068419889682502, -0.330715933818876, 0.0 ], [ 116.062195023125867, -0.32730748737786, 0.0 ], [ 116.061059629571915, -0.32636029532434, 0.0 ], [ 116.060303588461963, -0.32644638813845, 0.0 ], [ 116.060252352490579, -0.326450732117288, 0.0 ], [ 116.059225281369748, -0.326508077855503, 0.0 ], [ 116.0591683351482, -0.326509436987326, 0.0 ], [ 116.059111417809021, -0.326507160994068, 0.0 ], [ 116.058323226861049, -0.326450408332413, 0.0 ], [ 116.057734757964681, -0.326422141602309, 0.0 ], [ 116.057714961579052, -0.326420970152117, 0.0 ], [ 116.057101579546881, -0.326377830989076, 0.0 ], [ 116.05702272158571, -0.326368747156336, 0.0 ], [ 116.056944967535145, -0.32635269306585, 0.0 ], [ 116.056868924079794, -0.326329793981965, 0.0 ], [ 116.056237303415571, -0.32610855619251, 0.0 ], [ 116.055917521925451, -0.326017022553015, 0.0 ], [ 116.05520009531223, -0.325925031530984, 0.0 ], [ 116.055192925116998, -0.325924082608319, 0.0 ], [ 116.055178599682392, -0.325922009263677, 0.0 ], [ 116.052926429952066, -0.325577389971062, 0.0 ], [ 116.05143594475372, -0.325354948853887, 0.0 ], [ 116.0496333524259, -0.325285513795521, 0.0 ], [ 116.0483653294867, -0.325285393309854, 0.0 ], [ 116.046430791414664, -0.325341253137225, 0.0 ], [ 116.045067996465974, -0.325489079075387, 0.0 ], [ 116.044130581231101, -0.325714943930325, 0.0 ], [ 116.042983166044465, -0.326046759721028, 0.0 ], [ 116.042134877643676, -0.326460714912318, 0.0 ], [ 116.041384703391486, -0.326883031480356, 0.0 ], [ 116.041281091785734, -0.326968108938536, 0.0 ], [ 116.040956433440314, -0.327234688431994, 0.0 ], [ 116.0407513746798, -0.32746319993829, 0.0 ], [ 116.040733779751534, -0.327532254665247, 0.0 ], [ 116.040794698361282, -0.327596515617521, 0.0 ], [ 116.041124668452525, -0.327851243523744, 0.0 ], [ 116.041777270373217, -0.328240159248427, 0.0 ], [ 116.041816335053085, -0.328264826700875, 0.0 ], [ 116.042502706751648, -0.328725573833709, 0.0 ], [ 116.042564514384921, -0.328771008039152, 0.0 ], [ 116.042587870948807, -0.328790420525133, 0.0 ], [ 116.043272522171094, -0.329379271447541, 0.0 ], [ 116.043309878995871, -0.329413269590427, 0.0 ], [ 116.043333706513664, -0.329437082316917, 0.0 ], [ 116.04380439369335, -0.329925389291728, 0.0 ], [ 116.043848655419325, -0.329974823371636, 0.0 ], [ 116.04388918717278, -0.330027399720219, 0.0 ], [ 116.04392576956738, -0.330082833757563, 0.0 ], [ 116.044269854749174, -0.330648315810098, 0.0 ], [ 116.044305767864657, -0.330713170584895, 0.0 ], [ 116.044336276605208, -0.330780772013175, 0.0 ], [ 116.044361175420363, -0.330850664635546, 0.0 ], [ 116.044380296555502, -0.330922377555738, 0.0 ], [ 116.044393511183259, -0.330995427613077, 0.0 ], [ 116.044400730271164, -0.331069322638453, 0.0 ], [ 116.044438704351137, -0.331739489810064, 0.0 ], [ 116.044439689727895, -0.33182035804398, 0.0 ], [ 116.044433496760661, -0.331900991691239, 0.0 ], [ 116.044420174949309, -0.331980746255591, 0.0 ], [ 116.044399830773528, -0.33205898426692, 0.0 ], [ 116.044372626841948, -0.332135080376879, 0.0 ], [ 116.044338780593236, -0.332208426357272, 0.0 ], [ 116.0440914805055, -0.332687089458004, 0.0 ], [ 116.04405466069791, -0.332751708661295, 0.0 ], [ 116.044012684248884, -0.332813058771665, 0.0 ], [ 116.043965835835536, -0.332870723723677, 0.0 ], [ 116.043357140605451, -0.333559973792282, 0.0 ], [ 116.043304768556155, -0.333614487336626, 0.0 ], [ 116.042608305159831, -0.334277610335692, 0.0 ], [ 116.042101586180777, -0.334787636109929, 0.0 ], [ 116.041469797652539, -0.335587065455739, 0.0 ], [ 116.04085936852664, -0.336372141511341, 0.0 ], [ 116.040683409005126, -0.336785360524078, 0.0 ], [ 116.040340034667011, -0.337676599198412, 0.0 ], [ 116.040102627993377, -0.338466860861525, 0.0 ], [ 116.040077692943086, -0.338538783527067, 0.0 ], [ 116.040046834934117, -0.338608338917169, 0.0 ], [ 116.040010272830827, -0.338675033701476, 0.0 ], [ 116.039968265954968, -0.338738394838254, 0.0 ], [ 116.039548604129521, -0.33931439530752, 0.0 ], [ 116.039503318652848, -0.339371554663312, 0.0 ], [ 116.039453595826885, -0.339424845565729, 0.0 ], [ 116.039399760467873, -0.33947391988913, 0.0 ], [ 116.039342164258954, -0.339518457053273, 0.0 ], [ 116.038695452036961, -0.339977931016173, 0.0 ], [ 116.038637663597996, -0.340015731973853, 0.0 ], [ 116.038577167427604, -0.340048963122362, 0.0 ], [ 116.038514319377668, -0.340077428988931, 0.0 ], [ 116.038449489135346, -0.340100962131195, 0.0 ], [ 116.038383058046449, -0.340119424122067, 0.0 ], [ 116.037736374912683, -0.340272538976736, 0.0 ], [ 116.037660046088092, -0.34028713756792, 0.0 ], [ 116.037582749923587, -0.340295043679769, 0.0 ], [ 116.037505064298998, -0.340296198205256, 0.0 ], [ 116.037427570004851, -0.340290592513508, 0.0 ], [ 116.036454671374671, -0.340177481273663, 0.0 ], [ 116.03574809838139, -0.340121252639661, 0.0 ], [ 116.035698201199907, -0.340115866709682, 0.0 ], [ 116.035616460524494, -0.340100804248041, 0.0 ], [ 116.034720152415872, -0.339889530925674, 0.0 ], [ 116.034647252761715, -0.339869051165347, 0.0 ], [ 116.034605740910038, -0.339854326822004, 0.0 ], [ 116.033654796019178, -0.339490430587643, 0.0 ], [ 116.033620824280561, -0.339476626382479, 0.0 ], [ 116.033554247716594, -0.339444656192899, 0.0 ], [ 116.0325462629079, -0.338908426978172, 0.0 ], [ 116.032492805722356, -0.338877583435194, 0.0 ], [ 116.03244157379855, -0.338843124372984, 0.0 ], [ 116.031832989965835, -0.338402672276964, 0.0 ], [ 116.031797181238957, -0.338375364013464, 0.0 ], [ 116.031764273749801, -0.338347619142458, 0.0 ], [ 116.031136682960991, -0.33779228007655, 0.0 ], [ 116.031095772836665, -0.337753738373468, 0.0 ], [ 116.0310573283043, -0.337712704751415, 0.0 ], [ 116.031021498841753, -0.337669338754662, 0.0 ], [ 116.030446900609775, -0.336928032986967, 0.0 ], [ 116.030333775881275, -0.336814126746302, 0.0 ], [ 116.030292473861167, -0.336769640765716, 0.0 ], [ 116.030281834676146, -0.336757151480679, 0.0 ], [ 116.029977558807929, -0.336393319481644, 0.0 ], [ 116.029939035290255, -0.336343866082739, 0.0 ], [ 116.029443986387065, -0.335660762935525, 0.0 ], [ 116.029237064130669, -0.335413341262868, 0.0 ], [ 116.028994069411183, -0.335243947849163, 0.0 ], [ 116.028902654037736, -0.335225532234226, 0.0 ], [ 116.028661993266113, -0.335236042634365, 0.0 ], [ 116.028025969154385, -0.335392145350496, 0.0 ], [ 116.027301820526361, -0.335676556153034, 0.0 ], [ 116.027252824272608, -0.335694171893552, 0.0 ], [ 116.02718485110681, -0.33571346104832, 0.0 ], [ 116.026264204011454, -0.335935803361874, 0.0 ], [ 116.025266891416678, -0.336251772912996, 0.0 ], [ 116.025231508169725, -0.336262184994527, 0.0 ], [ 116.024527765012778, -0.336453588840626, 0.0 ], [ 116.024464867788467, -0.336468276504134, 0.0 ], [ 116.024401085266817, -0.336478379241955, 0.0 ], [ 116.024336746778602, -0.336483844890796, 0.0 ], [ 116.023174427227389, -0.336540346269494, 0.0 ], [ 116.022088135988128, -0.336634511091049, 0.0 ], [ 116.02205127375737, -0.336636939196339, 0.0 ], [ 116.022010960187998, -0.336637845996297, 0.0 ], [ 116.020926849088411, -0.336637736701936, 0.0 ], [ 116.020886535333617, -0.336636821756749, 0.0 ], [ 116.020854474268802, -0.33663479027671, 0.0 ], [ 116.018971558179246, -0.336481420756153, 0.0 ], [ 116.018923317271629, -0.336476168156324, 0.0 ], [ 116.018887139755904, -0.3364704729284, 0.0 ], [ 116.017439617864838, -0.336212075523755, 0.0 ], [ 116.017033455295234, -0.336191064850471, 0.0 ], [ 116.016808693724172, -0.3361794385402, 0.0 ], [ 116.015893945226907, -0.336245123276629, 0.0 ], [ 116.014541844797463, -0.336641269317018, 0.0 ], [ 116.012676246844222, -0.337477835089717, 0.0 ], [ 116.009936944295291, -0.338703151374297, 0.0 ], [ 116.009925160359572, -0.338708321149171, 0.0 ], [ 116.009892520211636, -0.338721606909169, 0.0 ], [ 116.007860788095854, -0.339502333094091, 0.0 ], [ 116.005786235237423, -0.340666435166531, 0.0 ], [ 116.0052276487271, -0.3410150065497, 0.0 ], [ 116.005393387485611, -0.342142214577769, 0.0 ], [ 116.007486252057959, -0.343211259224936, 0.0 ], [ 116.007938146248975, -0.34389380996472, 0.0 ], [ 116.008009407884302, -0.344487383391976, 0.0 ], [ 116.008104406046925, -0.345444757843787, 0.0 ], [ 116.007771456101977, -0.346497823685646, 0.0 ], [ 116.003999022732131, -0.349479672243177, 0.0 ], [ 116.003063649197458, -0.351188404884091, 0.0 ], [ 116.002730676822253, -0.352432940911365, 0.0 ], [ 116.002730605477197, -0.35310309494163, 0.0 ], [ 116.003396143118735, -0.354443475140478, 0.0 ], [ 116.003776393818555, -0.355735956664735, 0.0 ], [ 116.003205645452397, -0.357267675480673, 0.0 ], [ 116.001921806570422, -0.357506875835077, 0.0 ], [ 115.997214631049971, -0.356261789824612, 0.0 ], [ 115.996694440704218, -0.35703046375176, 0.0 ], [ 115.996168235410764, -0.359277362179624, 0.0 ], [ 115.995026776465394, -0.361957845616998, 0.0 ], [ 115.994598686417461, -0.363345970573623, 0.0 ], [ 115.994523895132843, -0.366858853607732, 0.0 ], [ 115.994519153638294, -0.367081551535329, 0.0 ], [ 115.994519074521705, -0.367093454856882, 0.0 ], [ 115.99450468662279, -0.368184844159534, 0.0 ], [ 115.994501653552916, -0.368248062883835, 0.0 ], [ 115.994430234599264, -0.369109679126225, 0.0 ], [ 115.994424614444895, -0.369160262211995, 0.0 ], [ 115.994416177144544, -0.369210446997839, 0.0 ], [ 115.994223495132488, -0.370188428271128, 0.0 ], [ 115.994218888056366, -0.370210381671002, 0.0 ], [ 115.99403335403376, -0.371043263902334, 0.0 ], [ 115.994016428044972, -0.371107945260058, 0.0 ], [ 115.993994800754407, -0.371171190685902, 0.0 ], [ 115.993968590411555, -0.371232654380774, 0.0 ], [ 115.993854651454598, -0.371474736930878, 0.0 ], [ 115.993652755791217, -0.372003008834203, 0.0 ], [ 115.993642735221869, -0.372028102331571, 0.0 ], [ 115.993486160112838, -0.372403866371806, 0.0 ], [ 115.993389114806732, -0.372818862944292, 0.0 ], [ 115.993382401102963, -0.372845722510598, 0.0 ], [ 115.993168342061196, -0.373649880730752, 0.0 ], [ 115.993166557203907, -0.373656485866051, 0.0 ], [ 115.99315282267554, -0.373701886040349, 0.0 ], [ 115.992995858633407, -0.37417576116587, 0.0 ], [ 115.992989942940596, -0.374193037188374, 0.0 ], [ 115.992690689791516, -0.375039131819158, 0.0 ], [ 115.992434242657083, -0.375770348354718, 0.0 ], [ 115.992428170102116, -0.375787133432056, 0.0 ], [ 115.992426207619985, -0.375792346847669, 0.0 ], [ 115.992240711563738, -0.376280578972766, 0.0 ], [ 115.992212457797621, -0.376346888972886, 0.0 ], [ 115.992179044284029, -0.376410721090347, 0.0 ], [ 115.992140683604944, -0.376471669214414, 0.0 ], [ 115.992097619817983, -0.376529345583156, 0.0 ], [ 115.992050126902129, -0.376583383249474, 0.0 ], [ 115.99172200277232, -0.376927994278867, 0.0 ], [ 115.991676359369222, -0.376972651592512, 0.0 ], [ 115.991627690301826, -0.377013944099003, 0.0 ], [ 115.991576239764271, -0.377051664615766, 0.0 ], [ 115.99152226590607, -0.377085623883071, 0.0 ], [ 115.991151362781125, -0.377300985841694, 0.0 ], [ 115.991090811044131, -0.37733311495859, 0.0 ], [ 115.991028005640942, -0.37736051070123, 0.0 ], [ 115.990771230568242, -0.377461003653669, 0.0 ], [ 115.990700274356783, -0.377485394615983, 0.0 ], [ 115.990627545245005, -0.377503745234765, 0.0 ], [ 115.990553549634342, -0.377515927737606, 0.0 ], [ 115.990478802745102, -0.377521857300366, 0.0 ], [ 115.990093657697415, -0.377536172194129, 0.0 ], [ 115.990018875631563, -0.37753581585657, 0.0 ], [ 115.989718109838279, -0.377521364144953, 0.0 ], [ 115.989653947814872, -0.377515956067169, 0.0 ], [ 115.989590335246007, -0.377505936095399, 0.0 ], [ 115.98952759879451, -0.377491355684241, 0.0 ], [ 115.989466060623826, -0.377472289707582, 0.0 ], [ 115.989406036744242, -0.377448836072915, 0.0 ], [ 115.989169645392721, -0.377345951743131, 0.0 ], [ 115.989100339916433, -0.377312168102361, 0.0 ], [ 115.989080180014909, -0.377300905497589, 0.0 ], [ 115.988715145093877, -0.377090762419421, 0.0 ], [ 115.988666095757878, -0.377060385676651, 0.0 ], [ 115.988611735754375, -0.377021254951857, 0.0 ], [ 115.988418279813942, -0.376870744922785, 0.0 ], [ 115.988367106856501, -0.37682778906788, 0.0 ], [ 115.988319236360184, -0.376781133933469, 0.0 ], [ 115.98827493153145, -0.376731036044865, 0.0 ], [ 115.988234435973155, -0.376677770856395, 0.0 ], [ 115.987865790294705, -0.376153706008873, 0.0 ], [ 115.987230178521074, -0.375470282526159, 0.0 ], [ 115.986729473703349, -0.375009008295054, 0.0 ], [ 115.986272078985365, -0.374663572942939, 0.0 ], [ 115.98576123019393, -0.374342065017144, 0.0 ], [ 115.985220631493988, -0.374053863186191, 0.0 ], [ 115.984656865364656, -0.373818196893747, 0.0 ], [ 115.984075871948477, -0.373619478163247, 0.0 ], [ 115.983393645032592, -0.373423160440525, 0.0 ], [ 115.982973820571672, -0.373349147819037, 0.0 ], [ 115.982418375859638, -0.373263054130807, 0.0 ], [ 115.981735510389001, -0.373240799102218, 0.0 ], [ 115.981724166865902, -0.373240357180688, 0.0 ], [ 115.981679288766074, -0.373237187974362, 0.0 ], [ 115.980730433810663, -0.373146101029688, 0.0 ], [ 115.979848649771242, -0.373160156827121, 0.0 ], [ 115.979834320205342, -0.373160270193285, 0.0 ], [ 115.978694483923874, -0.37316013740648, 0.0 ], [ 115.977527415149794, -0.373194556590049, 0.0 ], [ 115.976737015793347, -0.373275181556775, 0.0 ], [ 115.975750184493805, -0.373370825819068, 0.0 ], [ 115.974625826912387, -0.373485026278887, 0.0 ], [ 115.9739621252116, -0.373629713483219, 0.0 ], [ 115.973953048015957, -0.373631642981985, 0.0 ], [ 115.973142219323876, -0.373799592684764, 0.0 ], [ 115.972469449479249, -0.37393497541805, 0.0 ], [ 115.972336797251259, -0.373996004803387, 0.0 ], [ 115.971871988408793, -0.374283069885578, 0.0 ], [ 115.971610567332576, -0.374455735840206, 0.0 ], [ 115.971459135234653, -0.374634655378593, 0.0 ], [ 115.971186375105731, -0.37505972079691, 0.0 ], [ 115.971067997948865, -0.375426258221756, 0.0 ], [ 115.971065884712914, -0.375432718836973, 0.0 ], [ 115.97096152101409, -0.375747788647426, 0.0 ], [ 115.970784082899002, -0.377049596045658, 0.0 ], [ 115.970820092381416, -0.377485223559443, 0.0 ], [ 115.97085168656379, -0.377669832903357, 0.0 ], [ 115.971059928205477, -0.37810867543975, 0.0 ], [ 115.97107861408422, -0.378150780631889, 0.0 ], [ 115.971345946664101, -0.37879690426975, 0.0 ], [ 115.9714050108348, -0.37893965590286, 0.0 ], [ 115.97206327852642, -0.379976836025356, 0.0 ], [ 115.972875747790596, -0.381257402059401, 0.0 ], [ 115.97357360849054, -0.382284467672889, 0.0 ], [ 115.97398373202661, -0.382888056419581, 0.0 ], [ 115.974427956572157, -0.383511113880948, 0.0 ], [ 115.975265662417272, -0.384447230397824, 0.0 ], [ 115.976408697686892, -0.385673534050556, 0.0 ], [ 115.976640497342103, -0.385922933117938, 0.0 ], [ 115.977354333862152, -0.386385328564353, 0.0 ], [ 115.977902878366208, -0.386703367736177, 0.0 ], [ 115.978607039328239, -0.387001068357544, 0.0 ], [ 115.978666625472641, -0.387028880757254, 0.0 ], [ 115.978724034418036, -0.387061000601071, 0.0 ], [ 115.978778959439708, -0.387097256279394, 0.0 ], [ 115.979563444661224, -0.387657405141157, 0.0 ], [ 115.979603931569855, -0.387688077466562, 0.0 ], [ 115.979655109601225, -0.387732443408565, 0.0 ], [ 115.980054470749593, -0.388105860368262, 0.0 ], [ 115.980104980170765, -0.388157012867785, 0.0 ], [ 115.98015128088926, -0.388212053895177, 0.0 ], [ 115.980193078550244, -0.388270633529259, 0.0 ], [ 115.980230107426522, -0.388332379352329, 0.0 ], [ 115.980501073592009, -0.388827844411965, 0.0 ], [ 115.980535920985631, -0.38889873286896, 0.0 ], [ 115.980564484151799, -0.388972414822932, 0.0 ], [ 115.980586544719159, -0.38904832696107, 0.0 ], [ 115.980684777811945, -0.389450898053735, 0.0 ], [ 115.980697662821029, -0.389513039340764, 0.0 ], [ 115.980706187004714, -0.389575937350078, 0.0 ], [ 115.980710308383223, -0.38963928232511, 0.0 ], [ 115.980726080447582, -0.390162967469724, 0.0 ], [ 115.980725091895181, -0.390240881027027, 0.0 ], [ 115.980717446595747, -0.390318419884755, 0.0 ], [ 115.980703201275844, -0.390395008714133, 0.0 ], [ 115.98068246163389, -0.390470079235297, 0.0 ], [ 115.980496954586755, -0.391044470390533, 0.0 ], [ 115.980474727502425, -0.391105696470346, 0.0 ], [ 115.980448178295077, -0.391165152122723, 0.0 ], [ 115.980417444835723, -0.391222528592529, 0.0 ], [ 115.979982284669489, -0.391969211750307, 0.0 ], [ 115.979945801808086, -0.392026725471368, 0.0 ], [ 115.979905116028306, -0.392081306820888, 0.0 ], [ 115.979860458870775, -0.392132645179223, 0.0 ], [ 115.979375401676691, -0.392649559227355, 0.0 ], [ 115.979343093499338, -0.392682276210895, 0.0 ], [ 115.979305529702103, -0.392716437436274, 0.0 ], [ 115.978720623475425, -0.393218976441797, 0.0 ], [ 115.978668490398874, -0.393260512751456, 0.0 ], [ 115.978613449319141, -0.393298054755943, 0.0 ], [ 115.977994641691453, -0.393687300579009, 0.0 ], [ 115.977461294363948, -0.394040449586774, 0.0 ], [ 115.977393225411973, -0.394081309369049, 0.0 ], [ 115.977333434674833, -0.394110868249963, 0.0 ], [ 115.976481351500894, -0.394493330862445, 0.0 ], [ 115.975392426586794, -0.39502282342663, 0.0 ], [ 115.975354669317568, -0.395040112614458, 0.0 ], [ 115.975329563886461, -0.395050463210559, 0.0 ], [ 115.975103075800575, -0.39513984578192, 0.0 ], [ 115.974645228688104, -0.395320534419204, 0.0 ], [ 115.97383052024189, -0.395744165419927, 0.0 ], [ 115.973805750188859, -0.395756562851049, 0.0 ], [ 115.973177978257283, -0.396058721318701, 0.0 ], [ 115.972677564897154, -0.396344563707058, 0.0 ], [ 115.972622440957267, -0.396373559725596, 0.0 ], [ 115.972565456625873, -0.396398647437082, 0.0 ], [ 115.972220016492074, -0.396536597785703, 0.0 ], [ 115.971724377675415, -0.396734527978863, 0.0 ], [ 115.971350359700409, -0.396947833044767, 0.0 ], [ 115.971333156457916, -0.396957395539324, 0.0 ], [ 115.971261316440874, -0.396992256589119, 0.0 ], [ 115.97086148611514, -0.397164705189814, 0.0 ], [ 115.970793585983373, -0.397190734924319, 0.0 ], [ 115.970723818814591, -0.397211156811493, 0.0 ], [ 115.970652640770879, -0.397225837326266, 0.0 ], [ 115.970580517237465, -0.397234680483209, 0.0 ], [ 115.970507919782548, -0.397237628463047, 0.0 ], [ 115.970137041742078, -0.397237581357107, 0.0 ], [ 115.970071605470608, -0.397235171158498, 0.0 ], [ 115.970006517300646, -0.397227969988085, 0.0 ], [ 115.969942122881022, -0.397216016087308, 0.0 ], [ 115.969556991889803, -0.397129805976307, 0.0 ], [ 115.969504476570663, -0.397116365682507, 0.0 ], [ 115.969452861464717, -0.39709976314935, 0.0 ], [ 115.969210374488981, -0.397013570083685, 0.0 ], [ 115.969156281568203, -0.396992340002695, 0.0 ], [ 115.969107594781605, -0.396969629085549, 0.0 ], [ 115.96870821385393, -0.396768535990039, 0.0 ], [ 115.968651697041807, -0.396737482474262, 0.0 ], [ 115.968597534244651, -0.396702434322359, 0.0 ], [ 115.968084057387628, -0.396343362228842, 0.0 ], [ 115.968069169760128, -0.396332724035458, 0.0 ], [ 115.967498639926802, -0.395916203937528, 0.0 ], [ 115.967440806127073, -0.395870223843055, 0.0 ], [ 115.967386909560958, -0.395819627348, 0.0 ], [ 115.967337312756015, -0.395764754782862, 0.0 ], [ 115.966355653519926, -0.394584897191286, 0.0 ], [ 115.965224664856919, -0.393279878365706, 0.0 ], [ 115.965196908944392, -0.393246243943433, 0.0 ], [ 115.964610475229932, -0.392499605958116, 0.0 ], [ 115.964587780396045, -0.392469434091921, 0.0 ], [ 115.963125399506012, -0.390434157079468, 0.0 ], [ 115.963121185190687, -0.390428241804517, 0.0 ], [ 115.962363764027515, -0.389356031278702, 0.0 ], [ 115.962149341656414, -0.389169292778456, 0.0 ], [ 115.962000195790779, -0.389123394163737, 0.0 ], [ 115.96193309703915, -0.389118561042619, 0.0 ], [ 115.961637282687676, -0.389207861754305, 0.0 ], [ 115.961047678746255, -0.389537523163963, 0.0 ], [ 115.960387131625026, -0.389929581317437, 0.0 ], [ 115.959859890260958, -0.390391761732745, 0.0 ], [ 115.959844932153516, -0.390404587265064, 0.0 ], [ 115.958997950257896, -0.39111487710246, 0.0 ], [ 115.958988796015333, -0.391128185110428, 0.0 ], [ 115.958991637016808, -0.391172733949952, 0.0 ], [ 115.95899348310509, -0.391230801866869, 0.0 ], [ 115.958993454511727, -0.391462653547623, 0.0 ], [ 115.959022757607343, -0.391620091326597, 0.0 ], [ 115.959033810039429, -0.391698115910743, 0.0 ], [ 115.959038074183596, -0.391776812863042, 0.0 ], [ 115.959035517669491, -0.391855584776844, 0.0 ], [ 115.959026159903487, -0.391933833676824, 0.0 ], [ 115.959010071923103, -0.39201096555787, 0.0 ], [ 115.958987375855443, -0.392086394894226, 0.0 ], [ 115.958958243991503, -0.392159549084945, 0.0 ], [ 115.958922897477578, -0.392229872799795, 0.0 ], [ 115.958881604637838, -0.392296832195789, 0.0 ], [ 115.958834678934949, -0.392359918968985, 0.0 ], [ 115.958782476593385, -0.39241865421358, 0.0 ], [ 115.95872539389245, -0.392472592057242, 0.0 ], [ 115.958663864160613, -0.392521323045828, 0.0 ], [ 115.958598354483698, -0.392564477251786, 0.0 ], [ 115.958529362161059, -0.392601727082059, 0.0 ], [ 115.95845741092829, -0.392632789765239, 0.0 ], [ 115.958383046984565, -0.392657429497984, 0.0 ], [ 115.958306834842716, -0.392675459235077, 0.0 ], [ 115.958229353046946, -0.392686742109013, 0.0 ], [ 115.958151189778206, -0.392691192469645, 0.0 ], [ 115.958072938391894, -0.392688776533717, 0.0 ], [ 115.957995192911142, -0.392679512641753, 0.0 ], [ 115.957918543519696, -0.392663471118344, 0.0 ], [ 115.957843572079582, -0.392640773738984, 0.0 ], [ 115.957770847715381, -0.392611592804702, 0.0 ], [ 115.957700922493601, -0.392576149834906, 0.0 ], [ 115.957634327231744, -0.392534713885518, 0.0 ], [ 115.957571567468506, -0.392487599506142, 0.0 ], [ 115.957513119626995, -0.392435164352571, 0.0 ], [ 115.956974826300296, -0.391908137281262, 0.0 ], [ 115.956924545283471, -0.391854734114637, 0.0 ], [ 115.956876590955019, -0.391794451856229, 0.0 ], [ 115.956460539444123, -0.391223054135667, 0.0 ], [ 115.956416336183267, -0.391155995658155, 0.0 ], [ 115.956378228430182, -0.391085247314059, 0.0 ], [ 115.956346517835286, -0.391011369129141, 0.0 ], [ 115.956321455411512, -0.390934945903786, 0.0 ], [ 115.956303239546102, -0.390856582584344, 0.0 ], [ 115.956292014430161, -0.390776899474721, 0.0 ], [ 115.956287868919205, -0.390696527325412, 0.0 ], [ 115.956290835826948, -0.39061610234108, 0.0 ], [ 115.93030691475478, -0.373530104218875, 0.0 ], [ 115.924066693483681, -0.370238484705531, 0.0 ], [ 115.911288834548557, -0.36604857422257, 0.0 ], [ 115.902671443046756, -0.361560022461466, 0.0 ], [ 115.875485922965296, -0.341617425120601, 0.0 ], [ 115.885840283944049, -0.326448413114209, 0.0 ], [ 115.893840202348883, -0.314622446789838, 0.0 ], [ 115.900101008057021, -0.305231238238068, 0.0 ], [ 115.901492298214592, -0.299666077614694, 0.0 ], [ 115.904274878529094, -0.287840111290376, 0.0 ], [ 115.905035590154895, -0.283956832929146, 0.0 ], [ 115.903741366000119, -0.284073313682296, 0.0 ], [ 115.903648807000039, -0.283947220682493, 0.0 ], [ 115.903213962000237, -0.283612388682828, 0.0 ], [ 115.902446535000024, -0.283535055683011, 0.0 ], [ 115.901781411000186, -0.283689511682736, 0.0 ], [ 115.901013947000521, -0.284024228682302, 0.0 ], [ 115.900297655000088, -0.284255939682155, 0.0 ], [ 115.899555793000403, -0.284358880681966, 0.0 ], [ 115.89896742800012, -0.284358825682058, 0.0 ], [ 115.898532578000285, -0.284075497682233, 0.0 ], [ 115.898123322000373, -0.283611901682895, 0.0 ], [ 115.897995502000029, -0.282710528683671, 0.0 ], [ 115.898072306000302, -0.282066706684495, 0.0 ], [ 115.898200253000269, -0.28162891568508, 0.0 ], [ 115.898430519000158, -0.281242640685526, 0.0 ], [ 115.899402679000204, -0.28039287868647, 0.0 ], [ 115.899837579000163, -0.280161139686638, 0.0 ], [ 115.900349224000124, -0.279903657686865, 0.0 ], [ 115.900809706000302, -0.279671922687194, 0.0 ], [ 115.901423683000218, -0.279337188687587, 0.0 ], [ 115.901577198000112, -0.279028164688002, 0.0 ], [ 115.901653968000232, -0.278744887688257, 0.0 ], [ 115.901781906000195, -0.278410107688574, 0.0 ], [ 115.901781938000241, -0.278049563689062, 0.0 ], [ 115.902149194109498, -0.274588238772614, 0.0 ], [ 115.90209738138023, -0.274568829851526, 0.0 ], [ 115.902046852357174, -0.274546249848736, 0.0 ], [ 115.901997798322583, -0.274520584243051, 0.0 ], [ 115.901167028560266, -0.274052690539322, 0.0 ], [ 115.900009258171679, -0.273442022533727, 0.0 ], [ 115.89865618113248, -0.272852064822463, 0.0 ], [ 115.898622569977931, -0.272836575757314, 0.0 ], [ 115.898366783499739, -0.272712232261236, 0.0 ], [ 115.898099526622431, -0.272694849498837, 0.0 ], [ 115.898038623065418, -0.272688785567732, 0.0 ], [ 115.897669823111741, -0.272639246757215, 0.0 ], [ 115.897260360615462, -0.272639208615927, 0.0 ], [ 115.896484381342987, -0.272741588664194, 0.0 ], [ 115.89578006311767, -0.272893461440656, 0.0 ], [ 115.895161037039458, -0.273117518214162, 0.0 ], [ 115.894454671906857, -0.273499008022525, 0.0 ], [ 115.893512824823176, -0.274055038034132, 0.0 ], [ 115.892854663760218, -0.274522155997915, 0.0 ], [ 115.892371257403028, -0.274982657570502, 0.0 ], [ 115.891939980789985, -0.275399037301908, 0.0 ], [ 115.891489817279449, -0.275930567007442, 0.0 ], [ 115.891134986211128, -0.276396412072746, 0.0 ], [ 115.890926163450686, -0.276886818480088, 0.0 ], [ 115.890539743868246, -0.277848494897866, 0.0 ], [ 115.890174182909576, -0.278797962019064, 0.0 ], [ 115.889760494025694, -0.279885110107198, 0.0 ], [ 115.889568962741777, -0.280554066266143, 0.0 ], [ 115.889549511710982, -0.280614054994555, 0.0 ], [ 115.889324250988295, -0.281234522290391, 0.0 ], [ 115.889063312881447, -0.281962681917829, 0.0 ], [ 115.889059308284516, -0.281973635035804, 0.0 ], [ 115.889047860839483, -0.282002787450403, 0.0 ], [ 115.88872684970363, -0.282780585654329, 0.0 ], [ 115.888722295977075, -0.28279141978781, 0.0 ], [ 115.888084829704027, -0.284281000172345, 0.0 ], [ 115.888069136719437, -0.284315644810589, 0.0 ], [ 115.888063258112837, -0.284327701197071, 0.0 ], [ 115.887506857865858, -0.285447719464509, 0.0 ], [ 115.887499597626174, -0.285462015537586, 0.0 ], [ 115.887000266402836, -0.286424080760796, 0.0 ], [ 115.886990734183115, -0.286441955284299, 0.0 ], [ 115.886377276906586, -0.287561968533977, 0.0 ], [ 115.886363705187279, -0.287585878798432, 0.0 ], [ 115.885551051664322, -0.288968302079906, 0.0 ], [ 115.885111244303104, -0.290023839163091, 0.0 ], [ 115.885105818322046, -0.290036586655493, 0.0 ], [ 115.884692500771536, -0.290987410745131, 0.0 ], [ 115.884191285065768, -0.292191207237122, 0.0 ], [ 115.884110734627001, -0.29246654913255, 0.0 ], [ 115.883845858567085, -0.293520545838287, 0.0 ], [ 115.883825530978868, -0.293589709079366, 0.0 ], [ 115.883799794305418, -0.293657021969904, 0.0 ], [ 115.883768812182538, -0.293722056528748, 0.0 ], [ 115.883732781597104, -0.293784399261246, 0.0 ], [ 115.883634197005833, -0.293940324466035, 0.0 ], [ 115.883528531109121, -0.29430023705029, 0.0 ], [ 115.883370804648919, -0.295150410405726, 0.0 ], [ 115.883040124986024, -0.296968731812354, 0.0 ], [ 115.882997874170911, -0.297701185295629, 0.0 ], [ 115.883020609327815, -0.298608899615329, 0.0 ], [ 115.883020894820888, -0.298631792626471, 0.0 ], [ 115.8830206440566, -0.298653070244022, 0.0 ], [ 115.882996768124627, -0.299670227557972, 0.0 ], [ 115.882995263208642, -0.299705377504656, 0.0 ], [ 115.882959543233156, -0.300279768682749, 0.0 ], [ 115.882953447759519, -0.300342564917958, 0.0 ], [ 115.882943018137638, -0.300404780497108, 0.0 ], [ 115.882928305128388, -0.300466112618852, 0.0 ], [ 115.882820697634514, -0.300851160800577, 0.0 ], [ 115.882800123913, -0.300915461525356, 0.0 ], [ 115.882774840862623, -0.300978037191302, 0.0 ], [ 115.882744989497212, -0.30103853878831, 0.0 ], [ 115.882710736310187, -0.301096628874144, 0.0 ], [ 115.88247296720192, -0.30146756794609, 0.0 ], [ 115.882444856624829, -0.301508867449476, 0.0 ], [ 115.882398481122394, -0.301567798318464, 0.0 ], [ 115.882102110913735, -0.301913828203581, 0.0 ], [ 115.881817625980801, -0.302247889718647, 0.0 ], [ 115.881771205729223, -0.302298379833204, 0.0 ], [ 115.8817211080204, -0.30234517214691, 0.0 ], [ 115.881422726895536, -0.302603320144121, 0.0 ], [ 115.881397244351987, -0.302624558264062, 0.0 ], [ 115.881378930083287, -0.302638873333329, 0.0 ], [ 115.880599106771243, -0.303232334288352, 0.0 ], [ 115.880552190431061, -0.303265720390445, 0.0 ], [ 115.880481500682933, -0.303308137958493, 0.0 ], [ 115.879909436083423, -0.303615216857483, 0.0 ], [ 115.879837370789275, -0.303649851756674, 0.0 ], [ 115.879762535425129, -0.303677908113228, 0.0 ], [ 115.879685521141994, -0.303699164300619, 0.0 ], [ 115.879094915599254, -0.303833360105018, 0.0 ], [ 115.879017617219787, -0.30384738056468, 0.0 ], [ 115.878941876087637, -0.303854430504336, 0.0 ], [ 115.8781788507914, -0.303892752920102, 0.0 ], [ 115.878136260000772, -0.303893768181589, 0.0 ], [ 115.877204349923588, -0.303893670891385, 0.0 ], [ 115.877186016359744, -0.303893480656718, 0.0 ], [ 115.876254106293899, -0.303874236364997, 0.0 ], [ 115.876232128112903, -0.303873511551496, 0.0 ], [ 115.876195705772673, -0.303871113889106, 0.0 ], [ 115.874864419733925, -0.303756095469051, 0.0 ], [ 115.874820544121022, -0.303751209100919, 0.0 ], [ 115.874787584197534, -0.30374608200534, 0.0 ], [ 115.873961280515573, -0.303601690606464, 0.0 ], [ 115.873763286048188, -0.301518372723241, 0.0 ], [ 115.873763292459316, -0.301412250311373, 0.0 ], [ 115.875215316125619, -0.301644573682481, 0.0 ], [ 115.876750277401783, -0.301644574100356, 0.0 ], [ 115.877880311715558, -0.301644573880253, 0.0 ], [ 115.879783880954534, -0.301168681246852, 0.0 ], [ 115.880545308632946, -0.30012171867041, 0.0 ], [ 115.880545308459077, -0.297932614959699, 0.0 ], [ 115.880640486955272, -0.294982082642663, 0.0 ], [ 115.881877806382889, -0.291460480686478, 0.0 ], [ 115.882734412909116, -0.288795484285106, 0.0 ], [ 115.884352445839468, -0.285654595708773, 0.0 ], [ 115.886256014835354, -0.28194263668703, 0.0 ], [ 115.887874048459096, -0.278516213059348, 0.0 ], [ 115.889016189783845, -0.275756037853303, 0.0 ], [ 115.889444633391165, -0.275220483559864, 0.0 ], [ 115.890539045072344, -0.273852469233273, 0.0 ], [ 115.89225225690322, -0.272139257361298, 0.0 ], [ 115.894060646802984, -0.271282651816957, 0.0 ], [ 115.896535286373847, -0.270806759310766, 0.0 ], [ 115.898819569066532, -0.271282651878401, 0.0 ], [ 115.900818316402535, -0.272044079356899, 0.0 ], [ 115.903768847973438, -0.272900685394864, 0.0 ], [ 115.904917308486475, -0.27294170146856, 0.0 ], [ 115.905121306335829, -0.272994257295585, 0.0 ], [ 115.90676164535941, -0.273281609776132, 0.0 ], [ 115.908437675552094, -0.273209963318637, 0.0 ], [ 115.909656075108373, -0.273072456704277, 0.0 ], [ 115.911344027831547, -0.272617877780305, 0.0 ], [ 115.912699174578009, -0.271947866037771, 0.0 ], [ 115.914410957684268, -0.270894950591691, 0.0 ], [ 115.916312987061929, -0.269171916745372, 0.0 ], [ 115.91850032837857, -0.267113835311178, 0.0 ], [ 115.920204909036983, -0.265444024405438, 0.0 ], [ 115.920877867910349, -0.264888235454187, 0.0 ], [ 115.921545692604397, -0.26457192249272, 0.0 ], [ 115.922043108033364, -0.264429803792948, 0.0 ], [ 115.923280427800435, -0.26471533912779, 0.0 ], [ 115.924137034530233, -0.265952658525553, 0.0 ], [ 115.924517747858971, -0.268141763028164, 0.0 ], [ 115.924803283540982, -0.270901937738651, 0.0 ], [ 115.92512423098519, -0.272827624166748, 0.0 ], [ 115.925085033273433, -0.273408924122994, 0.0 ], [ 115.925322668920771, -0.274509887087335, 0.0 ], [ 115.925869363054431, -0.27561087647377, 0.0 ], [ 115.926635965385358, -0.276677981121057, 0.0 ], [ 115.927824516725437, -0.278084183598767, 0.0 ], [ 115.928805077207116, -0.279191198864044, 0.0 ], [ 115.92970155058201, -0.279835968794466, 0.0 ], [ 115.929845673096835, -0.279939626116422, 0.0 ], [ 115.931360331161059, -0.280813726278726, 0.0 ] ] ] ] } },
{ "type": "Feature", "properties": { "Toponim": "Bongan", "subws_id": 18, "Kelas": 2, "Kls_Pr": "Prioritas Dipulihkan" }, "geometry": { "type": "MultiPolygon", "coordinates": [ [ [ [ 116.460633111957677, -0.332089176050696, 0.0 ], [ 116.462552663179366, -0.333927565455104, 0.0 ], [ 116.463617819878081, -0.334770194552972, 0.0 ], [ 116.464150321144274, -0.336608560052737, 0.0 ], [ 116.464150258328416, -0.337757520617275, 0.0 ], [ 116.464226221455206, -0.339978847592854, 0.0 ], [ 116.464226090120718, -0.342353365318852, 0.0 ], [ 116.463921597180587, -0.345034254835027, 0.0 ], [ 116.46316059137817, -0.347638521362667, 0.0 ], [ 116.462095278878664, -0.349553393314806, 0.0 ], [ 116.4619430017312, -0.351391719998947, 0.0 ], [ 116.462018964812842, -0.353536448829718, 0.0 ], [ 116.462551434492369, -0.355834399414466, 0.0 ], [ 116.462475205959265, -0.358285509380241, 0.0 ], [ 116.462456173842554, -0.359622745015447, 0.0 ], [ 116.461281103067208, -0.359810873330057, 0.0 ], [ 116.452677900018926, -0.359959685354099, 0.0 ], [ 116.452666584957527, -0.35997589610542, 0.0 ], [ 116.452143103239408, -0.36068973403762, 0.0 ], [ 116.452092808584922, -0.360756998422977, 0.0 ], [ 116.451906263987581, -0.360985802886677, 0.0 ], [ 116.451705254137011, -0.361201834864499, 0.0 ], [ 116.451694789356367, -0.361212334109562, 0.0 ], [ 116.451171307186883, -0.361735816098757, 0.0 ], [ 116.450967157600346, -0.361927651214675, 0.0 ], [ 116.45073985775349, -0.362115421575458, 0.0 ], [ 116.450550778619402, -0.362253749787527, 0.0 ], [ 116.450034674918911, -0.362611051543837, 0.0 ], [ 116.449490715314155, -0.363034131300614, 0.0 ], [ 116.449478741945072, -0.363043411596168, 0.0 ], [ 116.449239729932188, -0.363215813789314, 0.0 ], [ 116.448990029271869, -0.363372109670059, 0.0 ], [ 116.448974345009773, -0.363381182215967, 0.0 ], [ 116.44818912231446, -0.363833279315415, 0.0 ], [ 116.447945486528738, -0.363963726997625, 0.0 ], [ 116.447677657548525, -0.364085874181339, 0.0 ], [ 116.447654102624867, -0.364095616173432, 0.0 ], [ 116.446726112055686, -0.364476329633192, 0.0 ], [ 116.446474475969083, -0.364570838675249, 0.0 ], [ 116.446193101333179, -0.364656747195582, 0.0 ], [ 116.445906747963718, -0.364723945336463, 0.0 ], [ 116.445788911146849, -0.364745894145808, 0.0 ], [ 116.445098867009762, -0.364864866704736, 0.0 ], [ 116.444926597950641, -0.364891117885575, 0.0 ], [ 116.444633981845769, -0.364920113336159, 0.0 ], [ 116.444340383439709, -0.364929780109437, 0.0 ], [ 116.443150652318124, -0.364929779325469, 0.0 ], [ 116.443150514928234, -0.364929774793318, 0.0 ], [ 116.443150377409481, -0.364929779316978, 0.0 ], [ 116.442856505359515, -0.364920075966597, 0.0 ], [ 116.442563892922138, -0.364891044096524, 0.0 ], [ 116.442273793110047, -0.36484280802904, 0.0 ], [ 116.4419898015217, -0.364776208603724, 0.0 ], [ 116.441570305625035, -0.364663267114095, 0.0 ], [ 116.441104245549198, -0.364582911795099, 0.0 ], [ 116.441083465952644, -0.364579329099736, 0.0 ], [ 116.440965088916386, -0.364557271982436, 0.0 ], [ 116.440678744062154, -0.364490038261528, 0.0 ], [ 116.440397380260166, -0.364404094812969, 0.0 ], [ 116.440328997924482, -0.364380100983571, 0.0 ], [ 116.439734132972504, -0.364165948665493, 0.0 ], [ 116.439527337429524, -0.364085657347039, 0.0 ], [ 116.439259523808332, -0.363963477067628, 0.0 ], [ 116.439248395382577, -0.363957932137922, 0.0 ], [ 116.438724914133473, -0.363696191415798, 0.0 ], [ 116.438539366797812, -0.36359791952143, 0.0 ], [ 116.437944502256045, -0.363264794532952, 0.0 ], [ 116.437881875503095, -0.363229059155062, 0.0 ], [ 116.437632194454466, -0.363072732617996, 0.0 ], [ 116.437393204012864, -0.362900301152622, 0.0 ], [ 116.437283754967552, -0.362812988980121, 0.0 ], [ 116.436879246912696, -0.362479864217638, 0.0 ], [ 116.436761419526277, -0.362379378385017, 0.0 ], [ 116.436546830332333, -0.362177018021297, 0.0 ], [ 116.436516138989376, -0.362145815169685, 0.0 ], [ 116.436505061709482, -0.362137051976178, 0.0 ], [ 116.436318495613961, -0.36198108122705, 0.0 ], [ 116.436103906441545, -0.361778720882846, 0.0 ], [ 116.435962924219623, -0.361630175051088, 0.0 ], [ 116.435718043873337, -0.361360137120123, 0.0 ], [ 116.435598394226048, -0.361228195364071, 0.0 ], [ 116.435538393406731, -0.361160685031554, 0.0 ], [ 116.435351877137649, -0.360931858241596, 0.0 ], [ 116.435180626318015, -0.360691240684208, 0.0 ], [ 116.43502537426717, -0.360439862720958, 0.0 ], [ 116.434886785794603, -0.360178800789943, 0.0 ], [ 116.43481917933326, -0.360034395747423, 0.0 ], [ 116.434686809296963, -0.359738215548677, 0.0 ], [ 116.434486371117458, -0.359319056899864, 0.0 ], [ 116.434383590144321, -0.359087758641159, 0.0 ], [ 116.434295624490176, -0.35885616641515, 0.0 ], [ 116.434069987580742, -0.35820952672319, 0.0 ], [ 116.434054398368858, -0.358164079514393, 0.0 ], [ 116.433969063508812, -0.357880814943396, 0.0 ], [ 116.433919765786513, -0.357676702234654, 0.0 ], [ 116.43382712152922, -0.357250212626159, 0.0 ], [ 116.433686864466722, -0.356750466046346, 0.0 ], [ 116.433663490033013, -0.356667181172004, 0.0 ], [ 116.433383181052065, -0.355806313980902, 0.0 ], [ 116.433204456249555, -0.355343563724646, 0.0 ], [ 116.433143057962198, -0.355241489891564, 0.0 ], [ 116.433035514047205, -0.355095546607359, 0.0 ], [ 116.432970259156093, -0.355297836381689, 0.0 ], [ 116.432766557857036, -0.355964497071093, 0.0 ], [ 116.4326126173885, -0.356637987708831, 0.0 ], [ 116.432589635806664, -0.356730912016816, 0.0 ], [ 116.432573874360841, -0.35679464224496, 0.0 ], [ 116.4324885048038, -0.357077896137842, 0.0 ], [ 116.432449039988711, -0.357190046154997, 0.0 ], [ 116.432244539055631, -0.357747776348365, 0.0 ], [ 116.431954313409065, -0.358763567297849, 0.0 ], [ 116.431885722351737, -0.359003636144396, 0.0 ], [ 116.431842554675441, -0.359145877416875, 0.0 ], [ 116.431628402559355, -0.35981212649802, 0.0 ], [ 116.431608103464029, -0.359873765031397, 0.0 ], [ 116.431591274774746, -0.359922740306573, 0.0 ], [ 116.431269352510412, -0.360842518653185, 0.0 ], [ 116.430970747646398, -0.36173833591383, 0.0 ], [ 116.430965649410211, -0.361753541179728, 0.0 ], [ 116.430862060289456, -0.362030567460129, 0.0 ], [ 116.430806460602881, -0.362159936619354, 0.0 ], [ 116.430497129840816, -0.362849980791993, 0.0 ], [ 116.430494463917213, -0.362855916436241, 0.0 ], [ 116.430066160796287, -0.363807701223909, 0.0 ], [ 116.430003061550039, -0.363942008936593, 0.0 ], [ 116.429864440664232, -0.364203053161134, 0.0 ], [ 116.429768394853511, -0.364362795447896, 0.0 ], [ 116.429423664016682, -0.36491030948267, 0.0 ], [ 116.429127025332775, -0.365437667586195, 0.0 ], [ 116.428968078225338, -0.365772293141553, 0.0 ], [ 116.4289442009906, -0.365821785347928, 0.0 ], [ 116.428805579986729, -0.366082829460953, 0.0 ], [ 116.428650296607373, -0.366334187481876, 0.0 ], [ 116.428605342828035, -0.366400622738919, 0.0 ], [ 116.428129449651749, -0.367090666468339, 0.0 ], [ 116.428003122595044, -0.367264826747175, 0.0 ], [ 116.427902791544881, -0.36739166839563, 0.0 ], [ 116.427141363681216, -0.368319658306529, 0.0 ], [ 116.427119447432972, -0.368346162303593, 0.0 ], [ 116.426643554358023, -0.368917233146126, 0.0 ], [ 116.426579256805255, -0.368992690252968, 0.0 ], [ 116.426378246754396, -0.369208720438799, 0.0 ], [ 116.426163632312182, -0.369411053056799, 0.0 ], [ 116.425978734351943, -0.369565664360603, 0.0 ], [ 116.42567607743446, -0.369805267861578, 0.0 ], [ 116.425523776187418, -0.369925839720019, 0.0 ], [ 116.425133954285556, -0.370278535301179, 0.0 ], [ 116.425092873861587, -0.370315248751571, 0.0 ], [ 116.424865574010994, -0.370503017282401, 0.0 ], [ 116.424626562125695, -0.370675417770318, 0.0 ], [ 116.424611341593334, -0.370685609668915, 0.0 ], [ 116.424254421961408, -0.370923555564556, 0.0 ], [ 116.424019942059047, -0.371069657837358, 0.0 ], [ 116.423760622339259, -0.37120917644423, 0.0 ], [ 116.42358826457054, -0.371290211045057, 0.0 ], [ 116.423390077775579, -0.371378293885865, 0.0 ], [ 116.422945809125409, -0.371575746181641, 0.0 ], [ 116.422850338342272, -0.37161685716884, 0.0 ], [ 116.42257514784896, -0.371721106680142, 0.0 ], [ 116.422293773821536, -0.371807013734676, 0.0 ], [ 116.422145654187631, -0.371844255288217, 0.0 ], [ 116.421431815292408, -0.372010817642026, 0.0 ], [ 116.421293582266756, -0.372040772801553, 0.0 ], [ 116.421260351997077, -0.372047293918438, 0.0 ], [ 116.420641692019259, -0.37216626609068, 0.0 ], [ 116.420384817229603, -0.372207943573632, 0.0 ], [ 116.420092202020129, -0.372236937715378, 0.0 ], [ 116.419798619578742, -0.372246603258968, 0.0 ], [ 116.419227548177815, -0.372246602507753, 0.0 ], [ 116.419227403302003, -0.372246597728091, 0.0 ], [ 116.419227258281836, -0.372246602497895, 0.0 ], [ 116.418979973943976, -0.372239730543893, 0.0 ], [ 116.418551671334498, -0.372215936074602, 0.0 ], [ 116.418505084651784, -0.372213103547211, 0.0 ], [ 116.418428576887948, -0.372207389411434, 0.0 ], [ 116.417857506052599, -0.372159799483618, 0.0 ], [ 116.417641402525064, -0.372136480685578, 0.0 ], [ 116.417596898797598, -0.372130351306971, 0.0 ], [ 116.417129006357357, -0.372063509550075, 0.0 ], [ 116.416232871653634, -0.371948619365701, 0.0 ], [ 116.416213725077668, -0.371946122557551, 0.0 ], [ 116.415923626575577, -0.371897885491318, 0.0 ], [ 116.415637283017574, -0.371830650888346, 0.0 ], [ 116.415455016461991, -0.371774976229528, 0.0 ], [ 116.415355920569908, -0.371744706661167, 0.0 ], [ 116.415080744070949, -0.371640420838964, 0.0 ], [ 116.414812931867033, -0.371518239992499, 0.0 ], [ 116.413622346466738, -0.37128519081873, 0.0 ], [ 116.409770372435318, -0.370531191686618, 0.0 ], [ 116.409959193120258, -0.391020800097192, 0.0 ], [ 116.409730761771584, -0.39351017389963, 0.0 ], [ 116.409728592089948, -0.422953915183327, 0.0 ], [ 116.409727953716171, -0.431616987448475, 0.0 ], [ 116.399717944912254, -0.43099193907542, 0.0 ], [ 116.399657504771028, -0.431286616915105, 0.0 ], [ 116.399656799959857, -0.431290051932249, 0.0 ], [ 116.396863861252882, -0.444906899343008, 0.0 ], [ 116.395942539969965, -0.449398759938166, 0.0 ], [ 116.382929890421892, -0.459294259471772, 0.0 ], [ 116.369275168034122, -0.469105482613484, 0.0 ], [ 116.360692047020663, -0.47527264684625, 0.0 ], [ 116.368713958923863, -0.475273399627496, 0.0 ], [ 116.368712275710564, -0.493464951194154, 0.0 ], [ 116.344335225111394, -0.493389250343481, 0.0 ], [ 116.337411800354232, -0.501599522752063, 0.0 ], [ 116.307758333564976, -0.494163887983024, 0.0 ], [ 116.3071777620749, -0.493273861012366, 0.0 ], [ 116.304977161997769, -0.489900299868112, 0.0 ], [ 116.29833611100085, -0.479719444277383, 0.0 ], [ 116.297932045620911, -0.479656895813882, 0.0 ], [ 116.297570640122387, -0.479359268010242, 0.0 ], [ 116.297273012263986, -0.479040380018415, 0.0 ], [ 116.296805310729994, -0.478785270368396, 0.0 ], [ 116.296443904871012, -0.478360087100814, 0.0 ], [ 116.296188795452508, -0.477977422200574, 0.0 ], [ 116.296273831555936, -0.477254611426245, 0.0 ], [ 116.296592719407954, -0.476404244691464, 0.0 ], [ 116.296911606558993, -0.475745211158852, 0.0 ], [ 116.297315530512464, -0.475426323854493, 0.0 ], [ 116.297783231492815, -0.474235811680173, 0.0 ], [ 116.29757064060685, -0.473640554734544, 0.0 ], [ 116.297060420947702, -0.473109076031382, 0.0 ], [ 116.296210054028094, -0.472620115309381, 0.0 ], [ 116.295593538770689, -0.472513819752321, 0.0 ], [ 116.294849468503827, -0.472237451008049, 0.0 ], [ 116.294466803621944, -0.471812267959255, 0.0 ], [ 116.294105397994883, -0.471153233904484, 0.0 ], [ 116.293297550138377, -0.470706791486627, 0.0 ], [ 116.292298370170656, -0.470047757724065, 0.0 ], [ 116.291798779461971, -0.469909573118354, 0.0 ], [ 116.291625000337064, -0.469713888028703, 0.0 ], [ 116.291725291375855, -0.468948482533579, 0.0 ], [ 116.292071005948259, -0.468433506757368, 0.0 ], [ 116.292458185215452, -0.46807164631092, 0.0 ], [ 116.293121890218117, -0.467751571187658, 0.0 ], [ 116.293868559251408, -0.467375826908935, 0.0 ], [ 116.29407598359289, -0.467111382733403, 0.0 ], [ 116.294366365883306, -0.466860865129322, 0.0 ], [ 116.294532320658078, -0.466498981918259, 0.0 ], [ 116.294434915025903, -0.465955370813149, 0.0 ], [ 116.29464750606914, -0.46529633710596, 0.0 ], [ 116.294987653096484, -0.464254637859754, 0.0 ], [ 116.295030171355393, -0.463616863673617, 0.0 ], [ 116.294849468614657, -0.463096014570008, 0.0 ], [ 116.294190434721997, -0.462649572185382, 0.0 ], [ 116.293169995113786, -0.462266907582096, 0.0 ], [ 116.291625000423068, -0.461719444348485, 0.0 ], [ 116.291625000204576, -0.452958332693926, 0.0 ], [ 116.292017869490934, -0.45297501620462, 0.0 ], [ 116.292315497421583, -0.452719906548089, 0.0 ], [ 116.292655643681243, -0.452432908086366, 0.0 ], [ 116.293017050063725, -0.45205024369939, 0.0 ], [ 116.293314677934205, -0.451943947089357, 0.0 ], [ 116.293824897780283, -0.451731356328693, 0.0 ], [ 116.29405874794611, -0.45154002335473, 0.0 ], [ 116.294207562398284, -0.451178618310914, 0.0 ], [ 116.294462672262242, -0.450923507796164, 0.0 ], [ 116.294845336864185, -0.45090224847692, 0.0 ], [ 116.295461852523346, -0.450923508414476, 0.0 ], [ 116.295780739920147, -0.450774693624957, 0.0 ], [ 116.296014590453012, -0.450392028954835, 0.0 ], [ 116.296312218432959, -0.450200696519608, 0.0 ], [ 116.296928733870914, -0.450094400678678, 0.0 ], [ 116.298289320454316, -0.450392029047183, 0.0 ], [ 116.298905835445296, -0.450349510828531, 0.0 ], [ 116.299411333119821, -0.450288786324763, 0.0 ], [ 116.300266421244743, -0.450285733438534, 0.0 ], [ 116.300649086697177, -0.45039202940193, 0.0 ], [ 116.301053009871026, -0.450370769926379, 0.0 ], [ 116.301627007419384, -0.450136919228217, 0.0 ], [ 116.301627777519229, -0.450080555169083, 0.0 ], [ 116.303666666667738, -0.450111111024272, 0.0 ], [ 116.304816915188326, -0.449727684237214, 0.0 ], [ 116.304804979806562, -0.446735577905611, 0.0 ], [ 116.269476986640157, -0.446526223831103, 0.0 ], [ 116.269481562492416, -0.446512404120447, 0.0 ], [ 116.268755912739124, -0.446280615296856, 0.0 ], [ 116.275713033009083, -0.427862908940107, 0.0 ], [ 116.277416826466833, -0.423352426674774, 0.0 ], [ 116.282553362250681, -0.413797723472305, 0.0 ], [ 116.288177034358171, -0.416982947293439, 0.0 ], [ 116.287797705157232, -0.415993722029446, 0.0 ], [ 116.287545051248287, -0.415523072975092, 0.0 ], [ 116.286861111190376, -0.414333332736576, 0.0 ], [ 116.286861040200122, -0.414333319160407, 0.0 ], [ 116.286901519797723, -0.413880779149431, 0.0 ], [ 116.286999929751914, -0.413444409743085, 0.0 ], [ 116.286911783185204, -0.407427861995651, 0.0 ], [ 116.286875540131973, -0.404954049706506, 0.0 ], [ 116.286510290096416, -0.404746105602215, 0.0 ], [ 116.288451069048449, -0.400106945326961, 0.0 ], [ 116.292446124553237, -0.392447810550981, 0.0 ], [ 116.293480193720526, -0.39077093512286, 0.0 ], [ 116.283289311275865, -0.39256336763627, 0.0 ], [ 116.283233484339604, -0.400823196899234, 0.0 ], [ 116.236226064649344, -0.40033801107977, 0.0 ], [ 116.232833299898601, -0.407861059590526, 0.0 ], [ 116.232101336864815, -0.409324349371418, 0.0 ], [ 116.224006718750999, -0.40907905791371, 0.0 ], [ 116.213704477515108, -0.406135560420991, 0.0 ], [ 116.203676076398352, -0.403242753345779, 0.0 ], [ 116.200949321699298, -0.402456188555195, 0.0 ], [ 116.19113766337945, -0.399022108146985, 0.0 ], [ 116.171269055281655, -0.388965158380358, 0.0 ], [ 116.148456949687912, -0.382832871937304, 0.0 ], [ 116.131343318667376, -0.379475599405908, 0.0 ], [ 116.121577009982957, -0.386694175382098, 0.0 ], [ 116.113301608952227, -0.385100022159739, 0.0 ], [ 116.102460949415587, -0.37743975520947, 0.0 ], [ 116.099608510289627, -0.371886597229942, 0.0 ], [ 116.100560202693316, -0.36499348605522, 0.0 ], [ 116.093523091985091, -0.362120609980563, 0.0 ], [ 116.083253066590217, -0.354651963128146, 0.0 ], [ 116.082302521497354, -0.350056418947056, 0.0 ], [ 116.078937788459072, -0.345292815845833, 0.0 ], [ 116.076407322864924, -0.340099045766591, 0.0 ], [ 116.073554802448214, -0.335311855833842, 0.0 ], [ 116.071843200036014, -0.333396927649201, 0.0 ], [ 116.069080064177641, -0.331232954882503, 0.0 ], [ 116.068844045051023, -0.330704809746079, 0.0 ], [ 116.067703009051812, -0.329096300832083, 0.0 ], [ 116.067474984093479, -0.326798564322139, 0.0 ], [ 116.066904581861138, -0.324730568229323, 0.0 ], [ 116.064950750167853, -0.32297217420534, 0.0 ], [ 116.065664098931066, -0.321775514513494, 0.0 ], [ 116.066318128640944, -0.319262451085504, 0.0 ], [ 116.06697233068877, -0.314834621501881, 0.0 ], [ 116.067388688095207, -0.311423987237386, 0.0 ], [ 116.067983317409912, -0.308432224242289, 0.0 ], [ 116.068637383096316, -0.305380628076669, 0.0 ], [ 116.070004631721901, -0.302987291824704, 0.0 ], [ 116.07178791532634, -0.300833334887206, 0.0 ], [ 116.074997679902992, -0.298619660834469, 0.0 ], [ 116.076632456872701, -0.297614535507199, 0.0 ], [ 116.077931736560302, -0.296949699062208, 0.0 ], [ 116.078564032632997, -0.296824866649733, 0.0 ], [ 116.079752778598944, -0.296705292245628, 0.0 ], [ 116.080998675233502, -0.297028089496805, 0.0 ], [ 116.081658976029843, -0.297878747096216, 0.0 ], [ 116.082044931567978, -0.299150582048504, 0.0 ], [ 116.082248882837519, -0.299637494292444, 0.0 ], [ 116.082724183885659, -0.301971161810529, 0.0 ], [ 116.083556051935986, -0.304903225898932, 0.0 ], [ 116.084387859627768, -0.308553331090303, 0.0 ], [ 116.085516898300398, -0.311605097226951, 0.0 ], [ 116.087359222263515, -0.314178235301807, 0.0 ], [ 116.089498721222967, -0.316871074547838, 0.0 ], [ 116.090984523249418, -0.318307287265632, 0.0 ], [ 116.093005223367257, -0.320162405197739, 0.0 ], [ 116.094372176671811, -0.321299427270367, 0.0 ], [ 116.094847579301486, -0.322376531623541, 0.0 ], [ 116.09455029178028, -0.323513403682114, 0.0 ], [ 116.093183020312921, -0.325966588516051, 0.0 ], [ 116.090924289117225, -0.327282791284714, 0.0 ], [ 116.086525780117952, -0.329077488606881, 0.0 ], [ 116.085455842297776, -0.329855266579891, 0.0 ], [ 116.084980251618134, -0.330872444864047, 0.0 ], [ 116.084682913127779, -0.332547842651061, 0.0 ], [ 116.084976242945785, -0.333404477036035, 0.0 ], [ 116.085277124013899, -0.334283160441217, 0.0 ], [ 116.087000572566538, -0.336736625385445, 0.0 ], [ 116.089853321749658, -0.339250035200876, 0.0 ], [ 116.092468375198123, -0.341224895411309, 0.0 ], [ 116.095856159113282, -0.342721136630502, 0.0 ], [ 116.098293012665508, -0.343559084210694, 0.0 ], [ 116.100194974270039, -0.343918286187402, 0.0 ], [ 116.102334709194125, -0.344038162915009, 0.0 ], [ 116.103345152638866, -0.34397842160276, 0.0 ], [ 116.104890570120659, -0.343499871757098, 0.0 ], [ 116.105722768319609, -0.342722069172818, 0.0 ], [ 116.106436094216662, -0.341884418911904, 0.0 ], [ 116.106673994139314, -0.340268842629112, 0.0 ], [ 116.106733601795838, -0.338413901509683, 0.0 ], [ 116.106852683166508, -0.336140106658069, 0.0 ], [ 116.107150115070539, -0.333447469673963, 0.0 ], [ 116.107269246732287, -0.330575303188051, 0.0 ], [ 116.108042182748235, -0.327763034883818, 0.0 ], [ 116.108993412087798, -0.325130291416013, 0.0 ], [ 116.110241777289801, -0.323095942505141, 0.0 ], [ 116.11089566217062, -0.322258280891702, 0.0 ], [ 116.111906124282172, -0.321959183202341, 0.0 ], [ 116.112857111999901, -0.322078941697492, 0.0 ], [ 116.114521243340519, -0.323455340883549, 0.0 ], [ 116.116651002697054, -0.326149704414347, 0.0 ], [ 116.117650376285141, -0.327482202047119, 0.0 ], [ 116.118867330325031, -0.328380148515507, 0.0 ], [ 116.12006652452861, -0.329264990371834, 0.0 ], [ 116.120591390569487, -0.3296522702562, 0.0 ], [ 116.123436205252361, -0.331234964290514, 0.0 ], [ 116.126622198099525, -0.331771449621503, 0.0 ], [ 116.130105729047543, -0.332913591199362, 0.0 ], [ 116.132455247283872, -0.333537604808653, 0.0 ], [ 116.134485720274114, -0.334419194678044, 0.0 ], [ 116.136002833055301, -0.335448450674203, 0.0 ], [ 116.138770619008739, -0.337459417850235, 0.0 ], [ 116.141266805358583, -0.339853142071806, 0.0 ], [ 116.142514911338552, -0.3408704918845, 0.0 ], [ 116.144060254233338, -0.341409168845267, 0.0 ], [ 116.148042601768097, -0.341469362599453, 0.0 ], [ 116.149229051069568, -0.341372624052275, 0.0 ], [ 116.150241829663585, -0.341290045419119, 0.0 ], [ 116.153451493235593, -0.341290330357885, 0.0 ], [ 116.155828979738516, -0.341769244038338, 0.0 ], [ 116.157849797906124, -0.342726827043251, 0.0 ], [ 116.159870535324899, -0.344641815516761, 0.0 ], [ 116.161054843340537, -0.346045496428991, 0.0 ], [ 116.161946255350685, -0.347900549589733, 0.0 ], [ 116.162005570325221, -0.349276825586913, 0.0 ], [ 116.162183770645399, -0.350593275340501, 0.0 ], [ 116.162480822554755, -0.352149086656478, 0.0 ], [ 116.162718516729228, -0.352807324214935, 0.0 ], [ 116.163550603712523, -0.353405778747405, 0.0 ], [ 116.164263864715252, -0.353405843382544, 0.0 ], [ 116.165214901248447, -0.353166577701993, 0.0 ], [ 116.166403698275204, -0.352867495299654, 0.0 ], [ 116.168127458411661, -0.352388947634699, 0.0 ], [ 116.169553955555813, -0.352688264918735, 0.0 ], [ 116.17044549004433, -0.353167050055203, 0.0 ], [ 116.170445482658764, -0.353250347992806, 0.0 ], [ 116.170445421903452, -0.353944943457547, 0.0 ], [ 116.169850929416185, -0.355141649299142, 0.0 ], [ 116.168305376193757, -0.356816972272777, 0.0 ], [ 116.165036053579513, -0.359090514988685, 0.0 ], [ 116.161826249658276, -0.360466489869575, 0.0 ], [ 116.158140939249577, -0.361842416926063, 0.0 ], [ 116.155763328781973, -0.362620085857739, 0.0 ], [ 116.155406650089702, -0.363158591585259, 0.0 ], [ 116.154871604125901, -0.364235621341962, 0.0 ], [ 116.154871505445328, -0.365312700528087, 0.0 ], [ 116.155346921607261, -0.366270150179243, 0.0 ], [ 116.156357318389936, -0.366868623144371, 0.0 ], [ 116.157546053347005, -0.36722776284715, 0.0 ], [ 116.1599830087101, -0.367467345178529, 0.0 ], [ 116.163727647690024, -0.367348022138115, 0.0 ], [ 116.168958320784213, -0.366510782310043, 0.0 ], [ 116.172881379874653, -0.365314387618349, 0.0 ], [ 116.176982819177383, -0.363459785872804, 0.0 ], [ 116.180905966133011, -0.361365809485521, 0.0 ], [ 116.182451384116931, -0.36124627504028, 0.0 ], [ 116.183891295138906, -0.361188421628068, 0.0 ], [ 116.183937360273021, -0.361186570378445, 0.0 ], [ 116.185126113297784, -0.361426029831488, 0.0 ], [ 116.187028066779177, -0.362443451156741, 0.0 ], [ 116.189108277578953, -0.364119111401478, 0.0 ], [ 116.191485701410187, -0.365615283932048, 0.0 ], [ 116.193863185775157, -0.366453236385742, 0.0 ], [ 116.197132253440415, -0.367351107381169, 0.0 ], [ 116.200341898358687, -0.368069458746889, 0.0 ], [ 116.203373213586943, -0.368967308649103, 0.0 ], [ 116.205572356622184, -0.370164276615998, 0.0 ], [ 116.208484673622351, -0.372438404206046, 0.0 ], [ 116.211099806118924, -0.374652668468428, 0.0 ], [ 116.212526214663541, -0.376148762881025, 0.0 ], [ 116.213774387828551, -0.376747262811193, 0.0 ], [ 116.215022604335445, -0.376867053473796, 0.0 ], [ 116.216211467324925, -0.376029419473341, 0.0 ], [ 116.216865383424945, -0.375072060129981, 0.0 ], [ 116.216924930833898, -0.373875291312449, 0.0 ], [ 116.21650896619748, -0.372618642994931, 0.0 ], [ 116.216033603214925, -0.370883278219072, 0.0 ], [ 116.215677094046583, -0.369447118725498, 0.0 ], [ 116.215572738735162, -0.368830668534908, 0.0 ], [ 116.215677213601197, -0.368070829727306, 0.0 ], [ 116.215787484911871, -0.367778352159981, 0.0 ], [ 116.216212231322075, -0.367352812682016, 0.0 ], [ 116.216683351183164, -0.36720728136878, 0.0 ], [ 116.217416820262216, -0.367170994648552, 0.0 ], [ 116.217886762306705, -0.367230481251303, 0.0 ], [ 116.218292608348847, -0.367352996139172, 0.0 ], [ 116.218895259109331, -0.367751186770506, 0.0 ], [ 116.219723311058928, -0.368683934882973, 0.0 ], [ 116.220729367904312, -0.370285307143612, 0.0 ], [ 116.221501888621646, -0.372439571375164, 0.0 ], [ 116.223344002182586, -0.378244095947622, 0.0 ], [ 116.2242371663623, -0.381364376127093, 0.0 ], [ 116.224957097647106, -0.383663253295534, 0.0 ], [ 116.225863527426469, -0.386226989348343, 0.0 ], [ 116.226349332265073, -0.387501006137171, 0.0 ], [ 116.227834116561382, -0.390565752428832, 0.0 ], [ 116.229187487742578, -0.392965599740811, 0.0 ], [ 116.229834639989988, -0.393826667338723, 0.0 ], [ 116.230356404202325, -0.394520896282726, 0.0 ], [ 116.230973692971901, -0.394775187223027, 0.0 ], [ 116.231664029269893, -0.395059568190313, 0.0 ], [ 116.232674494381669, -0.395179339147455, 0.0 ], [ 116.233684968031881, -0.395179433958989, 0.0 ], [ 116.234096018047779, -0.394883913159193, 0.0 ], [ 116.234517179038093, -0.394581121644251, 0.0 ], [ 116.235587210074144, -0.393324603199168, 0.0 ], [ 116.236478964599726, -0.391589355743705, 0.0 ], [ 116.236895195339471, -0.389913903984191, 0.0 ], [ 116.236776593931836, -0.386802266647125, 0.0 ], [ 116.236895728183043, -0.383930006773882, 0.0 ], [ 116.237668872571504, -0.379083119737678, 0.0 ], [ 116.238620132412251, -0.376510129015378, 0.0 ], [ 116.240046927902043, -0.37369781962679, 0.0 ], [ 116.241414183565368, -0.372022445946073, 0.0 ], [ 116.243316387012598, -0.370466795135907, 0.0 ], [ 116.24505506222242, -0.36905737188747, 0.0 ], [ 116.245845042885662, -0.368733764783616, 0.0 ], [ 116.246711167131366, -0.368695693942856, 0.0 ], [ 116.247891380439711, -0.368867015259134, 0.0 ], [ 116.250000001065587, -0.369451982896015, 0.0 ], [ 116.250566438737366, -0.369713425997095, 0.0 ], [ 116.251398317154582, -0.370165007275334, 0.0 ], [ 116.252491645242515, -0.370759194203693, 0.0 ], [ 116.253323522906115, -0.371139473610974, 0.0 ], [ 116.254939746252816, -0.371377148531678, 0.0 ], [ 116.25581916119252, -0.371329613877946, 0.0 ], [ 116.257055095040215, -0.371234543459154, 0.0 ], [ 116.258172190615113, -0.371139473635319, 0.0 ], [ 116.259122909327203, -0.371139473343911, 0.0 ], [ 116.260049859963701, -0.370996869269533, 0.0 ], [ 116.26109564925143, -0.370878031272007, 0.0 ], [ 116.262165209010533, -0.370759194183292, 0.0 ], [ 116.263234768597869, -0.370569054659344, 0.0 ], [ 116.264518238064866, -0.370283844398864, 0.0 ], [ 116.266728660036605, -0.369784727154238, 0.0 ], [ 116.267703146381876, -0.369760960482801, 0.0 ], [ 116.268748937358708, -0.369760960417172, 0.0 ], [ 116.269461977783365, -0.37004617100782, 0.0 ], [ 116.270388928283921, -0.370521519391771, 0.0 ], [ 116.271125734726951, -0.371115705983795, 0.0 ], [ 116.271696167416692, -0.371947567680472, 0.0 ], [ 116.271933844937962, -0.372850731386197, 0.0 ], [ 116.271838774648657, -0.374300547376991, 0.0 ], [ 116.271648630703254, -0.375370083491511, 0.0 ], [ 116.271080407851088, -0.37752116879768, 0.0 ], [ 116.270983125715503, -0.377889433889567, 0.0 ], [ 116.270008639177476, -0.380598923313, 0.0 ], [ 116.269081687619618, -0.383118272019024, 0.0 ], [ 116.268820242108262, -0.384259109541525, 0.0 ], [ 116.268677633373912, -0.38494836519762, 0.0 ], [ 116.268677633594976, -0.385946597853901, 0.0 ], [ 116.269176760678576, -0.386635852974622, 0.0 ], [ 116.26977116691954, -0.3871142662706, 0.0 ], [ 116.270151247847195, -0.387420178240052, 0.0 ], [ 116.271220808347721, -0.387776689604199, 0.0 ], [ 116.272480509217871, -0.387800457289728, 0.0 ], [ 116.273550069344012, -0.38780045748895, 0.0 ], [ 116.274881074797548, -0.387729154150605, 0.0 ], [ 116.274945437697184, -0.387719252789794, 0.0 ], [ 116.277661926938165, -0.387301340687041, 0.0 ], [ 116.278598642235735, -0.387043749760152, 0.0 ], [ 116.278958697560668, -0.386944736724604, 0.0 ], [ 116.279563364808041, -0.386778457844583, 0.0 ], [ 116.28106074834848, -0.386184271580816, 0.0 ], [ 116.282225377142481, -0.38568515513174, 0.0 ], [ 116.283485082386065, -0.384829527145676, 0.0 ], [ 116.285338983177041, -0.383237111000867, 0.0 ], [ 116.286408540371141, -0.382215109198148, 0.0 ], [ 116.288024763715512, -0.380670225873526, 0.0 ], [ 116.289640983643139, -0.37900650397749, 0.0 ], [ 116.290995761118722, -0.37741408445495, 0.0 ], [ 116.292279230704438, -0.375916734264901, 0.0 ], [ 116.293229949986554, -0.374348082276176, 0.0 ], [ 116.293776613908392, -0.373135941322513, 0.0 ], [ 116.294537188411468, -0.371305846298837, 0.0 ], [ 116.295012547289105, -0.369808495994477, 0.0 ], [ 116.295464138749196, -0.368311143460368, 0.0 ], [ 116.295963265595532, -0.367645653916605, 0.0 ], [ 116.296605003436625, -0.367241607535238, 0.0 ], [ 116.297650794420306, -0.367265374386961, 0.0 ], [ 116.298577745365677, -0.367574351999728, 0.0 ], [ 116.29931455100845, -0.368239841349717, 0.0 ], [ 116.299837447057271, -0.369238075189485, 0.0 ], [ 116.300621788951815, -0.370687891686867, 0.0 ], [ 116.301548739981882, -0.371876265030382, 0.0 ], [ 116.303141194991454, -0.373135941326697, 0.0 ], [ 116.304567273280185, -0.374157942460595, 0.0 ], [ 116.306373638865395, -0.375132408902139, 0.0 ], [ 116.308156235956929, -0.376035571774557, 0.0 ], [ 116.309796228315221, -0.376796130304178, 0.0 ], [ 116.311483753226469, -0.377342781129943, 0.0 ], [ 116.313313886009269, -0.378174642802812, 0.0 ], [ 116.314383445965902, -0.378911434341576, 0.0 ], [ 116.316593866301446, -0.380551388186736, 0.0 ], [ 116.318115018210875, -0.381715993340746, 0.0 ], [ 116.31904196833905, -0.382547853980836, 0.0 ], [ 116.320111527600176, -0.38345101670263, 0.0 ], [ 116.321038478005846, -0.384068970193114, 0.0 ], [ 116.321846589107977, -0.384140272796375, 0.0 ], [ 116.322702235791809, -0.384045202676715, 0.0 ], [ 116.323439042237538, -0.383617388990123, 0.0 ], [ 116.323938168671646, -0.383189575226726, 0.0 ], [ 116.324437296709959, -0.382476551296359, 0.0 ], [ 116.324865120371697, -0.381597155869152, 0.0 ], [ 116.32524540925283, -0.380551389012151, 0.0 ], [ 116.325483088174963, -0.379244178954233, 0.0 ], [ 116.325697001101204, -0.377580457182138, 0.0 ], [ 116.325910910593265, -0.376011804996119, 0.0 ], [ 116.325958447846972, -0.374419385013324, 0.0 ], [ 116.325958448259115, -0.371543520651218, 0.0 ], [ 116.325863375828632, -0.369998634510428, 0.0 ], [ 116.325934680175095, -0.367360444528803, 0.0 ], [ 116.326029752286715, -0.36510253343517, 0.0 ], [ 116.326053520726347, -0.362915923729894, 0.0 ], [ 116.326029751924921, -0.361846386350626, 0.0 ], [ 116.325863375874988, -0.360848151510245, 0.0 ], [ 116.325340479816148, -0.35975484669404, 0.0 ], [ 116.324888887796675, -0.358899216270546, 0.0 ], [ 116.324556137129989, -0.358186191239161, 0.0 ], [ 116.324426790815664, -0.357465555915575, 0.0 ], [ 116.324274747569177, -0.357190518442577, 0.0 ], [ 116.323913352778391, -0.357133045291637, 0.0 ], [ 116.323342717832062, -0.357171300308814, 0.0 ], [ 116.322772078634699, -0.357305299850105, 0.0 ], [ 116.322330057651314, -0.357548021845438, 0.0 ], [ 116.321877487167484, -0.357883254260189, 0.0 ], [ 116.321188217435363, -0.358358604588105, 0.0 ], [ 116.320760391202413, -0.358881489193837, 0.0 ], [ 116.320237497361063, -0.360069864875623, 0.0 ], [ 116.319667066010197, -0.361519682674054, 0.0 ], [ 116.318882722141552, -0.36230401017688, 0.0 ], [ 116.318145915216476, -0.362589220163515, 0.0 ], [ 116.317314036851187, -0.362589219473464, 0.0 ], [ 116.316624765387331, -0.362351544777595, 0.0 ], [ 116.315887959086538, -0.361781124871682, 0.0 ], [ 116.315650276686952, -0.360925494492296, 0.0 ], [ 116.315721581643317, -0.359760886185539, 0.0 ], [ 116.315959262289567, -0.35892902474228, 0.0 ], [ 116.316387086145809, -0.358120929496032, 0.0 ], [ 116.317123891969686, -0.357170229325251, 0.0 ], [ 116.318122147370588, -0.356362133674086, 0.0 ], [ 116.319263011178833, -0.355863015374103, 0.0 ], [ 116.320308799850835, -0.35557780538583, 0.0 ], [ 116.32190125520178, -0.355387665426003, 0.0 ], [ 116.322242433578865, -0.355330803345484, 0.0 ], [ 116.322791257371506, -0.355160632500673, 0.0 ], [ 116.32395155761283, -0.354892634237758, 0.0 ], [ 116.325035763624001, -0.354777822039887, 0.0 ], [ 116.325697000988697, -0.354716134225573, 0.0 ], [ 116.326314966769289, -0.35471613430098, 0.0 ], [ 116.327455830994268, -0.354787436944657, 0.0 ], [ 116.328834373136118, -0.355096414172, 0.0 ], [ 116.330498130063518, -0.355880742382894, 0.0 ], [ 116.333374055123926, -0.357401863226388, 0.0 ], [ 116.338650544887358, -0.360610476045959, 0.0 ], [ 116.340385607124517, -0.361371036364305, 0.0 ], [ 116.343023853250642, -0.362464341159472, 0.0 ], [ 116.346042384922825, -0.363533878496775, 0.0 ], [ 116.348577301712695, -0.364491101133995, 0.0 ], [ 116.349905789124975, -0.364965142963613, 0.0 ], [ 116.352055680812867, -0.36564918560638, 0.0 ], [ 116.35428987231829, -0.366077000231468, 0.0 ], [ 116.356167541957731, -0.36629090778263, 0.0 ], [ 116.357688690892076, -0.366267140612201, 0.0 ], [ 116.358758250145272, -0.366005698184632, 0.0 ], [ 116.359399986030681, -0.365411510994633, 0.0 ], [ 116.360184328322916, -0.364650950658824, 0.0 ], [ 116.360540847614757, -0.36405676347695, 0.0 ], [ 116.360707223968518, -0.36322490018478, 0.0 ], [ 116.36035070640564, -0.362107829164535, 0.0 ], [ 116.35961389725685, -0.359683544168937, 0.0 ], [ 116.359114769446961, -0.358281261426067, 0.0 ], [ 116.358710714677997, -0.356783907984493, 0.0 ], [ 116.358544339795202, -0.355714369968339, 0.0 ], [ 116.35878201822517, -0.354668598849368, 0.0 ], [ 116.359209842109749, -0.354121945902155, 0.0 ], [ 116.359780274398389, -0.353765433589627, 0.0 ], [ 116.360564615968315, -0.353646595738102, 0.0 ], [ 116.361396494318711, -0.353741665920869, 0.0 ], [ 116.362394749196085, -0.354240783403457, 0.0 ], [ 116.363583149747399, -0.355405392043874, 0.0 ], [ 116.364557636105275, -0.356641302641454, 0.0 ], [ 116.365175603052549, -0.357639537853761, 0.0 ], [ 116.365746034570449, -0.358732843168836, 0.0 ], [ 116.366102553196086, -0.359493405018772, 0.0 ], [ 116.36687025924887, -0.359760887020811, 0.0 ], [ 116.367488228370419, -0.360117399459614, 0.0 ], [ 116.368367641930377, -0.360497679746447, 0.0 ], [ 116.368961842423829, -0.360735356023704, 0.0 ], [ 116.369413433816007, -0.36059275001117, 0.0 ], [ 116.369651111952763, -0.360093632466018, 0.0 ], [ 116.369627343950341, -0.359333072505247, 0.0 ], [ 116.369247057043722, -0.358120929746437, 0.0 ], [ 116.368890538216945, -0.356932553716486, 0.0 ], [ 116.368843001952726, -0.356076923479537, 0.0 ], [ 116.368985609749501, -0.355078687810261, 0.0 ], [ 116.369484737372659, -0.353771474501141, 0.0 ], [ 116.370269081447987, -0.352179050454763, 0.0 ], [ 116.371552549682946, -0.349422017391783, 0.0 ], [ 116.373049933119972, -0.34649861073824, 0.0 ], [ 116.373905579279949, -0.34507255803062, 0.0 ], [ 116.374594851317255, -0.344074320888208, 0.0 ], [ 116.375807017394393, -0.3428146417058, 0.0 ], [ 116.376757735628573, -0.34205407953418, 0.0 ], [ 116.377542077820834, -0.341650031333842, 0.0 ], [ 116.378183814748141, -0.341436123290521, 0.0 ], [ 116.378611637752783, -0.341412356309416, 0.0 ], [ 116.378968620058913, -0.341644390417774, 0.0 ], [ 116.379167160506412, -0.341854786105443, 0.0 ], [ 116.379267303000717, -0.341950810579685, 0.0 ], [ 116.379348444238687, -0.342054079382361, 0.0 ], [ 116.379633662005872, -0.34293347900939, 0.0 ], [ 116.379823804231137, -0.343931716394264, 0.0 ], [ 116.38029916276507, -0.345547908172551, 0.0 ], [ 116.380703220058479, -0.346712518334157, 0.0 ], [ 116.381107276030917, -0.347591917184811, 0.0 ], [ 116.381867850357565, -0.34887536348944, 0.0 ], [ 116.382000548037539, -0.349078829835157, 0.0 ], [ 116.382462818135764, -0.349787629584348, 0.0 ], [ 116.382580890142847, -0.349968670740458, 0.0 ], [ 116.384457008447626, -0.352620442747915, 0.0 ], [ 116.385052758309357, -0.353462496581356, 0.0 ], [ 116.38678782161557, -0.355767945505031, 0.0 ], [ 116.38821389965571, -0.358287301591863, 0.0 ], [ 116.389140850773288, -0.359998561943646, 0.0 ], [ 116.389374857045198, -0.360954071940283, 0.0 ], [ 116.389426065639142, -0.36116317030819, 0.0 ], [ 116.389640583614081, -0.36261891517817, 0.0 ], [ 116.390227045847453, -0.362606946250746, 0.0 ], [ 116.391201534074597, -0.363177366619888, 0.0 ], [ 116.39281775509437, -0.364341973650338, 0.0 ], [ 116.393625866862024, -0.364627183573618, 0.0 ], [ 116.394243831599169, -0.364722252146866, 0.0 ], [ 116.395051945936103, -0.364555880982525, 0.0 ], [ 116.395812520415632, -0.364294438149596, 0.0 ], [ 116.397523813850171, -0.362868388681216, 0.0 ], [ 116.398184859848797, -0.362311338703801, 0.0 ], [ 116.399639163722568, -0.36108582647373, 0.0 ], [ 116.401350457184492, -0.359398334019543, 0.0 ], [ 116.402324944218847, -0.358257493619028, 0.0 ], [ 116.404036239600799, -0.356118416178244, 0.0 ], [ 116.406127819870605, -0.353527757860051, 0.0 ], [ 116.407957954258407, -0.351555053596129, 0.0 ], [ 116.409883159903586, -0.349320905787648, 0.0 ], [ 116.410667501812142, -0.348489042459773, 0.0 ], [ 116.411380542906159, -0.347752249297501, 0.0 ], [ 116.412141116765667, -0.347276897804347, 0.0 ], [ 116.412711548894649, -0.347158060843059, 0.0 ], [ 116.41378110777292, -0.347181827646648, 0.0 ], [ 116.414708059298903, -0.347847318179191, 0.0 ], [ 116.415302258599311, -0.348465274973512, 0.0 ], [ 116.415943992553665, -0.34946351139411, 0.0 ], [ 116.416443120551207, -0.350651888208128, 0.0 ], [ 116.416799639394156, -0.352006636637729, 0.0 ], [ 116.417013552666873, -0.353812968169791, 0.0 ], [ 116.416989783591418, -0.355262786802424, 0.0 ], [ 116.416276743403756, -0.359398333167854, 0.0 ], [ 116.416039065375912, -0.361371036784517, 0.0 ], [ 116.416062833681252, -0.362606946637318, 0.0 ], [ 116.416252976375219, -0.363866623425708, 0.0 ], [ 116.41651442484698, -0.364746022031754, 0.0 ], [ 116.417061088179167, -0.365459045378704, 0.0 ], [ 116.417845430863295, -0.366005697606605, 0.0 ], [ 116.418487167013353, -0.366267139842396, 0.0 ], [ 116.419295276983888, -0.366457280314734, 0.0 ], [ 116.419960781137974, -0.366433512429761, 0.0 ], [ 116.420436141331876, -0.366385977810138, 0.0 ], [ 116.421101642887436, -0.366124535635195, 0.0 ], [ 116.421767147031119, -0.36569672003803, 0.0 ], [ 116.422385111615441, -0.36517383603901, 0.0 ], [ 116.423026848386414, -0.364603415847351, 0.0 ], [ 116.423763655808116, -0.3636764833537, 0.0 ], [ 116.424476695324032, -0.362654482014656, 0.0 ], [ 116.425237269390308, -0.361418571482921, 0.0 ], [ 116.42583146857352, -0.360396569169267, 0.0 ], [ 116.426235525444383, -0.359303263564216, 0.0 ], [ 116.426948564922853, -0.357496934012985, 0.0 ], [ 116.427542762863709, -0.355809439639987, 0.0 ], [ 116.428113195194712, -0.353979341413379, 0.0 ], [ 116.428327107683231, -0.353076175303479, 0.0 ], [ 116.42865985809172, -0.351697659279719, 0.0 ], [ 116.429016377826699, -0.349820023950598, 0.0 ], [ 116.429349130056124, -0.347348201005212, 0.0 ], [ 116.429539272967972, -0.346159824408397, 0.0 ], [ 116.429990863554892, -0.345327960429585, 0.0 ], [ 116.430513759764011, -0.344662468733032, 0.0 ], [ 116.431203032586083, -0.344353492022422, 0.0 ], [ 116.432011142980741, -0.344187118057878, 0.0 ], [ 116.43289055723983, -0.344496095824327, 0.0 ], [ 116.433627363285936, -0.344947679850199, 0.0 ], [ 116.434387940124509, -0.345541867497598, 0.0 ], [ 116.435291123094331, -0.346445034234684, 0.0 ], [ 116.435885322382703, -0.347229362837023, 0.0 ], [ 116.436598360556175, -0.348393973033073, 0.0 ], [ 116.437572847933183, -0.350129001760409, 0.0 ], [ 116.438975158372614, -0.353290082995409, 0.0 ], [ 116.439997182395956, -0.355785672206383, 0.0 ], [ 116.440924133354088, -0.357972283779201, 0.0 ], [ 116.441613402261439, -0.358661540716721, 0.0 ], [ 116.442516585285603, -0.359018054032733, 0.0 ], [ 116.443460210324076, -0.359183184902575, 0.0 ], [ 116.444729042239402, -0.358801994403799, 0.0 ], [ 116.446036326463457, -0.358438555891546, 0.0 ], [ 116.446105550880233, -0.358400098181604, 0.0 ], [ 116.446913661412538, -0.357853445843353, 0.0 ], [ 116.44857741997599, -0.356142184801489, 0.0 ], [ 116.449219154735161, -0.355025111717822, 0.0 ], [ 116.44971828195537, -0.353503990284997, 0.0 ], [ 116.450098568593603, -0.351935334574461, 0.0 ], [ 116.450669001438129, -0.350033931620071, 0.0 ], [ 116.451833632124846, -0.34701545535339, 0.0 ], [ 116.453069565791623, -0.344567398565936, 0.0 ], [ 116.454400573032856, -0.342380784181486, 0.0 ], [ 116.456064331283258, -0.339195932658104, 0.0 ], [ 116.457942001338651, -0.335464425563511, 0.0 ], [ 116.45884518415096, -0.334014603616475, 0.0 ], [ 116.460633111957677, -0.332089176050696, 0.0 ] ] ] ] } },
{ "type": "Feature", "properties": { "Toponim": "Selerong", "subws_id": 10, "Kelas": 0, "Kls_Pr": "Dipertahankan" }, "geometry": { "type": "MultiPolygon", "coordinates": [ [ [ [ 116.696639671471331, -0.176466490550679, 0.0 ], [ 116.694749496628873, -0.177624469982538, 0.0 ], [ 116.694715944376313, -0.177219049606543, 0.0 ], [ 116.694487691666467, -0.176644548771416, 0.0 ], [ 116.693802916582186, -0.176070040415473, 0.0 ], [ 116.69243334879728, -0.17595511851502, 0.0 ], [ 116.690721388639659, -0.175840189931127, 0.0 ], [ 116.688952373945526, -0.175093314843706, 0.0 ], [ 116.688542517043601, -0.174931207134592, 0.0 ], [ 116.688535002568699, -0.171647392835793, 0.0 ], [ 116.685587171938394, -0.171617768258102, 0.0 ], [ 116.685585575355645, -0.171588827555422, 0.0 ], [ 116.685585590320656, -0.170669632691308, 0.0 ], [ 116.685985065531383, -0.169520645182716, 0.0 ], [ 116.686898126704534, -0.168601465084135, 0.0 ], [ 116.687468794579459, -0.16768227928064, 0.0 ], [ 116.68775413980255, -0.166475840913986, 0.0 ], [ 116.688324819971513, -0.164809808524588, 0.0 ], [ 116.689637339909623, -0.163718285163458, 0.0 ], [ 116.691006917123332, -0.163143808686973, 0.0 ], [ 116.692661830180356, -0.161937390683997, 0.0 ], [ 116.693803155906409, -0.160730963517456, 0.0 ], [ 116.694944478048086, -0.159696885784349, 0.0 ], [ 116.695458076413999, -0.159064945816719, 0.0 ], [ 116.696827658661945, -0.158145770262683, 0.0 ], [ 116.698254299542512, -0.157686193201548, 0.0 ], [ 116.699224417471669, -0.15722660930477, 0.0 ], [ 116.699501631859093, -0.156668466856089, 0.0 ], [ 116.696714377629903, -0.175952916402214, 0.0 ], [ 116.696640194512312, -0.176466170119556, 0.0 ], [ 116.696639671471331, -0.176466490550679, 0.0 ] ] ], [ [ [ 116.726854339207932, -0.165730602199789, 0.0 ], [ 116.729445045797306, -0.165896975499698, 0.0 ], [ 116.731821843401903, -0.165825673510349, 0.0 ], [ 116.733010242793299, -0.165825673396718, 0.0 ], [ 116.736290224362136, -0.166063351844325, 0.0 ], [ 116.738667020050485, -0.166443636391182, 0.0 ], [ 116.740711065197971, -0.166610012969044, 0.0 ], [ 116.74401481405225, -0.166728852817102, 0.0 ], [ 116.746985810373687, -0.166800156462359, 0.0 ], [ 116.748649568346337, -0.166847692142241, 0.0 ], [ 116.749991977851295, -0.166934397168076, 0.0 ], [ 116.750000001164096, -0.16693537165705, 0.0 ], [ 116.751190859276221, -0.167080070116702, 0.0 ], [ 116.752605139745768, -0.167275662928194, 0.0 ], [ 116.755055984247306, -0.16784673420637, 0.0 ], [ 116.757007141859617, -0.168394011236052, 0.0 ], [ 116.759695934230436, -0.169369588902129, 0.0 ], [ 116.76167088670887, -0.170440346368128, 0.0 ], [ 116.763074767414622, -0.171511104068061, 0.0 ], [ 116.764597623747051, -0.172700833612719, 0.0 ], [ 116.765906328444572, -0.173842975775615, 0.0 ], [ 116.76733400640893, -0.17522306370838, 0.0 ], [ 116.768214404584924, -0.17622243535176, 0.0 ], [ 116.769023419579611, -0.177364577942666, 0.0 ], [ 116.769903822166555, -0.178816049354642, 0.0 ], [ 116.770617662230634, -0.1800533679106, 0.0 ], [ 116.771045961859855, -0.181005152937063, 0.0 ], [ 116.771402882358927, -0.181980732245856, 0.0 ], [ 116.771617034093296, -0.182980105818189, 0.0 ], [ 116.77152185497701, -0.184383988403792, 0.0 ], [ 116.771188730054249, -0.185835459064603, 0.0 ], [ 116.7707366331137, -0.187025189625758, 0.0 ], [ 116.770451098261631, -0.187762822695098, 0.0 ], [ 116.770236946580482, -0.188714607550035, 0.0 ], [ 116.770141767763548, -0.189975721792665, 0.0 ], [ 116.770498689415476, -0.191165452148728, 0.0 ], [ 116.770813995100681, -0.191943208815551, 0.0 ], [ 116.770620821536284, -0.192020588238, 0.0 ], [ 116.768929564779143, -0.192698053775006, 0.0 ], [ 116.768702800000355, -0.192788888784211, 0.0 ], [ 116.768333262016824, -0.19337343000654, 0.0 ], [ 116.768140987037043, -0.19367757369196, 0.0 ], [ 116.76522091140923, -0.194241276730812, 0.0 ], [ 116.763403327944786, -0.19188858046909, 0.0 ], [ 116.763013879930924, -0.188882384723121, 0.0 ], [ 116.763663080661914, -0.18496127561448, 0.0 ], [ 116.76288415773368, -0.180778739497395, 0.0 ], [ 116.761456064385357, -0.178295346307603, 0.0 ], [ 116.759119161032572, -0.176073349521412, 0.0 ], [ 116.755354125495614, -0.174504853905643, 0.0 ], [ 116.750794390928533, -0.173584901100109, 0.0 ], [ 116.750495975230209, -0.173555059264325, 0.0 ], [ 116.749350403529078, -0.17355505916703, 0.0 ], [ 116.749350344501437, -0.173555059166708, 0.0 ], [ 116.749063037168341, -0.173545798697042, 0.0 ], [ 116.747286982214916, -0.173431213578133, 0.0 ], [ 116.745600257506027, -0.173374036464207, 0.0 ], [ 116.7454575306175, -0.173366909289649, 0.0 ], [ 116.745361430116347, -0.17335952395516, 0.0 ], [ 116.743788928112352, -0.173221584752597, 0.0 ], [ 116.743062090612469, -0.173198137443448, 0.0 ], [ 116.742385352186005, -0.173198137653571, 0.0 ], [ 116.742033563300879, -0.1731981377532, 0.0 ], [ 116.742033500923284, -0.173198137752717, 0.0 ], [ 116.741835383437362, -0.173193735853205, 0.0 ], [ 116.740496936297831, -0.173134248269932, 0.0 ], [ 116.740401174889257, -0.173128960738234, 0.0 ], [ 116.740334395242016, -0.173124050044742, 0.0 ], [ 116.739233893880808, -0.173034820218939, 0.0 ], [ 116.739079052685753, -0.173019545064459, 0.0 ], [ 116.737800092704873, -0.17287082815296, 0.0 ], [ 116.737729093409172, -0.172861995241038, 0.0 ], [ 116.737658065885185, -0.172851999134141, 0.0 ], [ 116.736260132070896, -0.172643795955711, 0.0 ], [ 116.73604105127086, -0.172605568246411, 0.0 ], [ 116.735760637282922, -0.17253994401648, 0.0 ], [ 116.734589456066956, -0.172225724530756, 0.0 ], [ 116.733380793884081, -0.171930272690138, 0.0 ], [ 116.732746694531457, -0.171800200988236, 0.0 ], [ 116.732289957184193, -0.171800200902771, 0.0 ], [ 116.731458972475465, -0.171849081599066, 0.0 ], [ 116.730473941556582, -0.171928948873348, 0.0 ], [ 116.729205431685244, -0.172069893420307, 0.0 ], [ 116.72792580250227, -0.172214367326347, 0.0 ], [ 116.727365276190014, -0.172277652366127, 0.0 ], [ 116.727158312570566, -0.172296152524293, 0.0 ], [ 116.726864433765385, -0.17230583367, 0.0 ], [ 116.726652199369056, -0.172300781785915, 0.0 ], [ 116.725455987533124, -0.172243819566502, 0.0 ], [ 116.724259819823629, -0.172215338153041, 0.0 ], [ 116.724072119997587, -0.172206913173762, 0.0 ], [ 116.723779500258814, -0.172177894234673, 0.0 ], [ 116.723489392282588, -0.172129670284477, 0.0 ], [ 116.723362113637222, -0.172102245433966, 0.0 ], [ 116.722336338843519, -0.171865528113563, 0.0 ], [ 116.721401426230088, -0.171709708839475, 0.0 ], [ 116.721258648254278, -0.171683520814845, 0.0 ], [ 116.72108338544831, -0.171644743437937, 0.0 ], [ 116.720954056788145, -0.171613391164517, 0.0 ], [ 116.720842965735216, -0.171584946073927, 0.0 ], [ 116.72056159214047, -0.171499012961255, 0.0 ], [ 116.720523436519699, -0.171485780344275, 0.0 ], [ 116.719557929862631, -0.17116929657098, 0.0 ], [ 116.718426351651061, -0.170854181266914, 0.0 ], [ 116.718179876607422, -0.170777814425204, 0.0 ], [ 116.718118900634749, -0.170756482484005, 0.0 ], [ 116.71694235482704, -0.170335317840107, 0.0 ], [ 116.716728142452524, -0.170252374011583, 0.0 ], [ 116.716460317658402, -0.170130202110504, 0.0 ], [ 116.716292344770565, -0.170042330206959, 0.0 ], [ 116.715311893777468, -0.169502721642279, 0.0 ], [ 116.715220552292024, -0.169451048676952, 0.0 ], [ 116.714970858771395, -0.169294728398826, 0.0 ], [ 116.714731855308429, -0.169122302092394, 0.0 ], [ 116.714691146224752, -0.169090478462359, 0.0 ], [ 116.713593043996184, -0.168221846932135, 0.0 ], [ 116.713406463146697, -0.168065876602863, 0.0 ], [ 116.713191859101926, -0.167863518224753, 0.0 ], [ 116.712407503065933, -0.167073855399072, 0.0 ], [ 116.712230441769762, -0.166885057358236, 0.0 ], [ 116.711158490622026, -0.165674245190405, 0.0 ], [ 116.711134556376408, -0.165646990645626, 0.0 ], [ 116.711048636216958, -0.165545369197792, 0.0 ], [ 116.710083872109081, -0.164369595820315, 0.0 ], [ 116.709406088304576, -0.16357657274034, 0.0 ], [ 116.708591172499922, -0.162908781353183, 0.0 ], [ 116.708465027616427, -0.162801470901948, 0.0 ], [ 116.708250424589181, -0.162599113573994, 0.0 ], [ 116.70810623877496, -0.162447043853867, 0.0 ], [ 116.707070231451439, -0.161302271576154, 0.0 ], [ 116.705982860438894, -0.160156627105932, 0.0 ], [ 116.705853234484664, -0.160014078554704, 0.0 ], [ 116.705786204753167, -0.159935325654959, 0.0 ], [ 116.704972520497734, -0.158956850332629, 0.0 ], [ 116.703991401402718, -0.157969094637967, 0.0 ], [ 116.702176490145916, -0.156373196103028, 0.0 ], [ 116.702169676305132, -0.156367192320212, 0.0 ], [ 116.701955073411639, -0.156164835164916, 0.0 ], [ 116.701754076245251, -0.155948781036952, 0.0 ], [ 116.701594561532971, -0.155755043413697, 0.0 ], [ 116.701321226550064, -0.155403612240578, 0.0 ], [ 116.700884486258573, -0.154982469481166, 0.0 ], [ 116.700438693605875, -0.154632203896653, 0.0 ], [ 116.700370982446273, -0.15459082481775, 0.0 ], [ 116.700594031257722, -0.154066892150852, 0.0 ], [ 116.701278826660626, -0.15332005545044, 0.0 ], [ 116.702020676875605, -0.153262615296892, 0.0 ], [ 116.703161991402865, -0.152803033053343, 0.0 ], [ 116.703903850350073, -0.152113646468843, 0.0 ], [ 116.704417452142437, -0.151194457055776, 0.0 ], [ 116.704889442186925, -0.149927389770278, 0.0 ], [ 116.705653305045814, -0.150495387413504, 0.0 ], [ 116.707459670933602, -0.15206407052337, 0.0 ], [ 116.709432413092813, -0.153799125151117, 0.0 ], [ 116.71138138865858, -0.155795627596782, 0.0 ], [ 116.713092681092405, -0.157697058377738, 0.0 ], [ 116.71466136799549, -0.159265739720247, 0.0 ], [ 116.715308243374253, -0.159884072408826, 0.0 ], [ 116.716277588669811, -0.160810651419397, 0.0 ], [ 116.717798739944527, -0.162070348123355, 0.0 ], [ 116.719937857338692, -0.163472653038288, 0.0 ], [ 116.722100743008568, -0.164565975684389, 0.0 ], [ 116.724382468354833, -0.16525524372914, 0.0 ], [ 116.726854339207932, -0.165730602199789, 0.0 ] ] ] ] } },
{ "type": "Feature", "properties": { "Toponim": "Kelinjau Hilir", "subws_id": 16, "Kelas": 1, "Kls_Pr": "Dipertahankan" }, "geometry": { "type": "MultiPolygon", "coordinates": [ [ [ [ 116.69951007068812, -0.145301398526628, 0.0 ], [ 116.699014101843488, -0.146872101097869, 0.0 ], [ 116.698650414171269, -0.14675087211341, 0.0 ], [ 116.697118939318784, -0.146240381019891, 0.0 ], [ 116.696407564686808, -0.146003257286627, 0.0 ], [ 116.693721780599674, -0.145218916706044, 0.0 ], [ 116.693719501593662, -0.145218346702416, 0.0 ], [ 116.691655896944837, -0.14470244728265, 0.0 ], [ 116.691059769880752, -0.144553415766791, 0.0 ], [ 116.688659203623473, -0.144101825410253, 0.0 ], [ 116.687138054977083, -0.144006754785036, 0.0 ], [ 116.685260387225213, -0.144078057601511, 0.0 ], [ 116.683525323848016, -0.144244433556938, 0.0 ], [ 116.681695190401982, -0.144719790639058, 0.0 ], [ 116.681107584622993, -0.144990993025292, 0.0 ], [ 116.680150271667259, -0.14543282789099, 0.0 ], [ 116.678629120733774, -0.14659745554852, 0.0 ], [ 116.67736941731701, -0.147738312425598, 0.0 ], [ 116.675848268180701, -0.14956844161294, 0.0 ], [ 116.67463610123805, -0.151422337189443, 0.0 ], [ 116.673732917327783, -0.152824641394851, 0.0 ], [ 116.672758431878933, -0.154844913486411, 0.0 ], [ 116.671997856284833, -0.157055326417999, 0.0 ], [ 116.671474960898919, -0.159289506072955, 0.0 ], [ 116.671455564242606, -0.159434980619579, 0.0 ], [ 116.667201850404368, -0.158007514714316, 0.0 ], [ 116.659833778848295, -0.155375407874782, 0.0 ], [ 116.653654105930428, -0.153461148555837, 0.0 ], [ 116.646999073557012, -0.15274330135433, 0.0 ], [ 116.634877407448613, -0.151546889403604, 0.0 ], [ 116.628935414258351, -0.148196936282185, 0.0 ], [ 116.623468780523154, -0.140539902409446, 0.0 ], [ 116.615625349511717, -0.13360071757593, 0.0 ], [ 116.606355840134725, -0.129293638299959, 0.0 ], [ 116.598037049668093, -0.123072302817212, 0.0 ], [ 116.58805450110826, -0.116611686694189, 0.0 ], [ 116.581399468735, -0.112065328069987, 0.0 ], [ 116.57450675663415, -0.106801124203244, 0.0 ], [ 116.569040122898969, -0.098904820034801, 0.0 ], [ 116.565712606712353, -0.091487081423487, 0.0 ], [ 116.559770613521877, -0.085505035249001, 0.0 ], [ 116.555017018969579, -0.078805144607393, 0.0 ], [ 116.550976463600136, -0.073540945557806, 0.0 ], [ 116.547411267685831, -0.068516028847403, 0.0 ], [ 116.544796790682213, -0.061576858987417, 0.0 ], [ 116.542182313678396, -0.056312661754241, 0.0 ], [ 116.537685413231827, -0.047031723611071, 0.0 ], [ 116.530555021403416, -0.038178303163701, 0.0 ], [ 116.527702864671951, -0.029085602004159, 0.0 ], [ 116.527940544399598, -0.01760008574101, 0.0 ], [ 116.528891263310101, -0.008746667448049, 0.0 ], [ 116.530529147479839, 0.009060976508363, 0.0 ], [ 116.52993428200017, 0.012431879739652, 0.0 ], [ 116.528149686408213, 0.015406206026758, 0.0 ], [ 116.527158244263632, 0.018578820577046, 0.0 ], [ 116.527158243749867, 0.022148011832936, 0.0 ], [ 116.527753109106811, 0.025122338536181, 0.0 ], [ 116.528942839483989, 0.027501799484202, 0.0 ], [ 116.531520589153445, 0.02869152940442, 0.0 ], [ 116.533701761844014, 0.028889818118422, 0.0 ], [ 116.535684645995175, 0.030277837364339, 0.0 ], [ 116.536676088266589, 0.033252162993838, 0.0 ], [ 116.538029504198548, 0.034740921012977, 0.0 ], [ 116.692432430826557, 0.035012117751543, 0.0 ], [ 116.702885660288374, 0.035009869687797, 0.0 ], [ 116.703177302638565, 0.034652089480581, 0.0 ], [ 116.703405566730183, 0.033426495198452, 0.0 ], [ 116.703703784721057, 0.032011156071095, 0.0 ], [ 116.703697204234672, 0.031941138077222, 0.0 ], [ 116.703659057987068, 0.031558621791055, 0.0 ], [ 116.703506469792856, 0.029835001053249, 0.0 ], [ 116.703507051336587, 0.029832787733895, 0.0 ], [ 116.703405577967231, 0.029443309855826, 0.0 ], [ 116.703272428441181, 0.028428363889303, 0.0 ], [ 116.703538734645633, 0.027681517090393, 0.0 ], [ 116.704128408824559, 0.027509169561084, 0.0 ], [ 116.704870256594972, 0.027585770373548, 0.0 ], [ 116.705481968249359, 0.027965537157324, 0.0 ], [ 116.705825805792131, 0.027931999807885, 0.0 ], [ 116.706779479942114, 0.028481848160225, 0.0 ], [ 116.706954956215739, 0.028585999913081, 0.0 ], [ 116.707914410921035, 0.029375706720108, 0.0 ], [ 116.708686828204804, 0.030011466065245, 0.0 ], [ 116.709930420020768, 0.031321998389921, 0.0 ], [ 116.710312638405654, 0.032039380674315, 0.0 ], [ 116.710947213552942, 0.033230408968489, 0.0 ], [ 116.711006164651181, 0.033341053657182, 0.0 ], [ 116.711151123399958, 0.033699389167191, 0.0 ], [ 116.711616516086266, 0.034881151880071, 0.0 ], [ 116.711715698109188, 0.035132515926395, 0.0 ], [ 116.711945886948229, 0.036638323318857, 0.0 ], [ 116.711952209812623, 0.036679685321646, 0.0 ], [ 116.712310791071019, 0.037747326512706, 0.0 ], [ 116.712471013305986, 0.037816046529919, 0.0 ], [ 116.71268816336638, 0.037716109503422, 0.0 ], [ 116.713582189426106, 0.036739465437009, 0.0 ], [ 116.714247955133871, 0.035092572224259, 0.0 ], [ 116.714875676775193, 0.034001027557734, 0.0 ], [ 116.715731657397967, 0.033445681202587, 0.0 ], [ 116.716480218441532, 0.033106561716706, 0.0 ], [ 116.716491698798436, 0.033100851115385, 0.0 ], [ 116.71743011456914, 0.032635346271734, 0.0 ], [ 116.718971253401762, 0.032870594209771, 0.0 ], [ 116.719290508934094, 0.032933714482447, 0.0 ], [ 116.719364814165857, 0.032928643091781, 0.0 ], [ 116.719973510902307, 0.032890345282667, 0.0 ], [ 116.720487099191132, 0.032583946840253, 0.0 ], [ 116.720677318818417, 0.031817949439392, 0.0 ], [ 116.720659399586523, 0.031092670217017, 0.0 ], [ 116.720828369548968, 0.031094490538749, 0.0 ], [ 116.720878601074844, 0.030311000381512, 0.0 ], [ 116.720300786427373, 0.029831611003136, 0.0 ], [ 116.720161438068047, 0.029716000032753, 0.0 ], [ 116.718200683655652, 0.029658629411293, 0.0 ], [ 116.716415404917655, 0.029776245686317, 0.0 ], [ 116.714988708238351, 0.029658619322715, 0.0 ], [ 116.713500976168731, 0.029242418932979, 0.0 ], [ 116.712074280142545, 0.028292398783786, 0.0 ], [ 116.711882855854796, 0.027921682108541, 0.0 ], [ 116.711258568961568, 0.026712670926973, 0.0 ], [ 116.711242676171949, 0.026681892322282, 0.0 ], [ 116.711239186827896, 0.026610518968749, 0.0 ], [ 116.71118164090052, 0.025433298340819, 0.0 ], [ 116.711715697808643, 0.024121371639489, 0.0 ], [ 116.712432861771759, 0.022338961883532, 0.0 ], [ 116.712432861292768, 0.020673999527426, 0.0 ], [ 116.711601257342352, 0.018957096713805, 0.0 ], [ 116.7115402221377, 0.018828421929554, 0.0 ], [ 116.710762024301758, 0.017344586131278, 0.0 ], [ 116.710739164868372, 0.016834549426901, 0.0 ], [ 116.710710379321227, 0.016192306052239, 0.0 ], [ 116.710387579405278, 0.016187182244073, 0.0 ], [ 116.710387431939594, 0.016186820953435, 0.0 ], [ 116.710506124067308, 0.015861625910803, 0.0 ], [ 116.710877049869239, 0.015366970662227, 0.0 ], [ 116.711340707242798, 0.01505897752211, 0.0 ], [ 116.711915640958182, 0.015021646018999, 0.0 ], [ 116.712703857047401, 0.015161643937784, 0.0 ], [ 116.713547710800412, 0.015450972415308, 0.0 ], [ 116.714391565743938, 0.015702967969516, 0.0 ], [ 116.715100013437947, 0.015869416712794, 0.0 ], [ 116.715693494305228, 0.015878750433892, 0.0 ], [ 116.716166424526136, 0.01581341942197, 0.0 ], [ 116.716472438275005, 0.015580091185711, 0.0 ], [ 116.716480955772582, 0.015522941051395, 0.0 ], [ 116.71652807767309, 0.015206765681447, 0.0 ], [ 116.716333341434165, 0.014842772750197, 0.0 ], [ 116.71601805553955, 0.014441447396961, 0.0 ], [ 116.715433235001541, 0.013763976926652, 0.0 ], [ 116.71471920543803, 0.012914660405394, 0.0 ], [ 116.714348280891997, 0.012270673586552, 0.0 ], [ 116.714141149073768, 0.012003626765329, 0.0 ], [ 116.713700213528256, 0.010857985566917, 0.0 ], [ 116.713456666111554, 0.0104062054034, 0.0 ], [ 116.713373630194596, 0.010223863003432, 0.0 ], [ 116.713113983214313, 0.00971054042282, 0.0 ], [ 116.71289961153856, 0.009250425351897, 0.0 ], [ 116.71277216508858, 0.008527441134257, 0.0 ], [ 116.712769362643584, 0.008503749809868, 0.0 ], [ 116.712758445109799, 0.008391094908535, 0.0 ], [ 116.712694779868428, 0.00714399732465, 0.0 ], [ 116.712595186437952, 0.006131151426117, 0.0 ], [ 116.712546316828494, 0.005884502265908, 0.0 ], [ 116.71246274649917, 0.00546271560302, 0.0 ], [ 116.71236105259797, 0.004949457784774, 0.0 ], [ 116.712318048666532, 0.004703231326836, 0.0 ], [ 116.712246378143163, 0.004292869333089, 0.0 ], [ 116.712160419212537, 0.003955916375737, 0.0 ], [ 116.712043079649973, 0.003609763614187, 0.0 ], [ 116.711972754062543, 0.00340230250074, 0.0 ], [ 116.711909926916874, 0.003312659236888, 0.0 ], [ 116.711738736983037, 0.003068401379691, 0.0 ], [ 116.711369877230297, 0.002912087107161, 0.0 ], [ 116.710813351099148, 0.002749259308863, 0.0 ], [ 116.710237575261644, 0.00272607914761, 0.0 ], [ 116.710004449063945, 0.002716693719897, 0.0 ], [ 116.709263606250744, 0.002651959967887, 0.0 ], [ 116.70910900051301, 0.002638450746694, 0.0 ], [ 116.708080075859016, 0.002684042181429, 0.0 ], [ 116.707895019472673, 0.002674940985494, 0.0 ], [ 116.707009789214766, 0.00263140482581, 0.0 ], [ 116.706653351148901, 0.002603571040619, 0.0 ], [ 116.706609088728868, 0.002575907028351, 0.0 ], [ 116.70610940191753, 0.002183295962422, 0.0 ], [ 116.705440075067202, 0.001848632537627, 0.0 ], [ 116.705395563615738, 0.001826376811939, 0.0 ], [ 116.705343304412821, 0.001774117607448, 0.0 ], [ 116.705002952549719, 0.001433765746225, 0.0 ], [ 116.70494529993384, 0.001217568436393, 0.0 ], [ 116.70490274241277, 0.001057977727712, 0.0 ], [ 116.704860184889583, 0.000898387020649, 0.0 ], [ 116.704783357797595, 0.000744732834787, 0.0 ], [ 116.704681725314245, 0.000541467870351, 0.0 ], [ 116.704405544174037, 0.000000000000504, 0.0 ], [ 116.704080615843438, -0.000779828160192, 0.0 ], [ 116.703771285252159, -0.001779201769816, 0.0 ], [ 116.703509545097589, -0.002612012916453, 0.0 ], [ 116.703271598791218, -0.00339723489866, 0.0 ], [ 116.703033652407541, -0.004253840995972, 0.0 ], [ 116.702843295696596, -0.004753527243237, 0.0 ], [ 116.702795706685492, -0.005479263040597, 0.0 ], [ 116.702676733230049, -0.006264484977281, 0.0 ], [ 116.702771912015564, -0.006883145531807, 0.0 ], [ 116.702914679525364, -0.007382831945508, 0.0 ], [ 116.703128831448183, -0.007787340160581, 0.0 ], [ 116.703461955457627, -0.008263232631752, 0.0 ], [ 116.703937848274279, -0.008643946069853, 0.0 ], [ 116.704413740390549, -0.008786713854294, 0.0 ], [ 116.705103783826544, -0.008977070963659, 0.0 ], [ 116.705627264794586, -0.008977071388529, 0.0 ], [ 116.706150746723736, -0.008929481762841, 0.0 ], [ 116.70707873681512, -0.008643946712169, 0.0 ], [ 116.707887752926311, -0.008429794798202, 0.0 ], [ 116.708530207319171, -0.008168054479045, 0.0 ], [ 116.709053688598928, -0.007953902297426, 0.0 ], [ 116.70955337602706, -0.007692161824376, 0.0 ], [ 116.710195830511552, -0.007406626388156, 0.0 ], [ 116.710838284889306, -0.007335242611244, 0.0 ], [ 116.711337971178082, -0.007549394638488, 0.0 ], [ 116.711599712158161, -0.007692162316645, 0.0 ], [ 116.711766274663972, -0.008049080741044, 0.0 ], [ 116.711753419790853, -0.00811978238677, 0.0 ], [ 116.711671095954628, -0.008572562426925, 0.0 ], [ 116.711409355428202, -0.009024659766893, 0.0 ], [ 116.711100025491675, -0.009215017086903, 0.0 ], [ 116.710576544150896, -0.009357785054321, 0.0 ], [ 116.709862706220974, -0.009476757814264, 0.0 ], [ 116.709267840527446, -0.009619525690367, 0.0 ], [ 116.708601591338322, -0.00978608761358, 0.0 ], [ 116.70798293174299, -0.010000239614972, 0.0 ], [ 116.707388066097877, -0.010190595681299, 0.0 ], [ 116.706650433519627, -0.010357158376796, 0.0 ], [ 116.705889006192379, -0.010523721025461, 0.0 ], [ 116.705151372966142, -0.010523720324559, 0.0 ], [ 116.705084182825786, -0.010511863168618, 0.0 ], [ 116.704223632812599, -0.010266999702352, 0.0 ], [ 116.703155517578381, -0.009554444801359, 0.0 ], [ 116.702598571777543, -0.009154342104516, 0.0 ], [ 116.701838867736441, -0.008608938185743, 0.0 ], [ 116.70141561909557, -0.008168054649613, 0.0 ], [ 116.700701780483456, -0.007573188745118, 0.0 ], [ 116.700035532228327, -0.007168680325106, 0.0 ], [ 116.69934548835036, -0.006716582823852, 0.0 ], [ 116.69886959561812, -0.006431047850708, 0.0 ], [ 116.69827473081935, -0.00612171782726, 0.0 ], [ 116.697703659910559, -0.005836182856082, 0.0 ], [ 116.697108795111859, -0.005622031108121, 0.0 ], [ 116.696490134645529, -0.005455468473461, 0.0 ], [ 116.69574060470211, -0.005407879897934, 0.0 ], [ 116.69497917739001, -0.005431674513353, 0.0 ], [ 116.694455696016206, -0.005479263340731, 0.0 ], [ 116.693956009362239, -0.005669620353826, 0.0 ], [ 116.693384938400229, -0.005907566397594, 0.0 ], [ 116.692909046527291, -0.006145512470594, 0.0 ], [ 116.692552126613435, -0.006526225848059, 0.0 ], [ 116.692314180521251, -0.006906940182217, 0.0 ], [ 116.692305616513295, -0.006924068194891, 0.0 ], [ 116.692207336425739, -0.007344000033126, 0.0 ], [ 116.691612243652557, -0.008771999729259, 0.0 ], [ 116.691480534777952, -0.008931569070806, 0.0 ], [ 116.6912910127636, -0.009405373866658, 0.0 ], [ 116.691100656097362, -0.009809882220664, 0.0 ], [ 116.690672352517339, -0.010404747540227, 0.0 ], [ 116.69017266556169, -0.010975818651742, 0.0 ], [ 116.689791951776215, -0.011285148582654, 0.0 ], [ 116.689411238867351, -0.011618272573913, 0.0 ], [ 116.688959140518662, -0.012189343611821, 0.0 ], [ 116.688602221326747, -0.012641440691321, 0.0 ], [ 116.68810253522534, -0.013224408619584, 0.0 ], [ 116.687626642984995, -0.013795479483096, 0.0 ], [ 116.687245928882518, -0.014342755442146, 0.0 ], [ 116.686984187964526, -0.01465208532716, 0.0 ], [ 116.686963514548509, -0.014687794051149, 0.0 ], [ 116.686722447738703, -0.015104183276518, 0.0 ], [ 116.686674858404075, -0.015603869676954, 0.0 ], [ 116.686793831490718, -0.016055967271442, 0.0 ], [ 116.687055571808443, -0.016746011307012, 0.0 ], [ 116.687364901871675, -0.017269492384644, 0.0 ], [ 116.687840794149807, -0.017888152808186, 0.0 ], [ 116.688054946057093, -0.01841163379003, 0.0 ], [ 116.68815012411774, -0.01895890956241, 0.0 ], [ 116.688197713162452, -0.019708440366444, 0.0 ], [ 116.688102535249939, -0.020541251082809, 0.0 ], [ 116.688007356612601, -0.021255089575226, 0.0 ], [ 116.687769410386494, -0.021921338691004, 0.0 ], [ 116.687602847844559, -0.022421025759101, 0.0 ], [ 116.687483874997753, -0.022825533887418, 0.0 ], [ 116.687482419564489, -0.022830445976486, 0.0 ], [ 116.687293518243266, -0.023467988057252, 0.0 ], [ 116.687079366804824, -0.024062853992968, 0.0 ], [ 116.686793831349391, -0.0245387457307, 0.0 ], [ 116.686460706929509, -0.025157405403723, 0.0 ], [ 116.685984814254283, -0.025657092496542, 0.0 ], [ 116.685556511254191, -0.026085395629894, 0.0 ], [ 116.68517579829215, -0.026299546759897, 0.0 ], [ 116.684699905800045, -0.026370930481445, 0.0 ], [ 116.684271602466097, -0.026228163151497, 0.0 ], [ 116.683771916160012, -0.025942627612116, 0.0 ], [ 116.683367407353359, -0.025538119275542, 0.0 ], [ 116.682843925619977, -0.024800486489833, 0.0 ], [ 116.682403725963923, -0.023848701941178, 0.0 ], [ 116.681904038699145, -0.022801739267409, 0.0 ], [ 116.6815947092865, -0.022183079316712, 0.0 ], [ 116.681237789517411, -0.021540625238012, 0.0 ], [ 116.680999844131478, -0.020993348606034, 0.0 ], [ 116.680857076213869, -0.020279511031946, 0.0 ], [ 116.680809486528091, -0.019922591846216, 0.0 ], [ 116.680738103079264, -0.019518083587615, 0.0 ], [ 116.68061913000507, -0.019184958338619, 0.0 ], [ 116.68038118408289, -0.018875628748943, 0.0 ], [ 116.680095648467329, -0.01868527210871, 0.0 ], [ 116.679453194456798, -0.018518709795248, 0.0 ], [ 116.67902489100662, -0.018518709919824, 0.0 ], [ 116.678477614672502, -0.018590093808808, 0.0 ], [ 116.678144490661793, -0.018828039196356, 0.0 ], [ 116.677811366299863, -0.019256342445555, 0.0 ], [ 116.677660154328677, -0.019468039226014, 0.0 ], [ 116.677216500892257, -0.020089154040383, 0.0 ], [ 116.676978555091196, -0.020684019399214, 0.0 ], [ 116.676716813877462, -0.02115991169702, 0.0 ], [ 116.67631230545652, -0.021921338628313, 0.0 ], [ 116.67571744042769, -0.022920712818597, 0.0 ], [ 116.675503288939467, -0.023634551043087, 0.0 ], [ 116.675312931902837, -0.024443567305115, 0.0 ], [ 116.675241548499869, -0.025228789785232, 0.0 ], [ 116.675193959141836, -0.025550017031191, 0.0 ], [ 116.675170164458962, -0.025710630653075, 0.0 ], [ 116.675146369773643, -0.025871244274029, 0.0 ], [ 116.675193959248219, -0.026561288132405, 0.0 ], [ 116.675384315629458, -0.027108563558375, 0.0 ], [ 116.675598467128182, -0.027834298975958, 0.0 ], [ 116.67612194914021, -0.028571932327973, 0.0 ], [ 116.676645429755112, -0.029476127747207, 0.0 ], [ 116.677049938472507, -0.030070992954737, 0.0 ], [ 116.677478241767474, -0.03071344729651, 0.0 ], [ 116.677906544437207, -0.031260723655354, 0.0 ], [ 116.678334847247498, -0.031760410134808, 0.0 ], [ 116.678929712919896, -0.032355275228043, 0.0 ], [ 116.679429399718785, -0.032926346019746, 0.0 ], [ 116.679905292084413, -0.033402237827972, 0.0 ], [ 116.680523951303172, -0.034092282143205, 0.0 ], [ 116.681023638022722, -0.034687147164316, 0.0 ], [ 116.681309173905987, -0.034996477302338, 0.0 ], [ 116.68145194112023, -0.035365293935648, 0.0 ], [ 116.681442123363382, -0.035502745369075, 0.0 ], [ 116.681428147032378, -0.035698417995891, 0.0 ], [ 116.680952254430451, -0.03607913220757, 0.0 ], [ 116.680381183782885, -0.03619810502427, 0.0 ], [ 116.679786318591241, -0.036269488712979, 0.0 ], [ 116.679262837651166, -0.036340872644537, 0.0 ], [ 116.678525204401467, -0.036578818725681, 0.0 ], [ 116.677906544234816, -0.03674538122035, 0.0 ], [ 116.677264090007014, -0.036983326672456, 0.0 ], [ 116.676478867875289, -0.037340246351242, 0.0 ], [ 116.676112892894693, -0.037531189334223, 0.0 ], [ 116.675931591569949, -0.037625781085308, 0.0 ], [ 116.675431905110926, -0.038054084791048, 0.0 ], [ 116.675217753977236, -0.038625154751076, 0.0 ], [ 116.675193959134859, -0.039124841470031, 0.0 ], [ 116.675384315948648, -0.039624529031847, 0.0 ], [ 116.675836413281417, -0.040052831883297, 0.0 ], [ 116.676811992458539, -0.040838054012163, 0.0 ], [ 116.6775258309262, -0.041290151189951, 0.0 ], [ 116.678430025475606, -0.041980195212837, 0.0 ], [ 116.679120069285531, -0.042432292429068, 0.0 ], [ 116.680143237588382, -0.042920082194973, 0.0 ], [ 116.680738102710507, -0.043324590100668, 0.0 ], [ 116.681666093214872, -0.04377668850653, 0.0 ], [ 116.682308547106871, -0.044157401743439, 0.0 ], [ 116.682784439793934, -0.044276375032551, 0.0 ], [ 116.683474483352953, -0.044633294469533, 0.0 ], [ 116.683974170336313, -0.044871240051579, 0.0 ], [ 116.684640419389865, -0.045394721576992, 0.0 ], [ 116.685211489548593, -0.045894408668558, 0.0 ], [ 116.685354257314827, -0.046275122621155, 0.0 ], [ 116.685176412810065, -0.046729613292281, 0.0 ], [ 116.685140105675089, -0.046822398013029, 0.0 ], [ 116.684854570960781, -0.047298290836912, 0.0 ], [ 116.684450062096516, -0.047655210011676, 0.0 ], [ 116.683855196997058, -0.048012128270214, 0.0 ], [ 116.68337930501437, -0.048511815979206, 0.0 ], [ 116.682689261268337, -0.048987707645399, 0.0 ], [ 116.682213368943948, -0.049368421293488, 0.0 ], [ 116.681523325546777, -0.049963286778333, 0.0 ], [ 116.681023638393043, -0.050546254275995, 0.0 ], [ 116.680404978636403, -0.051260092982211, 0.0 ], [ 116.680107531528662, -0.051669082112178, 0.0 ], [ 116.679987784069894, -0.051850922654997, 0.0 ], [ 116.67980194091794, -0.052133131713784, 0.0 ], [ 116.679536138841911, -0.052667538153723, 0.0 ], [ 116.679071711824662, -0.053601288338013, 0.0 ], [ 116.678929712535194, -0.054067856855003, 0.0 ], [ 116.67871556105959, -0.054686516607043, 0.0 ], [ 116.678525203903774, -0.055209998421537, 0.0 ], [ 116.678334847361853, -0.055781069235076, 0.0 ], [ 116.678096901185128, -0.056209371802326, 0.0 ], [ 116.677882750017019, -0.056423523452435, 0.0 ], [ 116.677430652343475, -0.056471112659914, 0.0 ], [ 116.677049938688029, -0.056233166370727, 0.0 ], [ 116.676811992716921, -0.055971425931081, 0.0 ], [ 116.676407484089594, -0.055614506561558, 0.0 ], [ 116.67576502976263, -0.054781694935136, 0.0 ], [ 116.675589515505436, -0.054552763430409, 0.0 ], [ 116.675217753737272, -0.05406785688329, 0.0 ], [ 116.674837039969844, -0.053520580847502, 0.0 ], [ 116.674682374934605, -0.053294532036071, 0.0 ], [ 116.67452770989793, -0.053068483231, 0.0 ], [ 116.67425407189117, -0.052794845257259, 0.0 ], [ 116.673980433886541, -0.052521207297043, 0.0 ], [ 116.673474534841503, -0.051974836238727, 0.0 ], [ 116.673385568911812, -0.051878753178437, 0.0 ], [ 116.672885881961605, -0.051236298715024, 0.0 ], [ 116.672386194947663, -0.050784201181485, 0.0 ], [ 116.671672356664871, -0.050260719574946, 0.0 ], [ 116.671125081015646, -0.049832415937181, 0.0 ], [ 116.670815751015894, -0.049546881384736, 0.0 ], [ 116.670197090644876, -0.049237551270187, 0.0 ], [ 116.669661712146777, -0.049047194499054, 0.0 ], [ 116.669090641563784, -0.04904719437319, 0.0 ], [ 116.668662338853522, -0.049142372900649, 0.0 ], [ 116.668400597459495, -0.049404113200797, 0.0 ], [ 116.668092905339961, -0.049650267568014, 0.0 ], [ 116.667686302682228, -0.05039261716957, 0.0 ], [ 116.667639170009679, -0.050498665593302, 0.0 ], [ 116.667610168465416, -0.050581527405833, 0.0 ], [ 116.667472608162385, -0.050974558029425, 0.0 ], [ 116.667377429171964, -0.051521833821567, 0.0 ], [ 116.667282250924529, -0.052092904538512, 0.0 ], [ 116.667234662075273, -0.052663974595161, 0.0 ], [ 116.667091894204603, -0.05342540270514, 0.0 ], [ 116.667044305018138, -0.054044062613934, 0.0 ], [ 116.667044304963042, -0.054710311747432, 0.0 ], [ 116.667044305427709, -0.05575727441255, 0.0 ], [ 116.66709189435322, -0.056483009800295, 0.0 ], [ 116.667187072806811, -0.057339616260693, 0.0 ], [ 116.667258456872062, -0.05843416833176, 0.0 ], [ 116.667258456099475, -0.059171800475698, 0.0 ], [ 116.667258456171041, -0.059909433524633, 0.0 ], [ 116.667448813363606, -0.060742244780401, 0.0 ], [ 116.667496402304124, -0.061408494237895, 0.0 ], [ 116.667520197379559, -0.062074743550807, 0.0 ], [ 116.667567786084788, -0.062622019242804, 0.0 ], [ 116.667522455912945, -0.062810895058824, 0.0 ], [ 116.667425018486369, -0.063216884490203, 0.0 ], [ 116.667234661747116, -0.063478624837966, 0.0 ], [ 116.666853947869413, -0.063502420018878, 0.0 ], [ 116.666401850322472, -0.063312063044912, 0.0 ], [ 116.665783190231537, -0.063050322021288, 0.0 ], [ 116.665761191139097, -0.063034322883734, 0.0 ], [ 116.665595348177547, -0.062998543919147, 0.0 ], [ 116.665188548456356, -0.062779483770701, 0.0 ], [ 116.66344451904321, -0.061602998455843, 0.0 ], [ 116.663002014160455, -0.061416678061718, 0.0 ], [ 116.661626416222916, -0.06083737522826, 0.0 ], [ 116.661198383940956, -0.060657118844198, 0.0 ], [ 116.661186217979548, -0.060651995417306, 0.0 ], [ 116.661178416933026, -0.060649252873718, 0.0 ], [ 116.66068282511425, -0.060454015305748, 0.0 ], [ 116.659757276513915, -0.060095629127632, 0.0 ], [ 116.658440151830476, -0.05941469964254, 0.0 ], [ 116.657514604098154, -0.05894879998405, 0.0 ], [ 116.656411066039766, -0.058518737778481, 0.0 ], [ 116.654737960135463, -0.05790948161884, 0.0 ], [ 116.653278441918232, -0.057515254989504, 0.0 ], [ 116.651783324292452, -0.057300217798097, 0.0 ], [ 116.651416454398827, -0.057260643339907, 0.0 ], [ 116.651040749418158, -0.057285690772998, 0.0 ], [ 116.650469679146426, -0.057404663547081, 0.0 ], [ 116.649684456716145, -0.057690199219961, 0.0 ], [ 116.648994413485198, -0.058047118288392, 0.0 ], [ 116.648328163776611, -0.05873716135667, 0.0 ], [ 116.647947449946074, -0.05930823261901, 0.0 ], [ 116.647900001850559, -0.059412618692206, 0.0 ], [ 116.647709504412504, -0.059831714077106, 0.0 ], [ 116.647352585020087, -0.060569346893093, 0.0 ], [ 116.647067049699928, -0.061425952738594, 0.0 ], [ 116.646924281940642, -0.062068407340443, 0.0 ], [ 116.646924282511947, -0.062925013233795, 0.0 ], [ 116.646924281943924, -0.063805414011609, 0.0 ], [ 116.646971871376394, -0.064447868084728, 0.0 ], [ 116.647233612475006, -0.065137911634142, 0.0 ], [ 116.647638120798206, -0.066065901482042, 0.0 ], [ 116.648114012865534, -0.066898713277605, 0.0 ], [ 116.648542315375792, -0.067755318790462, 0.0 ], [ 116.649113386255593, -0.068564335652536, 0.0 ], [ 116.649636868085793, -0.069206789820902, 0.0 ], [ 116.650065170292692, -0.06984924424689, 0.0 ], [ 116.650660035897957, -0.070527390970268, 0.0 ], [ 116.650945571049348, -0.070908104658352, 0.0 ], [ 116.651088338624291, -0.071098461510476, 0.0 ], [ 116.651231106198779, -0.071288818367992, 0.0 ], [ 116.651754587656541, -0.072097835279148, 0.0 ], [ 116.652325658271906, -0.073049619320106, 0.0 ], [ 116.652682578119538, -0.073811047111845, 0.0 ], [ 116.652991907869534, -0.074429706990145, 0.0 ], [ 116.653206059274339, -0.075333902239274, 0.0 ], [ 116.653396416484853, -0.076166713536863, 0.0 ], [ 116.653515389168859, -0.077047114085857, 0.0 ], [ 116.653539183752756, -0.077725260373284, 0.0 ], [ 116.653515389153839, -0.078153563875995, 0.0 ], [ 116.653515388950822, -0.078724634268472, 0.0 ], [ 116.65342935064119, -0.079176335382214, 0.0 ], [ 116.653420210528679, -0.079224320964932, 0.0 ], [ 116.65332503187966, -0.079747802551696, 0.0 ], [ 116.653134675625708, -0.079914364334546, 0.0 ], [ 116.652658783548702, -0.08012851618756, 0.0 ], [ 116.651849766005199, -0.080318872973848, 0.0 ], [ 116.650921776176332, -0.080485435600772, 0.0 ], [ 116.649898608378791, -0.080675792241288, 0.0 ], [ 116.648994412997155, -0.080889943834792, 0.0 ], [ 116.648209190765058, -0.081246863019475, 0.0 ], [ 116.647447763459581, -0.081579987452868, 0.0 ], [ 116.646614952011916, -0.082032084696334, 0.0 ], [ 116.645829729799075, -0.082603155769903, 0.0 ], [ 116.645438286348266, -0.083009655128465, 0.0 ], [ 116.645211070585816, -0.083245610163602, 0.0 ], [ 116.644711383180763, -0.083959448375053, 0.0 ], [ 116.644473436932103, -0.084697081083435, 0.0 ], [ 116.644330669867585, -0.085375227897014, 0.0 ], [ 116.644402053173323, -0.08623183330663, 0.0 ], [ 116.644687588951911, -0.08723120731895, 0.0 ], [ 116.64497312419951, -0.088182991632426, 0.0 ], [ 116.645258659600813, -0.089110981122007, 0.0 ], [ 116.645520400520525, -0.089824820126765, 0.0 ], [ 116.64568696267601, -0.090538658233827, 0.0 ], [ 116.645948702850816, -0.091228701522338, 0.0 ], [ 116.646186649168371, -0.092013924139745, 0.0 ], [ 116.646329417068003, -0.092489815981993, 0.0 ], [ 116.64671013092584, -0.093953184790075, 0.0 ], [ 116.647090844516242, -0.095071531052728, 0.0 ], [ 116.647304995839278, -0.096213672364756, 0.0 ], [ 116.647590531451158, -0.09723684095368, 0.0 ], [ 116.647733299169829, -0.098141036370481, 0.0 ], [ 116.648114012740933, -0.099140409383395, 0.0 ], [ 116.648375753755516, -0.099878042850888, 0.0 ], [ 116.648613699289044, -0.1009369030224, 0.0 ], [ 116.64899441317317, -0.101888687358942, 0.0 ], [ 116.649197792782033, -0.102450971692006, 0.0 ], [ 116.649398921676919, -0.103007033550785, 0.0 ], [ 116.649660662598237, -0.103816050080793, 0.0 ], [ 116.649779635503052, -0.104196764241687, 0.0 ], [ 116.649898608397081, -0.104577478412208, 0.0 ], [ 116.649993786993676, -0.105243727408137, 0.0 ], [ 116.650112759912815, -0.106100333111528, 0.0 ], [ 116.650207938596168, -0.106909349682387, 0.0 ], [ 116.650255527623727, -0.108206156041071, 0.0 ], [ 116.650231733028946, -0.109134145715968, 0.0 ], [ 116.65023173332618, -0.110038340773932, 0.0 ], [ 116.650065170980611, -0.111061509213482, 0.0 ], [ 116.649874813986543, -0.11191811489735, 0.0 ], [ 116.649636867580796, -0.112917488408332, 0.0 ], [ 116.6494465109771, -0.113726505134962, 0.0 ], [ 116.649279948653614, -0.114416549479229, 0.0 ], [ 116.64911338615498, -0.115189873648901, 0.0 ], [ 116.648970618149477, -0.115975095983498, 0.0 ], [ 116.64878026156552, -0.116831702360527, 0.0 ], [ 116.648661289018705, -0.117616924036053, 0.0 ], [ 116.648494726382168, -0.118306968245472, 0.0 ], [ 116.648304369892458, -0.118782859946471, 0.0 ], [ 116.648221905260755, -0.119030254182084, 0.0 ], [ 116.648114013065182, -0.11935393117399, 0.0 ], [ 116.647828477096027, -0.119734644768841, 0.0 ], [ 116.64732879048141, -0.120329509519566, 0.0 ], [ 116.646733925028073, -0.120852991013816, 0.0 ], [ 116.646067675808112, -0.12120991003044, 0.0 ], [ 116.645306248408559, -0.121519240674783, 0.0 ], [ 116.644663793731226, -0.121685802653705, 0.0 ], [ 116.643854777040417, -0.12192374881455, 0.0 ], [ 116.642855403482173, -0.122042721615483, 0.0 ], [ 116.64202259235735, -0.122066516197959, 0.0 ], [ 116.641380137963012, -0.122090310592584, 0.0 ], [ 116.640475942577041, -0.122137899931626, 0.0 ], [ 116.639738310109024, -0.122185489670232, 0.0 ], [ 116.63897688263684, -0.122328256701463, 0.0 ], [ 116.638606452666835, -0.122558523744288, 0.0 ], [ 116.638536681739126, -0.122601894814348, 0.0 ], [ 116.638357424077768, -0.12285797792801, 0.0 ], [ 116.638203557807984, -0.1230777875055, 0.0 ], [ 116.638132173798809, -0.123672652623326, 0.0 ], [ 116.638186162017817, -0.123996582815056, 0.0 ], [ 116.63827494107305, -0.12452925872907, 0.0 ], [ 116.638441503540449, -0.12540965914853, 0.0 ], [ 116.638703244546349, -0.126171086618908, 0.0 ], [ 116.638964984943001, -0.126908719267666, 0.0 ], [ 116.639202930844007, -0.12769394134729, 0.0 ], [ 116.639369493316678, -0.128172213138503, 0.0 ], [ 116.639607439790936, -0.128719489349805, 0.0 ], [ 116.639655028553705, -0.129147792164079, 0.0 ], [ 116.639583644598588, -0.130218550097832, 0.0 ], [ 116.639797796635492, -0.130551674052856, 0.0 ], [ 116.640035742571939, -0.131003771789374, 0.0 ], [ 116.640249894111491, -0.131622431456557, 0.0 ], [ 116.64058301857699, -0.132217297113302, 0.0 ], [ 116.640892348164698, -0.132574216496, 0.0 ], [ 116.641035115952079, -0.132728881152599, 0.0 ], [ 116.641415830072049, -0.133026313531528, 0.0 ], [ 116.641427727377348, -0.133057246524115, 0.0 ], [ 116.641665673714797, -0.133200014247528, 0.0 ], [ 116.642403306313625, -0.133366576468595, 0.0 ], [ 116.642902992832333, -0.133342781659259, 0.0 ], [ 116.643807188255295, -0.133152424983325, 0.0 ], [ 116.644877945285629, -0.132938273959865, 0.0 ], [ 116.645853524567769, -0.132652738635932, 0.0 ], [ 116.646757719427399, -0.132200640721609, 0.0 ], [ 116.647709504555024, -0.131819927114323, 0.0 ], [ 116.648851645675919, -0.131248856073824, 0.0 ], [ 116.649613073119895, -0.13086814224085, 0.0 ], [ 116.650469679247465, -0.130439839868041, 0.0 ], [ 116.651397668608951, -0.130082920350148, 0.0 ], [ 116.652420837415079, -0.129559438663916, 0.0 ], [ 116.65322985386409, -0.129154931097625, 0.0 ], [ 116.654134049015411, -0.128702833121719, 0.0 ], [ 116.654824092803509, -0.128226940835995, 0.0 ], [ 116.655680698197799, -0.127394129833855, 0.0 ], [ 116.656299358554577, -0.126585113100958, 0.0 ], [ 116.656795712489426, -0.1259600739561, 0.0 ], [ 116.656941812684806, -0.125776095657074, 0.0 ], [ 116.657489088643061, -0.125109847206755, 0.0 ], [ 116.657893597221161, -0.124776722851891, 0.0 ], [ 116.658241671012746, -0.12466069781329, 0.0 ], [ 116.658321900780408, -0.124633954454905, 0.0 ], [ 116.658593715611048, -0.12454602289368, 0.0 ], [ 116.658594115624055, -0.124545893490298, 0.0 ], [ 116.658650757587949, -0.124474482898007, 0.0 ], [ 116.658652815158177, -0.124470820604805, 0.0 ], [ 116.659070001421284, -0.123728265852449, 0.0 ], [ 116.659235349545014, -0.123433960725478, 0.0 ], [ 116.659239126532427, -0.123427238019572, 0.0 ], [ 116.65928287768196, -0.123426039358564, 0.0 ], [ 116.659740872000199, -0.123349706862066, 0.0 ], [ 116.660069550833285, -0.123404486668218, 0.0 ], [ 116.660158146487987, -0.123402059388346, 0.0 ], [ 116.660393350937852, -0.123452718809816, 0.0 ], [ 116.66104810900022, -0.123516081861696, 0.0 ], [ 116.661235154256815, -0.123575936243474, 0.0 ], [ 116.661642310000062, -0.123706225861509, 0.0 ], [ 116.661981518510174, -0.123814156048581, 0.0 ], [ 116.662165205000477, -0.123872601861413, 0.0 ], [ 116.662442625107388, -0.123862693585871, 0.0 ], [ 116.662830709000175, -0.123848832861293, 0.0 ], [ 116.663781428000334, -0.123848833861405, 0.0 ], [ 116.664946057000108, -0.123825064861506, 0.0 ], [ 116.665849241000245, -0.123825065861297, 0.0 ], [ 116.666704887000122, -0.123872601861413, 0.0 ], [ 116.667441696000097, -0.124015208861263, 0.0 ], [ 116.668012126000264, -0.124229120860978, 0.0 ], [ 116.668725166000058, -0.124704477860507, 0.0 ], [ 116.669461971000189, -0.125179836860003, 0.0 ], [ 116.66961543937002, -0.1252791390508, 0.0 ], [ 116.669866029000218, -0.125441283859657, 0.0 ], [ 116.669998259290182, -0.125529437385801, 0.0 ], [ 116.670300405000248, -0.125730867859284, 0.0 ], [ 116.670334339881947, -0.125753491168279, 0.0 ], [ 116.670507763000018, -0.125869106859197, 0.0 ], [ 116.671054427000172, -0.126439535858496, 0.0 ], [ 116.671506018000301, -0.126914894857933, 0.0 ], [ 116.671791232999979, -0.127366484857527, 0.0 ], [ 116.672242827000076, -0.128127058856626, 0.0 ], [ 116.672670650000214, -0.128887631855736, 0.0 ], [ 116.673027170000111, -0.129624436855004, 0.0 ], [ 116.673264848000144, -0.130313705854182, 0.0 ], [ 116.673407456000433, -0.131002975853478, 0.0 ], [ 116.673573833000091, -0.131597173852821, 0.0 ], [ 116.673740207000222, -0.13212006785212, 0.0 ], [ 116.673882816000159, -0.132476585851764, 0.0 ], [ 116.674215567000047, -0.132999479851193, 0.0 ], [ 116.67473846300021, -0.133522373850658, 0.0 ], [ 116.675037893231092, -0.133809825861042, 0.0 ], [ 116.675291311079036, -0.134053106144225, 0.0 ], [ 116.67555845286968, -0.134237308605478, 0.0 ], [ 116.675926863000129, -0.13447308984949, 0.0 ], [ 116.676346216704445, -0.134737126882034, 0.0 ], [ 116.67656859700007, -0.134877143849109, 0.0 ], [ 116.677186564000237, -0.135304966848675, 0.0 ], [ 116.677688344483627, -0.135618579154915, 0.0 ], [ 116.677947138000235, -0.135780324848075, 0.0 ], [ 116.678636411000326, -0.136136843847774, 0.0 ], [ 116.679373217000176, -0.136540898847191, 0.0 ], [ 116.679919881000274, -0.136802345846992, 0.0 ], [ 116.680656689000074, -0.137111327846629, 0.0 ], [ 116.68120335100005, -0.137135095846559, 0.0 ], [ 116.681916392000304, -0.137135095846599, 0.0 ], [ 116.68212730652904, -0.137135095847404, 0.0 ], [ 116.682320446000233, -0.137135095846559, 0.0 ], [ 116.682867110000274, -0.13734900684633, 0.0 ], [ 116.683271165000022, -0.137681757845846, 0.0 ], [ 116.683580148000118, -0.138228418845348, 0.0 ], [ 116.683556380000169, -0.138727544844848, 0.0 ], [ 116.683556384649961, -0.13890125301681, 0.0 ], [ 116.683556380000169, -0.139250438844191, 0.0 ], [ 116.683418643000294, -0.139604623843825, 0.0 ], [ 116.683390006000195, -0.13967826184369, 0.0 ], [ 116.682795806000115, -0.140557673842711, 0.0 ], [ 116.682320446000233, -0.141128103842171, 0.0 ], [ 116.682154069000191, -0.141532157841712, 0.0 ], [ 116.681821319000321, -0.14198374784118, 0.0 ], [ 116.681583361000222, -0.142459664840589, 0.0 ], [ 116.681559872000307, -0.142506641840603, 0.0 ], [ 116.681605929000284, -0.142548860840453, 0.0 ], [ 116.681845087000141, -0.142768088840197, 0.0 ], [ 116.681961399000272, -0.142819749840257, 0.0 ], [ 116.682309132545413, -0.142974199485779, 0.0 ], [ 116.682456330000093, -0.143039578839896, 0.0 ], [ 116.682713002863125, -0.142997956562398, 0.0 ], [ 116.683057622000106, -0.142942072840078, 0.0 ], [ 116.68419848400012, -0.142728161840331, 0.0 ], [ 116.684982828000159, -0.142656857840405, 0.0 ], [ 116.686028617000247, -0.142561785840544, 0.0 ], [ 116.686405966429945, -0.142528972853733, 0.0 ], [ 116.687121945000229, -0.142466713840662, 0.0 ], [ 116.687692378000222, -0.142442946840663, 0.0 ], [ 116.687724793399312, -0.142442156220146, 0.0 ], [ 116.68784168654571, -0.142439305164246, 0.0 ], [ 116.688666864000211, -0.142419178840696, 0.0 ], [ 116.688866572201263, -0.142447708370769, 0.0 ], [ 116.689332366000158, -0.142514249840596, 0.0 ], [ 116.690034201323215, -0.142628834601599, 0.0 ], [ 116.690496998000086, -0.142704392840406, 0.0 ], [ 116.691661627000087, -0.142942071840126, 0.0 ], [ 116.693081010407354, -0.143384174194402, 0.0 ], [ 116.693111474000048, -0.143393662839477, 0.0 ], [ 116.693943353000165, -0.143655109839332, 0.0 ], [ 116.695345665000303, -0.144035395838832, 0.0 ], [ 116.69662319200026, -0.144366957838551, 0.0 ], [ 116.697196723992406, -0.144539017391623, 0.0 ], [ 116.697811589000196, -0.144723476838063, 0.0 ], [ 116.698401063870762, -0.144906867920619, 0.0 ], [ 116.69888114900013, -0.145056226837702, 0.0 ], [ 116.69951007068812, -0.145301398526628, 0.0 ] ] ] ] } },
{ "type": "Feature", "properties": { "Toponim": "Belayan Ilir", "subws_id": 17, "Kelas": 3, "Kls_Pr": "Sangat Prioritas Dipulihkan" }, "geometry": { "type": "MultiPolygon", "coordinates": [ [ [ [ 116.538029504198548, 0.034740921012977, 0.0 ], [ 116.536676088266589, 0.033252162993838, 0.0 ], [ 116.535684645995175, 0.030277837364339, 0.0 ], [ 116.533701761844014, 0.028889818118422, 0.0 ], [ 116.531520589153445, 0.02869152940442, 0.0 ], [ 116.528942839483989, 0.027501799484202, 0.0 ], [ 116.527753109106811, 0.025122338536181, 0.0 ], [ 116.527158243749867, 0.022148011832936, 0.0 ], [ 116.527158244263632, 0.018578820577046, 0.0 ], [ 116.528149686408213, 0.015406206026758, 0.0 ], [ 116.52993428200017, 0.012431879739652, 0.0 ], [ 116.530529147479839, 0.009060976508363, 0.0 ], [ 116.528891263310101, -0.008746667448049, 0.0 ], [ 116.527940544399598, -0.01760008574101, 0.0 ], [ 116.527702864671951, -0.029085602004159, 0.0 ], [ 116.530555021403416, -0.038178303163701, 0.0 ], [ 116.537685413231827, -0.047031723611071, 0.0 ], [ 116.542182313678396, -0.056312661754241, 0.0 ], [ 116.544796790682213, -0.061576858987417, 0.0 ], [ 116.547411267685831, -0.068516028847403, 0.0 ], [ 116.550976463600136, -0.073540945557806, 0.0 ], [ 116.555017018969579, -0.078805144607393, 0.0 ], [ 116.559770613521877, -0.085505035249001, 0.0 ], [ 116.565712606712353, -0.091487081423487, 0.0 ], [ 116.569040122898969, -0.098904820034801, 0.0 ], [ 116.57450675663415, -0.106801124203244, 0.0 ], [ 116.581399468735, -0.112065328069987, 0.0 ], [ 116.58805450110826, -0.116611686694189, 0.0 ], [ 116.598037049668093, -0.123072302817212, 0.0 ], [ 116.606355840134725, -0.129293638299959, 0.0 ], [ 116.615625349511717, -0.13360071757593, 0.0 ], [ 116.623468780523154, -0.140539902409446, 0.0 ], [ 116.628935414258351, -0.148196936282185, 0.0 ], [ 116.634877407448613, -0.151546889403604, 0.0 ], [ 116.646999073557012, -0.15274330135433, 0.0 ], [ 116.653654105930428, -0.153461148555837, 0.0 ], [ 116.659833778848295, -0.155375407874782, 0.0 ], [ 116.667201850404368, -0.158007514714316, 0.0 ], [ 116.671455564242606, -0.159434980619579, 0.0 ], [ 116.671094673757125, -0.162141652450105, 0.0 ], [ 116.670887353277863, -0.16373109350277, 0.0 ], [ 116.670880760756958, -0.163781635368196, 0.0 ], [ 116.670838329845779, -0.164746931635928, 0.0 ], [ 116.670785688878624, -0.165944512717852, 0.0 ], [ 116.670809456908756, -0.168416370734194, 0.0 ], [ 116.670928298202369, -0.170745622685067, 0.0 ], [ 116.671070905300851, -0.172956033379693, 0.0 ], [ 116.671118442030064, -0.174405872808509, 0.0 ], [ 116.671189746882618, -0.176853963952287, 0.0 ], [ 116.671142209779163, -0.17951596137825, 0.0 ], [ 116.671047138246863, -0.18136985447205, 0.0 ], [ 116.671023370086616, -0.182724624119889, 0.0 ], [ 116.670880760795868, -0.183722873638373, 0.0 ], [ 116.670643082164361, -0.18479242656174, 0.0 ], [ 116.670072650324713, -0.185624301522123, 0.0 ], [ 116.669573522831953, -0.186123425837355, 0.0 ], [ 116.668551499374402, -0.186717622212479, 0.0 ], [ 116.667767157785434, -0.187145443867334, 0.0 ], [ 116.666673829375753, -0.187525729344129, 0.0 ], [ 116.665342823713033, -0.18764456804624, 0.0 ], [ 116.664106890151828, -0.187597033060027, 0.0 ], [ 116.66244313080847, -0.187311818230278, 0.0 ], [ 116.66115965977113, -0.186955301071127, 0.0 ], [ 116.658996775862803, -0.186123425819851, 0.0 ], [ 116.656691281080953, -0.18510140848375, 0.0 ], [ 116.654956218589959, -0.18441213935979, 0.0 ], [ 116.652127830131874, -0.183295051962924, 0.0 ], [ 116.649632194382718, -0.182439407486447, 0.0 ], [ 116.64711278931739, -0.181750141366841, 0.0 ], [ 116.645449033197394, -0.181393624171201, 0.0 ], [ 116.643500057359518, -0.181227249498093, 0.0 ], [ 116.641788761626259, -0.181251015807696, 0.0 ], [ 116.640362683121936, -0.181559999433794, 0.0 ], [ 116.638889070993116, -0.181868980987303, 0.0 ], [ 116.63674995284596, -0.182582015351369, 0.0 ], [ 116.634800978797969, -0.183485194697456, 0.0 ], [ 116.632804469588692, -0.184507211872039, 0.0 ], [ 116.631164478684795, -0.185671837519035, 0.0 ], [ 116.629904777407532, -0.186670085918603, 0.0 ], [ 116.629144202130078, -0.187406890015412, 0.0 ], [ 116.628550004341847, -0.188547746478334, 0.0 ], [ 116.628074643563934, -0.189641067240137, 0.0 ], [ 116.627860731064985, -0.190472940824821, 0.0 ], [ 116.627789426555054, -0.192112922566152, 0.0 ], [ 116.627813193908651, -0.194156957113766, 0.0 ], [ 116.627932035304241, -0.196129686201183, 0.0 ], [ 116.628098411136548, -0.197650827569975, 0.0 ], [ 116.628359858229658, -0.199076897670009, 0.0 ], [ 116.628668841837026, -0.200693110472595, 0.0 ], [ 116.628977825888754, -0.203069893178486, 0.0 ], [ 116.629096665054092, -0.204828710663975, 0.0 ], [ 116.629191737079964, -0.206777672801522, 0.0 ], [ 116.629191735596351, -0.208845472091724, 0.0 ], [ 116.628787681691421, -0.210651827016124, 0.0 ], [ 116.628193482728051, -0.21288600011061, 0.0 ], [ 116.627361603236977, -0.215191477334447, 0.0 ], [ 116.626458421376796, -0.217092902536513, 0.0 ], [ 116.625707526247268, -0.218485856845542, 0.0 ], [ 116.624344799767954, -0.220076814152883, 0.0 ], [ 116.62421552471163, -0.22135982045527, 0.0 ], [ 116.624057853591523, -0.221680087062262, 0.0 ], [ 116.623392350572189, -0.222773406716701, 0.0 ], [ 116.622417866237612, -0.224342080703393, 0.0 ], [ 116.621538451770775, -0.225601773404389, 0.0 ], [ 116.620849179324935, -0.226386108359334, 0.0 ], [ 116.619755852448094, -0.22726551760063, 0.0 ], [ 116.618781363705978, -0.228073622186819, 0.0 ], [ 116.617901950786333, -0.228739122195643, 0.0 ], [ 116.61711760943038, -0.229119404514852, 0.0 ], [ 116.61566775996009, -0.229357082704144, 0.0 ], [ 116.614241683049286, -0.229357082984161, 0.0 ], [ 116.613005748579695, -0.229262013181929, 0.0 ], [ 116.611936189594942, -0.229071870020288, 0.0 ], [ 116.610961702162953, -0.228739120854709, 0.0 ], [ 116.609963448116062, -0.228335069036322, 0.0 ], [ 116.609202873437482, -0.227978550871457, 0.0 ], [ 116.608180848661277, -0.227194215398527, 0.0 ], [ 116.607230130318769, -0.226433646002438, 0.0 ], [ 116.606184339106306, -0.225578004515215, 0.0 ], [ 116.605376229175363, -0.224793668894309, 0.0 ], [ 116.604615653696939, -0.223985562524205, 0.0 ], [ 116.603783773027672, -0.222916011391275, 0.0 ], [ 116.602761752206064, -0.221846462525872, 0.0 ], [ 116.601959812391996, -0.221112779527189, 0.0 ], [ 116.60164465836931, -0.220824446522102, 0.0 ], [ 116.600765242613491, -0.220325322794733, 0.0 ], [ 116.599386699751562, -0.219968806686918, 0.0 ], [ 116.598245836367781, -0.219778663009104, 0.0 ], [ 116.597081206373105, -0.219754896394149, 0.0 ], [ 116.596130487149793, -0.219826199584077, 0.0 ], [ 116.595060929272776, -0.219968806765141, 0.0 ], [ 116.593729922299829, -0.220467930506153, 0.0 ], [ 116.593295826689385, -0.220779585152803, 0.0 ], [ 116.592802971133381, -0.221133427389606, 0.0 ], [ 116.591234285251446, -0.22258326368598, 0.0 ], [ 116.588952559853524, -0.224698597552877, 0.0 ], [ 116.58719373098296, -0.226457414077188, 0.0 ], [ 116.585054610704773, -0.228168695188286, 0.0 ], [ 116.583367085931386, -0.229618528855306, 0.0 ], [ 116.581489415980101, -0.230997059722058, 0.0 ], [ 116.580253481927272, -0.231947769428181, 0.0 ], [ 116.578779867915159, -0.232874713977804, 0.0 ], [ 116.576640749268066, -0.233777889290854, 0.0 ], [ 116.574763078998643, -0.23456222596066, 0.0 ], [ 116.572719034038826, -0.235322795666599, 0.0 ], [ 116.570532380394638, -0.236059596326445, 0.0 ], [ 116.569510357803821, -0.236582487914755, 0.0 ], [ 116.5690126014659, -0.237142459698278, 0.0 ], [ 116.568749782828789, -0.237438128186124, 0.0 ], [ 116.56853412017395, -0.237824520178484, 0.0 ], [ 116.56817935024344, -0.238460141414113, 0.0 ], [ 116.567561384904138, -0.240052580480883, 0.0 ], [ 116.566800808274323, -0.241740091953601, 0.0 ], [ 116.566182842735202, -0.243142390328319, 0.0 ], [ 116.565826321839552, -0.244164403282689, 0.0 ], [ 116.565612412391161, -0.245376559929053, 0.0 ], [ 116.565707482566452, -0.246588713985945, 0.0 ], [ 116.565802552734667, -0.24749188867971, 0.0 ], [ 116.566135306125062, -0.24877534774987, 0.0 ], [ 116.566700387601401, -0.249999998857992, 0.0 ], [ 116.566700604162506, -0.250000468407155, 0.0 ], [ 116.567247429562315, -0.251328268124243, 0.0 ], [ 116.567769825858505, -0.252027128748033, 0.0 ], [ 116.568983077981812, -0.25365021979402, 0.0 ], [ 116.571013837453464, -0.255718282917644, 0.0 ], [ 116.571827937235781, -0.256482524277922, 0.0 ], [ 116.573714558384438, -0.258246292074777, 0.0 ], [ 116.577281030320336, -0.260927365526979, 0.0 ], [ 116.579611125976953, -0.262626975400579, 0.0 ], [ 116.581869882124764, -0.26468564170944, 0.0 ], [ 116.583890869437028, -0.266672488663748, 0.0 ], [ 116.586767815915778, -0.269138107722718, 0.0 ], [ 116.589549655162884, -0.271675535816423, 0.0 ], [ 116.591737068372026, -0.274165071108018, 0.0 ], [ 116.592711890243166, -0.275385896896894, 0.0 ], [ 116.593567805123769, -0.277205147114864, 0.0 ], [ 116.593829301383209, -0.278761068000484, 0.0 ], [ 116.593496361314862, -0.28048452832633, 0.0 ], [ 116.593344468427659, -0.280849514875928, 0.0 ], [ 116.592759207816314, -0.282255851410047, 0.0 ], [ 116.591903181423532, -0.283692047937166, 0.0 ], [ 116.590904495052172, -0.284912804506946, 0.0 ], [ 116.589668052933547, -0.285750559461906, 0.0 ], [ 116.588170076758303, -0.28620530835041, 0.0 ], [ 116.587004991611238, -0.286301016797909, 0.0 ], [ 116.585245485311574, -0.286229140815521, 0.0 ], [ 116.582439794558255, -0.285869982752121, 0.0 ], [ 116.578635468274669, -0.285438974567599, 0.0 ], [ 116.575235349368455, -0.285175540268214, 0.0 ], [ 116.571954114179491, -0.285007858263697, 0.0 ], [ 116.569314849317578, -0.28517531970652, 0.0 ], [ 116.565415396352691, -0.285414542619418, 0.0 ], [ 116.564786264688991, -0.285503003330415, 0.0 ], [ 116.562181697219344, -0.285869224086906, 0.0 ], [ 116.559304639013732, -0.286706908287186, 0.0 ], [ 116.555405143289306, -0.288166911232105, 0.0 ], [ 116.551981190603698, -0.289602996284716, 0.0 ], [ 116.549389440154826, -0.290943365012987, 0.0 ], [ 116.547392113351478, -0.292331628654092, 0.0 ], [ 116.542113393059239, -0.297669354308048, 0.0 ], [ 116.540044704112674, -0.299751782564221, 0.0 ], [ 116.538665577414832, -0.301140065662964, 0.0 ], [ 116.537787350945365, -0.301667109103136, 0.0 ], [ 116.536866341741373, -0.302201880272459, 0.0 ], [ 116.535975042763255, -0.302023621262085, 0.0 ], [ 116.53550321569881, -0.301546858730967, 0.0 ], [ 116.53493260198691, -0.300709042975875, 0.0 ], [ 116.534219333575706, -0.29970366063483, 0.0 ], [ 116.533577395895392, -0.298746155557723, 0.0 ], [ 116.533125671323845, -0.297836533690178, 0.0 ], [ 116.532386078186804, -0.296671940507934, 0.0 ], [ 116.531643330280772, -0.295691524545208, 0.0 ], [ 116.530989711385146, -0.294770528731213, 0.0 ], [ 116.529831021043719, -0.29352272661658, 0.0 ], [ 116.528642623107885, -0.292750276606035, 0.0 ], [ 116.527067995360042, -0.292720567361221, 0.0 ], [ 116.526111667263351, -0.29288129281051, 0.0 ], [ 116.525089249062589, -0.293072745252027, 0.0 ], [ 116.523638847330773, -0.293264178310404, 0.0 ], [ 116.521066581784282, -0.293463307027111, 0.0 ], [ 116.517560805692796, -0.293136500277928, 0.0 ], [ 116.512866631170255, -0.291829280906554, 0.0 ], [ 116.50689492832322, -0.290759735391176, 0.0 ], [ 116.500000001108674, -0.290997411414037, 0.0 ], [ 116.499203202329625, -0.291327961827764, 0.0 ], [ 116.498490161723225, -0.291613173390004, 0.0 ], [ 116.497991035119412, -0.29192215268541, 0.0 ], [ 116.497705819796792, -0.292658950630799, 0.0 ], [ 116.497620842928683, -0.293191977469308, 0.0 ], [ 116.497403476923253, -0.294863256158212, 0.0 ], [ 116.497206692690696, -0.297578857084189, 0.0 ], [ 116.49704031586829, -0.301334144053207, 0.0 ], [ 116.496945243119725, -0.3041387253114, 0.0 ], [ 116.496802637321153, -0.306467954333233, 0.0 ], [ 116.4968501729049, -0.309486443081604, 0.0 ], [ 116.496873941285031, -0.312695071570515, 0.0 ], [ 116.496678625058379, -0.314168795571355, 0.0 ], [ 116.49661249263221, -0.31466778374495, 0.0 ], [ 116.496160900381298, -0.31616514385117, 0.0 ], [ 116.495709310441356, -0.317234685740517, 0.0 ], [ 116.495186413908257, -0.317971482280518, 0.0 ], [ 116.494330766893995, -0.318351763306366, 0.0 ], [ 116.492690774690274, -0.318636976092411, 0.0 ], [ 116.490527891574544, -0.318779580674067, 0.0 ], [ 116.486867624096746, -0.318850883059895, 0.0 ], [ 116.48557605343855, -0.318920320414049, 0.0 ], [ 116.484657202621847, -0.31896972020685, 0.0 ], [ 116.482518084131968, -0.318969721617206, 0.0 ], [ 116.480283896242128, -0.318969721365837, 0.0 ], [ 116.478382456572646, -0.318945953221802, 0.0 ], [ 116.477194058317082, -0.31877958096491, 0.0 ], [ 116.476338410631016, -0.318494368901206, 0.0 ], [ 116.476040495089009, -0.318196457250993, 0.0 ], [ 116.475958124429482, -0.318114087979529, 0.0 ], [ 116.475744212923175, -0.31749612922682, 0.0 ], [ 116.475720445360892, -0.316925707340622, 0.0 ], [ 116.475672909273484, -0.316070073461975, 0.0 ], [ 116.475791747797999, -0.314739087054802, 0.0 ], [ 116.476053195672705, -0.313622008867807, 0.0 ], [ 116.476481019073034, -0.311839437650045, 0.0 ], [ 116.477027683745504, -0.309985563254448, 0.0 ], [ 116.477312898641486, -0.308654575596771, 0.0 ], [ 116.477598114614395, -0.307442426502482, 0.0 ], [ 116.477812025735375, -0.306087671511615, 0.0 ], [ 116.47795463502365, -0.304376402259843, 0.0 ], [ 116.477907098362877, -0.303306857952328, 0.0 ], [ 116.477645651142595, -0.30199963857381, 0.0 ], [ 116.477122755366295, -0.300763720942528, 0.0 ], [ 116.476671164114308, -0.299860550337145, 0.0 ], [ 116.47607696483135, -0.299195055758991, 0.0 ], [ 116.475340157422096, -0.29860086503711, 0.0 ], [ 116.474127990059742, -0.298196814369926, 0.0 ], [ 116.471893801356231, -0.297745228985779, 0.0 ], [ 116.469279323945045, -0.297364946475712, 0.0 ], [ 116.466950060684511, -0.297151037655516, 0.0 ], [ 116.465452680794058, -0.297103502891843, 0.0 ], [ 116.4632897948417, -0.297127270326507, 0.0 ], [ 116.46162603759204, -0.297174805430254, 0.0 ], [ 116.460651550209661, -0.297364947095704, 0.0 ], [ 116.459748367854388, -0.297555088509875, 0.0 ], [ 116.459035326963857, -0.297959137882172, 0.0 ], [ 116.458668370894998, -0.298255066607757, 0.0 ], [ 116.458298521058765, -0.298553329242522, 0.0 ], [ 116.457894466448394, -0.299337661257571, 0.0 ], [ 116.457846929900384, -0.300359670386875, 0.0 ], [ 116.458512430772018, -0.302831506067995, 0.0 ], [ 116.459130399700328, -0.304566543583526, 0.0 ], [ 116.460223727074975, -0.307299821332252, 0.0 ], [ 116.462600525334565, -0.312219719706937, 0.0 ], [ 116.464192977573958, -0.315333277539488, 0.0 ], [ 116.4654289133519, -0.317828876780512, 0.0 ], [ 116.466284559985226, -0.320086798988439, 0.0 ], [ 116.466950061102381, -0.322273417502458, 0.0 ], [ 116.467306582577947, -0.323461797702737, 0.0 ], [ 116.467235278920228, -0.324602641838621, 0.0 ], [ 116.466902525321728, -0.326052464935164, 0.0 ], [ 116.466811193910772, -0.326185488638925, 0.0 ], [ 116.465809200253474, -0.327644893407243, 0.0 ], [ 116.464810945007898, -0.328571829041161, 0.0 ], [ 116.462457915816017, -0.330568306020321, 0.0 ], [ 116.460699086578416, -0.332018127979498, 0.0 ], [ 116.460633111957677, -0.332089176050696, 0.0 ], [ 116.45884518415096, -0.334014603616475, 0.0 ], [ 116.457942001338651, -0.335464425563511, 0.0 ], [ 116.456064331283258, -0.339195932658104, 0.0 ], [ 116.454400573032856, -0.342380784181486, 0.0 ], [ 116.453069565791623, -0.344567398565936, 0.0 ], [ 116.451833632124846, -0.34701545535339, 0.0 ], [ 116.450669001438129, -0.350033931620071, 0.0 ], [ 116.450098568593603, -0.351935334574461, 0.0 ], [ 116.44971828195537, -0.353503990284997, 0.0 ], [ 116.449219154735161, -0.355025111717822, 0.0 ], [ 116.44857741997599, -0.356142184801489, 0.0 ], [ 116.446913661412538, -0.357853445843353, 0.0 ], [ 116.446105550880233, -0.358400098181604, 0.0 ], [ 116.446036326463457, -0.358438555891546, 0.0 ], [ 116.444729042239402, -0.358801994403799, 0.0 ], [ 116.443460210324076, -0.359183184902575, 0.0 ], [ 116.442516585285603, -0.359018054032733, 0.0 ], [ 116.441613402261439, -0.358661540716721, 0.0 ], [ 116.440924133354088, -0.357972283779201, 0.0 ], [ 116.439997182395956, -0.355785672206383, 0.0 ], [ 116.438975158372614, -0.353290082995409, 0.0 ], [ 116.437572847933183, -0.350129001760409, 0.0 ], [ 116.436598360556175, -0.348393973033073, 0.0 ], [ 116.435885322382703, -0.347229362837023, 0.0 ], [ 116.435291123094331, -0.346445034234684, 0.0 ], [ 116.434387940124509, -0.345541867497598, 0.0 ], [ 116.433627363285936, -0.344947679850199, 0.0 ], [ 116.43289055723983, -0.344496095824327, 0.0 ], [ 116.432011142980741, -0.344187118057878, 0.0 ], [ 116.431203032586083, -0.344353492022422, 0.0 ], [ 116.430513759764011, -0.344662468733032, 0.0 ], [ 116.429990863554892, -0.345327960429585, 0.0 ], [ 116.429539272967972, -0.346159824408397, 0.0 ], [ 116.429349130056124, -0.347348201005212, 0.0 ], [ 116.429016377826699, -0.349820023950598, 0.0 ], [ 116.42865985809172, -0.351697659279719, 0.0 ], [ 116.428327107683231, -0.353076175303479, 0.0 ], [ 116.428113195194712, -0.353979341413379, 0.0 ], [ 116.427542762863709, -0.355809439639987, 0.0 ], [ 116.426948564922853, -0.357496934012985, 0.0 ], [ 116.426235525444383, -0.359303263564216, 0.0 ], [ 116.42583146857352, -0.360396569169267, 0.0 ], [ 116.425237269390308, -0.361418571482921, 0.0 ], [ 116.424476695324032, -0.362654482014656, 0.0 ], [ 116.423763655808116, -0.3636764833537, 0.0 ], [ 116.423026848386414, -0.364603415847351, 0.0 ], [ 116.422385111615441, -0.36517383603901, 0.0 ], [ 116.421767147031119, -0.36569672003803, 0.0 ], [ 116.421101642887436, -0.366124535635195, 0.0 ], [ 116.420436141331876, -0.366385977810138, 0.0 ], [ 116.419960781137974, -0.366433512429761, 0.0 ], [ 116.419295276983888, -0.366457280314734, 0.0 ], [ 116.418487167013353, -0.366267139842396, 0.0 ], [ 116.417845430863295, -0.366005697606605, 0.0 ], [ 116.417061088179167, -0.365459045378704, 0.0 ], [ 116.41651442484698, -0.364746022031754, 0.0 ], [ 116.416252976375219, -0.363866623425708, 0.0 ], [ 116.416062833681252, -0.362606946637318, 0.0 ], [ 116.416039065375912, -0.361371036784517, 0.0 ], [ 116.416276743403756, -0.359398333167854, 0.0 ], [ 116.416989783591418, -0.355262786802424, 0.0 ], [ 116.417013552666873, -0.353812968169791, 0.0 ], [ 116.416799639394156, -0.352006636637729, 0.0 ], [ 116.416443120551207, -0.350651888208128, 0.0 ], [ 116.415943992553665, -0.34946351139411, 0.0 ], [ 116.415302258599311, -0.348465274973512, 0.0 ], [ 116.414708059298903, -0.347847318179191, 0.0 ], [ 116.41378110777292, -0.347181827646648, 0.0 ], [ 116.412711548894649, -0.347158060843059, 0.0 ], [ 116.412141116765667, -0.347276897804347, 0.0 ], [ 116.411380542906159, -0.347752249297501, 0.0 ], [ 116.410667501812142, -0.348489042459773, 0.0 ], [ 116.409883159903586, -0.349320905787648, 0.0 ], [ 116.407957954258407, -0.351555053596129, 0.0 ], [ 116.406127819870605, -0.353527757860051, 0.0 ], [ 116.404036239600799, -0.356118416178244, 0.0 ], [ 116.402324944218847, -0.358257493619028, 0.0 ], [ 116.401350457184492, -0.359398334019543, 0.0 ], [ 116.399639163722568, -0.36108582647373, 0.0 ], [ 116.398184859848797, -0.362311338703801, 0.0 ], [ 116.397523813850171, -0.362868388681216, 0.0 ], [ 116.395812520415632, -0.364294438149596, 0.0 ], [ 116.395051945936103, -0.364555880982525, 0.0 ], [ 116.394243831599169, -0.364722252146866, 0.0 ], [ 116.393625866862024, -0.364627183573618, 0.0 ], [ 116.39281775509437, -0.364341973650338, 0.0 ], [ 116.391201534074597, -0.363177366619888, 0.0 ], [ 116.390227045847453, -0.362606946250746, 0.0 ], [ 116.389640583614081, -0.36261891517817, 0.0 ], [ 116.389426065639142, -0.36116317030819, 0.0 ], [ 116.389374857045198, -0.360954071940283, 0.0 ], [ 116.389140850773288, -0.359998561943646, 0.0 ], [ 116.38821389965571, -0.358287301591863, 0.0 ], [ 116.38678782161557, -0.355767945505031, 0.0 ], [ 116.385052758309357, -0.353462496581356, 0.0 ], [ 116.384457008447626, -0.352620442747915, 0.0 ], [ 116.382580890142847, -0.349968670740458, 0.0 ], [ 116.382462818135764, -0.349787629584348, 0.0 ], [ 116.382000548037539, -0.349078829835157, 0.0 ], [ 116.381867850357565, -0.34887536348944, 0.0 ], [ 116.381107276030917, -0.347591917184811, 0.0 ], [ 116.380703220058479, -0.346712518334157, 0.0 ], [ 116.38029916276507, -0.345547908172551, 0.0 ], [ 116.379823804231137, -0.343931716394264, 0.0 ], [ 116.379633662005872, -0.34293347900939, 0.0 ], [ 116.379348444238687, -0.342054079382361, 0.0 ], [ 116.379267303000717, -0.341950810579685, 0.0 ], [ 116.379167160506412, -0.341854786105443, 0.0 ], [ 116.378968620058913, -0.341644390417774, 0.0 ], [ 116.378611637752783, -0.341412356309416, 0.0 ], [ 116.378183814748141, -0.341436123290521, 0.0 ], [ 116.377542077820834, -0.341650031333842, 0.0 ], [ 116.376757735628573, -0.34205407953418, 0.0 ], [ 116.375807017394393, -0.3428146417058, 0.0 ], [ 116.374594851317255, -0.344074320888208, 0.0 ], [ 116.373905579279949, -0.34507255803062, 0.0 ], [ 116.373049933119972, -0.34649861073824, 0.0 ], [ 116.371552549682946, -0.349422017391783, 0.0 ], [ 116.370269081447987, -0.352179050454763, 0.0 ], [ 116.369484737372659, -0.353771474501141, 0.0 ], [ 116.368985609749501, -0.355078687810261, 0.0 ], [ 116.368843001952726, -0.356076923479537, 0.0 ], [ 116.368890538216945, -0.356932553716486, 0.0 ], [ 116.369247057043722, -0.358120929746437, 0.0 ], [ 116.369627343950341, -0.359333072505247, 0.0 ], [ 116.369651111952763, -0.360093632466018, 0.0 ], [ 116.369413433816007, -0.36059275001117, 0.0 ], [ 116.368961842423829, -0.360735356023704, 0.0 ], [ 116.368367641930377, -0.360497679746447, 0.0 ], [ 116.367488228370419, -0.360117399459614, 0.0 ], [ 116.36687025924887, -0.359760887020811, 0.0 ], [ 116.366102553196086, -0.359493405018772, 0.0 ], [ 116.365746034570449, -0.358732843168836, 0.0 ], [ 116.365175603052549, -0.357639537853761, 0.0 ], [ 116.364557636105275, -0.356641302641454, 0.0 ], [ 116.363583149747399, -0.355405392043874, 0.0 ], [ 116.362394749196085, -0.354240783403457, 0.0 ], [ 116.361396494318711, -0.353741665920869, 0.0 ], [ 116.360564615968315, -0.353646595738102, 0.0 ], [ 116.359780274398389, -0.353765433589627, 0.0 ], [ 116.359209842109749, -0.354121945902155, 0.0 ], [ 116.35878201822517, -0.354668598849368, 0.0 ], [ 116.358544339795202, -0.355714369968339, 0.0 ], [ 116.358710714677997, -0.356783907984493, 0.0 ], [ 116.359114769446961, -0.358281261426067, 0.0 ], [ 116.35961389725685, -0.359683544168937, 0.0 ], [ 116.36035070640564, -0.362107829164535, 0.0 ], [ 116.360707223968518, -0.36322490018478, 0.0 ], [ 116.360540847614757, -0.36405676347695, 0.0 ], [ 116.360184328322916, -0.364650950658824, 0.0 ], [ 116.359399986030681, -0.365411510994633, 0.0 ], [ 116.358758250145272, -0.366005698184632, 0.0 ], [ 116.357688690892076, -0.366267140612201, 0.0 ], [ 116.356167541957731, -0.36629090778263, 0.0 ], [ 116.35428987231829, -0.366077000231468, 0.0 ], [ 116.352055680812867, -0.36564918560638, 0.0 ], [ 116.349905789124975, -0.364965142963613, 0.0 ], [ 116.348577301712695, -0.364491101133995, 0.0 ], [ 116.346042384922825, -0.363533878496775, 0.0 ], [ 116.343023853250642, -0.362464341159472, 0.0 ], [ 116.340385607124517, -0.361371036364305, 0.0 ], [ 116.338650544887358, -0.360610476045959, 0.0 ], [ 116.333374055123926, -0.357401863226388, 0.0 ], [ 116.330498130063518, -0.355880742382894, 0.0 ], [ 116.328834373136118, -0.355096414172, 0.0 ], [ 116.327455830994268, -0.354787436944657, 0.0 ], [ 116.326314966769289, -0.35471613430098, 0.0 ], [ 116.325697000988697, -0.354716134225573, 0.0 ], [ 116.325035763624001, -0.354777822039887, 0.0 ], [ 116.32395155761283, -0.354892634237758, 0.0 ], [ 116.322791257371506, -0.355160632500673, 0.0 ], [ 116.322242433578865, -0.355330803345484, 0.0 ], [ 116.32190125520178, -0.355387665426003, 0.0 ], [ 116.320308799850835, -0.35557780538583, 0.0 ], [ 116.319263011178833, -0.355863015374103, 0.0 ], [ 116.318122147370588, -0.356362133674086, 0.0 ], [ 116.317123891969686, -0.357170229325251, 0.0 ], [ 116.316387086145809, -0.358120929496032, 0.0 ], [ 116.315959262289567, -0.35892902474228, 0.0 ], [ 116.315721581643317, -0.359760886185539, 0.0 ], [ 116.315650276686952, -0.360925494492296, 0.0 ], [ 116.315887959086538, -0.361781124871682, 0.0 ], [ 116.316624765387331, -0.362351544777595, 0.0 ], [ 116.317314036851187, -0.362589219473464, 0.0 ], [ 116.318145915216476, -0.362589220163515, 0.0 ], [ 116.318882722141552, -0.36230401017688, 0.0 ], [ 116.319667066010197, -0.361519682674054, 0.0 ], [ 116.320237497361063, -0.360069864875623, 0.0 ], [ 116.320760391202413, -0.358881489193837, 0.0 ], [ 116.321188217435363, -0.358358604588105, 0.0 ], [ 116.321877487167484, -0.357883254260189, 0.0 ], [ 116.322330057651314, -0.357548021845438, 0.0 ], [ 116.322772078634699, -0.357305299850105, 0.0 ], [ 116.323342717832062, -0.357171300308814, 0.0 ], [ 116.323913352778391, -0.357133045291637, 0.0 ], [ 116.324274747569177, -0.357190518442577, 0.0 ], [ 116.324426790815664, -0.357465555915575, 0.0 ], [ 116.324556137129989, -0.358186191239161, 0.0 ], [ 116.324888887796675, -0.358899216270546, 0.0 ], [ 116.325340479816148, -0.35975484669404, 0.0 ], [ 116.325863375874988, -0.360848151510245, 0.0 ], [ 116.326029751924921, -0.361846386350626, 0.0 ], [ 116.326053520726347, -0.362915923729894, 0.0 ], [ 116.326029752286715, -0.36510253343517, 0.0 ], [ 116.325934680175095, -0.367360444528803, 0.0 ], [ 116.325863375828632, -0.369998634510428, 0.0 ], [ 116.325958448259115, -0.371543520651218, 0.0 ], [ 116.325958447846972, -0.374419385013324, 0.0 ], [ 116.325910910593265, -0.376011804996119, 0.0 ], [ 116.325697001101204, -0.377580457182138, 0.0 ], [ 116.325483088174963, -0.379244178954233, 0.0 ], [ 116.32524540925283, -0.380551389012151, 0.0 ], [ 116.324865120371697, -0.381597155869152, 0.0 ], [ 116.324437296709959, -0.382476551296359, 0.0 ], [ 116.323938168671646, -0.383189575226726, 0.0 ], [ 116.323439042237538, -0.383617388990123, 0.0 ], [ 116.322702235791809, -0.384045202676715, 0.0 ], [ 116.321846589107977, -0.384140272796375, 0.0 ], [ 116.321038478005846, -0.384068970193114, 0.0 ], [ 116.320111527600176, -0.38345101670263, 0.0 ], [ 116.31904196833905, -0.382547853980836, 0.0 ], [ 116.318115018210875, -0.381715993340746, 0.0 ], [ 116.316593866301446, -0.380551388186736, 0.0 ], [ 116.314383445965902, -0.378911434341576, 0.0 ], [ 116.313313886009269, -0.378174642802812, 0.0 ], [ 116.311483753226469, -0.377342781129943, 0.0 ], [ 116.309796228315221, -0.376796130304178, 0.0 ], [ 116.308156235956929, -0.376035571774557, 0.0 ], [ 116.306373638865395, -0.375132408902139, 0.0 ], [ 116.304567273280185, -0.374157942460595, 0.0 ], [ 116.303141194991454, -0.373135941326697, 0.0 ], [ 116.301548739981882, -0.371876265030382, 0.0 ], [ 116.300621788951815, -0.370687891686867, 0.0 ], [ 116.299837447057271, -0.369238075189485, 0.0 ], [ 116.29931455100845, -0.368239841349717, 0.0 ], [ 116.298577745365677, -0.367574351999728, 0.0 ], [ 116.297650794420306, -0.367265374386961, 0.0 ], [ 116.296605003436625, -0.367241607535238, 0.0 ], [ 116.295963265595532, -0.367645653916605, 0.0 ], [ 116.295464138749196, -0.368311143460368, 0.0 ], [ 116.295012547289105, -0.369808495994477, 0.0 ], [ 116.294537188411468, -0.371305846298837, 0.0 ], [ 116.293776613908392, -0.373135941322513, 0.0 ], [ 116.293229949986554, -0.374348082276176, 0.0 ], [ 116.292279230704438, -0.375916734264901, 0.0 ], [ 116.290995761118722, -0.37741408445495, 0.0 ], [ 116.289640983643139, -0.37900650397749, 0.0 ], [ 116.288024763715512, -0.380670225873526, 0.0 ], [ 116.286408540371141, -0.382215109198148, 0.0 ], [ 116.285338983177041, -0.383237111000867, 0.0 ], [ 116.283485082386065, -0.384829527145676, 0.0 ], [ 116.282225377142481, -0.38568515513174, 0.0 ], [ 116.28106074834848, -0.386184271580816, 0.0 ], [ 116.279563364808041, -0.386778457844583, 0.0 ], [ 116.278958697560668, -0.386944736724604, 0.0 ], [ 116.278598642235735, -0.387043749760152, 0.0 ], [ 116.277661926938165, -0.387301340687041, 0.0 ], [ 116.274945437697184, -0.387719252789794, 0.0 ], [ 116.274881074797548, -0.387729154150605, 0.0 ], [ 116.273550069344012, -0.38780045748895, 0.0 ], [ 116.272480509217871, -0.387800457289728, 0.0 ], [ 116.271220808347721, -0.387776689604199, 0.0 ], [ 116.270151247847195, -0.387420178240052, 0.0 ], [ 116.26977116691954, -0.3871142662706, 0.0 ], [ 116.269176760678576, -0.386635852974622, 0.0 ], [ 116.268677633594976, -0.385946597853901, 0.0 ], [ 116.268677633373912, -0.38494836519762, 0.0 ], [ 116.268820242108262, -0.384259109541525, 0.0 ], [ 116.269081687619618, -0.383118272019024, 0.0 ], [ 116.270008639177476, -0.380598923313, 0.0 ], [ 116.270983125715503, -0.377889433889567, 0.0 ], [ 116.271080407851088, -0.37752116879768, 0.0 ], [ 116.271648630703254, -0.375370083491511, 0.0 ], [ 116.271838774648657, -0.374300547376991, 0.0 ], [ 116.271933844937962, -0.372850731386197, 0.0 ], [ 116.271696167416692, -0.371947567680472, 0.0 ], [ 116.271125734726951, -0.371115705983795, 0.0 ], [ 116.270388928283921, -0.370521519391771, 0.0 ], [ 116.269461977783365, -0.37004617100782, 0.0 ], [ 116.268748937358708, -0.369760960417172, 0.0 ], [ 116.267703146381876, -0.369760960482801, 0.0 ], [ 116.266728660036605, -0.369784727154238, 0.0 ], [ 116.264518238064866, -0.370283844398864, 0.0 ], [ 116.263234768597869, -0.370569054659344, 0.0 ], [ 116.262165209010533, -0.370759194183292, 0.0 ], [ 116.26109564925143, -0.370878031272007, 0.0 ], [ 116.260049859963701, -0.370996869269533, 0.0 ], [ 116.259122909327203, -0.371139473343911, 0.0 ], [ 116.258172190615113, -0.371139473635319, 0.0 ], [ 116.257055095040215, -0.371234543459154, 0.0 ], [ 116.25581916119252, -0.371329613877946, 0.0 ], [ 116.254939746252816, -0.371377148531678, 0.0 ], [ 116.253323522906115, -0.371139473610974, 0.0 ], [ 116.252491645242515, -0.370759194203693, 0.0 ], [ 116.251398317154582, -0.370165007275334, 0.0 ], [ 116.250566438737366, -0.369713425997095, 0.0 ], [ 116.250000001065587, -0.369451982896015, 0.0 ], [ 116.247891380439711, -0.368867015259134, 0.0 ], [ 116.246711167131366, -0.368695693942856, 0.0 ], [ 116.245845042885662, -0.368733764783616, 0.0 ], [ 116.24505506222242, -0.36905737188747, 0.0 ], [ 116.243316387012598, -0.370466795135907, 0.0 ], [ 116.241414183565368, -0.372022445946073, 0.0 ], [ 116.240046927902043, -0.37369781962679, 0.0 ], [ 116.238620132412251, -0.376510129015378, 0.0 ], [ 116.237668872571504, -0.379083119737678, 0.0 ], [ 116.236895728183043, -0.383930006773882, 0.0 ], [ 116.236776593931836, -0.386802266647125, 0.0 ], [ 116.236895195339471, -0.389913903984191, 0.0 ], [ 116.236478964599726, -0.391589355743705, 0.0 ], [ 116.235587210074144, -0.393324603199168, 0.0 ], [ 116.234517179038093, -0.394581121644251, 0.0 ], [ 116.234096018047779, -0.394883913159193, 0.0 ], [ 116.233684968031881, -0.395179433958989, 0.0 ], [ 116.232674494381669, -0.395179339147455, 0.0 ], [ 116.231664029269893, -0.395059568190313, 0.0 ], [ 116.230973692971901, -0.394775187223027, 0.0 ], [ 116.230356404202325, -0.394520896282726, 0.0 ], [ 116.229834639989988, -0.393826667338723, 0.0 ], [ 116.229187487742578, -0.392965599740811, 0.0 ], [ 116.227834116561382, -0.390565752428832, 0.0 ], [ 116.226349332265073, -0.387501006137171, 0.0 ], [ 116.225863527426469, -0.386226989348343, 0.0 ], [ 116.224957097647106, -0.383663253295534, 0.0 ], [ 116.2242371663623, -0.381364376127093, 0.0 ], [ 116.223344002182586, -0.378244095947622, 0.0 ], [ 116.221501888621646, -0.372439571375164, 0.0 ], [ 116.220729367904312, -0.370285307143612, 0.0 ], [ 116.219723311058928, -0.368683934882973, 0.0 ], [ 116.218895259109331, -0.367751186770506, 0.0 ], [ 116.218292608348847, -0.367352996139172, 0.0 ], [ 116.217886762306705, -0.367230481251303, 0.0 ], [ 116.217416820262216, -0.367170994648552, 0.0 ], [ 116.216683351183164, -0.36720728136878, 0.0 ], [ 116.216212231322075, -0.367352812682016, 0.0 ], [ 116.215787484911871, -0.367778352159981, 0.0 ], [ 116.215677213601197, -0.368070829727306, 0.0 ], [ 116.215572738735162, -0.368830668534908, 0.0 ], [ 116.215677094046583, -0.369447118725498, 0.0 ], [ 116.216033603214925, -0.370883278219072, 0.0 ], [ 116.21650896619748, -0.372618642994931, 0.0 ], [ 116.216924930833898, -0.373875291312449, 0.0 ], [ 116.216865383424945, -0.375072060129981, 0.0 ], [ 116.216211467324925, -0.376029419473341, 0.0 ], [ 116.215022604335445, -0.376867053473796, 0.0 ], [ 116.213774387828551, -0.376747262811193, 0.0 ], [ 116.212526214663541, -0.376148762881025, 0.0 ], [ 116.211099806118924, -0.374652668468428, 0.0 ], [ 116.208484673622351, -0.372438404206046, 0.0 ], [ 116.205572356622184, -0.370164276615998, 0.0 ], [ 116.203373213586943, -0.368967308649103, 0.0 ], [ 116.200341898358687, -0.368069458746889, 0.0 ], [ 116.197132253440415, -0.367351107381169, 0.0 ], [ 116.193863185775157, -0.366453236385742, 0.0 ], [ 116.191485701410187, -0.365615283932048, 0.0 ], [ 116.189108277578953, -0.364119111401478, 0.0 ], [ 116.187028066779177, -0.362443451156741, 0.0 ], [ 116.185126113297784, -0.361426029831488, 0.0 ], [ 116.183937360273021, -0.361186570378445, 0.0 ], [ 116.183891295138906, -0.361188421628068, 0.0 ], [ 116.182451384116931, -0.36124627504028, 0.0 ], [ 116.180905966133011, -0.361365809485521, 0.0 ], [ 116.176982819177383, -0.363459785872804, 0.0 ], [ 116.172881379874653, -0.365314387618349, 0.0 ], [ 116.168958320784213, -0.366510782310043, 0.0 ], [ 116.163727647690024, -0.367348022138115, 0.0 ], [ 116.1599830087101, -0.367467345178529, 0.0 ], [ 116.157546053347005, -0.36722776284715, 0.0 ], [ 116.156357318389936, -0.366868623144371, 0.0 ], [ 116.155346921607261, -0.366270150179243, 0.0 ], [ 116.154871505445328, -0.365312700528087, 0.0 ], [ 116.154871604125901, -0.364235621341962, 0.0 ], [ 116.155406650089702, -0.363158591585259, 0.0 ], [ 116.155763328781973, -0.362620085857739, 0.0 ], [ 116.158140939249577, -0.361842416926063, 0.0 ], [ 116.161826249658276, -0.360466489869575, 0.0 ], [ 116.165036053579513, -0.359090514988685, 0.0 ], [ 116.168305376193757, -0.356816972272777, 0.0 ], [ 116.169850929416185, -0.355141649299142, 0.0 ], [ 116.170445421903452, -0.353944943457547, 0.0 ], [ 116.170445482658764, -0.353250347992806, 0.0 ], [ 116.17044549004433, -0.353167050055203, 0.0 ], [ 116.169553955555813, -0.352688264918735, 0.0 ], [ 116.168127458411661, -0.352388947634699, 0.0 ], [ 116.166403698275204, -0.352867495299654, 0.0 ], [ 116.165214901248447, -0.353166577701993, 0.0 ], [ 116.164263864715252, -0.353405843382544, 0.0 ], [ 116.163550603712523, -0.353405778747405, 0.0 ], [ 116.162718516729228, -0.352807324214935, 0.0 ], [ 116.162480822554755, -0.352149086656478, 0.0 ], [ 116.162183770645399, -0.350593275340501, 0.0 ], [ 116.162005570325221, -0.349276825586913, 0.0 ], [ 116.161946255350685, -0.347900549589733, 0.0 ], [ 116.161054843340537, -0.346045496428991, 0.0 ], [ 116.159870535324899, -0.344641815516761, 0.0 ], [ 116.157849797906124, -0.342726827043251, 0.0 ], [ 116.155828979738516, -0.341769244038338, 0.0 ], [ 116.153451493235593, -0.341290330357885, 0.0 ], [ 116.150241829663585, -0.341290045419119, 0.0 ], [ 116.149229051069568, -0.341372624052275, 0.0 ], [ 116.148042601768097, -0.341469362599453, 0.0 ], [ 116.144060254233338, -0.341409168845267, 0.0 ], [ 116.142514911338552, -0.3408704918845, 0.0 ], [ 116.141266805358583, -0.339853142071806, 0.0 ], [ 116.138770619008739, -0.337459417850235, 0.0 ], [ 116.136002833055301, -0.335448450674203, 0.0 ], [ 116.134485720274114, -0.334419194678044, 0.0 ], [ 116.132455247283872, -0.333537604808653, 0.0 ], [ 116.130105729047543, -0.332913591199362, 0.0 ], [ 116.126622198099525, -0.331771449621503, 0.0 ], [ 116.123436205252361, -0.331234964290514, 0.0 ], [ 116.120591390569487, -0.3296522702562, 0.0 ], [ 116.12006652452861, -0.329264990371834, 0.0 ], [ 116.118867330325031, -0.328380148515507, 0.0 ], [ 116.117650376285141, -0.327482202047119, 0.0 ], [ 116.116651002697054, -0.326149704414347, 0.0 ], [ 116.114521243340519, -0.323455340883549, 0.0 ], [ 116.112857111999901, -0.322078941697492, 0.0 ], [ 116.111906124282172, -0.321959183202341, 0.0 ], [ 116.11089566217062, -0.322258280891702, 0.0 ], [ 116.110241777289801, -0.323095942505141, 0.0 ], [ 116.108993412087798, -0.325130291416013, 0.0 ], [ 116.108042182748235, -0.327763034883818, 0.0 ], [ 116.107269246732287, -0.330575303188051, 0.0 ], [ 116.107150115070539, -0.333447469673963, 0.0 ], [ 116.106852683166508, -0.336140106658069, 0.0 ], [ 116.106733601795838, -0.338413901509683, 0.0 ], [ 116.106673994139314, -0.340268842629112, 0.0 ], [ 116.106436094216662, -0.341884418911904, 0.0 ], [ 116.105722768319609, -0.342722069172818, 0.0 ], [ 116.104890570120659, -0.343499871757098, 0.0 ], [ 116.103345152638866, -0.34397842160276, 0.0 ], [ 116.102334709194125, -0.344038162915009, 0.0 ], [ 116.100194974270039, -0.343918286187402, 0.0 ], [ 116.098293012665508, -0.343559084210694, 0.0 ], [ 116.095856159113282, -0.342721136630502, 0.0 ], [ 116.092468375198123, -0.341224895411309, 0.0 ], [ 116.089853321749658, -0.339250035200876, 0.0 ], [ 116.087000572566538, -0.336736625385445, 0.0 ], [ 116.085277124013899, -0.334283160441217, 0.0 ], [ 116.084976242945785, -0.333404477036035, 0.0 ], [ 116.084682913127779, -0.332547842651061, 0.0 ], [ 116.084980251618134, -0.330872444864047, 0.0 ], [ 116.085455842297776, -0.329855266579891, 0.0 ], [ 116.086525780117952, -0.329077488606881, 0.0 ], [ 116.090924289117225, -0.327282791284714, 0.0 ], [ 116.093183020312921, -0.325966588516051, 0.0 ], [ 116.09455029178028, -0.323513403682114, 0.0 ], [ 116.094847579301486, -0.322376531623541, 0.0 ], [ 116.094372176671811, -0.321299427270367, 0.0 ], [ 116.093005223367257, -0.320162405197739, 0.0 ], [ 116.090984523249418, -0.318307287265632, 0.0 ], [ 116.089498721222967, -0.316871074547838, 0.0 ], [ 116.087359222263515, -0.314178235301807, 0.0 ], [ 116.085516898300398, -0.311605097226951, 0.0 ], [ 116.084387859627768, -0.308553331090303, 0.0 ], [ 116.083556051935986, -0.304903225898932, 0.0 ], [ 116.082724183885659, -0.301971161810529, 0.0 ], [ 116.082248882837519, -0.299637494292444, 0.0 ], [ 116.082044931567978, -0.299150582048504, 0.0 ], [ 116.081658976029843, -0.297878747096216, 0.0 ], [ 116.080998675233502, -0.297028089496805, 0.0 ], [ 116.079752778598944, -0.296705292245628, 0.0 ], [ 116.078564032632997, -0.296824866649733, 0.0 ], [ 116.077931736560302, -0.296949699062208, 0.0 ], [ 116.076632456872701, -0.297614535507199, 0.0 ], [ 116.074997679902992, -0.298619660834469, 0.0 ], [ 116.07178791532634, -0.300833334887206, 0.0 ], [ 116.070004631721901, -0.302987291824704, 0.0 ], [ 116.068637383096316, -0.305380628076669, 0.0 ], [ 116.067983317409912, -0.308432224242289, 0.0 ], [ 116.067388688095207, -0.311423987237386, 0.0 ], [ 116.06697233068877, -0.314834621501881, 0.0 ], [ 116.066318128640944, -0.319262451085504, 0.0 ], [ 116.065664098931066, -0.321775514513494, 0.0 ], [ 116.064950750167853, -0.32297217420534, 0.0 ], [ 116.063940276949822, -0.323510607286739, 0.0 ], [ 116.063167596308347, -0.323570371784315, 0.0 ], [ 116.062038331584532, -0.323211250022483, 0.0 ], [ 116.060493095783983, -0.321954544223128, 0.0 ], [ 116.058294088231307, -0.320338764252698, 0.0 ], [ 116.056095084716048, -0.318722984950054, 0.0 ], [ 116.053242270383336, -0.317226819283453, 0.0 ], [ 116.050676959783985, -0.31619352162344, 0.0 ], [ 116.049639022131018, -0.315689682706393, 0.0 ], [ 116.04836997590651, -0.316324206300987, 0.0 ], [ 116.046671735179103, -0.315150469095668, 0.0 ], [ 116.046499388333572, -0.315108356516346, 0.0 ], [ 116.042662814052264, -0.314892238850184, 0.0 ], [ 116.037313580635157, -0.314592564611709, 0.0 ], [ 116.031488899318873, -0.313993664596068, 0.0 ], [ 116.028101058370282, -0.313873676715693, 0.0 ], [ 116.025842486760283, -0.313933300798133, 0.0 ], [ 116.023524429804667, -0.314531439062727, 0.0 ], [ 116.020849757802296, -0.315129541331526, 0.0 ], [ 116.018828877244005, -0.315787540497927, 0.0 ], [ 116.017521290325973, -0.315787417063982, 0.0 ], [ 116.016154306562512, -0.315368437765523, 0.0 ], [ 116.015084535141895, -0.314590476067283, 0.0 ], [ 116.013546564586861, -0.313608281266355, 0.0 ], [ 116.009949231298847, -0.310834185617658, 0.0 ], [ 116.006408593025597, -0.30891158101857, 0.0 ], [ 116.002258812436423, -0.307502939962787, 0.0 ], [ 116.000001661294988, -0.306840214718666, 0.0 ], [ 115.999999999944293, -0.306839484556249, 0.0 ], [ 115.999806063983272, -0.306754267274423, 0.0 ], [ 115.998379695408531, -0.305886523448514, 0.0 ], [ 115.997399110616854, -0.304809399087919, 0.0 ], [ 115.996507666147707, -0.303881872283825, 0.0 ], [ 115.995943114573222, -0.302954376414398, 0.0 ], [ 115.995497441845217, -0.301967056812324, 0.0 ], [ 115.99508153408577, -0.300441224515217, 0.0 ], [ 115.994843906395829, -0.29918466685366, 0.0 ], [ 115.994509902850098, -0.29840279091001, 0.0 ], [ 115.994034481983093, -0.297732594664831, 0.0 ], [ 115.993511497892882, -0.297205997991557, 0.0 ], [ 115.993092289089674, -0.296964788463701, 0.0 ], [ 115.992587778156079, -0.296887250452939, 0.0 ], [ 115.992243047381862, -0.296982954325279, 0.0 ], [ 115.991743748232523, -0.297449622703423, 0.0 ], [ 115.99089627699145, -0.297971645950813, 0.0 ], [ 115.99003191155451, -0.298550428486151, 0.0 ], [ 115.989366214108571, -0.298801672705409, 0.0 ], [ 115.988641101938484, -0.298849474577396, 0.0 ], [ 115.988189395029835, -0.29883746498207, 0.0 ], [ 115.987702042934444, -0.298657915854557, 0.0 ], [ 115.987095851175255, -0.298143278861058, 0.0 ], [ 115.986596658287837, -0.297461113963918, 0.0 ], [ 115.98603805855322, -0.296467804222638, 0.0 ], [ 115.985455747904126, -0.294780407405315, 0.0 ], [ 115.985301880569367, -0.294428759011539, 0.0 ], [ 115.984715462171721, -0.293088549792112, 0.0 ], [ 115.984097488793353, -0.291413118663528, 0.0 ], [ 115.983479488344656, -0.290024893860071, 0.0 ], [ 115.982813935990947, -0.288684533335165, 0.0 ], [ 115.981910606608963, -0.287727094578299, 0.0 ], [ 115.981102322248049, -0.287391947480671, 0.0 ], [ 115.98010380628304, -0.287487592901639, 0.0 ], [ 115.979295466271452, -0.287774728242764, 0.0 ], [ 115.978391984720403, -0.288540529331851, 0.0 ], [ 115.97739332456625, -0.290263680907175, 0.0 ], [ 115.976156879447061, -0.292465484613624, 0.0 ], [ 115.974436429059693, -0.295538094861222, 0.0 ], [ 115.973277282698334, -0.297303108984427, 0.0 ], [ 115.971939836076345, -0.299068104879267, 0.0 ], [ 115.970602577808393, -0.300107846096102, 0.0 ], [ 115.969461310200458, -0.301376230339106, 0.0 ], [ 115.968415164602618, -0.302357416486913, 0.0 ], [ 115.967535455661846, -0.303147148352936, 0.0 ], [ 115.966655777150507, -0.303577872428954, 0.0 ], [ 115.96591878107678, -0.30362566839869, 0.0 ], [ 115.965419537585873, -0.303553819969947, 0.0 ], [ 115.964991624441055, -0.303362308477964, 0.0 ], [ 115.964849004009437, -0.303122955788792, 0.0 ], [ 115.964777739192996, -0.302524604724045, 0.0 ], [ 115.964896652744301, -0.302069873481552, 0.0 ], [ 115.965134439439694, -0.301567286692806, 0.0 ], [ 115.96551487372345, -0.301016846552585, 0.0 ], [ 115.967421720282601, -0.299107110488033, 0.0 ], [ 115.968491667750996, -0.297814784452996, 0.0 ], [ 115.969276298976311, -0.29680963784572, 0.0 ], [ 115.969811313653068, -0.295696765785931, 0.0 ], [ 115.970203713681286, -0.294296671912672, 0.0 ], [ 115.970453499232377, -0.292573459711041, 0.0 ], [ 115.97045365910067, -0.290814322265864, 0.0 ], [ 115.970204226556291, -0.288660254112857, 0.0 ], [ 115.969669483874199, -0.286757466525229, 0.0 ], [ 115.968457224300465, -0.284423809696385, 0.0 ], [ 115.966745700412176, -0.282197810462432, 0.0 ], [ 115.964962823613448, -0.280330815046078, 0.0 ], [ 115.963393868421846, -0.27896644973558, 0.0 ], [ 115.960508480416365, -0.27712927748375, 0.0 ], [ 115.958279783584004, -0.276022145053093, 0.0 ], [ 115.956793958750126, -0.275573257120439, 0.0 ], [ 115.955605270694932, -0.275573151349461, 0.0 ], [ 115.954743456980154, -0.27575257911683, 0.0 ], [ 115.95408965612863, -0.27599185673208, 0.0 ], [ 115.953614116799315, -0.276709825324049, 0.0 ], [ 115.953227717636523, -0.277577388253766, 0.0 ], [ 115.953079066561884, -0.278325304537204, 0.0 ], [ 115.953079026700934, -0.278766817839793, 0.0 ], [ 115.95307902511081, -0.278794995479038, 0.0 ], [ 115.953078960814523, -0.279521988519643, 0.0 ], [ 115.95337593008189, -0.281795717497073, 0.0 ], [ 115.954445342006196, -0.286343219467697, 0.0 ], [ 115.95498001595125, -0.288916144553797, 0.0 ], [ 115.955098759903564, -0.290292345086912, 0.0 ], [ 115.954979801883184, -0.291249680511359, 0.0 ], [ 115.954504223259434, -0.292386488113177, 0.0 ], [ 115.953642321663679, -0.293463423758235, 0.0 ], [ 115.952483244273225, -0.294600165803027, 0.0 ], [ 115.951859134317971, -0.295108697063005, 0.0 ], [ 115.950908171087605, -0.295228277109513, 0.0 ], [ 115.949808653710107, -0.295018751916148, 0.0 ], [ 115.94882802157781, -0.294629735441911, 0.0 ], [ 115.948025698670676, -0.294180904577973, 0.0 ], [ 115.947015407683082, -0.293193543902352, 0.0 ], [ 115.946213115919207, -0.292415624779327, 0.0 ], [ 115.945292012083158, -0.291039354311081, 0.0 ], [ 115.944608607700133, -0.290052025975765, 0.0 ], [ 115.943543898154175, -0.288377070349446, 0.0 ], [ 115.942206793331337, -0.28658192476503, 0.0 ], [ 115.94110735806106, -0.285504809447763, 0.0 ], [ 115.940007903902696, -0.284637114823441, 0.0 ], [ 115.93864098977798, -0.283859146120508, 0.0 ], [ 115.937006617988658, -0.283111069350077, 0.0 ], [ 115.935075078278729, -0.282362968455498, 0.0 ], [ 115.932786945381622, -0.281495166619345, 0.0 ], [ 115.931360331161059, -0.280813726278726, 0.0 ], [ 115.931513628987375, -0.280537171781324, 0.0 ], [ 115.931869507898853, -0.279895151320421, 0.0 ], [ 115.93225227951541, -0.279204614575543, 0.0 ], [ 115.932419336534636, -0.27870344333716, 0.0 ], [ 115.933744894892811, -0.279279243019161, 0.0 ], [ 115.936378102012796, -0.280366592871392, 0.0 ], [ 115.938354225730649, -0.281166999126015, 0.0 ], [ 115.9400389690868, -0.281857103673069, 0.0 ], [ 115.94009752461406, -0.281883581407031, 0.0 ], [ 115.940154052989939, -0.281914200231959, 0.0 ], [ 115.941665979369262, -0.282804669920458, 0.0 ], [ 115.941707321645438, -0.282830557505088, 0.0 ], [ 115.941722982275081, -0.282841206347847, 0.0 ], [ 115.943106523687419, -0.283803464111745, 0.0 ], [ 115.943141613783339, -0.283829151077026, 0.0 ], [ 115.944341995177098, -0.284753276903844, 0.0 ], [ 115.944356467075764, -0.284764656046743, 0.0 ], [ 115.944369384904689, -0.28477522751016, 0.0 ], [ 115.945150296179918, -0.285426483415804, 0.0 ], [ 115.945198089882837, -0.285469320709743, 0.0 ], [ 115.945236756546208, -0.285508902465257, 0.0 ], [ 115.945676526737941, -0.285987616454595, 0.0 ], [ 115.94572274127755, -0.28604210251627, 0.0 ], [ 115.945764527463368, -0.286100099842872, 0.0 ], [ 115.946114664671654, -0.286628942236372, 0.0 ], [ 115.946476441885807, -0.287145990333181, 0.0 ], [ 115.946483469565592, -0.287156181959966, 0.0 ], [ 115.946946996811334, -0.287838334016429, 0.0 ], [ 115.946976784171852, -0.287885201501825, 0.0 ], [ 115.947523507360572, -0.288806718628606, 0.0 ], [ 115.947540483588767, -0.288836610563879, 0.0 ], [ 115.947955304654457, -0.289600412542975, 0.0 ], [ 115.948090733783346, -0.289846650061626, 0.0 ], [ 115.948316941405793, -0.29021601657541, 0.0 ], [ 115.948649350414371, -0.290642609457174, 0.0 ], [ 115.948669364386831, -0.290669295460686, 0.0 ], [ 115.948677401051711, -0.290680615653041, 0.0 ], [ 115.949123482856422, -0.291319279331811, 0.0 ], [ 115.949480358623717, -0.291789194501248, 0.0 ], [ 115.949700347579949, -0.292072233666771, 0.0 ], [ 115.950032590863358, -0.292406774858525, 0.0 ], [ 115.950073887000116, -0.292451254510209, 0.0 ], [ 115.95011851541814, -0.292506995743991, 0.0 ], [ 115.950218818813127, -0.292642954978223, 0.0 ], [ 115.950477965625524, -0.292827986789482, 0.0 ], [ 115.95060649516688, -0.292911185602818, 0.0 ], [ 115.950619454687512, -0.292913423420139, 0.0 ], [ 115.950837597578428, -0.292922789220551, 0.0 ], [ 115.951014001011117, -0.292906662119457, 0.0 ], [ 115.951344208308143, -0.292877011697308, 0.0 ], [ 115.951396079771357, -0.292863961997776, 0.0 ], [ 115.951647734529089, -0.292767957387819, 0.0 ], [ 115.952532730722211, -0.291912337936466, 0.0 ], [ 115.952982664233829, -0.291250450737825, 0.0 ], [ 115.953204230488424, -0.290704106400725, 0.0 ], [ 115.953372588511684, -0.289965927863319, 0.0 ], [ 115.95343298647623, -0.289164303228445, 0.0 ], [ 115.953376136258854, -0.288579980017908, 0.0 ], [ 115.953171959931097, -0.287783171305198, 0.0 ], [ 115.952929009047196, -0.287022003988094, 0.0 ], [ 115.952480790792933, -0.285794865412097, 0.0 ], [ 115.952096803900574, -0.284778035827942, 0.0 ], [ 115.952078921688098, -0.284725562262193, 0.0 ], [ 115.951615766044142, -0.283217098606205, 0.0 ], [ 115.951608049685419, -0.283190533169764, 0.0 ], [ 115.951599416355066, -0.283156459413611, 0.0 ], [ 115.951373652550629, -0.282187125655377, 0.0 ], [ 115.951364352190183, -0.282142065286609, 0.0 ], [ 115.951357000567683, -0.282093909025876, 0.0 ], [ 115.951216234324804, -0.280971214679808, 0.0 ], [ 115.951064014509512, -0.280004025761689, 0.0 ], [ 115.951055947054599, -0.279936361317282, 0.0 ], [ 115.951052962611897, -0.279868277455016, 0.0 ], [ 115.951055078121556, -0.279800160616646, 0.0 ], [ 115.951074346684521, -0.279519205068158, 0.0 ], [ 115.95104250013371, -0.279453405123808, 0.0 ], [ 115.951016315252318, -0.279385121723059, 0.0 ], [ 115.950995980964919, -0.279314847533509, 0.0 ], [ 115.950965199805765, -0.279190293000558, 0.0 ], [ 115.950938988979289, -0.279106182664416, 0.0 ], [ 115.950920738299658, -0.279038544683458, 0.0 ], [ 115.950907744747369, -0.278969687085659, 0.0 ], [ 115.950896840474641, -0.278897522536977, 0.0 ], [ 115.950890234270219, -0.27884250824195, 0.0 ], [ 115.950886624214775, -0.278761423689519, 0.0 ], [ 115.950886649900681, -0.278465295873929, 0.0 ], [ 115.95084076854728, -0.277690442388962, 0.0 ], [ 115.950839176313721, -0.277636534451252, 0.0 ], [ 115.950840653538577, -0.277584765839803, 0.0 ], [ 115.950854207549526, -0.277347096896394, 0.0 ], [ 115.950876368566455, -0.276958503997357, 0.0 ], [ 115.950882151006596, -0.276895597279646, 0.0 ], [ 115.950892280708999, -0.276833250290798, 0.0 ], [ 115.950906708265066, -0.276771767133278, 0.0 ], [ 115.950925363303853, -0.276711447696319, 0.0 ], [ 115.951175052212264, -0.275993458886515, 0.0 ], [ 115.951181903296842, -0.275974442823108, 0.0 ], [ 115.951188874769912, -0.275956340292141, 0.0 ], [ 115.951355325705066, -0.275537516398443, 0.0 ], [ 115.951382373136425, -0.275476163881546, 0.0 ], [ 115.951413865179731, -0.275416999420141, 0.0 ], [ 115.951449628431419, -0.275360348789511, 0.0 ], [ 115.951489465970184, -0.275306523922737, 0.0 ], [ 115.951929329783553, -0.274756087992528, 0.0 ], [ 115.951975150799655, -0.274703100756416, 0.0 ], [ 115.952024918300083, -0.274653853261487, 0.0 ], [ 115.952078332093436, -0.274608642563354, 0.0 ], [ 115.952135069994625, -0.274567741366704, 0.0 ], [ 115.9525873715844, -0.274268228091167, 0.0 ], [ 115.952656910541776, -0.274226571982054, 0.0 ], [ 115.952878700424364, -0.274107508632889, 0.0 ], [ 115.953193323989836, -0.273938617155453, 0.0 ], [ 115.953263017887764, -0.273904996883981, 0.0 ], [ 115.953339855999687, -0.273876043680283, 0.0 ], [ 115.954006890400791, -0.273660259935312, 0.0 ], [ 115.954079951968268, -0.273640004154365, 0.0 ], [ 115.954154449116643, -0.273626018286096, 0.0 ], [ 115.954229851943623, -0.273618401813335, 0.0 ], [ 115.955029785095221, -0.273571787522178, 0.0 ], [ 115.955699038896199, -0.273502147446123, 0.0 ], [ 115.955751185621992, -0.273498261112921, 0.0 ], [ 115.955816448042782, -0.273497704767482, 0.0 ], [ 115.956672301992256, -0.273521713518127, 0.0 ], [ 116.206835552032445, -0.285818190964449, 0.0 ], [ 116.211321798802388, -0.279122016273521, 0.0 ], [ 116.216197153214466, -0.272021454385435, 0.0 ], [ 116.230149546945924, -0.251700716177283, 0.0 ], [ 116.23181217547409, -0.24927913757305, 0.0 ], [ 116.274310943544691, -0.187380704629558, 0.0 ], [ 116.275577989700693, -0.185535269337177, 0.0 ], [ 116.278950842221604, -0.184855871598683, 0.0 ], [ 116.299997779503371, -0.180616361716211, 0.0 ], [ 116.30082226476712, -0.180450284658372, 0.0 ], [ 116.349805555320401, -0.170583332905036, 0.0 ], [ 116.299583333206968, -0.090944444116249, 0.0 ], [ 116.285900000438161, -0.063891666479811, 0.0 ], [ 116.327209119587764, -0.039556829683195, 0.0 ], [ 116.328009748181074, -0.038912020918474, 0.0 ], [ 116.328126574708961, -0.038814312544106, 0.0 ], [ 116.329744443547838, -0.037461200782944, 0.0 ], [ 116.331879452105994, -0.035808877366139, 0.0 ], [ 116.333521536846959, -0.035231725482521, 0.0 ], [ 116.335639459152574, -0.034612716551263, 0.0 ], [ 116.337292809210055, -0.03362229047601, 0.0 ], [ 116.341473499895855, -0.033279680163099, 0.0 ], [ 116.34235645008151, -0.032928389536276, 0.0 ], [ 116.342823650355626, -0.032472250054141, 0.0 ], [ 116.343451120409995, -0.031745960303109, 0.0 ], [ 116.343655547085163, -0.031597972121085, 0.0 ], [ 116.344002150364062, -0.031347059708059, 0.0 ], [ 116.344608999918478, -0.030163119577408, 0.0 ], [ 116.345017279985328, -0.029195170212586, 0.0 ], [ 116.345132779896545, -0.028099660293861, 0.0 ], [ 116.3455031803135, -0.026951260060663, 0.0 ], [ 116.345673840219703, -0.025886589631287, 0.0 ], [ 116.346059320055119, -0.025238919729033, 0.0 ], [ 116.346991890060622, -0.024548249732338, 0.0 ], [ 116.348308860037449, -0.023726649870001, 0.0 ], [ 116.348456539820546, -0.023667059794184, 0.0 ], [ 116.348827280341837, -0.023631940349435, 0.0 ], [ 116.349254250015079, -0.023790190412726, 0.0 ], [ 116.350439030000558, -0.024578169690235, 0.0 ], [ 116.351336989841542, -0.025321560168956, 0.0 ], [ 116.351745269832023, -0.025383250072128, 0.0 ], [ 116.352165289832072, -0.024621919982513, 0.0 ], [ 116.352566360367291, -0.024293189932181, 0.0 ], [ 116.352630559880652, -0.023994960188594, 0.0 ], [ 116.352459924492834, -0.023346568333797, 0.0 ], [ 116.352472990134473, -0.022805649812793, 0.0 ], [ 116.352533749748517, -0.022688890249198, 0.0 ], [ 116.352746873170375, -0.022438665825776, 0.0 ], [ 116.353082679907828, -0.02227708995393, 0.0 ], [ 116.353594059886206, -0.022209449782963, 0.0 ], [ 116.353795479832712, -0.022145069584337, 0.0 ], [ 116.353952390343238, -0.021667219938511, 0.0 ], [ 116.353935120437399, -0.02152036964917, 0.0 ], [ 116.354083740152475, -0.02106598988059, 0.0 ], [ 116.354312480221381, -0.020915280366701, 0.0 ], [ 116.354500400351014, -0.020825930155567, 0.0 ], [ 116.35463744002557, -0.020697770136578, 0.0 ], [ 116.355110269727433, -0.019876170059118, 0.0 ], [ 116.355381419589406, -0.019613739752622, 0.0 ], [ 116.356306030460331, -0.018941589634933, 0.0 ], [ 116.356720349631019, -0.019001770095668, 0.0 ], [ 116.357294420396173, -0.019601499681932, 0.0 ], [ 116.357424259634769, -0.019670649852093, 0.0 ], [ 116.357525429587369, -0.019682970096082, 0.0 ], [ 116.357784430086156, -0.019463950393103, 0.0 ], [ 116.357871099647411, -0.018832290033195, 0.0 ], [ 116.358077129863517, -0.018201390005709, 0.0 ], [ 116.358456660131623, -0.017471069538166, 0.0 ], [ 116.358640559856482, -0.017403929766746, 0.0 ], [ 116.358885899583086, -0.017432929942588, 0.0 ], [ 116.359008233586536, -0.017515463804759, 0.0 ], [ 116.359347070108356, -0.017793940044726, 0.0 ], [ 116.359418570298672, -0.017842469745733, 0.0 ], [ 116.359639429696159, -0.017930650046228, 0.0 ], [ 116.359776719814121, -0.017898379885272, 0.0 ], [ 116.360301599735124, -0.018004500059553, 0.0 ], [ 116.360892020359287, -0.018136509562808, 0.0 ], [ 116.369195794957307, -0.022972888274372, 0.0 ], [ 116.401999620109436, -0.042078864613359, 0.0 ], [ 116.401920623526209, -0.090872265371809, 0.0 ], [ 116.409859787065727, -0.102813002864196, 0.0 ], [ 116.414397244484022, -0.10963747343272, 0.0 ], [ 116.421305555294239, -0.120027777838356, 0.0 ], [ 116.436138880259733, -0.142277779857669, 0.0 ], [ 116.457234789580397, -0.150735029642747, 0.0 ], [ 116.476932411679556, -0.159965973399463, 0.0 ], [ 116.479138888517269, -0.160999999917437, 0.0 ], [ 116.479138925352643, -0.160999949417302, 0.0 ], [ 116.479138897965711, -0.16099988646401, 0.0 ], [ 116.479609637841406, -0.160354140865672, 0.0 ], [ 116.479918835228958, -0.159929993876612, 0.0 ], [ 116.47992428794845, -0.159922514011628, 0.0 ], [ 116.480013458636506, -0.159800192526423, 0.0 ], [ 116.480618334788474, -0.158970442673039, 0.0 ], [ 116.480757065663923, -0.158780136029032, 0.0 ], [ 116.48118471243049, -0.15819392475177, 0.0 ], [ 116.488722580552974, -0.147861111553479, 0.0 ], [ 116.489089229111883, -0.147358513187221, 0.0 ], [ 116.48995830722447, -0.146167188711491, 0.0 ], [ 116.490279657696846, -0.145726684210594, 0.0 ], [ 116.490873256140091, -0.144912984277244, 0.0 ], [ 116.491139134266533, -0.144548520603448, 0.0 ], [ 116.4912063884221, -0.144456329119379, 0.0 ], [ 116.491264714071846, -0.144415679762759, 0.0 ], [ 116.491438214012263, -0.144294761070809, 0.0 ], [ 116.492696179327666, -0.143376570012504, 0.0 ], [ 116.492873750462053, -0.143246960500681, 0.0 ], [ 116.493159514235572, -0.143147173151446, 0.0 ], [ 116.494688500114279, -0.142613258400557, 0.0 ], [ 116.494711844831812, -0.142606544108502, 0.0 ], [ 116.494713048815086, -0.142603347012965, 0.0 ], [ 116.496010311423461, -0.142153842572478, 0.0 ], [ 116.50560361652974, -0.138812676304484, 0.0 ], [ 116.505612660044918, -0.13882178114335, 0.0 ], [ 116.505615555605388, -0.138826153941011, 0.0 ], [ 116.505616631014419, -0.138825779039612, 0.0 ], [ 116.505633384377319, -0.138842646007112, 0.0 ], [ 116.50621208200711, -0.139425266715752, 0.0 ], [ 116.507207996235763, -0.140427932490013, 0.0 ], [ 116.532412318225923, -0.165737978521648, 0.0 ], [ 116.572572211969046, -0.176523418382447, 0.0 ], [ 116.573200091939228, -0.177056604199501, 0.0 ], [ 116.602483475057468, -0.201923591341242, 0.0 ], [ 116.614929201569126, -0.196255829778497, 0.0 ], [ 116.617251886739197, -0.184565554450781, 0.0 ], [ 116.617289901329343, -0.184374222906938, 0.0 ], [ 116.612818935638884, -0.180311453747087, 0.0 ], [ 116.612538599108348, -0.180056712039642, 0.0 ], [ 116.608479935287264, -0.176549782357658, 0.0 ], [ 116.608310332857243, -0.176403235645371, 0.0 ], [ 116.579808506077597, -0.150669969948377, 0.0 ], [ 116.574203890754674, -0.14650680345864, 0.0 ], [ 116.545253509740277, -0.125002190218325, 0.0 ], [ 116.502435869048568, -0.093584891888599, 0.0 ], [ 116.49903791990161, -0.091091666026567, 0.0 ], [ 116.499014276465132, -0.068429318909893, 0.0 ], [ 116.498933472724218, 0.00902145294591, 0.0 ], [ 116.503477606105804, 0.009292738995466, 0.0 ], [ 116.502292492463667, 0.035052994732865, 0.0 ], [ 116.51986627663203, 0.035049216587169, 0.0 ], [ 116.522283969520927, 0.035048696813202, 0.0 ], [ 116.522359660036557, 0.035048683806338, 0.0 ], [ 116.522358140921867, 0.034713395481574, 0.0 ], [ 116.538029504198548, 0.034740921012977, 0.0 ] ] ] ] } }
]
}
